variable,raw_adjusted,lag,rho,beta,n_pairs,estimable,bartlett_se
r,raw,1,0.005921100675958302,0.005915184560903213,1911434,True,0.0007227180676124741
r,raw,2,-0.00844524979014991,-0.008434130206968902,1908553,True,0.0007227434052541448
r,raw,3,-0.0016172860704395822,-0.001613494695387972,1905799,True,0.0007227949474835859
r,raw,4,0.003939048311167655,0.003927843558456291,1903157,True,0.0007227968376317123
r,raw,5,-0.0044792849066290245,-0.004464297855076278,1900601,True,0.0007228080500896383
r,raw,6,0.0011507224440538155,0.001146742462003572,1898109,True,0.0007228225487494905
r,raw,7,-5.647304569985375e-05,-5.6259126624429574e-05,1895659,True,0.0007228235056064326
r,raw,8,0.00012714982352720404,0.0001266382760246247,1893253,True,0.0007228235079109923
r,raw,9,-0.0065062154276502495,-0.006479862797236516,1890880,True,0.000722823519593527
r,raw,10,0.003238380747821849,0.0032246657735760928,1888548,True,0.0007228541077453994
r,raw,11,0.002631683505937929,0.0026203712423880543,1886238,True,0.0007228616855030594
r,raw,12,0.0011730687232214643,0.0011679336106843582,1883955,True,0.0007228666898617647
r,raw,13,-0.0019272497458740676,-0.0019192414230583515,1881700,True,0.0007228676841818767
r,raw,14,-0.0007494129494471784,-0.0007466139141726925,1879471,True,0.0007228703680069254
r,raw,15,0.0014659953816483925,0.0014618364332414518,1877263,True,0.0007228707738140487
r,raw,16,0.00015988064159146615,0.00015957475598414746,1875074,True,0.0007228723267083476
r,raw,17,-0.0006777355914998976,-0.0006765401059578263,1872908,True,0.0007228723451783938
r,raw,18,0.0013585623574941732,0.0013569772558833253,1870754,True,0.0007228726770703301
r,raw,19,0.0031217691144238367,0.0031186470790322087,1868620,True,0.0007228740106985233
r,raw,20,0.0030122758082680497,0.0030103210876463813,1866492,True,0.0007228810523521219
r,raw,21,-0.0007926567557846372,-0.0007930518898144808,1864375,True,0.0007228876086470412
r,raw,22,0.001540561347986496,0.0015417735817732253,1862266,True,0.0007228880626275822
r,raw,23,-0.0018337107747353882,-0.0018357044673587032,1860165,True,0.0007228897774701306
r,raw,24,-0.00017336338497175378,-0.0001736200449892001,1858073,True,0.0007228922070248486
r,raw,25,0.0009187676595411489,0.0009218096608160811,1855990,True,0.0007228922287408086
r,raw,26,-0.00216375973136889,-0.0021715626727826366,1853916,True,0.0007228928386644734
r,raw,27,0.0009297758184395072,0.0009334581409265832,1851849,True,0.000722896221500551
r,raw,28,0.0012702741648852724,0.0012755574561639988,1849790,True,0.0007228968461238437
r,raw,29,-2.138655865060012e-05,-2.1483879936141378e-05,1847740,True,0.0007228980120098096
r,raw,30,-0.00038417703786273094,-0.00038625862890303073,1846051,True,0.0007228980123402876
r,raw,31,-0.004771379917343097,-0.004798930521573433,1844372,True,0.0007228981189811304
r,raw,32,0.00017100138600331468,0.00017200581801349324,1842701,True,0.0007229145681433988
r,raw,33,-0.0006418547783123957,-0.0006460166542204285,1841036,True,0.0007229145892709957
r,raw,34,-0.0004399810332140286,-0.00044293879984732296,1839377,True,0.0007229148869336173
r,raw,35,-0.0011863637090510572,-0.0011951660266363699,1837726,True,0.0007229150268016687
r,raw,36,0.002763882762573241,0.002784726899206255,1836086,True,0.0007229160437197574
r,raw,37,0.0024023504730924126,0.0024210690070770448,1834453,True,0.0007229215630647079
r,raw,38,0.0011491524113775796,0.0011583259120307124,1832825,True,0.0007229257328925452
r,raw,39,-0.0016747887535108815,-0.0016886894759075577,1831204,True,0.0007229266870040198
r,raw,40,0.005811787260958368,0.0058636423164105216,1829590,True,0.0007229287135806485
r,raw,41,-0.0029644344589757595,-0.0029914849335430584,1827982,True,0.0007229531172109274
r,raw,42,0.0016201151957091382,0.0016357359481044941,1826378,True,0.0007229594662717599
r,raw,43,-0.00249981825055892,-0.002524662653526369,1824776,True,0.0007229613626069169
r,raw,44,0.0007982776750384995,0.0008065603225239473,1823177,True,0.0007229658774041373
r,raw,45,0.0027513222187975175,0.0027810421779475222,1821581,True,0.0007229663377962272
r,raw,46,0.0013786998803248223,0.0013940647972129586,1819986,True,0.0007229718067092411
r,raw,47,-0.0016179381259954129,-0.0016364363116063883,1818395,True,0.0007229731799779539
r,raw,48,-0.0017283043697057456,-0.001748196168785465,1816806,True,0.0007229750711841737
r,raw,49,-0.0008130809361661488,-0.000822574858383723,1815218,True,0.0007229772291984287
r,raw,50,0.0012705614126729727,0.0012857405057865182,1813633,True,0.000722977706816355
r,raw,51,0.0008585194884727638,0.0008688491866600237,1812049,True,0.0007229788730992088
r,raw,52,0.0007004045004365214,0.0007090669891713486,1810465,True,0.0007229794055903339
r,raw,53,0.000720482867019568,0.00072961288425857,1808882,True,0.0007229797600033367
r,raw,54,0.0019704160673236163,0.0019958141966269767,1807300,True,0.0007229801350271865
r,raw,55,0.003811015154321768,0.003863703858101931,1805720,True,0.0007229829399860563
r,raw,56,-0.0004945159812938155,-0.0005014700493627835,1804141,True,0.000722993432703416
r,raw,57,-0.0014752295903952173,-0.0014966050544072105,1802562,True,0.0007229936093739335
r,raw,58,-0.0004229557886113584,-0.00042933121000247464,1800987,True,0.0007229951816258152
r,raw,59,0.000511398505506015,0.0005199648858773741,1799414,True,0.0007229953108644401
r,raw,60,0.00040814854244029683,0.00041539461309418114,1797843,True,0.0007229954998032588
r,raw,61,9.123487940766659e-05,9.294162655232333e-05,1796273,True,0.0007229956201512079
r,raw,62,-0.0012312034084706982,-0.0012546823015134002,1794704,True,0.0007229956261646615
r,raw,63,0.0005637819254743002,0.000574712042478174,1793138,True,0.0007229967212839879
r,raw,64,-0.0019684555281893807,-0.002007836792094183,1791576,True,0.0007229969509113963
r,raw,65,0.0020602430681214675,0.0021038125224341216,1790014,True,0.0007229997502261469
r,raw,66,-0.002131626515830679,-0.0021788902693802067,1788452,True,0.0007230028166746732
r,raw,67,-0.003561143411503834,-0.00364212887170584,1786892,True,0.0007230060992830748
r,raw,68,-0.000937797582852298,-0.0009594417212479007,1785333,True,0.0007230152608980998
r,raw,69,-0.000300107648310578,-0.0003072339859137711,1783774,True,0.0007230158962413014
r,raw,70,0.0007807943020159298,0.0008009913092612535,1782215,True,0.0007230159613057996
r,raw,71,-0.0031275583396309765,-0.0032095797460549172,1780658,True,0.0007230164017217888
r,raw,72,-0.0024888841066601415,-0.0025556769611814385,1779102,True,0.0007230234681246184
r,raw,73,-0.00012323301895998326,-0.0001266200368283506,1777548,True,0.0007230279431286911
r,raw,74,5.854991132424607e-05,6.020427494583892e-05,1775996,True,0.0007230279540994562
r,raw,75,0.001796530814104594,0.001848691603118924,1774447,True,0.0007230279565759385
r,raw,76,-0.001973188049351187,-0.0020313480901777803,1772900,True,0.0007230302881615952
r,raw,77,-0.003604429827592734,-0.0037120122745072826,1771357,True,0.0007230331008229215
r,raw,78,-0.0016193968417827264,-0.001668679982047116,1769815,True,0.0007230424861621638
r,raw,79,-0.0021177774622638604,-0.0021832543149183214,1768274,True,0.000723044380598494
r,raw,80,0.0024221779324792255,0.002498340189450593,1766734,True,0.0007230476205054638
r,raw,81,-0.00217560267170306,-0.0022450681752145436,1765195,True,0.0007230518587082849
r,raw,82,-0.003425962332116735,-0.0035373686409224904,1763658,True,0.0007230552779241287
r,raw,83,0.0007992937606336025,0.0008256858122304327,1762125,True,0.0007230637566177929
r,raw,84,0.0023611581261646503,0.0024403214419888223,1760592,True,0.0007230642181201653
r,raw,85,-7.640894006043358e-05,-7.901278557126691e-05,1759059,True,0.0007230682453822138
r,raw,86,-0.00010047733442505643,-0.00010394188497466226,1757527,True,0.0007230682495996341
r,raw,87,0.0013458911010718426,0.0013932560871453294,1755995,True,0.0007230682568924415
r,raw,88,-0.0011446059957484838,-0.0011856604269978946,1754465,True,0.0007230695654052499
r,raw,89,-0.0006510636280399502,-0.0006747207128770079,1752936,True,0.0007230705117938292
r,raw,90,0.0015419935085818307,0.00159900768708922,1751407,True,0.0007230708179929571
r,raw,91,0.001964732488455762,0.002038377599283293,1749878,True,0.0007230725355911111
r,raw,92,0.0016298566706970338,0.0016917331864901393,1748351,True,0.0007230753240354115
r,raw,93,-0.00286671566641102,-0.0029768214026858917,1746824,True,0.0007230772429362625
r,raw,94,0.0027407081023834243,0.002847253608565005,1745298,True,0.0007230831793011483
r,raw,95,-0.0001654712241794761,-0.00017198485102968043,1743772,True,0.0007230886052226087
r,raw,96,-0.0011440163175692238,-0.0011893733409469634,1742246,True,0.0007230886250010134
r,raw,97,-0.0010404498598894636,-0.0010820763472584461,1740721,True,0.000723089570389804
r,raw,98,0.00019788196574238015,0.00020587565300131912,1739197,True,0.0007230903523556843
r,raw,99,0.0005966206424883774,0.0006210191965438918,1737674,True,0.0007230903806407817
r,raw,100,0.0014789615832569865,0.0015404038873420814,1736152,True,0.0007230906377642477
r,raw,101,-0.001860985086872002,-0.0019389144614207654,1734630,True,0.0007230922177690149
r,raw,102,0.0001974862965213793,0.0002058483991885456,1733110,True,0.0007230947194341215
r,raw,103,-0.0011151164885925154,-0.0011628978158499158,1731590,True,0.0007230947476060488
r,raw,104,-0.0011225063852405345,-0.0011712897321223038,1730070,True,0.0007230956458262586
r,raw,105,-0.0004719612738901308,-0.0004926557050083178,1728551,True,0.0007230965559898202
r,raw,106,-0.0001302875524149314,-0.0001360437241111662,1727034,True,0.0007230967168891414
r,raw,107,0.0036368033213432195,0.0037973625369271537,1725519,True,0.0007230967291507453
r,raw,108,0.0029068693105591,0.003036140064750893,1724004,True,0.0007231062829956764
r,raw,109,0.001098929876212216,0.0011483219990797544,1722489,True,0.000723112386578887
r,raw,110,0.000864437082011338,0.0009038470507052342,1720976,True,0.0007231132588906368
r,raw,111,-0.00043697981581328665,-0.0004570963347887891,1719464,True,0.000723113798647427
r,raw,112,0.0003348610402932264,0.0003504535745076655,1717952,True,0.0007231139365758873
r,raw,113,-0.0023110020773379194,-0.002419652463311139,1716440,True,0.0007231140175712795
r,raw,114,-0.0006830301843735241,-0.0007154954468070225,1714928,True,0.0007231178752899849
r,raw,115,-0.0012079982968089967,-0.0012658901913421225,1713416,True,0.0007231182122733155
r,raw,116,0.0011271072563971173,0.0011817696118069593,1711904,True,0.0007231192663224396
r,raw,117,-0.0017249559810193923,-0.001809347382619967,1710393,True,0.0007231201839323752
r,raw,118,-0.0012658505835999449,-0.0013285480562337572,1708883,True,0.0007231223331615557
r,raw,119,0.0012746346539361274,0.0013385726608512206,1707373,True,0.0007231234905805204
r,raw,120,0.002306352908750422,0.0024235987344349477,1705866,True,0.000723124664116597
r,raw,121,-0.00139366965332376,-0.0014649335938828438,1704359,True,0.000723128506272823
r,raw,122,0.001687254838411635,0.0017739762724262383,1702852,True,0.0007231299092209308
r,raw,123,-0.0025048213312911486,-0.0026344220915317075,1701347,True,0.0007231319655009066
r,raw,124,-0.001599876170019697,-0.0016829690471027736,1699842,True,0.000723136497318382
r,raw,125,-0.002366972263964256,-0.002490771375488852,1698337,True,0.0007231383461175068
r,raw,126,0.004129313340730037,0.004347138781405814,1696833,True,0.0007231423928225915
r,raw,127,-0.0017715395869483093,-0.001865685239311833,1695329,True,0.0007231547087177262
r,raw,128,-0.004628348884476125,-0.004876354252494126,1693825,True,0.0007231569754887273
r,raw,129,0.003258295724506481,0.0034356926313577276,1692321,True,0.0007231724477138409
r,raw,130,0.001047491083525904,0.0011051881094033284,1690818,True,0.0007231801155821787
r,raw,131,-4.200132619899443e-05,-4.433575453960005e-05,1689315,True,0.0007231809080685084
r,raw,132,-0.00047657018462552553,-0.0005033342022403352,1687814,True,0.0007231809093426476
r,raw,133,0.0006090987883253924,0.000643721814086857,1686315,True,0.0007231810733806826
r,raw,134,-0.0018698366137216587,-0.001977473097171876,1684816,True,0.0007231813413383345
r,raw,135,0.003081439074857099,0.003261715783817477,1683318,True,0.0007231838665464269
r,raw,136,0.001383882514194442,0.001465376086368747,1681823,True,0.0007231907244947265
r,raw,137,-0.001108154370540749,-0.001173942591265313,1680328,True,0.0007231921076884361
r,raw,138,0.0007660830498381807,0.00081213553308254,1678833,True,0.0007231929946083517
r,raw,139,0.0013828611660159748,0.0014668684246827981,1677339,True,0.0007231934184808045
r,raw,140,0.0002693578417325332,0.00028590247035651674,1675847,True,0.0007231947996284449
r,raw,141,0.0007094652538024384,0.0007533397106702245,1674355,True,0.0007231948520297085
r,raw,142,-0.0019405226034098842,-0.0020623276237672974,1672863,True,0.0007231952155633864
r,raw,143,-0.0004074510631620173,-0.0004332554278864639,1671372,True,0.0007231979352500692
r,raw,144,-0.0001924867710432493,-0.00020487208082101667,1669881,True,0.0007231980551534756
r,raw,145,-6.817060119993766e-05,-7.260954335357262e-05,1668391,True,0.0007231980819132434
r,raw,146,0.001386453464867519,0.0014776233800836782,1666902,True,0.0007231980852696518
r,raw,147,0.004164485936718123,0.004441238684059234,1665413,True,0.0007231994735933418
r,raw,148,-0.0019837091344030934,-0.0021169454830146793,1663924,True,0.0007232119991997692
r,raw,149,-0.0004325617971596885,-0.00046195563973954406,1662435,True,0.0007232148412211041
r,raw,150,0.0003190679468358474,0.0003410072127156965,1660946,True,0.000723214976355771
r,raw,151,0.0036601369461664555,0.003912574311623531,1659457,True,0.000723215049881061
r,raw,152,-0.0017238532202879322,-0.0018434050533821026,1657968,True,0.0007232247251296899
r,raw,153,-0.00316994918739058,-0.0033911257542721513,1656479,True,0.0007232268713014872
r,raw,154,-0.0007472234330498183,-0.0007996895913823758,1654990,True,0.0007232341284446866
r,raw,155,0.0020412816470282823,0.0021857871827187995,1653501,True,0.0007232345316811129
r,raw,156,0.0004876335316841632,0.0005223344789096417,1652012,True,0.0007232375409682475
r,raw,157,-0.0014891127424306002,-0.0015958350545038553,1650524,True,0.0007232377126973639
r,raw,158,-2.8317013020128285e-06,-3.0362322065853125e-06,1649037,True,0.0007232393141401926
r,raw,159,-0.001521022021186701,-0.001631725240076159,1647551,True,0.0007232393141459836
r,raw,160,-0.004457844379992267,-0.004784331469908461,1646065,True,0.0007232409849530379
r,raw,161,0.0005384524177298758,0.0005781018858316201,1644579,True,0.0007232553365521029
r,raw,162,0.001123736954047543,0.0012071622866760769,1643093,True,0.000723255545934794
r,raw,163,-2.629673127845574e-05,-2.8262266688450706e-05,1641607,True,0.0007232564578933525
r,raw,164,-0.0017149518408549396,-0.0018440762926068342,1640121,True,0.000723256458392753
r,raw,165,0.0008844214083477068,0.000951509140397052,1638635,True,0.0007232585823644408
r,raw,166,-0.0021074820998128597,-0.0022683737444522613,1637149,True,0.0007232591472527046
r,raw,167,0.00034795744414737955,0.0003747054395701676,1635663,True,0.000723262354782617
r,raw,168,0.0013992026800288583,0.0015074906031101525,1634177,True,0.0007232624422194062
r,raw,169,0.0006192084233983987,0.0006675408556253805,1632691,True,0.000723263856067474
r,raw,170,0.0008270027529972991,0.0008919411717310039,1631206,True,0.0007232641329622037
r,raw,171,0.0008503912671404228,0.0009175944113491431,1629722,True,0.0007232646268799807
r,raw,172,-0.00289652352115914,-0.0031275551402801848,1628238,True,0.0007232651491294715
r,raw,173,-0.0009531847054526578,-0.0010300196514491822,1626754,True,0.0007232712080127361
r,raw,174,0.0014832639556226254,0.0016040579915468185,1625270,True,0.0007232718641437709
r,raw,175,0.0019205917430369637,0.0020786669841711142,1623786,True,0.0007232734529563236
r,raw,176,0.00022214869498543213,0.00024056945792071748,1622303,True,0.0007232761167747215
r,raw,177,-0.0017753278041942604,-0.001923773189817906,1620820,True,0.0007232761524133696
r,raw,178,0.0010151661812618318,0.0011008815449791323,1619337,True,0.0007232784285068999
r,raw,179,-0.002966905452497367,-0.0032213854004837458,1617854,True,0.0007232791727355263
r,raw,180,0.002446099455585348,0.0026604361838032504,1616371,True,0.0007232855295182804
r,raw,181,0.0011099686255014775,0.001207679199337773,1614888,True,0.0007232898504258109
r,raw,182,0.001302243920406027,0.0014172680794154505,1613405,True,0.0007232907401319603
r,raw,183,0.004321838409546994,0.004705963497631825,1611923,True,0.000723291964774182
r,raw,184,0.0004200523896795469,0.000457597663348405,1610441,True,0.0007233054530731623
r,raw,185,-0.0006077486158260237,-0.0006624216881864585,1608959,True,0.0007233055804888685
r,raw,186,0.0019553931190829476,0.0021320860807782266,1607478,True,0.0007233058472139675
r,raw,187,0.0008979984450664321,0.0009794407618483529,1605997,True,0.0007233086083206327
r,raw,188,-0.0005273455763344306,-0.0005755711704709277,1604517,True,0.0007233091906452966
r,raw,189,-0.00013546421793135852,-0.00014793445280001443,1603037,True,0.0007233093914641093
r,raw,190,-0.001828237187277342,-0.0019978748687894247,1601557,True,0.0007233094047155441
r,raw,191,-0.000745423717942753,-0.000814851132075701,1600078,True,0.000723311818386499
r,raw,192,-0.0014700374433148401,-0.0016081670638398982,1598599,True,0.0007233122196397429
r,raw,193,-0.0013382343780851548,-0.001464390993052785,1597122,True,0.0007233137801561782
r,raw,194,0.0012473014442052506,0.0013662580150817607,1595645,True,0.000723315073384066
r,raw,195,-0.00019440026938970055,-0.00021298009279185857,1594169,True,0.0007233161968316679
r,raw,196,-0.0013889409694684313,-0.0015220037427497088,1592693,True,0.0007233162241216563
r,raw,197,0.002849312378024731,0.003123092338002586,1591217,True,0.0007233176172039624
r,raw,198,-0.004954698293626167,-0.0054332030345581326,1589742,True,0.0007233234797619388
r,raw,199,0.002792003208963089,0.003063280947367319,1588267,True,0.0007233412067261387
r,raw,200,-0.003958871007865838,-0.0043452084889940715,1586792,True,0.0007233468356419615
r,raw,201,-0.002612106002849315,-0.0028682598031001378,1585319,True,0.0007233581526218329
r,raw,202,-0.003138170133813768,-0.0034478561276323097,1583846,True,0.0007233630794175924
r,raw,203,0.0014937154485258413,0.0016419768253883318,1582373,True,0.0007233701904444772
r,raw,204,-0.00025190807958756306,-0.00027710574903462966,1580900,True,0.0007233718015073072
r,raw,205,-0.001414534280027338,-0.0015568285196386074,1579428,True,0.0007233718473278711
r,raw,206,0.0007870082470829297,0.0008664390368619702,1577956,True,0.0007233732921112644
r,raw,207,0.0014303275014969665,0.0015753536718558889,1576484,True,0.0007233737393442077
r,raw,208,-0.003283614215647477,-0.0036188493442915245,1575012,True,0.0007233752165657089
r,raw,209,0.002742802535430126,0.003025063161017952,1573540,True,0.0007233830018793965
r,raw,210,0.0008298337056583855,0.0009159962382594927,1572068,True,0.0007233884338445905
r,raw,211,-0.0021328118663477332,-0.00235518738650887,1570596,True,0.0007233889310642086
r,raw,212,-0.002766179864942074,-0.0030576086869782866,1569124,True,0.0007233922155703308
r,raw,213,0.003821310436138502,0.004225464224297483,1567652,True,0.0007233977404543569
r,raw,214,0.0013394275708903372,0.0014819085906093783,1566180,True,0.0007234082838900139
r,raw,215,-0.0019750489743760873,-0.002186719873639195,1564709,True,0.0007234095792558119
r,raw,216,-0.0012435803483920361,-0.0013772715898338192,1563238,True,0.0007234123957474194
r,raw,217,0.0023824431056418127,0.002639903711319401,1561768,True,0.000723413512351585
r,raw,218,-0.0018750905124415834,-0.002078617539091158,1560298,True,0.000723417610569559
r,raw,219,-0.001868188993507837,-0.0020724591231732004,1558828,True,0.0007234201491589336
r,raw,220,-0.0012981011950896184,-0.0014408819807362168,1557358,True,0.0007234226690866596
r,raw,221,0.004308074232684615,0.0047899668793459005,1555888,True,0.0007234238857276509
r,raw,222,-0.0007964770199476497,-0.0008860769939104804,1554418,True,0.0007234372858052657
r,raw,223,-0.0016086048789456806,-0.001790321450615797,1552948,True,0.0007234377438240589
r,raw,224,0.00019415620738049498,0.00021620943120544516,1551479,True,0.0007234396120735087
r,raw,225,-0.0003483281075489823,-0.00038812048766836467,1550010,True,0.0007234396392903731
r,raw,226,-0.0017609812168003379,-0.0019628075742959667,1548542,True,0.0007234397268920738
r,raw,227,0.00011648705444666774,0.00012987050567462826,1547074,True,0.0007234419658413022
r,raw,228,0.0009229745164607004,0.001029501992902149,1545606,True,0.0007234419756382199
r,raw,229,1.4804827812539851e-06,1.6522232778661995e-06,1544139,True,0.0007234425906923738
r,raw,230,0.0013617690470056508,0.0015205818949198676,1542672,True,0.0007234425906939562
r,raw,231,-0.0009968730505127313,-0.0011135145620912975,1541205,True,0.0007234439295696765
r,raw,232,0.001534445497008579,0.0017147537507000235,1539738,True,0.0007234446470540434
r,raw,233,-0.0002894306523282816,-0.00032360281558118,1538271,True,0.000723446346999317
r,raw,234,-0.0012788141456513231,-0.0014306429768905918,1536804,True,0.0007234464074805344
r,raw,235,0.001572963983639799,0.0017607899400701585,1535337,True,0.0007234475881979481
r,raw,236,-0.0015945851035568716,-0.0017859113531608578,1533870,True,0.0007234493745529567
r,raw,237,-0.0009458519622722027,-0.0010600764650388048,1532404,True,0.0007234512103494365
r,raw,238,-0.0012289156013478653,-0.0013787189061480291,1530939,True,0.0007234518562634709
r,raw,239,0.0018096456779901735,0.0020317273089902306,1529475,True,0.0007234529466286576
r,raw,240,0.0019374695461887963,0.0021775732359786255,1528012,True,0.0007234553109904049
r,raw,241,0.00188774627528151,0.002122427324046768,1526550,True,0.0007234580211512781
r,raw,242,-0.00024107816081803175,-0.0002711765892609681,1525089,True,0.0007234605939804996
r,raw,243,0.00022337360982681328,0.0002514104121817916,1523628,True,0.0007234606359408079
r,raw,244,-0.004032306955890913,-0.004540870364639442,1522168,True,0.0007234606719643681
r,raw,245,0.0016714999129892332,0.00188334946185193,1520708,True,0.0007234724108411265
r,raw,246,0.0006876915293029061,0.0007752334704275827,1519250,True,0.0007234744279435957
r,raw,247,0.0007875851119343217,0.0008882547971825284,1517792,True,0.0007234747693737594
r,raw,248,-0.0004562665625126623,-0.0005148851543558279,1516334,True,0.0007234752171997502
r,raw,249,-0.00022564810331864848,-0.0002547895841785866,1514876,True,0.0007234753674971285
r,raw,250,-0.00016683457512496548,-0.00018849109355787596,1513418,True,0.0007234754042572924
r,raw,251,0.00020137984278146694,0.00022763071496788165,1511960,True,0.000723475424352207
r,raw,252,-0.0037190977050037726,-0.004205946538464865,1510502,True,0.0007234754536305186
r,raw,253,-0.0012110584810910952,-0.001370487244399638,1509045,True,0.0007234854395072777
r,raw,254,0.002040778066581112,0.0023110245539985108,1507590,True,0.0007234864983658132
r,raw,255,-0.0017460691932844367,-0.0019788813461354307,1506135,True,0.0007234895051208478
r,raw,256,-0.001867655923784382,-0.0021179070278927225,1504680,True,0.0007234917061603028
r,raw,257,0.0016410013389754662,0.0018620012135722806,1503225,True,0.0007234942244010719
r,raw,258,0.0006190563898250365,0.0007028506395150119,1501770,True,0.0007234961685075293
r,raw,259,0.0011696188704775456,0.0013288151269886161,1500315,True,0.0007234964451774381
r,raw,260,0.0009375177885347391,0.0010658422107444952,1498860,True,0.0007234974327973993
r,raw,261,0.004075484842681004,0.004635279073906973,1497405,True,0.000723498067338376
r,raw,262,-0.00023367570386428787,-0.0002658964979474264,1495950,True,0.0007235100583386893
r,raw,263,0.0010757377397071224,0.0012247206321483253,1494495,True,0.0007235100977590286
r,raw,264,0.0025365034021264865,0.002889531032483896,1493040,True,0.0007235109331807956
r,raw,265,0.003303789226605598,0.0037657924219930044,1491585,True,0.0007235155779295835
r,raw,266,-0.0004383700296685696,-0.0004998457514720081,1490130,True,0.00072352345767594
r,raw,267,0.0017613853944408822,0.002009480155075497,1488675,True,0.0007235235964048187
r,raw,268,-0.0034425985435253084,-0.003929662100009501,1487221,True,0.0007235258361222706
r,raw,269,-0.0002170802143793004,-0.00024796301453023,1485767,True,0.000723534391791261
r,raw,270,-0.0006130638707394713,-0.0007007756319596269,1484313,True,0.000723534425810071
r,raw,271,0.0027178825696473788,0.0031080226832237564,1482860,True,0.0007235346971351816
r,raw,272,0.0018802624763651823,0.002151459305557329,1481408,True,0.0007235400297257216
r,raw,273,0.0016086959069895074,0.0018421109212710515,1479956,True,0.000723542581906614
r,raw,274,0.00037507585391009427,0.0004297500040095739,1478504,True,0.0007235444500967803
r,raw,275,0.00010906434452505884,0.0001250517939279068,1477052,True,0.000723544551653997
r,raw,276,-0.0020130358119171197,-0.0023094401555548818,1475600,True,0.0007235445602409312
r,raw,277,0.0012641350902069602,0.0014511724345947525,1474148,True,0.0007235474855695872
r,raw,278,-0.0020703855472883285,-0.0023782581506503085,1472696,True,0.0007235486391753389
r,raw,279,0.0001736331868985969,0.00019959850625104957,1471244,True,0.0007235517335409002
r,raw,280,-0.002493420875682784,-0.0028686157879358595,1469792,True,0.0007235517553046489
r,raw,281,0.002694780960196288,0.003102381465417606,1468341,True,0.0007235562433584875
r,raw,282,-0.0009677953650124841,-0.0011149813897469555,1466890,True,0.0007235614855260158
r,raw,283,-5.379110188469298e-06,-6.201587588162067e-06,1465439,True,0.0007235621616545352
r,raw,284,-7.319535964600163e-05,-8.44578973593824e-05,1463989,True,0.0007235621616754225
r,raw,285,0.003546064383116561,0.004094979880613492,1462539,True,0.0007235621655429115
r,raw,286,0.002533264974803347,0.00292718031239688,1461089,True,0.0007235712427550026
r,raw,287,2.3917232822850807e-05,2.765496091134349e-05,1459639,True,0.0007235758752650803
r,raw,288,0.0014557241565810758,0.0016844795028357524,1458189,True,0.0007235758756780094
r,raw,289,-0.0020571556962184615,-0.0023822976528124905,1456739,True,0.0007235774053963149
r,raw,290,-0.0006953419252451574,-0.0008058997214596502,1455289,True,0.0007235804602206069
r,raw,291,0.0005096094149956871,0.000590981102157956,1453839,True,0.0007235808092385223
r,raw,292,-0.0013234214769482068,-0.0015362128496728118,1452389,True,0.0007235809967058607
r,raw,293,-0.0004712047658920068,-0.0005473351977025433,1450939,True,0.0007235822609957028
r,raw,294,0.0009342112766861497,0.0010859339325389448,1449489,True,0.0007235824212719677
r,raw,295,-0.002044308571094555,-0.002378046362015435,1448039,True,0.0007235830512709356
r,raw,296,-0.002895765386243114,-0.003370598861329875,1446589,True,0.0007235860680355964
r,raw,297,0.000979624019317526,0.0011412618486561822,1445140,True,0.0007235921210618331
r,raw,298,-0.001236631854949481,-0.0014418737067246022,1443692,True,0.0007235928137896651
r,raw,299,0.0003802793734117265,0.00044382299883283395,1442244,True,0.0007235939176753631
r,raw,300,0.000992942204415671,0.0011601142885346084,1440798,True,0.0007235940220628457
r,raw,301,-0.0008384946654494801,-0.0009801618531794616,1439352,True,0.000723594733752383
r,raw,302,-5.0563262661726764e-05,-5.915490563396382e-05,1437906,True,0.0007235952412603708
r,raw,303,-0.0011047660076454696,-0.0012934332924262523,1436460,True,0.0007235952431058634
r,raw,304,0.00028397617823697197,0.00033275167808871625,1435014,True,0.0007235961241191591
r,raw,305,0.002812699477241032,0.0032984688824698174,1433568,True,0.000723596182330204
r,raw,306,-0.001150494570193812,-0.001350161423114133,1432122,True,0.0007236018929928909
r,raw,307,-0.0006979495029514032,-0.0008197535613852394,1430676,True,0.0007236028484407458
r,raw,308,-0.002701059284658031,-0.003174341012083712,1429230,True,0.000723603200070369
r,raw,309,0.000836534213488666,0.000984124767115098,1427784,True,0.0007236084663509951
r,raw,310,-0.000627086941828454,-0.0007383854029029686,1426338,True,0.0007236089714790021
r,raw,311,-0.0003129722991943993,-0.0003688314290058295,1424892,True,0.0007236092553292716
r,raw,312,0.0018619016541251386,0.0021959374944393066,1423447,True,0.0007236093260335168
r,raw,313,0.0012042915737205092,0.0014215982991870443,1422002,True,0.0007236118283739485
r,raw,314,-0.0014996248107555373,-0.0017718834123858756,1420557,True,0.0007236128752497178
r,raw,315,-0.0010805643518462264,-0.0012782815218234551,1419112,True,0.0007236144985403609
r,raw,316,-0.0010956301902009691,-0.001297265893741135,1417667,True,0.0007236153413540543
r,raw,317,-0.0008006533353116998,-0.000948812555402349,1416223,True,0.000723616207832532
r,raw,318,-0.0022917561972357805,-0.0027182493121246857,1414779,True,0.000723616670552705
r,raw,319,0.000511427637632317,0.000607263892527998,1413336,True,0.0007236204616501865
r,raw,320,0.000632067804769323,0.0007512630793591462,1411895,True,0.0007236206504472851
r,raw,321,-0.0019304101959655557,-0.0022961915054999222,1410454,True,0.0007236209388199723
r,raw,322,0.0002483936395184918,0.0002957747804098145,1409013,True,0.0007236236286516082
r,raw,323,0.0008588311531754137,0.0010235845831988134,1407573,True,0.0007236236731870754
r,raw,324,0.0019047321859557553,0.0022725897823662805,1406133,True,0.0007236242055900549
r,raw,325,0.0016142104404688366,0.0019279846324887088,1404693,True,0.0007236268243265064
r,raw,326,-0.00030104537076017793,-0.0003598650973295648,1403253,True,0.000723628705127762
r,raw,327,-0.0005326847913584004,-0.0006374035892163279,1401814,True,0.0007236287705440542
r,raw,328,-0.0011658980256836367,-0.0013966479477363254,1400375,True,0.0007236289753594184
r,raw,329,0.00020233666877267524,0.0002426812562318825,1398936,True,0.0007236299565259257
r,raw,330,0.002948293627539926,0.0035408774043551275,1397497,True,0.0007236299860768091
r,raw,331,-0.0012408976199528771,-0.0014915246822076501,1396059,True,0.000723636260312859
r,raw,332,-0.0003803388118430603,-0.00045766248025470987,1394621,True,0.0007236373717606655
r,raw,333,-0.0009191919636185022,-0.0011072716766531788,1393183,True,0.0007236374761745122
r,raw,334,-0.0009228845845383666,-0.0011130712401861904,1391746,True,0.0007236380860329377
r,raw,335,0.00010498146019524869,0.00012677472055154962,1390309,True,0.0007236387008005885
r,raw,336,-0.0013998693218314345,-0.001692231369572201,1388873,True,0.0007236387087556082
r,raw,337,-0.0020033770572704538,-0.002424644254833476,1387438,True,0.0007236401232153844
r,raw,338,0.0002820588877739457,0.00034177126565582816,1386003,True,0.0007236430201567668
r,raw,339,0.002137646189451166,0.0025945864287220334,1384568,True,0.0007236430775807095
r,raw,340,0.0020001950814623496,0.0024312862819222945,1383133,True,0.0007236463758345155
r,raw,341,-0.00019371269620381705,-0.00023567799616708293,1381698,True,0.0007236492635558144
r,raw,342,-0.0005504378434931216,-0.0006703600475413679,1380263,True,0.0007236492906406287
r,raw,343,0.003849773723324962,0.004694287637427088,1378828,True,0.0007236495093292501
r,raw,344,0.0009676294405715206,0.0011814046041557073,1377394,True,0.0007236602066926603
r,raw,345,0.0015203991993785041,0.001859026117542681,1375960,True,0.0007236608824971557
r,raw,346,0.0036878532865673133,0.004516964869740191,1374526,True,0.0007236625509636527
r,raw,347,-0.001725574724970802,-0.0021158246973374483,1373093,True,0.0007236723672235922
r,raw,348,-0.0002735791580083315,-0.00033587007951631166,1371660,True,0.0007236745163538128
r,raw,349,-0.0010127647395384502,-0.0012449673437818635,1370227,True,0.0007236745703745547
r,raw,350,-0.0003042142779218169,-0.00037451418711989277,1368794,True,0.0007236753106808372
r,raw,351,-0.0007806652839510266,-0.000962358148587048,1367362,True,0.0007236753774772645
r,raw,352,0.00030776914664305957,0.00037983487756306715,1365930,True,0.0007236758173465414
r,raw,353,0.0021354762454282345,0.0026393024457753572,1364499,True,0.0007236758857131292
r,raw,354,0.001147953326387246,0.0014209397205307962,1363069,True,0.0007236791771249507
r,raw,355,-0.0014924094470462161,-0.0018503070651591954,1361639,True,0.0007236801282550462
r,raw,356,0.002871960770728925,0.003564530673795678,1360209,True,0.0007236817358131284
r,raw,357,-0.0020801079179001694,-0.0025855454269531624,1358779,True,0.0007236876889440332
r,raw,358,0.0003042257611428569,0.00037874177617227715,1357349,True,0.0007236908118394233
r,raw,359,0.0013645633546366443,0.0017013573852470163,1355919,True,0.0007236908786394627
r,raw,360,-0.0019453686058633437,-0.00242987537140369,1354489,True,0.0007236922225542425
r,raw,361,-0.0005687190261293208,-0.000711014461219665,1353059,True,0.0007236949539643058
r,raw,362,-0.0015643080514188275,-0.0019577981999667473,1351629,True,0.0007236951874056226
r,raw,363,-0.0038958871697298437,-0.00488209448921769,1350199,True,0.0007236969535498685
r,raw,364,-0.00012182904770483149,-0.00015287534202778266,1348769,True,0.0007237079079987713
r,raw,365,-0.0029098815062053784,-0.0036562391094770875,1347340,True,0.0007237079187109104
r,raw,366,-0.0004370281556137732,-0.000549932770080046,1345911,True,0.0007237140298655643
r,raw,367,0.0006806371068959703,0.000857907123689175,1344482,True,0.0007237141677101225
r,raw,368,0.001291442755047462,0.0016300435482214627,1343053,True,0.0007237145020605581
r,raw,369,0.0011970636658138914,0.0015137916426683354,1341624,True,0.0007237157057667875
r,raw,370,0.0004900639490747027,0.0006213033588749925,1340196,True,0.0007237167399655506
r,raw,371,0.0023947641160337596,0.0030402978029670444,1338768,True,0.0007237169132959209
r,raw,372,-0.0009082477184025413,-0.0011546508854424445,1337341,True,0.0007237210522760722
r,raw,373,-0.0047453052815500055,-0.006042935936945489,1335914,True,0.0007237216476297907
r,raw,374,-0.0016555200059355805,-0.00211237886486186,1334487,True,0.0007237378989893568
r,raw,375,0.003929727634490172,0.005030150186607874,1333060,True,0.0007237398769825004
r,raw,376,-0.0011206326952075247,-0.0014369181417969795,1331633,True,0.0007237510219005583
r,raw,377,-0.0026756693492242544,-0.0034371342770140693,1330206,True,0.0007237519282067363
r,raw,378,-0.00013496293281670558,-0.00017369000344661026,1328780,True,0.0007237570948851091
r,raw,379,-0.0020595305099288474,-0.0026552486899901187,1327356,True,0.000723757108030515
r,raw,380,-0.0009866527898500766,-0.0012750744135769452,1325933,True,0.0007237601691517044
r,raw,381,0.000509088249936004,0.0006592355884949951,1324510,True,0.0007237608716926338
r,raw,382,0.0024523815741406157,0.0031831862902687025,1323087,True,0.0007237610587301878
r,raw,383,8.326119623661759e-05,0.00010830251802543884,1321664,True,0.0007237653990066945
r,raw,384,0.001958773888016335,0.002554107057581762,1320241,True,0.0007237654040096345
r,raw,385,-0.0010304497901962133,-0.0013466919406338164,1318819,True,0.0007237681729129103
r,raw,386,-0.0016861596495225532,-0.0022085900983608653,1317399,True,0.0007237689392004838
r,raw,387,0.000541266056552981,0.000710274083774637,1315979,True,0.0007237709909987179
r,raw,388,0.0005108197282885671,0.0006719224852094346,1314559,True,0.0007237712024246109
r,raw,389,0.003611354998235281,0.0047621686805261855,1313140,True,0.0007237713907339207
r,raw,390,0.0029095212192485702,0.003848100075867916,1311722,True,0.0007237808025612688
r,raw,391,-0.0009729451047795541,-0.0012898828529973965,1310304,True,0.0007237869115874893
r,raw,392,-0.002377299252903925,-0.0031597080792430984,1308886,True,0.0007237875947178202
r,raw,393,-0.00012798957728162665,-0.00017046632617413697,1307468,True,0.0007237916731493246
r,raw,394,-0.002660353817649666,-0.003551846679953271,1306050,True,0.0007237916849708479
r,raw,395,-0.0003501008657074595,-0.0004687092260731844,1304632,True,0.0007237967923900199
r,raw,396,0.0012887970642145887,0.0017297465177253787,1303214,True,0.0007237968808419905
r,raw,397,-0.0008912734097837567,-0.0011993220587755095,1301796,True,0.0007237980794849352
r,raw,398,0.0015941110895082323,0.0021515010808248708,1300378,True,0.0007237986527323775
r,raw,399,0.0006376130848099454,0.0008631557337708701,1298960,True,0.0007238004865522276
r,raw,400,0.0006496158152268011,0.0008824162329260714,1297542,True,0.000723800779934121
r,raw,401,0.0014614398228224128,0.001990887613187966,1296124,True,0.0007238010844653708
r,raw,402,-0.0024930203467276764,-0.0034107354187335164,1294706,True,0.0007238026257399188
r,raw,403,0.001560172770633002,0.0021430246773307105,1293288,True,0.0007238071107969539
r,raw,404,-0.0027009829548941783,-0.0037255419413901526,1291870,True,0.0007238088673442166
r,raw,405,0.0015217031771911091,0.002109118938145902,1290453,True,0.00072381413183091
r,raw,406,-0.0017737012444812847,-0.0024628676959305056,1289036,True,0.0007238158028067069
r,raw,407,-0.0004114627463833771,-0.0005730522319934504,1287619,True,0.0007238180730375715
r,raw,408,0.0005393855690208509,0.0007528663162900044,1286203,True,0.0007238181952089307
r,raw,409,0.00010212143592460348,0.00014288160601950246,1284787,True,0.0007238184051545953
r,raw,410,0.0005085730405867381,0.0007137073081074159,1283371,True,0.0007238184126802107
r,raw,411,-0.0016504774568549783,-0.0023207818095429054,1281955,True,0.0007238185993245447
r,raw,412,-0.0022904309951008893,-0.0032268815534923527,1280541,True,0.0007238205650673257
r,raw,413,-9.316618246632468e-05,-0.00013155306568474927,1279127,True,0.0007238243507150198
r,raw,414,-0.001170251706977252,-0.0016559004068343534,1277713,True,0.0007238243569785797
r,raw,415,0.004193754779057353,0.005947576497315351,1276299,True,0.0007238253452196548
r,raw,416,0.0001402901495300987,0.0001993557896254832,1274885,True,0.0007238380365250658
r,raw,417,0.0004162531900356692,0.0005926412712162391,1273471,True,0.0007238380507271073
r,raw,418,0.0010449385444899477,0.001491752342589961,1272057,True,0.0007238381757563286
r,raw,419,0.0005486064727624313,0.0007855350706057337,1270643,True,0.0007238389636681234
r,raw,420,-0.0012549614065190326,-0.0018076991919086978,1269230,True,0.000723839180847037
r,raw,421,2.1035125144341488e-05,3.0343829876893286e-05,1267817,True,0.0007238403173122228
r,raw,422,0.0016609226710244376,0.0023999229744554526,1266404,True,0.0007238403176315128
r,raw,423,0.0036798055898278935,0.005325053214806323,1264991,True,0.000723842308274066
r,raw,424,-0.00019897610366013103,-0.00028858821011399065,1263578,True,0.0007238520793115318
r,raw,425,0.0017735804674747933,0.0025779759840300997,1262165,True,0.0007238521078801895
r,raw,426,0.001948880749641169,0.002837738118421129,1260752,True,0.0007238543776880419
r,raw,427,-0.0019487303034333406,-0.00284388526643382,1259339,True,0.000723857118355406
r,raw,428,0.0013824715993225926,0.002022472354217831,1257926,True,0.0007238598585892741
r,raw,429,-0.00039038432082324267,-0.000572630755244492,1256514,True,0.0007238612376879866
r,raw,430,-0.0012979074180298812,-0.0019088691276564684,1255103,True,0.0007238613476562085
r,raw,431,-0.0026432959437633833,-0.003897301205422765,1253692,True,0.0007238625631968991
r,raw,432,0.0010655027970599346,0.0015752323326099138,1252282,True,0.0007238676048362355
r,raw,433,-0.0018822983311971744,-0.002790064684455499,1250872,True,0.0007238684240318626
r,raw,434,0.001574469249358645,0.002340717545306227,1249462,True,0.0007238709805821452
r,raw,435,-0.0009105755747941993,-0.0013589961598654032,1248052,True,0.0007238727693108928
r,raw,436,0.000601718827144826,0.0009005214058128176,1246642,True,0.0007238733675949061
r,raw,437,-0.0004723115620698734,-0.0007089267502562356,1245232,True,0.0007238736288485446
r,raw,438,-0.00063896542577703,-0.0009619725522276413,1243822,True,0.0007238737898138119
r,raw,439,-0.0014747333339302,-0.0022273055960216354,1242412,True,0.0007238740844116817
r,raw,440,0.0008180641408969955,0.001240598562913269,1241002,True,0.0007238756536948564
r,raw,441,-0.001570282959913614,-0.0023885449953114086,1239592,True,0.0007238761365850893
r,raw,442,0.001193201106413165,0.001821126458648002,1238182,True,0.0007238779158018713
r,raw,443,0.00033415272426212103,0.0005116744125797624,1236772,True,0.0007238789431070641
r,raw,444,-0.0017454873228797305,-0.002682775748956959,1235362,True,0.0007238790236749316
r,raw,445,-0.0010544746710152055,-0.0016279553749266658,1233952,True,0.0007238812220640743
r,raw,446,-0.0026245990861101186,-0.004067305004679002,1232542,True,0.0007238820243747609
r,raw,447,-0.00036817599955343453,-0.0005733246250619884,1231132,True,0.0007238869948107742
r,raw,448,0.0010803580146022337,0.0016917111372783198,1229722,True,0.000723887092619583
r,raw,449,0.002292636222998842,0.003612588610161337,1228312,True,0.0007238879347941746
r,raw,450,-0.0025222292719749486,-0.003999750156890031,1226902,True,0.0007238917273820111
r,raw,451,0.0014115327943906592,0.002239810490922408,1225492,True,0.0007238963175856911
r,raw,452,-0.0003217811268603471,-0.0005110539937662982,1224082,True,0.0007238977552019328
r,raw,453,0.0009710863940057175,0.0015439590994426342,1222672,True,0.000723897829912444
r,raw,454,0.00039300740984663066,0.0006252257898680979,1221262,True,0.0007238985103308977
r,raw,455,0.0011657779994984515,0.0018574127816588805,1219852,True,0.0007238986217761535
r,raw,456,0.003368801682619785,0.0053704001016645405,1218442,True,0.0007238996023752533
r,raw,457,0.0017423475628771912,0.0027791650218620357,1217032,True,0.0007239077909425071
r,raw,458,-0.0045377007280126514,-0.007243937673432665,1215623,True,0.0007239099813428601
r,raw,459,0.002932140987216704,0.004683833513378634,1214214,True,0.0007239248379795245
r,raw,460,0.0008647342891375351,0.0013823106395230856,1212805,True,0.0007239310411281002
r,raw,461,0.0003103543608534467,0.0004964315845745908,1211397,True,0.0007239315806459576
r,raw,462,-0.0007617488447128607,-0.001219477105411123,1209989,True,0.0007239316501413457
r,raw,463,0.0003580100426935836,0.0005737837045023861,1208581,True,0.0007239320688035374
r,raw,464,0.0005836292749833455,0.0009365380479932786,1207173,True,0.0007239321612798276
r,raw,465,-0.0026836419132405718,-0.004319031165625227,1205765,True,0.0007239324070414219
r,raw,466,-0.0010195367096164367,-0.0016415599823040225,1204357,True,0.0007239376032596156
r,raw,467,-0.0003760925516730239,-0.0006059362022800504,1202949,True,0.0007239383532266929
r,raw,468,-0.00422388160942711,-0.0068105886890956506,1201541,True,0.0007239384552796687
r,raw,469,-0.002052887805861656,-0.0033120238016988036,1200133,True,0.0007239513275689161
r,raw,470,-0.000497041618651801,-0.000802471216611741,1198725,True,0.0007239543681596887
r,raw,471,0.0015452983751987398,0.0024968011939470376,1197317,True,0.0007239545464025263
r,raw,472,0.002763101676775618,0.0044675299614820385,1195909,True,0.0007239562692653641
r,raw,473,-0.0006998534818539041,-0.0011323367052247543,1194501,True,0.0007239617775651865
r,raw,474,0.0004893343155832386,0.0007922926543889461,1193093,True,0.0007239621309406046
r,raw,475,0.00011373057390178132,0.0001843767247076243,1191685,True,0.0007239623036966556
r,raw,476,0.0001874873363753317,0.00030419480015553323,1190277,True,0.00072396231302869
r,raw,477,-0.0007110394135073529,-0.0011545404388466757,1188870,True,0.0007239623383896526
r,raw,478,-0.000631867364192642,-0.001027320608388315,1187463,True,0.000723962703151234
r,raw,479,-0.002425167697872489,-0.003947506544620981,1186056,True,0.0007239629912048917
r,raw,480,0.00026820597112534484,0.0004370227131150492,1184649,True,0.000723967234504874
r,raw,481,-0.0015378885381714118,-0.0025066475448540346,1183242,True,0.0007239672864034906
r,raw,482,0.0011178134960049373,0.0018228319656338208,1181835,True,0.0007239689927533861
r,raw,483,0.0013495427739064752,0.002202245840747228,1180429,True,0.0007239698942337789
r,raw,484,3.8281753236230965e-05,6.254813548620328e-05,1179023,True,0.0007239712082182462
r,raw,485,-0.0021638121931739983,-0.0035377509662809217,1177617,True,0.0007239712092755509
r,raw,486,-0.0002384792996089094,-0.0003902180312115156,1176212,True,0.0007239745872366407
r,raw,487,-0.0005521605214855541,-0.0009040527374777445,1174807,True,0.0007239746282679962
r,raw,488,-0.0007778424544423279,-0.0012744529167667213,1173402,True,0.0007239748482287076
r,raw,489,0.00032036545243147865,0.0005253903584885275,1171997,True,0.0007239752847420279
r,raw,490,0.0031680628053564405,0.005199838235962037,1170592,True,0.0007239753587886779
r,raw,491,-0.000285942286803811,-0.00046998711213031333,1169187,True,0.0007239825998034378
r,raw,492,0.0018622355402856498,0.0030640019772413835,1167782,True,0.0007239826587918151
r,raw,493,-0.0016098859772987054,-0.0026511585294212194,1166377,True,0.0007239851607389634
r,raw,494,0.00014292941604787307,0.00023565795320131276,1164973,True,0.0007239870305504938
r,raw,495,0.0017237248119167307,0.002846302267731609,1163569,True,0.0007239870452888915
r,raw,496,0.0021684159365620063,0.003582651563750081,1162166,True,0.0007239891888815058
r,raw,497,0.0007222895232944205,0.001194456604787958,1160763,True,0.0007239925811475591
r,raw,498,-1.8765065320241264e-06,-3.106668536686197e-06,1159360,True,0.000723992957527289
r,raw,499,0.00354289047031066,0.005871104323809115,1157957,True,0.0007239929575298295
r,raw,500,-0.0019512235172858975,-0.003237033552198168,1156554,True,0.0007240020131087243
r,raw,501,4.2410784150969786e-05,7.042152792061854e-05,1155151,True,0.0007240047598089921
r,raw,502,0.0025999304491352957,0.004321767710848701,1153748,True,0.0007240047611066165
r,raw,503,-0.00163263070596082,-0.0027171312478107834,1152345,True,0.0007240096377208267
r,raw,504,-0.001781575674464336,-0.0029692823938030897,1150942,True,0.0007240115606744952
r,raw,505,-0.0006519019470934941,-0.001088288752665318,1149539,True,0.000724013850488382
r,raw,506,-0.0013051282278890917,-0.0021825067179803205,1148136,True,0.0007240141570765669
r,raw,507,-0.00012702978812959183,-0.00021283132019010208,1146733,True,0.000724015385920594
r,raw,508,0.003595107102389209,0.006041775782375572,1145331,True,0.0007240153975618857
r,raw,509,-0.00017002651813084765,-0.0002866339747027083,1143929,True,0.0007240247217470897
r,raw,510,0.0020366911633923827,0.003585910884978547,1142527,True,0.0007240247426024522
r,raw,511,0.0017532089223913508,0.003098022060355882,1141126,True,0.0007240277351005077
r,raw,512,0.00020122390375689776,0.00035596161999552537,1139725,True,0.0007240299525273502
r,raw,513,-0.000948312988354033,-0.001678391555173324,1138324,True,0.0007240299817379464
r,raw,514,-0.0005657840073973106,-0.0010021228831835676,1136923,True,0.0007240306304985611
r,raw,515,-0.0017054637814441906,-0.0030225067547911787,1135522,True,0.0007240308614295152
r,raw,516,0.0002050786958848928,0.0003636887268121375,1134122,True,0.0007240329597176181
r,raw,517,-0.0017491727824520355,-0.003103340181695383,1132722,True,0.0007240329900579671
r,raw,518,0.0002523407323295498,0.00044791189843313827,1131322,True,0.0007240351972708841
r,raw,519,-0.0007378850182092891,-0.001310819912667241,1129922,True,0.0007240352432068498
r,raw,520,0.00024951898772984784,0.0004436208501378472,1128522,True,0.0007240356359922937
r,raw,521,0.0015294248310284925,0.0027208183220248316,1127122,True,0.0007240356809066384
r,raw,522,0.0013719787360938892,0.0024426230699528717,1125722,True,0.0007240373683671658
r,raw,523,0.0022314208893947866,0.003975833085386425,1124322,True,0.0007240387262778219
r,raw,524,-0.0001434533563707785,-0.0002557891817307499,1122922,True,0.0007240423182911534
r,raw,525,0.0050609992532534955,0.009032605692110751,1121522,True,0.0007240423331366692
r,raw,526,0.003124564169451821,0.005578871584176664,1120122,True,0.000724060810537063
r,raw,527,-0.003442342285859506,-0.0061489961598011475,1118722,True,0.0007240678532431805
r,raw,528,-0.005238285775313835,-0.009362168131860346,1117322,True,0.0007240764012349968
r,raw,529,-0.0004527691408644189,-0.000809775794741891,1115922,True,0.0007240961948842443
r,raw,530,0.0008460627104950525,0.001514263836756657,1114522,True,0.0007240963427593789
r,raw,531,-0.0012778606051624575,-0.0022885999720539943,1113122,True,0.000724096859112045
r,raw,532,0.0026748677664110527,0.004794428368895741,1111722,True,0.000724098037010278
r,raw,533,0.0014391110199994293,0.0025816869846912232,1110322,True,0.0007241031981253328
r,raw,534,-0.002213506007518257,-0.003972950718718746,1108922,True,0.0007241046920390261
r,raw,535,0.0038365779786082395,0.0068910217144746546,1107522,True,0.0007241082262853304
r,raw,536,-0.0007798496937116702,-0.0014016341295484919,1106122,True,0.0007241188437107263
r,raw,537,0.0019242486121402737,0.00346063750209372,1104722,True,0.000724119282392565
r,raw,538,0.0012711876332219653,0.002287637193750204,1103322,True,0.0007241219532411927
r,raw,539,0.002342862943969489,0.004220066265562148,1101922,True,0.0007241231188292222
r,raw,540,-0.002061219898225511,-0.0037128088045880053,1100522,True,0.000724127078125396
r,raw,541,-0.002037070939676544,-0.0036700679766256284,1099122,True,0.000724130142704033
r,raw,542,-0.00042268234138029325,-0.000761243036149938,1097723,True,0.0007241331358824651
r,raw,543,-0.0022997576106119004,-0.004143462479482255,1096324,True,0.0007241332647512025
r,raw,544,-0.0018561182827147183,-0.003345210036588597,1094925,True,0.0007241370796437623
r,raw,545,-0.0014672940734008224,-0.002645816996511469,1093526,True,0.0007241395646506095
r,raw,546,-0.0016363689737549098,-0.0029519494045803056,1092127,True,0.0007241411175717726
r,raw,547,-0.001275101283170789,-0.0023008676629657347,1090728,True,0.0007241430489908193
r,raw,548,0.0028893583077021587,0.005215043912710427,1089329,True,0.0007241442217327995
r,raw,549,-0.0012943279510844014,-0.002337442196273743,1087930,True,0.0007241502433584406
r,raw,550,0.004157682695919158,0.007511717871988847,1086531,True,0.0007241514517215012
r,raw,551,0.002588866066978755,0.004677717818845835,1085132,True,0.0007241639200249531
r,raw,552,0.0020316215787151326,0.0036727445587798496,1083733,True,0.0007241687541586508
r,raw,553,0.0021411411546042873,0.0038728271138295627,1082334,True,0.0007241717311857165
r,raw,554,-0.001297114470276787,-0.0023476479784128247,1080935,True,0.0007241750378177063
r,raw,555,-0.0004490735483455953,-0.0008134404469330429,1079537,True,0.0007241762513477086
r,raw,556,0.0011498041455701,0.0020832943132458493,1078139,True,0.0007241763968026405
r,raw,557,-0.005604405103883454,-0.010158106457404722,1076741,True,0.0007241773503470246
r,raw,558,-0.001976062875766863,-0.0035828935818941576,1075343,True,0.0007242000043594029
r,raw,559,-0.000351815477806449,-0.0006382541146470973,1073945,True,0.0007242028206662743
r,raw,560,0.0016975076259535921,0.0030799688936906803,1072547,True,0.0007242029099366719
r,raw,561,-0.0007014642013670562,-0.0012733429139363376,1071149,True,0.0007242049881991815
r,raw,562,-0.003404149473955614,-0.006181940003457843,1069751,True,0.0007242053430838438
r,raw,563,0.0015121417324550936,0.002747503409060338,1068354,True,0.0007242137008619399
r,raw,564,-0.002658751659151499,-0.004832174420963509,1066957,True,0.0007242153499945956
r,raw,565,0.0025874215642205426,0.00470426959258869,1065560,True,0.0007242204482796924
r,raw,566,-0.0004189705264916078,-0.0007620217834635269,1064163,True,0.0007242252766434357
r,raw,567,-0.0033059430234552867,-0.006014556329640311,1062766,True,0.0007242254032426624
r,raw,568,-0.0030574559618056444,-0.005565671432545024,1061369,True,0.0007242332855331368
r,raw,569,-0.001816719490012383,-0.003309045870569969,1059972,True,0.0007242400273622847
r,raw,570,-0.0002732633557106406,-0.000497987187836878,1058575,True,0.0007242424076548347
r,raw,571,0.0031882915729141703,0.005812333851586999,1057178,True,0.0007242424615086718
r,raw,572,0.0017689888085776599,0.003227085537162414,1055781,True,0.00072424979258439
r,raw,573,-0.0017511013307473814,-0.003195885351611186,1054384,True,0.0007242520494148701
r,raw,574,0.0018994686133600124,0.0034684509953677865,1052987,True,0.0007242542608285118
r,raw,575,0.0012781689625116007,0.002335265791525078,1051590,True,0.0007242568628461036
r,raw,576,0.0004999519342937273,0.0009138374926242786,1050193,True,0.0007242580410525283
r,raw,577,-0.0017309057588942842,-0.003164751856924696,1048796,True,0.0007242582213131855
r,raw,578,-0.0005241677347687394,-0.0009590081216106884,1047399,True,0.0007242603819938634
r,raw,579,-0.001757306036545506,-0.003216610560470598,1046002,True,0.0007242605801390852
r,raw,580,0.0005760631894223291,0.00105503065517561,1044605,True,0.000724262807225711
r,raw,581,0.00023483212742609854,0.00043028558935704817,1043208,True,0.000724263046547267
r,raw,582,0.0027992361671363027,0.005131371965123063,1041811,True,0.0007242630863173512
r,raw,583,0.00021388829347795767,0.00039236274598708335,1040414,True,0.0007242687372334641
r,raw,584,0.0014086082260148052,0.002585369533931463,1039017,True,0.0007242687702257271
r,raw,585,-0.0019804846737884467,-0.003637046177974586,1037621,True,0.000724270201154697
r,raw,586,0.002631147580030666,0.004833384738113803,1036225,True,0.0007242730298054571
r,raw,587,-0.00036275962766353474,-0.0006666423932104791,1034829,True,0.0007242780223785306
r,raw,588,0.0034744752301394967,0.006388089574646838,1033433,True,0.0007242781172794421
r,raw,589,-0.0018150036981211667,-0.0033393644523040953,1032037,True,0.0007242868230715024
r,raw,590,0.000302754317034724,0.0005573859867340464,1030641,True,0.0007242891987165734
r,raw,591,0.0017109730898776775,0.0031516321102749863,1029245,True,0.0007242892648173382
r,raw,592,0.002828984511473622,0.0052142009927581365,1027849,True,0.0007242913759304392
r,raw,593,0.002057641376443099,0.0037944008104659308,1026453,True,0.0007242971473669037
r,raw,594,0.0005849142255086148,0.0010792562461175781,1025057,True,0.0007243002005967756
r,raw,595,0.001506945866637765,0.002781954785090793,1023661,True,0.0007243004473162962
r,raw,596,-0.00021700999303013162,-0.00040086777908450097,1022266,True,0.0007243020849391213
r,raw,597,-0.0014943275663728192,-0.002762160715943939,1020871,True,0.0007243021188998926
r,raw,598,0.00365251743478457,0.006756990405156642,1019476,True,0.0007243037292088241
r,raw,599,0.0014527256072565046,0.002689829189015141,1018081,True,0.0007243133497347403
r,raw,600,0.0016856447803523097,0.003128302271420123,1016686,True,0.0007243148716065129
r,adjusted,1,-0.0057140838148911155,-0.005707765580684052,1911434,True,0.0007227180676124741
r,adjusted,2,-0.013331175176279037,-0.013317902694781678,1908553,True,0.000722741664516976
r,adjusted,3,-0.00037077674972766,-0.00037006523383284267,1905799,True,0.0007228700905356171
r,adjusted,4,0.004354482935523587,0.004345337734081565,1903157,True,0.0007228701898706694
r,adjusted,5,-0.005960707689013048,-0.005946186471236776,1900601,True,0.0007228838906912443
r,adjusted,6,0.0034946167620328893,0.0034855274049987494,1898109,True,0.0007229095625441234
r,adjusted,7,-9.802358371331089e-05,-9.773204003989987e-05,1895659,True,0.0007229183862356191
r,adjusted,8,-0.0017419962144599995,-0.001736124404778457,1893253,True,0.0007229183931780202
r,adjusted,9,-0.004142009544157698,-0.0041280009294467285,1890880,True,0.0007229205856916641
r,adjusted,10,0.0035191964216499533,0.00350459091562783,1888548,True,0.0007229329812387526
r,adjusted,11,0.00453717963682949,0.004518017647740514,1886238,True,0.000722941929200375
r,adjusted,12,0.003465270126565261,0.0034487219610787275,1883955,True,0.0007229568023138532
r,adjusted,13,-0.003531754671066084,-0.0035152494018150762,1881700,True,0.0007229654778646924
r,adjusted,14,-0.0022020355047737447,-0.002191518244330468,1879471,True,0.0007229744893963748
r,adjusted,15,0.004831798109864957,0.00480771874191803,1877263,True,0.0007229779925762137
r,adjusted,16,0.0005642079272171008,0.000560997116547753,1875074,True,0.0007229948590866651
r,adjusted,17,-0.0015920177872411965,-0.0015824404119870533,1872908,True,0.0007229950890618164
r,adjusted,18,0.002255365125806252,0.0022421665733349974,1870754,True,0.0007229969201015058
r,adjusted,19,0.0022491652258712276,0.002235315590590431,1868620,True,0.0007230005949039333
r,adjusted,20,0.0054283144267184705,0.00539666034329299,1866492,True,0.0007230042495118642
r,adjusted,21,0.0001188224386310529,0.00011815003020941388,1864375,True,0.0007230255368114313
r,adjusted,22,0.0044702385541114335,0.004444780286395067,1862266,True,0.0007230255470109836
r,adjusted,23,-0.0028106218289730834,-0.002794901453890844,1860165,True,0.0007230399828239142
r,adjusted,24,-0.0002746514275492922,-0.0002731648501016028,1858073,True,0.0007230456894396075
r,adjusted,25,-0.0015613702670966368,-0.0015531275050600464,1855990,True,0.0007230457439319889
r,adjusted,26,-0.00044855657123761924,-0.00044618695654253165,1853916,True,0.0007230475050292063
r,adjusted,27,-9.707519792620672e-05,-9.657398623787381e-05,1851849,True,0.0007230476503759797
r,adjusted,28,0.0009540039316473001,0.0009490107950560002,1849790,True,0.0007230476571834769
r,adjusted,29,-0.00041719621456192416,-0.0004150668477431291,1847740,True,0.000723048314646046
r,adjusted,30,0.0018563470690309601,0.0018481100013702254,1846051,True,0.0007230484403795984
r,adjusted,31,0.0004730929594718422,0.0004710229148467043,1844372,True,0.0007230509297414854
r,adjusted,32,0.00016216876103452825,0.00016145601619044626,1842701,True,0.0007230510914235539
r,adjusted,33,0.003277525290295845,0.0032643547488359157,1841036,True,0.0007230511104213504
r,adjusted,34,0.0027425484592401915,0.0027308291001570846,1839377,True,0.0007230588703655648
r,adjusted,35,-0.0004942973566148515,-0.000492373496990758,1837726,True,0.0007230643037590043
r,adjusted,36,0.004202621506158984,0.004185575703247151,1836086,True,0.0007230644802560439
r,adjusted,37,0.0015319574899166587,0.0015255966572121477,1834453,True,0.0007230772386944667
r,adjusted,38,0.003357532908469488,0.003343083199216844,1832825,True,0.0007230789339924781
r,adjusted,39,0.0026372238033084707,0.00262641657585439,1831204,True,0.0007230870771010561
r,adjusted,40,0.003323240497413396,0.0033120065057810934,1829590,True,0.0007230921009860536
r,adjusted,41,-0.001637174542199487,-0.0016314729041960766,1827982,True,0.0007231000784592593
r,adjusted,42,0.0035831936456925152,0.0035709292509655912,1826378,True,0.0007231020145637826
r,adjusted,43,-0.006156489269988869,-0.006135114204605817,1824776,True,0.0007231112887545734
r,adjusted,44,0.0020712605182913587,0.0020641362604520894,1823177,True,0.0007231386660608827
r,adjusted,45,0.0015441647951029897,0.0015388052901645244,1821581,True,0.0007231417647982087
r,adjusted,46,0.00024187641703438665,0.00024102227203277358,1819986,True,0.000723143487067888
r,adjusted,47,0.0008535574345554195,0.0008503542016653956,1818395,True,0.0007231435293250557
r,adjusted,48,-0.0009336857073377122,-0.0009297643043476818,1816806,True,0.00072314405555876
r,adjusted,49,0.0004970278149421078,0.0004947272331887586,1815218,True,0.0007231446852305487
r,adjusted,50,-0.0008814853193266439,-0.0008773171883135794,1813633,True,0.0007231448636630481
r,adjusted,51,-0.002848205655471373,-0.0028335294149941037,1812049,True,0.0007231454248951667
r,adjusted,52,0.0005470282009610513,0.0005441563763010384,1810465,True,0.0007231512842946785
r,adjusted,53,0.006547336913912426,0.00651039312275394,1808882,True,0.0007231515004311362
r,adjusted,54,0.002496910229195062,0.0024819013346464164,1807300,True,0.000723182462403185
r,adjusted,55,0.0020254871936769875,0.002013475838867854,1805720,True,0.0007231869653253842
r,adjusted,56,-0.00456731352603276,-0.004538479707177531,1804141,True,0.0007231899284188295
r,adjusted,57,0.0009087183008437834,0.0009026706797633576,1802562,True,0.0007232049945790308
r,adjusted,58,0.0022370899767258446,0.0022217546573446764,1800987,True,0.0007232055909751065
r,adjusted,59,-0.0005093270738972736,-0.0005059580509747766,1799414,True,0.0007232092054221635
r,adjusted,60,-0.0041217377629225475,-0.004096458992147124,1797843,True,0.0007232093927780518
r,adjusted,61,-0.0029006674303574736,-0.0028826888171363677,1796273,True,0.0007232216623891253
r,adjusted,62,0.0007472244086220637,0.0007426692521405778,1794704,True,0.0007232277389863475
r,adjusted,63,0.0009434666093232973,0.0009374935189354799,1793138,True,0.0007232281422273892
r,adjusted,64,-0.0030312924412954183,-0.0030119724563479337,1791576,True,0.0007232287850858778
r,adjusted,65,0.0001363625033650176,0.0001354781437886341,1790014,True,0.0007232354212298815
r,adjusted,66,-0.006155945982561015,-0.006114556466436358,1788452,True,0.0007232354346590172
r,adjusted,67,-0.003569990379405656,-0.0035450022699993378,1786892,True,0.0007232628024353351
r,adjusted,68,-0.002464936952374182,-0.0024468405280171227,1785333,True,0.0007232720063593038
r,adjusted,69,-0.0007729783351426738,-0.0007670514239681882,1783774,True,0.0007232763941558422
r,adjusted,70,0.0024076675963902957,0.002388213712673932,1782215,True,0.0007232768256431714
r,adjusted,71,-0.002947876702862811,-0.002923169891922817,1780658,True,0.0007232810118923247
r,adjusted,72,-0.0036485151257267447,-0.0036176523870663003,1779102,True,0.0007232872873803599
r,adjusted,73,0.0018012270384379176,0.00178578953826246,1777548,True,0.000723296900324268
r,adjusted,74,0.0013706843819913275,0.0013587099716769438,1775996,True,0.0007232992432441179
r,adjusted,75,0.004575452472237189,0.004534992323300502,1774447,True,0.0007233005999769495
r,adjusted,76,-0.002715581452957544,-0.0026906645792917523,1772900,True,0.0007233157175667499
r,adjusted,77,-0.003633543659995349,-0.0035992381187400168,1771357,True,0.0007233210427430521
r,adjusted,78,-0.002923536345531128,-0.0028959658220744752,1769815,True,0.0007233305765121229
r,adjusted,79,-0.0006164735521940194,-0.0006106283513697145,1768274,True,0.0007233367483732015
r,adjusted,80,0.0029023544779700258,0.0028740131259428043,1766734,True,0.0007233370227997419
r,adjusted,81,-0.0053260826868685935,-0.005273138098741478,1765195,True,0.0007233431054971321
r,adjusted,82,-0.004605333021550616,-0.004559134753548603,1763658,True,0.0007233635889486197
r,adjusted,83,-0.0015778840199301006,-0.001561732710565323,1762125,True,0.0007233789033019644
r,adjusted,84,0.0010504864089164463,0.0010392889483253037,1760592,True,0.0007233807010201068
r,adjusted,85,-0.000633871386216971,-0.0006269584017599984,1759059,True,0.0007233814978241747
r,adjusted,86,0.0039029974122247245,0.0038588298160340145,1757527,True,0.0007233817879408125
r,adjusted,87,0.004627196470296272,0.00457511297263136,1755995,True,0.0007233927872010723
r,adjusted,88,-0.000971574797890919,-0.0009604985208802998,1754465,True,0.0007234082466813384
r,adjusted,89,0.0006604292369997023,0.0006527303005799831,1752936,True,0.0007234089282453429
r,adjusted,90,0.0003790571228255924,0.00037456477891290556,1751407,True,0.000723409243169842
r,adjusted,91,0.0004883562263338561,0.0004824948839544959,1749878,True,0.0007234093469138598
r,adjusted,92,0.0016816315197455175,0.0016611899518184613,1748351,True,0.000723409519111468
r,adjusted,93,-0.0024488753809692168,-0.0024186396498969698,1746824,True,0.000723411560918381
r,adjusted,94,0.00394345890448604,0.0038939906232462046,1745298,True,0.0007234158908840172
r,adjusted,95,-0.0004658467528639336,-0.0004599170923675978,1743772,True,0.0007234271188489597
r,adjusted,96,-0.0012591556805483003,-0.0012425581658948004,1742246,True,0.0007234272755345786
r,adjusted,97,-0.002678196689218982,-0.0026421588898604,1740721,True,0.0007234284202603481
r,adjusted,98,-0.0021140574943203094,-0.0020849285707068305,1739197,True,0.0007234335990186316
r,adjusted,99,-0.0006965325666091418,-0.0006867952092157194,1737674,True,0.0007234368258165556
r,adjusted,100,0.0029948788627797043,0.0029522416064350202,1736152,True,0.0007234371761002811
r,adjusted,101,0.00011012631119553173,0.0001085288528037415,1734630,True,0.0007234436519025414
r,adjusted,102,-0.003194482639253444,-0.0031474919014764786,1733110,True,0.0007234436606587338
r,adjusted,103,-0.0012783502957027602,-0.0012593436783528182,1731590,True,0.0007234510283592063
r,adjusted,104,-0.0012708900327060347,-0.001251707619972955,1730070,True,0.0007234522082127031
r,adjusted,105,7.271554741250867e-05,7.158697431372765e-05,1728551,True,0.0007234533743335913
r,adjusted,106,-0.00019758904139898826,-0.0001944706603058728,1727034,True,0.0007234533781511158
r,adjusted,107,0.002362912584675152,0.0023250724764969045,1725519,True,0.0007234534063383832
r,adjusted,108,0.004774548189499858,0.004696696918462022,1724004,True,0.0007234574374178423
r,adjusted,109,-0.0016835868196384302,-0.0016556275569762405,1722489,True,0.0007234738956983667
r,adjusted,110,0.000377698022244696,0.0003713778729692969,1720976,True,0.0007234759420741062
r,adjusted,111,0.00013221092309622,0.00012997365925237887,1719464,True,0.0007234760450660183
r,adjusted,112,0.0018551913506582268,0.001823083329135086,1717952,True,0.000723476057685698
r,adjusted,113,0.00040238540462679556,0.0003953057431779548,1716440,True,0.0007234785424793939
r,adjusted,114,-0.0030994710798341422,-0.00304433261965355,1714928,True,0.0007234786593745656
r,adjusted,115,-0.00046065701336855263,-0.00045225605880807066,1713416,True,0.0007234855949930293
r,adjusted,116,-0.0005521331615121251,-0.0005419727168392908,1711904,True,0.0007234857481946165
r,adjusted,117,-0.0007642259285032876,-0.0007499942328767743,1710393,True,0.000723485968282149
r,adjusted,118,-0.001593969079062354,-0.001563708026322942,1708883,True,0.0007234863899311944
r,adjusted,119,0.004392401677946186,0.004307551497456346,1707373,True,0.0007234882242156789
r,adjusted,120,0.0005889680599134041,0.00057757295502467,1705866,True,0.0007235021527774426
r,adjusted,121,0.0017566827984598547,0.0017228760420374474,1704359,True,0.0007235024032045908
r,adjusted,122,0.0018788559053734674,0.0018428077789099896,1702852,True,0.0007235046310439621
r,adjusted,123,0.0006686038302699639,0.0006557239465108915,1701347,True,0.0007235071795325439
r,adjusted,124,-0.001048338013094315,-0.0010275114033958027,1699842,True,0.0007235075022575387
r,adjusted,125,-0.002360600267361308,-0.0023137129282052556,1698337,True,0.0007235082956667068
r,adjusted,126,0.002690976159347755,0.0026375261994834183,1696833,True,0.0007235123185552982
r,adjusted,127,-0.0023041310665058304,-0.0022578932414045604,1695329,True,0.0007235175462476977
r,adjusted,128,-0.005284498187536624,-0.005177719063917499,1693825,True,0.0007235213789224433
r,adjusted,129,0.003627373452740588,0.003554106634435527,1692321,True,0.0007235415388010085
r,adjusted,130,0.0021251607406038596,0.0020822952465563557,1690818,True,0.000723551037323265
r,adjusted,131,0.0006083352722160699,0.0005960190190428516,1689315,True,0.0007235542975758186
r,adjusted,132,-0.002011632991626522,-0.0019708361164329463,1687814,True,0.0007235545647242405
r,adjusted,133,0.0004826544471494645,0.0004728627203378935,1686315,True,0.0007235574859367977
r,adjusted,134,0.0019172082349220737,0.0018779675231508936,1684816,True,0.0007235576541024735
r,adjusted,135,0.0012934616514910244,0.0012671033752623092,1683318,True,0.0007235603075008382
r,adjusted,136,0.002792452141944278,0.0027353655602939566,1681823,True,0.0007235615152308026
r,adjusted,137,-0.001157016979576543,-0.0011333155392732606,1680328,True,0.0007235671442425196
r,adjusted,138,-0.0012419813063591885,-0.0012169114789495124,1678833,True,0.0007235681106007739
r,adjusted,139,0.0021495798571712645,0.00210623673756266,1677339,True,0.0007235692240955655
r,adjusted,140,0.0007545774899662637,0.0007394318820586945,1675847,True,0.0007235725596182929
r,adjusted,141,0.003811613383163929,0.0037346534093978517,1674355,True,0.0007235729706386226
r,adjusted,142,-0.001575294881305693,-0.0015437814419277448,1672863,True,0.0007235834580916282
r,adjusted,143,-0.0013701166748240103,-0.001342481070723439,1671372,True,0.0007235852494083511
r,adjusted,144,-0.0012699396328431554,-0.0012445626060386392,1669881,True,0.0007235866044817383
r,adjusted,145,-0.0009821910342136275,-0.0009625243661458442,1668391,True,0.0007235877686429109
r,adjusted,146,0.0004595980285426043,0.0004504190437198524,1666902,True,0.000723588465010146
r,adjusted,147,0.0021324928425576215,0.002089876939056748,1665413,True,0.0007235886174864855
r,adjusted,148,-0.0055032383226458845,-0.005393332931585156,1663924,True,0.0007235919001039578
r,adjusted,149,0.00010515709762872461,0.00010306658917719841,1662435,True,0.0007236137613145731
r,adjusted,150,0.0005773571318887587,0.0005658879301513593,1660946,True,0.0007236137692965081
r,adjusted,151,0.004570228532982796,0.004478604563813237,1659457,True,0.000723614009910013
r,adjusted,152,-0.0007236652732535954,-0.0007090125892747093,1657968,True,0.0007236290864668011
r,adjusted,153,-0.0024494017787673275,-0.002399390630907516,1656479,True,0.0007236294644714669
r,adjusted,154,3.136785441709288e-06,3.0722526398052493e-06,1654990,True,0.000723633794994375
r,adjusted,155,0.0010035689779472911,0.0009827873243047852,1653501,True,0.0007236337950014772
r,adjusted,156,-0.0009355380182845322,-0.000916069008043128,1652012,True,0.0007236345219660067
r,adjusted,157,-0.0012708555195212958,-0.0012443238961231588,1650524,True,0.0007236351537101714
r,adjusted,158,-0.00038689883374442007,-0.00037884147167761395,1649037,True,0.0007236363194729285
r,adjusted,159,-0.0026185544605679305,-0.002563540524671438,1647551,True,0.00072363642751982
r,adjusted,160,-0.002990047180358033,-0.002926679430543514,1646065,True,0.0007236413767669451
r,adjusted,161,0.0017933224027773913,0.001755035034587095,1644579,True,0.0007236478298696723
r,adjusted,162,0.0020170585708771545,0.001974041035206849,1643093,True,0.0007236501511447636
r,adjusted,163,-0.002540464324646198,-0.0024858335785446707,1641607,True,0.0007236530877482115
r,adjusted,164,-0.0035140456206966654,-0.0034381442324710487,1640121,True,0.0007236577460991994
r,adjusted,165,-0.0011188697111170146,-0.0010943648537459912,1638635,True,0.000723666658951817
r,adjusted,166,-0.002513414321773646,-0.002457981084004507,1637149,True,0.0007236675625139527
r,adjusted,167,2.8262626712741576e-05,2.7632828406144567e-05,1635663,True,0.0007236721221010953
r,adjusted,168,0.0012767451734695357,0.0012481571563452319,1634177,True,0.0007236721226776241
r,adjusted,169,0.004221930494692229,0.004126786046845173,1632691,True,0.0007236732992105279
r,adjusted,170,-0.0015474517026707736,-0.0015121545391265539,1631206,True,0.0007236861643225793
r,adjusted,171,0.0028774081589593914,0.0028112814683224825,1629722,True,0.0007236878926309847
r,adjusted,172,0.0002494485973714395,0.00024369806191093394,1628238,True,0.000723693868315563
r,adjusted,173,-0.00029110271951487656,-0.00028440439576002586,1626754,True,0.0007236939132257694
r,adjusted,174,0.003795897074838851,0.0037084005639741132,1625270,True,0.0007236939743868867
r,adjusted,175,0.0013963943490259173,0.0013641606131158878,1623786,True,0.0007237043737945512
r,adjusted,176,0.0012312657679093575,0.0012027813281007401,1622303,True,0.0007237057811129634
r,adjusted,177,-0.002522563303707035,-0.0024637642718963993,1620820,True,0.0007237068752685051
r,adjusted,178,-0.0006602719157186655,-0.000644782418749809,1619337,True,0.0007237114678608214
r,adjusted,179,-0.0004783200283762702,-0.0004671683372063949,1617854,True,0.0007237117825037137
r,adjusted,180,0.0014636272939909547,0.0014297399625833964,1616371,True,0.0007237119476273574
r,adjusted,181,0.0026098504063380382,0.002549164436139031,1614888,True,0.000723713493709689
r,adjusted,182,-0.00045139876423998937,-0.00044082338651718926,1613405,True,0.0007237184095855634
r,adjusted,183,0.0024324937080057044,0.002375293092049054,1611923,True,0.0007237185566436434
r,adjusted,184,-0.0015104417769431016,-0.0014743590728760587,1610441,True,0.000723722827060645
r,adjusted,185,-0.002355091584037096,-0.002298507081939514,1608959,True,0.0007237244736034949
r,adjusted,186,0.00037846333978516414,0.0003693037806147307,1607478,True,0.0007237284765424293
r,adjusted,187,0.0012248460783253559,0.0011949917245171126,1605997,True,0.0007237285799160593
r,adjusted,188,-0.0010289945379121249,-0.001003812449889735,1604517,True,0.0007237296626576216
r,adjusted,189,-0.0026926480496308864,-0.0026262550524592614,1603037,True,0.0007237304268230058
r,adjusted,190,-0.0009629011548382366,-0.0009390159438066148,1601557,True,0.0007237356594358797
r,adjusted,191,-0.001148642677113753,-0.0011199383221056013,1600078,True,0.0007237363285821582
r,adjusted,192,0.00032769520358219193,0.0003195112207329678,1598599,True,0.0007237372807797128
r,adjusted,193,-0.0008057298114340104,-0.000785350002657645,1597122,True,0.0007237373582788781
r,adjusted,194,-0.001326161594042951,-0.0012925266965797457,1595645,True,0.0007237378268068862
r,adjusted,195,-0.0014548577313758953,-0.0014172466309012408,1594169,True,0.000723739096062416
r,adjusted,196,-0.00048357770228892646,-0.0004710066097687799,1592693,True,0.0007237406236157578
r,adjusted,197,0.0019747948058219437,0.0019231870862597073,1591217,True,0.0007237407923826909
r,adjusted,198,-0.003809231481394486,-0.003709173105787235,1589742,True,0.0007237436068608351
r,adjusted,199,0.00020629570872386028,0.00020083379563756685,1588267,True,0.0007237540787411872
r,adjusted,200,-0.002123421238001589,-0.002066536813660108,1586792,True,0.0007237541094545365
r,adjusted,201,-0.005558911520694268,-0.005409674190070512,1585319,True,0.0007237573634588074
r,adjusted,202,-0.0029386858792743525,-0.00285954862727396,1583846,True,0.0007237796641159706
r,adjusted,203,4.5663967918079243e-05,4.442218020469509e-05,1582373,True,0.0007237858962374453
r,adjusted,204,-0.003054983524662729,-0.002971395985183602,1580900,True,0.0007237858977422322
r,adjusted,205,-4.4290420833810993e-05,-4.307053689009184e-05,1579428,True,0.0007237926328326626
r,adjusted,206,0.0005455782040226515,0.0005303519340397274,1577956,True,0.0007237926342482714
r,adjusted,207,-0.0023905156113391154,-0.002323250651777726,1576484,True,0.0007237928490499268
r,adjusted,208,-0.0029965559903415476,-0.002912032436339823,1575012,True,0.000723796972924684
r,adjusted,209,0.002044199033506574,0.0019862711399485948,1573540,True,0.0007238034527591461
r,adjusted,210,0.0005453753841632014,0.0005299430743764446,1572068,True,0.000723806468282013
r,adjusted,211,-0.005672437075869396,-0.005511268401256564,1570596,True,0.0007238066829198897
r,adjusted,212,-0.0050325834468501135,-0.004890493935697415,1569124,True,0.0007238299021407983
r,adjusted,213,0.006506811269768588,0.006321710369216604,1567652,True,0.0007238481779994563
r,adjusted,214,0.0023957196220421584,0.0023272014745823874,1566180,True,0.0007238787284482209
r,adjusted,215,-0.0015218402346023078,-0.0014784701249934101,1564709,True,0.0007238828698059543
r,adjusted,216,-0.00035408742959290487,-0.0003439233729574894,1563238,True,0.000723884540924069
r,adjusted,217,0.0014263313751129159,0.0013852206583786287,1561768,True,0.0007238846313909283
r,adjusted,218,-0.004296126130569238,-0.00417169855212596,1560298,True,0.0007238860993329349
r,adjusted,219,0.00013498043930856138,0.00013105786191552093,1558828,True,0.0007238994166775726
r,adjusted,220,0.0010587429530642108,0.0010278024121404244,1557358,True,0.0007238994298238039
r,adjusted,221,0.001072357021742548,0.0010415755085582106,1555888,True,0.0007239002386224438
r,adjusted,222,-0.0006773306341789131,-0.0006578401580036347,1554418,True,0.000723901068354091
r,adjusted,223,-0.0013251641192656338,-0.0012868444381329463,1552948,True,0.0007239013993784427
r,adjusted,224,-0.002115081340481255,-0.002053547811561971,1551479,True,0.0007239026664389778
r,adjusted,225,0.000600925672983212,0.0005833824255405211,1550010,True,0.0007239058942702673
r,adjusted,226,0.0009271333683907059,0.000899877736034424,1548542,True,0.0007239061548239104
r,adjusted,227,0.0019269436199562543,0.0018692724024255475,1547074,True,0.0007239067750353794
r,adjusted,228,0.002965433864843917,0.002876211250727407,1545606,True,0.0007239094541567892
r,adjusted,229,-0.0018687635381123351,-0.0018119728239856196,1544139,True,0.0007239157991061152
r,adjusted,230,0.00028501530603185134,0.0002763100975538363,1542672,True,0.0007239183188576417
r,adjusted,231,-0.0017606982682312566,-0.0017065102037861078,1541205,True,0.0007239183774693807
r,adjusted,232,0.0018932549547149924,0.0018346162054343979,1539738,True,0.0007239206142192746
r,adjusted,233,-0.0019143004842740105,-0.0018545868761428498,1538271,True,0.0007239232004323834
r,adjusted,234,-0.0013641272316891396,-0.0013211151042999511,1536804,True,0.0007239258444524942
r,adjusted,235,0.0014396719113282943,0.001393958803603178,1535337,True,0.000723927187072448
r,adjusted,236,-0.0020142892987097525,-0.0019499201887781042,1533870,True,0.0007239286825143713
r,adjusted,237,-0.0007669485950698442,-0.0007423404593167598,1532404,True,0.0007239316099331396
r,adjusted,238,-0.0025979576038439632,-0.0025143025640365674,1530939,True,0.0007239320343304951
r,adjusted,239,-0.004009153020962288,-0.003878546298038652,1529475,True,0.0007239369040358825
r,adjusted,240,0.0004934268778591528,0.0004772929734665227,1528012,True,0.0007239485008553059
r,adjusted,241,0.0009005613041240616,0.0008709057706079303,1526550,True,0.0007239486765164485
r,adjusted,242,-0.0014639663488278307,-0.0014155303559362244,1525089,True,0.0007239492616519305
r,adjusted,243,0.0009203728143765453,0.0008898763870342339,1523628,True,0.000723950807943609
r,adjusted,244,-0.0037073489520832808,-0.0035835671904768094,1522168,True,0.0007239514191053339
r,adjusted,245,0.000324279502536233,0.0003133932671633348,1520708,True,0.0007239613354669864
r,adjusted,246,0.0006778735576685591,0.0006549962026665523,1519250,True,0.0007239614113354737
r,adjusted,247,-7.955290706416651e-06,-7.68523516108e-06,1517792,True,0.0007239617428630765
r,adjusted,248,-0.0005301689217432869,-0.0005120996774792557,1516334,True,0.0007239617429087363
r,adjusted,249,-0.0016078908160974258,-0.001552495137275866,1514876,True,0.000723961945700671
r,adjusted,250,-3.4518138354746256e-05,-3.332009525740068e-05,1513418,True,0.0007239638109403056
r,adjusted,251,0.0016969352879268019,0.0016377692379141533,1511960,True,0.0007239638117999438
r,adjusted,252,-0.0021447884735692375,-0.0020695422965507715,1510502,True,0.0007239658893471697
r,adjusted,253,-0.0041741029203917705,-0.004026935588427844,1509045,True,0.0007239692081974294
r,adjusted,254,-0.00203384758002802,-0.001961822277197394,1507590,True,0.0007239817783417795
r,adjusted,255,0.0016519395899236363,0.0015932859317962064,1506135,True,0.0007239847626666575
r,adjusted,256,-0.001928381986005328,-0.0018593145276453418,1504680,True,0.0007239867314418597
r,adjusted,257,0.0030632629559982608,0.0029532081240737566,1503225,True,0.000723989414268092
r,adjusted,258,-0.0007756181909622913,-0.0007474756796228293,1501770,True,0.0007239961840103672
r,adjusted,259,0.0030521706053627824,0.002939986314053491,1500315,True,0.0007239966180180218
r,adjusted,260,0.0017168818151029296,0.0016535009460839553,1498860,True,0.0007240033387547288
r,adjusted,261,0.005997100407941453,0.005774433896240016,1497405,True,0.0007240054653136416
r,adjusted,262,-0.0014894019304575626,-0.001433594060135963,1495950,True,0.0007240314113389887
r,adjusted,263,-0.0006732009839297519,-0.0006477927888848764,1494495,True,0.0007240330116476688
r,adjusted,264,0.0008273053992798486,0.000795655983208749,1493040,True,0.0007240333385882589
r,adjusted,265,0.004170830642219202,0.004010096893357383,1491585,True,0.0007240338323424889
r,adjusted,266,-0.0019184345510740934,-0.0018434932972438542,1490130,True,0.0007240463816658857
r,adjusted,267,0.0025744801276008215,0.002472773376691403,1488675,True,0.0007240490366664346
r,adjusted,268,-0.003415316634303364,-0.003278825570096937,1487221,True,0.0007240538179829885
r,adjusted,269,-0.003100423923447439,-0.0029757990083034347,1485767,True,0.0007240622324458758
r,adjusted,270,0.0008661251357628187,0.0008310922306085218,1484313,True,0.0007240691667359987
r,adjusted,271,-0.00016641231026585414,-0.00015961388779115433,1482860,True,0.0007240697078875309
r,adjusted,272,0.0007337771748883601,0.0007036230520588477,1481408,True,0.000724069727864442
r,adjusted,273,0.0007811252304164202,0.0007486818498411041,1479956,True,0.0007240701162702483
r,adjusted,274,-0.001699487782365076,-0.00162848055616792,1478504,True,0.0007240705564179108
r,adjusted,275,0.0010811753001149095,0.001035640715795631,1477052,True,0.0007240726399126349
r,adjusted,276,-0.0024800780471267046,-0.002374569938563981,1475600,True,0.0007240734831457715
r,adjusted,277,0.0038231387346272833,0.0036584730265059274,1474148,True,0.0007240779200958925
r,adjusted,278,-0.0020894928985492056,-0.001997901795241022,1472696,True,0.0007240884637093022
r,adjusted,279,0.002203469332436088,0.0021060000658859514,1471244,True,0.000724091613103697
r,adjusted,280,-1.5190665621867783e-05,-1.4513988240392957e-05,1469792,True,0.0007240951154354159
r,adjusted,281,0.002348482600334588,0.0022431847292673987,1468341,True,0.0007240951156018706
r,adjusted,282,-0.00019375576513035048,-0.0001850029389490373,1466890,True,0.0007240990940683821
r,adjusted,283,-0.0013926274594294353,-0.0013287918048644155,1465439,True,0.0007240991211484082
r,adjusted,284,0.0008172201595190654,0.0007795781713320904,1463989,True,0.0007241005201212787
r,adjusted,285,-0.00011047898931505962,-0.00010534703469301554,1462539,True,0.0007241010018659983
r,adjusted,286,0.0017987851638461712,0.0017141704889220776,1461089,True,0.0007241010106703637
r,adjusted,287,8.954059094321625e-05,8.530182527817328e-05,1459639,True,0.0007241033446473219
r,adjusted,288,0.002901690779837615,0.0027635204212166074,1458189,True,0.0007241033504306415
r,adjusted,289,-0.0021311829873119645,-0.002029198704850432,1456739,True,0.0007241094239120333
r,adjusted,290,0.001986040399424773,0.0018905484476538013,1455289,True,0.0007241127001400751
r,adjusted,291,-0.0033387208868776554,-0.003176694401372483,1453839,True,0.0007241155453018371
r,adjusted,292,-0.00039233500659917027,-0.0003732280375680446,1452389,True,0.0007241235858891062
r,adjusted,293,-0.0008009550304285968,-0.0007617130786851334,1450939,True,0.0007241236969188194
r,adjusted,294,-0.0011430168594224138,-0.0010865485300858321,1449489,True,0.000724124159663241
r,adjusted,295,-0.003897803305772121,-0.003704172556507084,1448039,True,0.0007241251020513041
r,adjusted,296,0.00022957493661432337,0.00021814140737582446,1446589,True,0.0007241360607951145
r,adjusted,297,-0.00042858853191884397,-0.00040715310196544265,1445140,True,0.0007241360988111289
r,adjusted,298,0.0013195944595460667,0.001253156323586646,1443692,True,0.0007241362313058815
r,adjusted,299,6.341242679024839e-05,6.020229856215549e-05,1442244,True,0.0007241374873304567
r,adjusted,300,0.001918384624628478,0.0018207554352559737,1440798,True,0.0007241374902309078
r,adjusted,301,0.0003159743762583516,0.0002997795700585609,1439352,True,0.0007241401447592434
r,adjusted,302,-0.001029744320096692,-0.000976801520272128,1437906,True,0.0007241402167735707
r,adjusted,303,-0.002281366073942704,-0.002163648762794233,1436460,True,0.0007241409816191086
r,adjusted,304,0.0012943004503168391,0.00122695956307954,1435014,True,0.0007241447356991639
r,adjusted,305,0.0033428045200972843,0.0031679103923388284,1433568,True,0.0007241459440200667
r,adjusted,306,-0.0033941333573500863,-0.003215291523609801,1432122,True,0.0007241540039499942
r,adjusted,307,0.00036472521823499387,0.0003454418715996559,1430676,True,0.0007241623132071555
r,adjusted,308,-0.003017424166452796,-0.002856595919742431,1429230,True,0.000724162409154611
r,adjusted,309,-0.00048245216937875464,-0.000456568715906317,1427784,True,0.000724168976239138
r,adjusted,310,-0.00028549835134923727,-0.0002700821852346512,1426338,True,0.0007241691441220081
r,adjusted,311,-0.0011980332680480343,-0.0011328908406418867,1424892,True,0.0007241692029122165
r,adjusted,312,0.0025076760378652673,0.002370354505328434,1423447,True,0.0007241702381383297
r,adjusted,313,0.0001689695098918791,0.00015965183944100745,1422002,True,0.0007241747737791144
r,adjusted,314,0.0010357352570669117,0.0009781197311564277,1420557,True,0.0007241747943717112
r,adjusted,315,-0.0016164920441727978,-0.001526295515372955,1419112,True,0.0007241755681057579
r,adjusted,316,-0.0020626079838469203,-0.0019472421755799313,1417667,True,0.0007241774527983919
r,adjusted,317,0.0027673752657851078,0.0026121121455994377,1416223,True,0.0007241805212925012
r,adjusted,318,-0.0005531743527570751,-0.0005219083026260593,1414779,True,0.0007241860449334249
r,adjusted,319,0.0007274842390043205,0.0006861097537130765,1413336,True,0.0007241862656381743
r,adjusted,320,0.002730563712676437,0.0025742171094627264,1411895,True,0.0007241866473491104
r,adjusted,321,-0.004106443740097978,-0.0038685394715229846,1410454,True,0.0007241920249717995
r,adjusted,322,-0.0011471369566841522,-0.0010804474612284712,1409013,True,0.0007242041871732798
r,adjusted,323,0.002124897059098897,0.002000105229164045,1407573,True,0.0007242051362625221
r,adjusted,324,0.0032754528495829802,0.0030818556954243905,1406133,True,0.0007242083927621873
r,adjusted,325,-0.0006930314692972354,-0.0006520265839957974,1404693,True,0.0007242161305114875
r,adjusted,326,-0.0011156417532874512,-0.001049372940926871,1403253,True,0.0007242164769095368
r,adjusted,327,-0.005379457739555974,-0.005059333123612496,1401814,True,0.0007242173745835905
r,adjusted,328,0.0018231255386022677,0.0017143810835380442,1400375,True,0.0007242382454090776
r,adjusted,329,-0.0027448579257113134,-0.0025796096524779515,1398936,True,0.0007242406425236918
r,adjusted,330,0.0013872126072899664,0.0013032404694468234,1397497,True,0.0007242460761909833
r,adjusted,331,0.00015813578772501353,0.00014854161100560137,1396059,True,0.0007242474640243067
r,adjusted,332,5.594760477881436e-05,5.254297069758851e-05,1394621,True,0.0007242474820591
r,adjusted,333,0.0011146322496576391,0.0010465764600395527,1393183,True,0.0007242474843165275
r,adjusted,334,-0.001346702752156871,-0.0012640132949109228,1391746,True,0.0007242483803284093
r,adjusted,335,-2.5894723612565338e-05,-2.4295733711255862e-05,1390309,True,0.0007242496882851926
r,adjusted,336,0.001205271225687185,0.0011304465366604292,1388873,True,0.0007242496887687768
r,adjusted,337,0.00034606872998974497,0.0003244166375565986,1387438,True,0.0007242507364249336
r,adjusted,338,-0.0011085500785916638,-0.0010388550890691008,1386003,True,0.0007242508227970519
r,adjusted,339,0.0014703015221833751,0.0013780268315762192,1384568,True,0.0007242517090530657
r,adjusted,340,0.0006127630904128898,0.0005739725358818612,1383133,True,0.0007242532681052125
r,adjusted,341,-0.0014376951138913247,-0.001345992046193122,1381698,True,0.0007242535388951206
r,adjusted,342,-0.0005074152120145242,-0.00047477851059549213,1380263,True,0.0007242550295611163
r,adjusted,343,0.005458350438183089,0.005104975331814187,1378828,True,0.0007242552152445738
r,adjusted,344,0.0018309612682596895,0.0017113919194321904,1377394,True,0.0007242767015913466
r,adjusted,345,0.0015899767313525596,0.0014853673707131887,1375960,True,0.0007242791192272631
r,adjusted,346,0.0010819090675932785,0.0010098119770180494,1374526,True,0.0007242809423371653
r,adjusted,347,-0.0017859356665119368,-0.0016662149903597639,1373093,True,0.0007242817864724116
r,adjusted,348,0.0008294991392003801,0.0007731270430523126,1371660,True,0.0007242840866490667
r,adjusted,349,-0.0007428473139879396,-0.0006920479555330882,1370227,True,0.000724284582853467
r,adjusted,350,0.002644316497642821,0.00246297874600581,1368794,True,0.0007242849808026143
r,adjusted,351,0.002098401244662228,0.001954048048379557,1367362,True,0.0007242900233931198
r,adjusted,352,-0.002883033949311568,-0.0026842798025570845,1365930,True,0.0007242931988150461
r,adjusted,353,0.0019198218667368851,0.0017872032640874574,1364499,True,0.0007242991928756933
r,adjusted,354,0.0005186642510193099,0.0004827105292023139,1363069,True,0.0007243018507895046
r,adjusted,355,0.00017276799498903387,0.00016075953859690472,1361639,True,0.0007243020447846228
r,adjusted,356,0.0023704344884693043,0.0022050952041040533,1360209,True,0.0007243020663096987
r,adjusted,357,-0.0009192806741894233,-0.0008549857057396914,1358779,True,0.0007243061183410748
r,adjusted,358,0.0013810308490313148,0.0012840124162259879,1357349,True,0.0007243067277541217
r,adjusted,359,0.0002730751408519114,0.00025386282756847294,1355919,True,0.0007243081031307881
r,adjusted,360,-0.002283517517062631,-0.0021221447213719434,1354489,True,0.0007243081569055872
r,adjusted,361,1.7291584293930555e-05,1.606039711779203e-05,1353059,True,0.0007243119172014382
r,adjusted,362,0.0025367715034115804,0.0023544521235647977,1351629,True,0.0007243119174170547
r,adjusted,363,-0.0035022387600219117,-0.0032487851207972543,1350199,True,0.0007243165580102916
r,adjusted,364,0.0014279087756151362,0.0013234996229175508,1348769,True,0.0007243254030188867
r,adjusted,365,-0.0014083011386411585,-0.0013046195077980435,1347340,True,0.0007243268733142643
r,adjusted,366,0.0004470807822313763,0.00041398580731561905,1345911,True,0.0007243283035046618
r,adjusted,367,0.003967429615164244,0.0036731186594061126,1344482,True,0.0007243284476412804
r,adjusted,368,0.0027467092084076357,0.002541250683643182,1343053,True,0.0007243397982026369
r,adjusted,369,0.0007333743036513369,0.0006784943468534681,1341624,True,0.0007243452384570801
r,adjusted,370,0.00041557213825854053,0.0003843199761051876,1340196,True,0.0007243456262889336
r,adjusted,371,0.0007449868751857959,0.0006886908181553403,1338768,True,0.0007243457508220311
r,adjusted,372,-0.0009574418933310848,-0.0008844677109559691,1337341,True,0.0007243461510330397
r,adjusted,373,-0.002967762453653821,-0.0027399093191508347,1335914,True,0.0007243468120556605
r,adjusted,374,-0.0026567184026220817,-0.0024508330036594637,1334487,True,0.0007243531631364783
r,adjusted,375,0.003100661814725508,0.0028591365879409116,1333060,True,0.0007243582526583547
r,adjusted,376,-0.0013014143139627923,-0.0011995043834910099,1331633,True,0.0007243651851784177
r,adjusted,377,-0.0008151400861203745,-0.0007510309530085655,1330206,True,0.0007243664064466133
r,adjusted,378,7.78012545324546e-05,7.163227647074533e-05,1328780,True,0.0007243668855661513
r,adjusted,379,-0.0017740361417582485,-0.0016329333370453541,1327356,True,0.0007243668899308316
r,adjusted,380,-0.0030234878732945105,-0.0027824419665910677,1325933,True,0.000724369159291269
r,adjusted,381,0.00222088682872416,0.0020427326381093373,1324510,True,0.0007243757509142412
r,adjusted,382,0.001912964624340014,0.0017587016634546097,1323087,True,0.0007243793074379756
r,adjusted,383,-0.00023102962440044937,-0.0002123076517959679,1321664,True,0.0007243819461067334
r,adjusted,384,0.0031562873329248823,0.002899047340499337,1320241,True,0.0007243819845929783
r,adjusted,385,0.0030987250970470805,0.002845225266129009,1318819,True,0.0007243891678448487
r,adjusted,386,-0.0007518833688450722,-0.0006899903571058946,1317399,True,0.0007243960914118645
r,adjusted,387,-0.001683949141732161,-0.0015444346438659605,1315979,True,0.0007243964990385061
r,adjusted,388,0.0022615211698590537,0.0020732255013510194,1314559,True,0.0007243985436877214
r,adjusted,389,0.003821260545619773,0.003501724725557344,1313140,True,0.0007244022314291733
r,adjusted,390,0.0029280734608552444,0.0026817099038115395,1311722,True,0.0007244127599700861
r,adjusted,391,-0.002378760983626511,-0.002178015645757143,1310304,True,0.0007244189417539435
r,adjusted,392,0.0006480923642269053,0.0005932697705731471,1308886,True,0.0007244230216435936
r,adjusted,393,0.001186725184078809,0.0010855403102167532,1307468,True,0.0007244233244878205
r,adjusted,394,-0.003544025583043977,-0.003238420712020271,1306050,True,0.0007244243399071172
r,adjusted,395,-0.0005647444082726191,-0.0005158015281808703,1304632,True,0.0007244333958937383
r,adjusted,396,0.002056644726921689,0.0018776653409618511,1303214,True,0.0007244336258489047
r,adjusted,397,0.002814654813605649,0.0025678835283551244,1301796,True,0.000724436675547095
r,adjusted,398,0.001004792026307444,0.0009165050933618536,1300378,True,0.0007244423875177158
r,adjusted,399,0.0006057390691163818,0.0005524507714196925,1298960,True,0.0007244431154418401
r,adjusted,400,0.0020634750735675257,0.001880839228249177,1297542,True,0.0007244433799899278
r,adjusted,401,0.0025936597424256217,0.0023621091877367053,1296124,True,0.0007244464499371534
r,adjusted,402,-0.002965433045673372,-0.002700748829486551,1294706,True,0.000724451300097359
r,adjusted,403,0.0022879263553917876,0.0020824108974751266,1293288,True,0.0007244576402975838
r,adjusted,404,-0.0012294446314812574,-0.001118705650265353,1291870,True,0.0007244614143487007
r,adjusted,405,0.0031461947619684776,0.0028624620915359412,1290453,True,0.0007244625041320994
r,adjusted,406,-0.0010384236727542435,-0.0009441986067907829,1289036,True,0.0007244696407259202
r,adjusted,407,-0.002614536915323762,-0.0023762730025516897,1287619,True,0.000724470418165345
r,adjusted,408,-0.0015868422584076312,-0.0014411341325742315,1286203,True,0.0007244753465573704
r,adjusted,409,-0.001670849796391317,-0.0015165144775977364,1284787,True,0.0007244771619943746
r,adjusted,410,-5.587622272731392e-05,-5.06875680938356e-05,1283371,True,0.0007244791747328162
r,adjusted,411,-0.002851876163297769,-0.002584706918935527,1281955,True,0.0007244791769837669
r,adjusted,412,-0.0001957642666387586,-0.00017734561571040804,1280541,True,0.0007244850406802949
r,adjusted,413,-0.0027939862852421663,-0.0025297762353012564,1279127,True,0.0007244850683099357
r,adjusted,414,-0.0019391199585456992,-0.0017541906245490371,1277713,True,0.0007244906963248292
r,adjusted,415,0.0014993443473750915,0.001355434604059611,1276299,True,0.0007244934072251661
r,adjusted,416,-0.0003093819371367799,-0.00027959035246089237,1274885,True,0.000724495027936517
r,adjusted,417,0.00024487457796100405,0.000221182662667574,1273471,True,0.0007244950969433828
r,adjusted,418,0.0006429515191451496,0.0005801593072218669,1272057,True,0.0007244951401738333
r,adjusted,419,0.0017770363405964515,0.0016017127905306116,1270643,True,0.000724495438202961
r,adjusted,420,0.0005170676303089678,0.0004658879482989712,1269230,True,0.0007244977148416133
r,adjusted,421,4.204295447985336e-06,3.7852052942736e-06,1267817,True,0.0007244979075920841
r,adjusted,422,-0.0005925251124527618,-0.000533173052908499,1266404,True,0.0007244979076048275
r,adjusted,423,0.002410562643802453,0.0021677992859874553,1264991,True,0.0007244981607176435
r,adjusted,424,0.0013258148277224956,0.0011917799180520665,1263578,True,0.0007245023499661673
r,adjusted,425,0.0026974057546671026,0.002423679174511495,1262165,True,0.0007245036172193461
r,adjusted,426,0.00057806407276718,0.0005190509826066044,1260752,True,0.000724508862735794
r,adjusted,427,-0.0022369524135918933,-0.002007455685371996,1259339,True,0.0007245091036409006
r,adjusted,428,0.002326998937661639,0.00208608350013204,1257926,True,0.0007245127111412924
r,adjusted,429,-0.00031999721530121564,-0.0002867190377518944,1256514,True,0.0007245166149004384
r,adjusted,430,0.0009557215173566528,0.0008554847299565906,1255103,True,0.0007245166887217658
r,adjusted,431,-0.0028437928847613375,-0.0025444060595121937,1253692,True,0.0007245173472159764
r,adjusted,432,0.000792873654211244,0.0007090083284003577,1252282,True,0.0007245231774127781
r,adjusted,433,-0.0004727437242059906,-0.00042258561056694873,1250872,True,0.0007245236306164081
r,adjusted,434,0.002986815438215119,0.0026689449019739833,1249462,True,0.000724523791731701
r,adjusted,435,-0.0013170179390062124,-0.0011762380395667917,1248052,True,0.0007245302230502347
r,adjusted,436,0.0014666559778826846,0.001309196998122577,1246642,True,0.000724531473494456
r,adjusted,437,-0.0013229153968030418,-0.00118052993700186,1245232,True,0.0007245330242259845
r,adjusted,438,-2.1068077996855125e-05,-1.879110655161517e-05,1243822,True,0.000724534285889088
r,adjusted,439,-0.0018308771462797737,-0.0016315776540681273,1242412,True,0.0007245342862090724
r,adjusted,440,0.0008558581930291352,0.0007623448711851413,1241002,True,0.0007245367027634116
r,adjusted,441,0.0006651188327268832,0.0005921070471616988,1239592,True,0.0007245372308205287
r,adjusted,442,0.002165494587075359,0.001926961298406066,1238182,True,0.0007245375497359436
r,adjusted,443,9.559010815023249e-05,8.500677276499317e-05,1236772,True,0.0007245409303073811
r,adjusted,444,-0.0015736516041962862,-0.0013984780663453605,1235362,True,0.0007245409368945804
r,adjusted,445,0.0005647261817079245,0.0005015166575243979,1233952,True,0.0007245427221137363
r,adjusted,446,-0.0019342468238988842,-0.0017169116842980464,1232542,True,0.0007245429520193642
r,adjusted,447,-0.0003089379655051628,-0.0002740682123689745,1231132,True,0.0007245456491169748
r,adjusted,448,0.001916382875705923,0.0016992620090444427,1229722,True,0.0007245457179211218
r,adjusted,449,0.0004499526095454915,0.0003987452570579962,1228312,True,0.0007245483654200891
r,adjusted,450,-0.001474229132354064,-0.001305955840125981,1226902,True,0.0007245485113700385
r,adjusted,451,0.0014996436110380834,0.0013277563187596411,1225492,True,0.0007245500781206185
r,adjusted,452,-0.0027010866107032754,-0.00239018784724779,1224082,True,0.0007245516993521947
r,adjusted,453,0.0012046734832901504,0.0010657676263030947,1222672,True,0.0007245569588452819
r,adjusted,454,0.0013292923973733269,0.0011754812222988396,1221262,True,0.0007245580050186988
r,adjusted,455,0.0001320175772510542,0.00011671171093431444,1219852,True,0.0007245592788306674
r,adjusted,456,0.0013247590797974434,0.0011706393196365488,1218442,True,0.0007245592913946525
r,adjusted,457,0.0029900895037090008,0.002641015091586967,1217032,True,0.0007245605565309746
r,adjusted,458,-0.004165085006857753,-0.003676173238597924,1215623,True,0.0007245670016298014
r,adjusted,459,0.0032914419594424907,0.002903679594656626,1214214,True,0.0007245795071932449
r,adjusted,460,-0.00012741919131950834,-0.00011233473785617785,1212805,True,0.0007245873166682475
r,adjusted,461,0.0013559983667365426,0.0011947248824667961,1211397,True,0.0007245873283717751
r,adjusted,462,0.001475671987388506,0.0012997723954230112,1209989,True,0.0007245886538268884
r,adjusted,463,0.0006911495578878629,0.00060857262674001,1208581,True,0.0007245902235588123
r,adjusted,464,-0.00042976808160658994,-0.00037828431196847053,1207173,True,0.000724590567900275
r,adjusted,465,-0.0025296238480895755,-0.0022262094975177764,1205765,True,0.0007245907010417681
r,adjusted,466,-0.0018634921789158691,-0.0016379629220463856,1204357,True,0.0007245953137456907
r,adjusted,467,-0.00042712376885381586,-0.0003752319450078959,1202949,True,0.0007245978169523277
r,adjusted,468,-0.0036668483465010916,-0.003218974654366905,1201541,True,0.0007245979484591378
r,adjusted,469,-8.847757154123033e-05,-7.7606180713864e-05,1200133,True,0.0007246076406892583
r,adjusted,470,-0.001914618819668787,-0.001678922424741285,1198725,True,0.0007246076463321445
r,adjusted,471,1.5724376474410417e-05,1.3781168786097726e-05,1197317,True,0.0007246102887333972
r,adjusted,472,0.0030026094385520704,0.002629123236363691,1195909,True,0.0007246102889116269
r,adjusted,473,-0.0005505669054392695,-0.0004817748971082315,1194501,True,0.0007246167876502631
r,adjusted,474,-0.0018542849754551397,-0.0016220149687350058,1193093,True,0.0007246170061493227
r,adjusted,475,0.002193831206795635,0.001918381116910917,1191685,True,0.0007246194846070603
r,adjusted,476,0.0012048543333155921,0.0010530189657113553,1190277,True,0.0007246229538378848
r,adjusted,477,0.0005883547425002893,0.0005140410003781342,1188870,True,0.0007246240002301273
r,adjusted,478,0.0003204537914806781,0.0002799784627975444,1187463,True,0.0007246242497490876
r,adjusted,479,-0.0026272366376943615,-0.0022949537801493242,1186056,True,0.0007246243237702272
r,adjusted,480,0.0009531430914522755,0.0008325015561734215,1184649,True,0.0007246292990992776
r,adjusted,481,-0.0014983242804114088,-0.00130832617165421,1183242,True,0.0007246299539434191
r,adjusted,482,0.0008476302465533071,0.0007399827101482187,1181835,True,0.0007246315721452617
r,adjusted,483,0.001023147227917081,0.0008931688605347086,1180429,True,0.0007246320900302322
r,adjusted,484,0.00046457317300349394,0.0004056341484967031,1179023,True,0.0007246328445946106
r,adjusted,485,-0.0019065111699439388,-0.001664188593953559,1177617,True,0.0007246330001653865
r,adjusted,486,0.0005410210073134203,0.0004722313934983854,1176212,True,0.0007246356201433525
r,adjusted,487,-0.001622105012328361,-0.001415545554550678,1174807,True,0.0007246358311258067
r,adjusted,488,0.0001556731041316117,0.00013580806914731953,1173402,True,0.0007246377277242222
r,adjusted,489,0.0013498827892248094,0.001177520974349741,1171997,True,0.000724637745192257
r,adjusted,490,0.0028418034720143373,0.0024783853594485964,1170592,True,0.0007246390586272988
r,adjusted,491,-0.0007395658485300423,-0.0006450875966038935,1169187,True,0.000724644879691934
r,adjusted,492,0.002124603408036078,0.0018527970925150338,1167782,True,0.0007246452739369161
r,adjusted,493,-0.0033541336964797415,-0.0029247102592075015,1166377,True,0.0007246485275591896
r,adjusted,494,-0.0008375863392835751,-0.0007302298062339365,1164973,True,0.000724656636585684
r,adjusted,495,0.001901381220778,0.00165758265565655,1163569,True,0.0007246571422526342
r,adjusted,496,0.0023634667495968198,0.002059158872498959,1162166,True,0.000724659748063356
r,adjusted,497,-1.6352329922236278e-06,-1.4244698099783537e-06,1160763,True,0.000724663774320167
r,adjusted,498,-0.0005462637787036759,-0.00047581824774814527,1159360,True,0.0007246637743220942
r,adjusted,499,0.0037858960403543665,0.003297370942677255,1157957,True,0.0007246639894050604
r,adjusted,500,-0.0019304605261873612,-0.0016809354270441207,1156554,True,0.0007246743202398461
r,adjusted,501,0.0006659106480014378,0.0005797784438544496,1155151,True,0.0007246770063016343
r,adjusted,502,0.0028270751208896105,0.0024607324654470656,1153748,True,0.0007246773259151714
r,adjusted,503,-0.0025357165134562622,-0.0022064657717110396,1152345,True,0.0007246830864939764
r,adjusted,504,-0.0019098333150175846,-0.0016615704369440435,1150942,True,0.000724687720853345
r,adjusted,505,-0.0012256865170067479,-0.0010664003879713728,1149539,True,0.0007246903497714865
r,adjusted,506,-0.0017400629338911423,-0.0015139284933595799,1148136,True,0.0007246914325604958
r,adjusted,507,0.0010944863808521634,0.000952225496684241,1146733,True,0.000724693614857995
r,adjusted,508,0.003130823872276628,0.002724371093431845,1145331,True,0.0007246944782417126
r,adjusted,509,0.0007172785313192365,0.000624226100207643,1143929,True,0.0007247015430117219
r,adjusted,510,0.0019678649282790753,0.001721548622603958,1142527,True,0.0007247019138240731
r,adjusted,511,0.0008664055491872537,0.0007587195679298583,1141126,True,0.0007247047048775064
r,adjusted,512,0.00036351639953434683,0.0003184113564078981,1139725,True,0.0007247052459046214
r,adjusted,513,-0.00047719568758423936,-0.0004178385497285824,1138324,True,0.0007247053411457223
r,adjusted,514,-0.001137411107401894,-0.0009957934678396566,1136923,True,0.0007247055052686794
r,adjusted,515,-0.0030661533715178584,-0.00268355187505931,1135522,True,0.0007247064376872493
r,adjusted,516,0.0008812778036712921,0.000771105401116958,1134122,True,0.000724713213500443
r,adjusted,517,-0.0018341263912601668,-0.0016043752775253964,1132722,True,0.0007247137732543586
r,adjusted,518,0.0004293251224556464,0.0003753822425815504,1131322,True,0.0007247161977929564
r,adjusted,519,2.3669999228069756e-05,2.0693700036277176e-05,1129922,True,0.0007247163306371024
r,adjusted,520,0.0013914617485746887,0.0012161489579350774,1128522,True,0.0007247163310409023
r,adjusted,521,0.0013301135414264037,0.0011623232677064105,1127122,True,0.0007247177264832614
r,adjusted,522,0.002336848801053136,0.0020419332109911765,1125722,True,0.0007247190015883752
r,adjusted,523,0.003963878758282641,0.0034635125202164734,1124322,True,0.0007247229373448948
r,adjusted,524,2.4886155032151666e-05,2.173842467531377e-05,1122922,True,0.000724734261430635
r,adjusted,525,0.003665766112627536,0.00320156174635349,1121522,True,0.0007247342618769842
r,adjusted,526,0.0030104190407856165,0.0026277030708549,1120122,True,0.0007247439465649696
r,adjusted,527,-0.0027126711105877567,-0.002367163057727242,1118722,True,0.0007247504779483218
r,adjusted,528,-0.004615802776629703,-0.004027315047359775,1117322,True,0.0007247557811972051
r,adjusted,529,0.0014697362289796628,0.0012820980659205153,1115922,True,0.0007247711357093921
r,adjusted,530,0.0016266249167867963,0.0014188620433750222,1114522,True,0.0007247726924464645
r,adjusted,531,-0.0017601959710750834,-0.0015351131974683649,1113122,True,0.0007247745992689826
r,adjusted,532,0.00333815100104817,0.0029113940557908015,1111722,True,0.0007247768321019497
r,adjusted,533,0.0012401093774119445,0.0010816057364443903,1110322,True,0.0007247848626109239
r,adjusted,534,-0.0026363786025461284,-0.002298577742750442,1108922,True,0.0007247859708880266
r,adjusted,535,0.0026509084110782565,0.002310851417704172,1107522,True,0.0007247909797850266
r,adjusted,536,0.0005214482556238994,0.00045446275491300503,1106122,True,0.0007247960440097977
r,adjusted,537,0.0030228241407913295,0.0026341808997906867,1104722,True,0.0007247962399594011
r,adjusted,538,0.002944838141793506,0.0025657066157690096,1103322,True,0.0007248028248063232
r,adjusted,539,0.00287988485124754,0.0025087724627092696,1101922,True,0.0007248090742151065
r,adjusted,540,-0.0011063785673211812,-0.0009634883227601107,1100522,True,0.0007248150509316391
r,adjusted,541,-0.0023347774800218718,-0.002033363719537769,1099122,True,0.0007248159330317261
r,adjusted,542,7.922212403792152e-05,6.894656446671991e-05,1097723,True,0.0007248198612888523
r,adjusted,543,-0.0010600660052475608,-0.0009225337312165564,1096324,True,0.0007248198658115827
r,adjusted,544,-0.0010287517856524876,-0.0008948982872348853,1094925,True,0.0007248206756032594
r,adjusted,545,-0.0033380965206960466,-0.002903943393868358,1093526,True,0.000724821438258443
r,adjusted,546,-0.0017705150389355903,-0.0015403998738752994,1092127,True,0.0007248294680111137
r,adjusted,547,-0.0015631652768803028,-0.0013599310374165648,1090728,True,0.0007248317269295298
r,adjusted,548,0.002182253784260103,0.0018982442369999816,1089329,True,0.0007248334877290064
r,adjusted,549,-0.0013178444196886565,-0.001146203081877527,1087930,True,0.0007248369194269678
r,adjusted,550,0.003024910072750515,0.0026308363028101737,1086531,True,0.0007248381709113291
r,adjusted,551,0.003122955664210052,0.0027142697179419677,1085132,True,0.0007248447644677855
r,adjusted,552,0.0007181588246942561,0.0006241538170752254,1083733,True,0.0007248517923156204
r,adjusted,553,0.0038609020697471055,0.0033554325442867673,1082334,True,0.0007248521639616508
r,adjusted,554,0.0005747036523915241,0.00049943460220711,1080935,True,0.0007248629054073794
r,adjusted,555,-0.0004216168594612693,-0.00036633188963293943,1079537,True,0.0007248631434034526
r,adjusted,556,-0.0003206293901569668,-0.0002785036612126551,1078139,True,0.0007248632714941841
r,adjusted,557,-0.004559685145948873,-0.003959578368864578,1076741,True,0.0007248633455720334
r,adjusted,558,-0.0018080208164352888,-0.0015699497091652512,1075343,True,0.0007248783267825503
r,adjusted,559,-0.0006953878057490748,-0.0006038458844457893,1073945,True,0.0007248806822594868
r,adjusted,560,0.0015414923797710393,0.0013379153644200573,1072547,True,0.0007248810306973443
r,adjusted,561,-0.0008090751656881573,-0.0007022763116215575,1071149,True,0.000724882742892802
r,adjusted,562,-0.00396961163670746,-0.0034455405080114384,1069751,True,0.0007248832145730212
r,adjusted,563,0.0005950790822989249,0.0005165468591154465,1068354,True,0.0007248945689267378
r,adjusted,564,-0.001877635085270754,-0.0016294481204673196,1066957,True,0.0007248948240865483
r,adjusted,565,0.002940277609445543,0.0025512525065346414,1065560,True,0.0007248973643832711
r,adjusted,566,-0.0024003450887301924,-0.0020825658815521986,1064163,True,0.0007249035936382894
r,adjusted,567,-0.002953128276498935,-0.002561358616689496,1062766,True,0.0007249077451254004
r,adjusted,568,-0.002695709443784725,-0.0023382614227122306,1061369,True,0.0007249140288598851
r,adjusted,569,-0.0013350741010553291,-0.0011579917104876853,1059972,True,0.0007249192648149562
r,adjusted,570,0.0006970530487259391,0.0006045723219459507,1058575,True,0.0007249205490914694
r,adjusted,571,0.0017410453800116327,0.0015101418020413559,1057178,True,0.0007249208991808768
r,adjusted,572,0.0008991392533884473,0.000780152706224402,1055781,True,0.0007249230832517717
r,adjusted,573,-0.0020896263383345685,-0.001813135797063432,1054384,True,0.0007249236657567434
r,adjusted,574,0.0016512161955473377,0.001432839972730673,1052987,True,0.0007249268119244642
r,adjusted,575,0.002020148180185191,0.0017531625814619339,1051590,True,0.0007249287764195743
r,adjusted,576,0.0011288313461728895,0.0009795871628093665,1050193,True,0.0007249317168306965
r,adjusted,577,-0.0003454152699030786,-0.00029968190949997164,1048796,True,0.0007249326349488387
r,adjusted,578,-0.0001942682338491844,-0.0001685796832131496,1047399,True,0.0007249327209141446
r,adjusted,579,-0.0029134311469461074,-0.0025278102744238414,1046002,True,0.000724932748106304
r,adjusted,580,0.0017156893903727002,0.0014885455009463365,1044605,True,0.0007249388638290816
r,adjusted,581,-0.0007591647213298673,-0.000658631970962542,1043208,True,0.000724940984694629
r,adjusted,582,0.0019254189890904488,0.0016704373664094825,1041811,True,0.0007249413999421825
r,adjusted,583,-0.0007462657971199257,-0.0006474625918008564,1040414,True,0.0007249440710082061
r,adjusted,584,0.0007636030819992923,0.0006624479627474344,1039017,True,0.0007249444722630393
r,adjusted,585,-0.002964770332180387,-0.0025719631883814415,1037621,True,0.0007249448923781482
r,adjusted,586,-8.597620259346767e-05,-7.456684979309486e-05,1036225,True,0.0007249512254300154
r,adjusted,587,-0.0003741534847085644,-0.00032446108711947007,1034829,True,0.000724951230755824
r,adjusted,588,0.0029342328504287627,0.002544292672124261,1033433,True,0.00072495133161806
r,adjusted,589,-0.0029601999722138005,-0.002567168400934759,1032037,True,0.0007249575348249202
r,adjusted,590,0.0011078799580866718,0.0009607814808457449,1030641,True,0.000724963848256312
r,adjusted,591,0.0018750251786806109,0.0016261085640858716,1029245,True,0.0007249647325705567
r,adjusted,592,0.0032235659556494383,0.002795655051020842,1027849,True,0.0007249672655659119
r,adjusted,593,0.00200148111980122,0.0017357673114050348,1026453,True,0.0007249747522637469
r,adjusted,594,9.784009099920051e-05,8.483276436779712e-05,1025057,True,0.0007249776384016126
r,adjusted,595,0.0021130370992957235,0.0018319711963400076,1023661,True,0.0007249776452984011
r,adjusted,596,-0.00029069936783960925,-0.00025204090217268826,1022266,True,0.0007249808621163961
r,adjusted,597,-0.0008185783664457443,-0.000709649733550817,1020871,True,0.000724980922999872
r,adjusted,598,0.0029667117533924998,0.002572042864357342,1019476,True,0.0007249814057602585
r,adjusted,599,0.0035225178406667955,0.0030538868248675254,1018081,True,0.0007249877467895762
r,adjusted,600,0.0009176947212749827,0.0007959821583736832,1016686,True,0.0007249966862412871
abs_r,raw,1,0.42371454406001813,0.4232120963995627,1911434,True,0.0007227180676124741
abs_r,raw,2,0.40463892245316885,0.40405386012728794,1908553,True,0.0008425380247240599
abs_r,raw,3,0.3918673891264442,0.39079217906323294,1905799,True,0.0009385693723297308
abs_r,raw,4,0.3909966045738967,0.3897092814478941,1903157,True,0.0010204547366636592
abs_r,raw,5,0.38914085888472,0.3876436094515639,1900601,True,0.0010959156597770768
abs_r,raw,6,0.3841974906609037,0.38269651171007407,1898109,True,0.0011658567790850038
abs_r,raw,7,0.3780578247244277,0.37644756737671775,1895659,True,0.0012302111055738367
abs_r,raw,8,0.3738263545971514,0.37213285812762725,1893253,True,0.0012894680213873997
abs_r,raw,9,0.37343288623156873,0.3717372149811305,1890880,True,0.001344883854528204
abs_r,raw,10,0.3744348277556049,0.3726516006937232,1888548,True,0.0013979950777027153
abs_r,raw,11,0.36522721767752064,0.36345506535809247,1886238,True,0.0014494311518132462
abs_r,raw,12,0.3619522070685083,0.360163606706301,1883955,True,0.001496728609323622
abs_r,raw,13,0.35921835842831745,0.3575443832943525,1881700,True,0.0015417699432786441
abs_r,raw,14,0.35862337982637355,0.3571461171645624,1879471,True,0.0015848826449863973
abs_r,raw,15,0.36246524431076776,0.36139275213757227,1877263,True,0.0016267161004063857
abs_r,raw,16,0.3553634493410361,0.3547400562958535,1875074,True,0.001668367928282845
abs_r,raw,17,0.3522033473866313,0.3516512958117073,1872908,True,0.001707446151823141
abs_r,raw,18,0.350447223013683,0.35018497263939424,1870754,True,0.0017449806230546627
abs_r,raw,19,0.34726992520537453,0.3470796640893614,1868620,True,0.0017813627816575899
abs_r,raw,20,0.3492481011537035,0.3491950829838606,1866492,True,0.0018163792343843144
abs_r,raw,21,0.3478852350624722,0.3483446066935996,1864375,True,0.0018511221007739118
abs_r,raw,22,0.3429732900673828,0.3435394586304941,1862266,True,0.001884961545059445
abs_r,raw,23,0.339893678097156,0.3405684361034394,1860165,True,0.0019172798617069164
abs_r,raw,24,0.3416303637483025,0.34245918603579734,1858073,True,0.0019484987201152462
abs_r,raw,25,0.34168572697883304,0.3433183375702971,1855990,True,0.0019795375440789455
abs_r,raw,26,0.3385891598224795,0.34030906137009287,1853916,True,0.0020101069707842423
abs_r,raw,27,0.3380001890086782,0.33984643945755083,1851849,True,0.002039679048739631
abs_r,raw,28,0.33643713210261056,0.3383378309013665,1849790,True,0.0020687278527116316
abs_r,raw,29,0.33590317616421145,0.33793976799028896,1847740,True,0.002097111820971222
abs_r,raw,30,0.339222988721413,0.341662299762053,1846051,True,0.002125028476010597
abs_r,raw,31,0.3321014734582875,0.3346414042889268,1844372,True,0.002153126890817821
abs_r,raw,32,0.3297658675251541,0.33231473580169985,1842701,True,0.002179717989603489
abs_r,raw,33,0.32624386467715355,0.3290312591790008,1841036,True,0.0022056225306153836
abs_r,raw,34,0.3269493790285022,0.3298259630199046,1839377,True,0.002230685402959957
abs_r,raw,35,0.3279578930311034,0.3311363014801976,1837726,True,0.002255576510933472
abs_r,raw,36,0.3268490156178664,0.33004939766427566,1836086,True,0.002280347209384918
abs_r,raw,37,0.32333532923133035,0.32658497790480323,1834453,True,0.002304687154097541
abs_r,raw,38,0.32046696135008845,0.323739690466024,1832825,True,0.0023282602579681767
abs_r,raw,39,0.3179869150386219,0.32134241963433574,1831204,True,0.002351186865695778
abs_r,raw,40,0.32026889780201956,0.32387999438209725,1829590,True,0.0023735436468736823
abs_r,raw,41,0.3162582891735187,0.3198804906892023,1827982,True,0.002396009332269789
abs_r,raw,42,0.3130388164507697,0.31681104926165665,1826378,True,0.002417714865052549
abs_r,raw,43,0.314920123648285,0.31880923094069696,1824776,True,0.0024387933831406926
abs_r,raw,44,0.31434257308487784,0.31836433674451386,1823177,True,0.0024599421307353597
abs_r,raw,45,0.3144868340493212,0.3186416267949648,1821581,True,0.0024808340839071455
abs_r,raw,46,0.31178182215376105,0.3160100362491551,1819986,True,0.0025015705032073853
abs_r,raw,47,0.31057513269540155,0.31485932689296214,1818395,True,0.0025217855819257813
abs_r,raw,48,0.30648633296922106,0.310712460340025,1816806,True,0.0025416855710234587
abs_r,raw,49,0.30761710374750423,0.31188985991291646,1815218,True,0.002560916415330049
abs_r,raw,50,0.3103285851324635,0.3147076147222514,1813633,True,0.0025801445000832738
abs_r,raw,51,0.3060972191349586,0.3104111961717651,1812049,True,0.002599567030435562
abs_r,raw,52,0.3039201144471539,0.30830062139514314,1810465,True,0.002618325244135873
abs_r,raw,53,0.30312506106192505,0.3075649900656004,1808882,True,0.0026366869480439997
abs_r,raw,54,0.3043601878427566,0.3088488092516846,1807300,True,0.0026548267100626887
abs_r,raw,55,0.3051709507394823,0.3099747241497446,1805720,True,0.0026729899881388387
abs_r,raw,56,0.30121791676982734,0.3060004606838544,1804141,True,0.002691126593077306
abs_r,raw,57,0.3012179312943002,0.30611180558094453,1802562,True,0.002708679588886959
abs_r,raw,58,0.30249967602952527,0.30757832816987546,1800987,True,0.002726119568118477
abs_r,raw,59,0.3045595131547056,0.310282294214339,1799414,True,0.002743596005447106
abs_r,raw,60,0.31138334317230115,0.3175501527823626,1797843,True,0.002761198371881235
abs_r,raw,61,0.3085494727278401,0.31493354804835805,1796273,True,0.0027794791928934214
abs_r,raw,62,0.3021512499377622,0.3084884589568194,1794704,True,0.0027973125460675342
abs_r,raw,63,0.3004642182833968,0.30682524295191765,1793138,True,0.0028143078261765914
abs_r,raw,64,0.3000546041941292,0.30657032862284833,1791576,True,0.002831013525915918
abs_r,raw,65,0.3007118226700252,0.3075751529035565,1790014,True,0.0028475761034793307
abs_r,raw,66,0.2986142596402164,0.30572482762896563,1788452,True,0.00286411490824383
abs_r,raw,67,0.2940207364679307,0.3011648435314433,1786892,True,0.0028803307977297724
abs_r,raw,68,0.29382736913198354,0.3010166104110569,1785333,True,0.002895964949398329
abs_r,raw,69,0.2929864482293107,0.3003179138106111,1783774,True,0.002911494758150621
abs_r,raw,70,0.29884225724054025,0.3070136315555445,1782215,True,0.0029268541083744427
abs_r,raw,71,0.29338636648909294,0.30147515945469944,1780658,True,0.002942748471798098
abs_r,raw,72,0.2910779315320926,0.2992609723485211,1779102,True,0.0029579869477784947
abs_r,raw,73,0.29032241876725207,0.2986471059383057,1777548,True,0.0029729102859633516
abs_r,raw,74,0.29024046331678044,0.29876681257928295,1775996,True,0.002987682293779638
abs_r,raw,75,0.29085448063453373,0.29961129098743455,1774447,True,0.00300237334526063
abs_r,raw,76,0.288167520929836,0.2969429639283949,1772900,True,0.003017054631775433
abs_r,raw,77,0.2859723881945744,0.29475712047737973,1771357,True,0.0030313967627878264
abs_r,raw,78,0.28228655132064134,0.2911021644585921,1769815,True,0.0030454552103956565
abs_r,raw,79,0.28446312007347113,0.2934530394672648,1768274,True,0.0030590914548369367
abs_r,raw,80,0.28556618634750525,0.2947055152747773,1766734,True,0.003072876870170223
abs_r,raw,81,0.28158128932107857,0.2907063734756475,1765195,True,0.0030867071192473136
abs_r,raw,82,0.28076399764338994,0.29000999921512444,1763658,True,0.0031000949183325856
abs_r,raw,83,0.2821887563804264,0.2915955572051985,1762125,True,0.0031133480446886713
abs_r,raw,84,0.2821148056474832,0.29162569945005684,1760592,True,0.003126678984267282
abs_r,raw,85,0.2844534628617044,0.29417257879122444,1759059,True,0.00313994638494267
abs_r,raw,86,0.2793146040818829,0.2889415097828002,1757527,True,0.003153377441896736
abs_r,raw,87,0.27724381771605106,0.2869887872997432,1755995,True,0.0031662736491895427
abs_r,raw,88,0.2782630454453764,0.288209837104456,1754465,True,0.0031789281821084595
abs_r,raw,89,0.2800117538376106,0.29011783726200807,1752936,True,0.0031916251999063163
abs_r,raw,90,0.28476226789494047,0.2951974344765244,1751407,True,0.0032044310398508815
abs_r,raw,91,0.27906974135404183,0.28942568492148507,1749878,True,0.003217621466822387
abs_r,raw,92,0.2757491241850514,0.2860931662621196,1748351,True,0.0032302390937561576
abs_r,raw,93,0.2734703655397667,0.2838221315465015,1746824,True,0.0032425108656058436
abs_r,raw,94,0.2734265962524291,0.2838755653678217,1745298,True,0.0032545355142400405
abs_r,raw,95,0.2728846701418183,0.2834173951221491,1743772,True,0.0032665120706051637
abs_r,raw,96,0.2706362588612134,0.2811226076248593,1742246,True,0.00327839770681706
abs_r,raw,97,0.2697707378042967,0.2802852703818163,1740721,True,0.0032900464018003595
abs_r,raw,98,0.2682200166563266,0.27874340657455227,1739197,True,0.0033015800025679638
abs_r,raw,99,0.26812432149652016,0.27874661777019877,1737674,True,0.0033129419226351473
abs_r,raw,100,0.26928527744354863,0.28010191237077064,1736152,True,0.003324256944833836
abs_r,raw,101,0.26672303543396947,0.27749054090437053,1734630,True,0.0033356312820385045
abs_r,raw,102,0.2653571332791411,0.2761663789969022,1733110,True,0.003346752630454958
abs_r,raw,103,0.26440011061681623,0.2752698705568537,1731590,True,0.0033577240915120977
abs_r,raw,104,0.2643168778809688,0.27531283225683406,1730070,True,0.0033685812082910804
abs_r,raw,105,0.26734384781093234,0.27852087713244333,1728551,True,0.0033793966425746517
abs_r,raw,106,0.26469970004448073,0.27582282195087887,1727034,True,0.0033904255108291705
abs_r,raw,107,0.26151139015124686,0.27240681563807506,1725519,True,0.0034012025837598385
abs_r,raw,108,0.26121927652187765,0.272146571374978,1724004,True,0.003411688770202733
abs_r,raw,109,0.2617211144681317,0.2727589989378407,1722489,True,0.0034221195186778437
abs_r,raw,110,0.2646366951035925,0.2759523795685116,1720976,True,0.0034325585038726377
abs_r,raw,111,0.26128257476841976,0.2725418135441297,1719464,True,0.0034431986457536283
abs_r,raw,112,0.2574279201104404,0.26863444248045815,1717952,True,0.0034535392280167984
abs_r,raw,113,0.2594619095660815,0.270843799310549,1716440,True,0.0034635474262520523
abs_r,raw,114,0.25779231474209985,0.26919424680260096,1714928,True,0.003473684878044795
abs_r,raw,115,0.259944185082649,0.27150121619437845,1713416,True,0.003483663349304591
abs_r,raw,116,0.2571134594995901,0.2686730862987218,1711904,True,0.003493779882744995
abs_r,raw,117,0.2565695834115156,0.2681724711241893,1710393,True,0.003503649014553674
abs_r,raw,118,0.2575948808255943,0.2693716613936416,1708883,True,0.003513448891483031
abs_r,raw,119,0.2599652337857605,0.27198367352991604,1707373,True,0.003523299662937645
abs_r,raw,120,0.2634002447874019,0.2757571180793733,1705866,True,0.0035333043294635763
abs_r,raw,121,0.25650849064729936,0.2686182921832416,1704359,True,0.0035435457493684383
abs_r,raw,122,0.2519768672383893,0.2639240966289574,1702852,True,0.0035532309844766444
abs_r,raw,123,0.25269454787779994,0.2647486529427264,1701347,True,0.003562552069408091
abs_r,raw,124,0.2526544881563528,0.26471505818996804,1699842,True,0.003571901794234543
abs_r,raw,125,0.25374360408166297,0.26592382684630494,1698337,True,0.0035812241566496542
abs_r,raw,126,0.2515058755303908,0.2636863939072797,1696833,True,0.003590602545617343
abs_r,raw,127,0.2492480654074758,0.26139933140002986,1695329,True,0.0035997924573743807
abs_r,raw,128,0.24780521695121735,0.25997312728773947,1693825,True,0.0036087953323706338
abs_r,raw,129,0.24779678662935387,0.2601889983861669,1692321,True,0.0036176722594163757
abs_r,raw,130,0.24921259477999058,0.26182286783207404,1690818,True,0.0036265268560367317
abs_r,raw,131,0.24737234200358665,0.2600019981125457,1689315,True,0.0036354609862158014
abs_r,raw,132,0.2438953059206661,0.2564746325228337,1687814,True,0.003644242237936899
abs_r,raw,133,0.24518374262737777,0.2579858054042283,1686315,True,0.0036527581336623185
abs_r,raw,134,0.24543560567826697,0.25841515314963975,1684816,True,0.0036613441187982663
abs_r,raw,135,0.24719084956239717,0.2605227503462943,1683318,True,0.003669927603486114
abs_r,raw,136,0.2436417178488836,0.25686740377442296,1681823,True,0.0036786138360392004
abs_r,raw,137,0.2421154688725327,0.25536619294990665,1680328,True,0.003687032830888266
abs_r,raw,138,0.24222602629408854,0.25566457808714727,1678833,True,0.0036953278546584855
abs_r,raw,139,0.24194885190715437,0.25551654082458775,1677339,True,0.0037036118518065132
abs_r,raw,140,0.24461185949892209,0.2584883178790857,1675847,True,0.0037118584768669714
abs_r,raw,141,0.24203725352394034,0.255857025336912,1674355,True,0.00372026874230322
abs_r,raw,142,0.2424456066649693,0.25653899697468185,1672863,True,0.0037284845196955897
abs_r,raw,143,0.24077898823385788,0.2548955334791026,1671372,True,0.003736709887654734
abs_r,raw,144,0.23930502876321957,0.25360380442014585,1669881,True,0.003744804861569508
abs_r,raw,145,0.24521371399961578,0.2600525873906982,1668391,True,0.003752783887096054
abs_r,raw,146,0.24416801291173393,0.2590984941700065,1666902,True,0.0037611435801508295
abs_r,raw,147,0.24142250570350138,0.25634853301793453,1665413,True,0.003769413822458748
abs_r,raw,148,0.24035191800553582,0.25537402896187317,1663924,True,0.0037774816200290624
abs_r,raw,149,0.24403823621218,0.25946829207598016,1662435,True,0.0037854610560211317
abs_r,raw,150,0.2464756176064561,0.26225647445013894,1660946,True,0.00379366956320923
abs_r,raw,151,0.2449647733266418,0.26067718005096074,1659457,True,0.00380202459827709
abs_r,raw,152,0.24030971114043698,0.25580188072951265,1657968,True,0.003810259531875545
abs_r,raw,153,0.23909284828819924,0.25459079116001804,1656479,True,0.0038181676920146655
abs_r,raw,154,0.24015659930767544,0.2558056844400181,1654990,True,0.0038259798664035164
abs_r,raw,155,0.24248863547039154,0.25841650339049527,1653501,True,0.00383384557761421
abs_r,raw,156,0.23814079130392285,0.2538528266923114,1652012,True,0.003841848211674086
abs_r,raw,157,0.23690628947274067,0.25264009937051224,1650524,True,0.00384955068262279
abs_r,raw,158,0.23583821099130542,0.251615420865297,1649037,True,0.003857158359143311
abs_r,raw,159,0.2375785618559027,0.2535858380873038,1647551,True,0.0038646828184591385
abs_r,raw,160,0.23866996792154024,0.25482996253186363,1646065,True,0.003872303792328665
abs_r,raw,161,0.2359411112575091,0.2519873958850801,1644579,True,0.003879979770291423
abs_r,raw,162,0.23540646278272354,0.25154108907037565,1643093,True,0.0038874665800637176
abs_r,raw,163,0.23324707727612792,0.24933205366305267,1641607,True,0.0038949052040928044
abs_r,raw,164,0.23521262623651626,0.2515310601319917,1640121,True,0.0039021941910002884
abs_r,raw,165,0.2379608517352482,0.25457536696529676,1638635,True,0.003909592606192547
abs_r,raw,166,0.2350264733009698,0.2515353083848033,1637149,True,0.003917150447567851
abs_r,raw,167,0.2353602306102261,0.2519989312467341,1635663,True,0.0039245090172836715
abs_r,raw,168,0.23122982368945635,0.24767807861588007,1634177,True,0.00393187467098067
abs_r,raw,169,0.23403516705970284,0.25081830583332543,1632691,True,0.00393897100613103
abs_r,raw,170,0.23568430082520586,0.2526629650239965,1631206,True,0.003946227343056718
abs_r,raw,171,0.23332743166005976,0.25023501375799645,1629722,True,0.003953572702119142
abs_r,raw,172,0.2308451900669167,0.24773221042493432,1628238,True,0.003960758668661016
abs_r,raw,173,0.23295135434164127,0.25017674696792236,1626754,True,0.0039677799493268604
abs_r,raw,174,0.23212941327845013,0.2494740530881694,1625270,True,0.003974917189252218
abs_r,raw,175,0.23249164185086724,0.2500524693389412,1623786,True,0.003981991494466428
abs_r,raw,176,0.23258800554745201,0.2502828559596718,1622303,True,0.0039890752907103715
abs_r,raw,177,0.229654599320959,0.2472659366882549,1620820,True,0.003996152387666262
abs_r,raw,178,0.22958082611318498,0.2473595683429245,1619337,True,0.004003040051935474
abs_r,raw,179,0.23250476370924708,0.25083511165823996,1617854,True,0.004009911472540518
abs_r,raw,180,0.23560835144461872,0.2546957356795371,1616371,True,0.004016946826207118
abs_r,raw,181,0.23316060173877567,0.25213800319127383,1614888,True,0.004024158456134853
abs_r,raw,182,0.23020771701694437,0.24898824927780353,1613405,True,0.0040312085163213985
abs_r,raw,183,0.22868237070718517,0.24745082898013132,1611923,True,0.0040380692870790585
abs_r,raw,184,0.22729994241306792,0.24604703128886937,1610441,True,0.004044828033140014
abs_r,raw,185,0.2299672811178073,0.2490489883963555,1608959,True,0.004051494238435846
abs_r,raw,186,0.22853021459907538,0.24756865692133603,1607478,True,0.004058306475277867
abs_r,raw,187,0.22627504390173728,0.24516825583419838,1605997,True,0.004065022635154908
abs_r,raw,188,0.2265692788339154,0.2456632092559141,1604517,True,0.004071596142714592
abs_r,raw,189,0.22764845926126717,0.24695129704381505,1603037,True,0.0040781761199534415
abs_r,raw,190,0.2286157846286657,0.24816177847041682,1601557,True,0.004084808177550491
abs_r,raw,191,0.22745974341306693,0.24694920682188765,1600078,True,0.004091485828981551
abs_r,raw,192,0.22604540711890542,0.24560017199685427,1598599,True,0.004098085400580735
abs_r,raw,193,0.22563408472017876,0.2451741335521575,1597122,True,0.0041045927409505386
abs_r,raw,194,0.2253276756170815,0.24509897122104057,1595645,True,0.00411106617652627
abs_r,raw,195,0.2278161974884636,0.24781389088151373,1594169,True,0.004117511906359812
abs_r,raw,196,0.22496113988855027,0.24472974920037255,1592693,True,0.004124090383409706
abs_r,raw,197,0.2242465351167512,0.2439755426918144,1591217,True,0.004130494917884617
abs_r,raw,198,0.2243686856171285,0.2442000018800487,1589742,True,0.004136849006943942
abs_r,raw,199,0.22597245468692262,0.2460552969405258,1588267,True,0.0041432002595543855
abs_r,raw,200,0.2277609840726266,0.24806612688009114,1586792,True,0.004149632701992744
abs_r,raw,201,0.22540560599530998,0.24558246821892607,1585319,True,0.004156157176533248
abs_r,raw,202,0.22248776154567673,0.2425231883183662,1583846,True,0.004162537490667865
abs_r,raw,203,0.22159366448860446,0.24164765242038802,1582373,True,0.004168744297779336
abs_r,raw,204,0.22404100820372322,0.24447854060559998,1580900,True,0.004174892202430052
abs_r,raw,205,0.22439553440065121,0.2449695622529991,1579428,True,0.004181167312266574
abs_r,raw,206,0.22581466469803688,0.2465520176367325,1577956,True,0.0041874528492091044
abs_r,raw,207,0.22345244856527097,0.24404686745247534,1576484,True,0.0041938085393908135
abs_r,raw,208,0.22445761511801013,0.24528275450994705,1575012,True,0.004200022633494294
abs_r,raw,209,0.2247478443258054,0.2457724958285345,1573540,True,0.004206283454803104
abs_r,raw,210,0.22817276951270163,0.24972147328444577,1572068,True,0.00421255113620924
abs_r,raw,211,0.22635100652573653,0.24780713220624384,1570596,True,0.004219001554658257
abs_r,raw,212,0.22396452716459392,0.24547055641613877,1569124,True,0.004225339768688023
abs_r,raw,213,0.2232819747798312,0.2447840893767073,1567652,True,0.004231535839213089
abs_r,raw,214,0.22198541050286044,0.2434781288865436,1566180,True,0.00423768522415163
abs_r,raw,215,0.22295318135040776,0.24471526174442873,1564709,True,0.004243754642833082
abs_r,raw,216,0.22182674905361982,0.24352375048527433,1563238,True,0.004249868315591835
abs_r,raw,217,0.2211833811223299,0.2429210373595457,1561768,True,0.004255911717834668
abs_r,raw,218,0.2219601817007974,0.24385383001647884,1560298,True,0.004261911620106066
abs_r,raw,219,0.22078586687751175,0.24272625751101334,1558828,True,0.004267945216019627
abs_r,raw,220,0.2235278400397334,0.2458732789649419,1557358,True,0.004273906754038008
abs_r,raw,221,0.2188105613885876,0.24120173103627685,1555888,True,0.004280008668438376
abs_r,raw,222,0.21837939597373374,0.24085203075274791,1554418,True,0.004285847602857817
abs_r,raw,223,0.2205636744229067,0.2433359220852179,1552948,True,0.0042916556515550435
abs_r,raw,224,0.21863861725082803,0.24131714720570904,1551479,True,0.004297572380353439
abs_r,raw,225,0.22213655936738733,0.24529752323009169,1550010,True,0.00430337835458132
abs_r,raw,226,0.2182176610404279,0.2410219674011817,1548542,True,0.0043093633865794
abs_r,raw,227,0.2189218703161456,0.24181704984789743,1547074,True,0.0043151312365714714
abs_r,raw,228,0.21896572714295068,0.24195554057392818,1545606,True,0.004320928599332791
abs_r,raw,229,0.21831337541798027,0.2413285686640302,1544139,True,0.004326720512573742
abs_r,raw,230,0.22122823963465912,0.2446578868715334,1542672,True,0.0043324702921942486
abs_r,raw,231,0.21700845936159752,0.2400451347685786,1541205,True,0.004338366705598261
abs_r,raw,232,0.2179148323237149,0.2411243266308903,1539738,True,0.004344032768394492
abs_r,raw,233,0.21820911482295471,0.24153503605937404,1538271,True,0.0043497387869337505
abs_r,raw,234,0.21927258583726225,0.24281495910239143,1536804,True,0.0043554527215311205
abs_r,raw,235,0.21940337262875026,0.2430740928959786,1535337,True,0.004361214890780492
abs_r,raw,236,0.21813500354802243,0.24176337299300885,1533870,True,0.0043669763191425915
abs_r,raw,237,0.21956994551009898,0.24350324473062426,1532404,True,0.004372663866021507
abs_r,raw,238,0.21958586665270738,0.24376050091872165,1530939,True,0.004378418951970729
abs_r,raw,239,0.2205924529525485,0.2450177123982358,1529475,True,0.004384167316234802
abs_r,raw,240,0.22519699349549424,0.2504134565928605,1528012,True,0.004389960871374121
abs_r,raw,241,0.21970783446741446,0.24436665171196043,1526550,True,0.004395990689201249
abs_r,raw,242,0.21816237174280745,0.24274032424792358,1525089,True,0.004401722463871375
abs_r,raw,243,0.21668070617586352,0.24121207279873302,1523628,True,0.004407366587424349
abs_r,raw,244,0.21663798627762193,0.2412637253650702,1522168,True,0.004412927233471823
abs_r,raw,245,0.21988182798631184,0.24498486659272953,1520708,True,0.0044184786931886115
abs_r,raw,246,0.2175610001979376,0.2424960832311483,1519250,True,0.004424190363429081
abs_r,raw,247,0.21399783807924616,0.2385987622824565,1517792,True,0.004429774963741087
abs_r,raw,248,0.2147702696152542,0.23956798883573055,1516334,True,0.004435171442563641
abs_r,raw,249,0.2142790137596724,0.23913198493829094,1514876,True,0.004440600319767148
abs_r,raw,250,0.21561611893157548,0.24072727112135203,1513418,True,0.004445997806165617
abs_r,raw,251,0.21575906727185498,0.2409719970433149,1511960,True,0.004451456195595494
abs_r,raw,252,0.21621696855241335,0.24156967953833716,1510502,True,0.004456915126791074
abs_r,raw,253,0.21511142107522888,0.2404642833337698,1509045,True,0.00446239053270406
abs_r,raw,254,0.2153280374916032,0.24084360930949736,1507590,True,0.004467803480816744
abs_r,raw,255,0.21856688168262248,0.24464365752585787,1506135,True,0.004473220766158265
abs_r,raw,256,0.21606395859230873,0.24195890173721743,1504680,True,0.0044787953913710135
abs_r,raw,257,0.2157576152408615,0.2417355936270941,1503225,True,0.004484236376531048
abs_r,raw,258,0.21658263405318426,0.2427837172324315,1501770,True,0.0044896553778848314
abs_r,raw,259,0.21463691088063397,0.24073434011801514,1500315,True,0.004495109293016948
abs_r,raw,260,0.21452755094285572,0.24074840162884314,1498860,True,0.004500459222065428
abs_r,raw,261,0.213717191644709,0.23990399917484947,1497405,True,0.004505797358308795
abs_r,raw,262,0.2131476842721688,0.23933770938481533,1495950,True,0.004511088996485611
abs_r,raw,263,0.21447987120820475,0.24092697429842974,1494495,True,0.004516346319626428
abs_r,raw,264,0.21453007777672436,0.24108776861040213,1493040,True,0.00452166333724051
abs_r,raw,265,0.21761869420110436,0.2446652037994623,1491585,True,0.004526976595098645
abs_r,raw,266,0.21515867179345657,0.24193576695107163,1490130,True,0.004532437443387034
abs_r,raw,267,0.21439214957961455,0.24116559495730408,1488675,True,0.0045377691758432285
abs_r,raw,268,0.2148251884312344,0.24174404899511417,1487221,True,0.004543056795693811
abs_r,raw,269,0.21769890151039148,0.2451066091418026,1485767,True,0.004548359613092382
abs_r,raw,270,0.2202211911137522,0.24809044743612135,1484313,True,0.004553798824063451
abs_r,raw,271,0.21597472955924416,0.24337262390245937,1482860,True,0.004559358086626981
abs_r,raw,272,0.21548840341876427,0.24293999875574296,1481408,True,0.0045646986333751065
abs_r,raw,273,0.2111955224765197,0.23825501068956287,1479956,True,0.004570008956851263
abs_r,raw,274,0.21023049528207224,0.23726812697178512,1478504,True,0.004575104003428565
abs_r,raw,275,0.21553964658524438,0.24340224865639706,1477052,True,0.0045801470036923265
abs_r,raw,276,0.21157623998691763,0.23903246019213875,1475600,True,0.004585441952622963
abs_r,raw,277,0.211983492343896,0.23960586161792904,1474148,True,0.004590538184083698
abs_r,raw,278,0.20938567301618558,0.23678065390593192,1472696,True,0.00459564836933575
abs_r,raw,279,0.21118862806740207,0.23895327644308897,1471244,True,0.004600628602790636
abs_r,raw,280,0.21120105397343764,0.23913149059530295,1469792,True,0.00460568944624034
abs_r,raw,281,0.20953658276807735,0.23737512961227766,1468341,True,0.004610745329389773
abs_r,raw,282,0.20761044237488924,0.23532850131613442,1466890,True,0.004615716427649597
abs_r,raw,283,0.20743508038852232,0.2352594336175394,1465439,True,0.004620591351218149
abs_r,raw,284,0.21125484650162618,0.23975627103142044,1463989,True,0.004625452918036818
abs_r,raw,285,0.21126561622318818,0.2399266475487522,1462539,True,0.004630489785512195
abs_r,raw,286,0.20948882567953317,0.23802250026025842,1461089,True,0.004635521692761436
abs_r,raw,287,0.20616994612948208,0.23437344263155943,1459639,True,0.004640463996977719
abs_r,raw,288,0.20906922515110343,0.23780998999555308,1458189,True,0.004645245929261563
abs_r,raw,289,0.2071460015608629,0.23576706242480033,1456739,True,0.004650158171378207
abs_r,raw,290,0.21152266314892132,0.2409084689830147,1455289,True,0.004654975411745597
abs_r,raw,291,0.2070959755727907,0.23596119869387444,1453839,True,0.004659993060331075
abs_r,raw,292,0.20688285154866232,0.23592446638163775,1452389,True,0.004664797824071611
abs_r,raw,293,0.20498281696195728,0.23386810423641297,1450939,True,0.004669587775058531
abs_r,raw,294,0.20567640131090936,0.23478055231500186,1449489,True,0.004674285372529135
abs_r,raw,295,0.2082057368138672,0.23778887639019672,1448039,True,0.00467901004924966
abs_r,raw,296,0.20559500464084277,0.2349056739573763,1446589,True,0.004683846701066065
abs_r,raw,297,0.20781172867277414,0.23761516381643571,1445140,True,0.0046885580134659495
abs_r,raw,298,0.2087157090015428,0.23879895875490903,1443692,True,0.004693366584007909
abs_r,raw,299,0.2093181831937979,0.2396792257539164,1442244,True,0.004698212094000481
abs_r,raw,300,0.21432728567566964,0.24565068684186797,1440798,True,0.004703080582625905
abs_r,raw,301,0.20809678943938487,0.23858677600099365,1439352,True,0.004708179464769528
abs_r,raw,302,0.20754518503636235,0.2381253612203357,1437906,True,0.004712981155355996
abs_r,raw,303,0.20549207742723163,0.2359040380987856,1436460,True,0.004717752575517942
abs_r,raw,304,0.20637947612255034,0.23708016209925123,1435014,True,0.0047224253820868185
abs_r,raw,305,0.2080610688607804,0.23916470012006544,1433568,True,0.0047271339547256975
abs_r,raw,306,0.20602710224820667,0.23696074671077297,1432122,True,0.004731914770486802
abs_r,raw,307,0.20437097110397184,0.23521017528395197,1430676,True,0.0047365978848577265
abs_r,raw,308,0.2050575013847781,0.23607957096913582,1429230,True,0.004741201496981653
abs_r,raw,309,0.20484777733323012,0.23604676236565436,1427784,True,0.00474583157945939
abs_r,raw,310,0.207119203584991,0.23882752920413966,1426338,True,0.004750447696944241
abs_r,raw,311,0.20487668395300096,0.23640826868781775,1424892,True,0.0047551621202072255
abs_r,raw,312,0.20635122716317036,0.23825165615245922,1423447,True,0.004759770488453195
abs_r,raw,313,0.2047967982096196,0.2366205106452122,1422002,True,0.004764440875861494
abs_r,raw,314,0.20703835886716765,0.23938255065973177,1420557,True,0.004769036693586772
abs_r,raw,315,0.20660496393700195,0.239142990464565,1419112,True,0.004773729095332692
abs_r,raw,316,0.20546773668350496,0.23800270852501962,1417667,True,0.004778397293277115
abs_r,raw,317,0.20453350300907344,0.2370776514829331,1416223,True,0.004783009760426708
abs_r,raw,318,0.20579005041340703,0.23869670966654816,1414779,True,0.0047875759949545385
abs_r,raw,319,0.20746836492017062,0.24087305223479408,1413336,True,0.004792194075266553
abs_r,raw,320,0.2082603559405529,0.24199151877385464,1411895,True,0.004796883232206235
abs_r,raw,321,0.20460108154564713,0.23787468624471217,1410454,True,0.004801603626293452
abs_r,raw,322,0.20396747883230784,0.23735385705311499,1409013,True,0.00480615519996963
abs_r,raw,323,0.2039526295111521,0.23750216135850222,1407573,True,0.004810674360369488
abs_r,raw,324,0.20550326527897161,0.2395193904881478,1406133,True,0.004815188622378609
abs_r,raw,325,0.20714471127416595,0.24164260278675984,1404693,True,0.004819767463071802
abs_r,raw,326,0.2064650133670017,0.24100468377774634,1403253,True,0.00482441529149268
abs_r,raw,327,0.20569260154322955,0.24030824233277684,1401814,True,0.004829028238829076
abs_r,raw,328,0.20813586623841282,0.24339275127709317,1400375,True,0.00483360238231626
abs_r,raw,329,0.20699711346180522,0.24231743296215993,1398936,True,0.004838281355993428
abs_r,raw,330,0.21269208010000798,0.24928777478388842,1397497,True,0.004842904823674894
abs_r,raw,331,0.20804167329279302,0.2439893681252562,1396059,True,0.004847781410092967
abs_r,raw,332,0.20583942704519323,0.24163944773634816,1394621,True,0.00485244249202734
abs_r,raw,333,0.20388156974784827,0.2395716938645181,1393183,True,0.004857001082790099
abs_r,raw,334,0.2039388384012318,0.2398946100022154,1391746,True,0.004861469213253855
abs_r,raw,335,0.2053533696002993,0.24183337884492712,1390309,True,0.004865935747888466
abs_r,raw,336,0.2020849142799888,0.23819523197204695,1388873,True,0.004870460275640296
abs_r,raw,337,0.2023417218338422,0.23874394158473244,1387438,True,0.00487483791999484
abs_r,raw,338,0.2012076843333811,0.23764346164088732,1386003,True,0.004879222754933234
abs_r,raw,339,0.20290058634862232,0.24005019245829853,1384568,True,0.004883554706133032
abs_r,raw,340,0.2032474212167145,0.2407927374915329,1383133,True,0.004887955922457111
abs_r,raw,341,0.20001303118805205,0.23712920774885718,1381698,True,0.004892368218657581
abs_r,raw,342,0.19843717325318638,0.23544991859783956,1380263,True,0.004896637412010734
abs_r,raw,343,0.19902926121966386,0.23640830101250213,1378828,True,0.004900835966475279
abs_r,raw,344,0.20071539645925834,0.23866875143033298,1377394,True,0.004905055987142763
abs_r,raw,345,0.20356094808244765,0.24237573183749778,1375960,True,0.004909344092398944
abs_r,raw,346,0.19768586582699496,0.23579928439310996,1374526,True,0.004913750740926489
abs_r,raw,347,0.1985116510189274,0.23699033615526147,1373093,True,0.004917903076842228
abs_r,raw,348,0.1991207206511208,0.2379708813753652,1371660,True,0.00492208662890894
abs_r,raw,349,0.19978914429386108,0.23903653889142262,1370227,True,0.004926292306533518
abs_r,raw,350,0.20219604140204595,0.2422326182534472,1368794,True,0.00493052264376887
abs_r,raw,351,0.19791090463590597,0.2373855104529044,1367362,True,0.004934851762978793
abs_r,raw,352,0.1978650944926629,0.2375522856074547,1365930,True,0.004938995773511967
abs_r,raw,353,0.19761000959984504,0.2375437201702711,1364499,True,0.00494313439418848
abs_r,raw,354,0.1989730963340266,0.2395044562326004,1363069,True,0.00494725890205578
abs_r,raw,355,0.2001637448626254,0.24129569846340995,1361639,True,0.004951436999395845
abs_r,raw,356,0.19772910466642293,0.23856378204525375,1360209,True,0.004955661663327428
abs_r,raw,357,0.19660653098396627,0.2375262235917253,1358779,True,0.004959780712006031
abs_r,raw,358,0.19789256069212802,0.239421541873254,1357349,True,0.0049638497628479205
abs_r,raw,359,0.2004739293775156,0.24284567951020533,1355919,True,0.004967968821519474
abs_r,raw,360,0.20306123769185702,0.24638943897431465,1354489,True,0.004972192493600068
abs_r,raw,361,0.1988723814416638,0.2414588131753705,1353059,True,0.0049765221646591125
abs_r,raw,362,0.1960441031688612,0.2382229539365593,1351629,True,0.004980671512216372
abs_r,raw,363,0.19579384505920536,0.23817195924680382,1350199,True,0.004984700369439563
abs_r,raw,364,0.1963963152507082,0.23918057080105104,1348769,True,0.0049887157059960874
abs_r,raw,365,0.1983744747702503,0.2418476617222671,1347340,True,0.004992752532283773
abs_r,raw,366,0.19303591261009181,0.2356629199714197,1345911,True,0.004996867727290958
abs_r,raw,367,0.19523646940087927,0.2387316870938646,1344482,True,0.005000761288699536
abs_r,raw,368,0.19310396746699485,0.23639832816535963,1343053,True,0.005004740993098713
abs_r,raw,369,0.19406597845895224,0.23801788815221844,1341624,True,0.005008631174519212
abs_r,raw,370,0.1942701932810245,0.23889708111406666,1340196,True,0.005012557148423495
abs_r,raw,371,0.19290909352394733,0.2375085780959034,1338768,True,0.005016488307014481
abs_r,raw,372,0.1917726630247339,0.23636460219326108,1337341,True,0.00502036155935835
abs_r,raw,373,0.193708193686684,0.23912174663806238,1335914,True,0.005024186377776918
abs_r,raw,374,0.19452305513330856,0.24056643912199233,1334487,True,0.005028085793725202
abs_r,raw,375,0.19548599645559467,0.24261212677504115,1333060,True,0.005032015025526272
abs_r,raw,376,0.19283901165672218,0.23971041066393864,1331633,True,0.005035980143614828
abs_r,raw,377,0.19175904559689788,0.23878731764973693,1330206,True,0.005039835614217386
abs_r,raw,378,0.19231539250672364,0.23989433027202894,1328780,True,0.0050436451237590085
abs_r,raw,379,0.1946305755517804,0.24318150443541794,1327356,True,0.005047473870001045
abs_r,raw,380,0.1963104583240811,0.2458644377762312,1325933,True,0.0050513923472947815
abs_r,raw,381,0.18894054867016738,0.23711092938284245,1324510,True,0.00505537564161972
abs_r,raw,382,0.18958479568567688,0.23848325130867581,1323087,True,0.005059062669266467
abs_r,raw,383,0.18697363530254524,0.2356834068137687,1321664,True,0.005062772171038211
abs_r,raw,384,0.18760227127322693,0.23704884469622062,1320241,True,0.0050663775886142775
abs_r,raw,385,0.18913794099764292,0.23952048308783103,1318819,True,0.005070004701082892
abs_r,raw,386,0.18633654925804966,0.23651393372632515,1317399,True,0.005073688780775081
abs_r,raw,387,0.18498283639223953,0.23517882750284058,1315979,True,0.0050772619797088345
abs_r,raw,388,0.1860174956293541,0.2370653322362543,1314559,True,0.005080780990856979
abs_r,raw,389,0.18992737738440987,0.24265715681111938,1313140,True,0.005084337000924695
abs_r,raw,390,0.18863127802761825,0.24174612185813044,1311722,True,0.005088041422920737
abs_r,raw,391,0.18191905251142682,0.23370966300972817,1310304,True,0.005091692817731094
abs_r,raw,392,0.17908852905594402,0.23067677589550661,1308886,True,0.005095086625873352
abs_r,raw,393,0.17573130403817588,0.22679765461260587,1307468,True,0.005098373489841324
abs_r,raw,394,0.17548766350631792,0.2270213835072951,1306050,True,0.005101536275446488
abs_r,raw,395,0.17894462934819325,0.23214777220859542,1304632,True,0.0051046883456448335
abs_r,raw,396,0.17381135659893232,0.22604848260817023,1303214,True,0.005107963762794558
abs_r,raw,397,0.171606527812513,0.22376933657212794,1301796,True,0.005111052031266925
abs_r,raw,398,0.17043550270907695,0.22293592111362628,1300378,True,0.0051140606511773995
abs_r,raw,399,0.17275916765855362,0.226672402034323,1298960,True,0.005117026617137877
abs_r,raw,400,0.17463943550264366,0.2299806193920707,1297542,True,0.005120072219000124
abs_r,raw,401,0.1711459906496849,0.22604287281744906,1296124,True,0.005123182606375728
abs_r,raw,402,0.17050822253891687,0.22631184638778007,1294706,True,0.005126168022872625
abs_r,raw,403,0.17175155847430568,0.22897450510223177,1293288,True,0.005129129512452744
abs_r,raw,404,0.17187569316481954,0.2302013311609996,1291870,True,0.005132132602891862
abs_r,raw,405,0.174677268955463,0.23524834175130926,1290453,True,0.005135138275856505
abs_r,raw,406,0.17395854595023943,0.23468263931542888,1289036,True,0.005138240886578841
abs_r,raw,407,0.1728970063209978,0.23400814357680413,1287619,True,0.005141316168648808
abs_r,raw,408,0.17203982259493683,0.2333542393342366,1286203,True,0.00514435222793607
abs_r,raw,409,0.1707918901864221,0.23223323374868093,1284787,True,0.0051473564934019075
abs_r,raw,410,0.17581608269509355,0.23986618143658364,1283371,True,0.005150315617987712
abs_r,raw,411,0.1722420598600766,0.23545071627139355,1281955,True,0.0051534495463625785
abs_r,raw,412,0.17359908667021426,0.23774703638317388,1280541,True,0.005156455564334408
abs_r,raw,413,0.17161716734000446,0.23555762977544648,1279127,True,0.0051595073422068104
abs_r,raw,414,0.17383125409251235,0.23907353529589376,1277713,True,0.005162488092640119
abs_r,raw,415,0.17699925808299544,0.24397256876181905,1276299,True,0.0051655444627809605
abs_r,raw,416,0.17252034588885992,0.23825332266840754,1274885,True,0.005168711342028538
abs_r,raw,417,0.17554843750860466,0.24287173755789213,1273471,True,0.005171718178997323
abs_r,raw,418,0.17737720803896614,0.24608359583542905,1272057,True,0.005174829653786666
abs_r,raw,419,0.17903556318994313,0.24916035453529434,1270643,True,0.005178004364794597
abs_r,raw,420,0.1827571036316119,0.25614853842061497,1269230,True,0.005181236715634786
abs_r,raw,421,0.17867280021676055,0.25075712504968267,1267817,True,0.005184602698311191
abs_r,raw,422,0.1780366060260214,0.25026132929662237,1266404,True,0.00518781787311348
abs_r,raw,423,0.1784052540124169,0.2511082860537702,1264991,True,0.00519100822213976
abs_r,raw,424,0.17777122661248548,0.25078712852504587,1263578,True,0.005194209825157148
abs_r,raw,425,0.179759919183785,0.2541527669713126,1262165,True,0.005197386761253773
abs_r,raw,426,0.17825239374221444,0.2524406889018899,1260752,True,0.005200633167778407
abs_r,raw,427,0.17551832580237886,0.24912822802762455,1259339,True,0.00520382337695825
abs_r,raw,428,0.1777032300418317,0.2528632343540672,1257926,True,0.005206914606383268
abs_r,raw,429,0.18108080201571808,0.258373862330629,1256514,True,0.0052100813723354655
abs_r,raw,430,0.18018852878097671,0.25779060489463845,1255103,True,0.005213367626826166
abs_r,raw,431,0.17980848345672004,0.25791438008769557,1253692,True,0.0052166195353805685
abs_r,raw,432,0.17970041521961816,0.2584815628356649,1252282,True,0.005219855727737484
abs_r,raw,433,0.18112771548578652,0.26123401887666475,1250872,True,0.005223086029728088
abs_r,raw,434,0.1807749880288591,0.26153468801491364,1249462,True,0.005226365805325182
abs_r,raw,435,0.1849701129519998,0.26876048991336504,1248052,True,0.005229630774384947
abs_r,raw,436,0.18331865268791087,0.26713356951299183,1246642,True,0.005233046854905809
abs_r,raw,437,0.18358896788318504,0.26835387506775193,1245232,True,0.0052364000389799135
abs_r,raw,438,0.1829219095929982,0.26824465318587576,1243822,True,0.005239760963939923
abs_r,raw,439,0.18589557402806078,0.2735361126500295,1242412,True,0.005243095378843584
abs_r,raw,440,0.1897581722998271,0.2804920128684272,1241002,True,0.005246536862067974
abs_r,raw,441,0.1862877958617063,0.2762494885357113,1239592,True,0.005250120447630965
abs_r,raw,442,0.18735735271806364,0.27886438201480473,1238182,True,0.005253571842408903
abs_r,raw,443,0.18825055901206597,0.2811824419083966,1236772,True,0.005257060677566757
abs_r,raw,444,0.18985976414071798,0.2847465071297492,1235362,True,0.005260580510237613
abs_r,raw,445,0.1935085748600778,0.29168173251694407,1233952,True,0.005264158362176232
abs_r,raw,446,0.19272418291438254,0.2916832667352206,1232542,True,0.005267872483843471
abs_r,raw,447,0.19264376676962683,0.2931716154939139,1231132,True,0.0052715539708178575
abs_r,raw,448,0.19335551639073723,0.29617073851927633,1229722,True,0.005275229820129077
abs_r,raw,449,0.19865472745552462,0.3065235637140416,1228312,True,0.0052789302934298805
abs_r,raw,450,0.20427425454997278,0.3175664617948077,1226902,True,0.005282833568658601
abs_r,raw,451,0.19810504768280915,0.30811106779089253,1225492,True,0.0052869576638293145
abs_r,raw,452,0.19378568729719034,0.301608374949989,1224082,True,0.005290833486641562
abs_r,raw,453,0.19577025776623722,0.30498726962952727,1222672,True,0.005294539483528037
abs_r,raw,454,0.19528946826051244,0.30436629622047684,1221262,True,0.005298319102936615
abs_r,raw,455,0.1956943244787299,0.30543227095230074,1219852,True,0.005302077505979206
abs_r,raw,456,0.19204921730444569,0.29985561327711113,1218442,True,0.005305848829462405
abs_r,raw,457,0.18862703336665695,0.29463398732914975,1217032,True,0.005309478435719825
abs_r,raw,458,0.1903751346423798,0.2975851975943378,1215623,True,0.005312977490572428
abs_r,raw,459,0.19129445961037284,0.2991565042335352,1214214,True,0.005316539333330068
abs_r,raw,460,0.19069448750094153,0.2983785096747649,1212805,True,0.0053201332401498205
abs_r,raw,461,0.18660073073220323,0.29211872518970494,1211397,True,0.005323702235190606
abs_r,raw,462,0.18850418132679192,0.2953104077735777,1209989,True,0.005327117398450761
abs_r,raw,463,0.18600106194896285,0.291717447875036,1208581,True,0.005330600335152886
abs_r,raw,464,0.18965249828139308,0.29780411927794287,1207173,True,0.005333989202134409
abs_r,raw,465,0.19258927755409772,0.3035112765430782,1205765,True,0.0053375101493419955
abs_r,raw,466,0.1881627938273467,0.2966027607381844,1204357,True,0.0053411385541021735
abs_r,raw,467,0.18557245376563813,0.2926609684599098,1202949,True,0.005344599786736428
abs_r,raw,468,0.18544804246483435,0.29266487792455276,1201541,True,0.005347964228236621
abs_r,raw,469,0.18608378857810287,0.29378252507524844,1200133,True,0.005351322049063907
abs_r,raw,470,0.18699266824884997,0.2953843772915837,1198725,True,0.005354700804306649
abs_r,raw,471,0.18478498558108464,0.29209194128468086,1197317,True,0.005358110483524036
abs_r,raw,472,0.1828711594865332,0.2892192245214251,1195909,True,0.005361438034261529
abs_r,raw,473,0.18154114034218446,0.2872570838414548,1194501,True,0.005364695014151359
abs_r,raw,474,0.18629366561809535,0.2949330903941724,1193093,True,0.00536790285697221
abs_r,raw,475,0.1837046331962293,0.29121685397459096,1191685,True,0.005371278782115474
abs_r,raw,476,0.18225591897137167,0.2891132369782181,1190277,True,0.005374559491335017
abs_r,raw,477,0.1818844845116041,0.28870179444026534,1188870,True,0.005377786706067604
abs_r,raw,478,0.18391078718709356,0.2923046980523881,1187463,True,0.005380998856493999
abs_r,raw,479,0.1850467127255025,0.294435338271265,1186056,True,0.005384280994983805
abs_r,raw,480,0.18790005302067322,0.29930279891124273,1184649,True,0.0053876017661585425
abs_r,raw,481,0.184436063515322,0.2938474049993918,1183242,True,0.005391023594726761
abs_r,raw,482,0.18025755546599545,0.28730672788309175,1181835,True,0.005394318368413215
abs_r,raw,483,0.1786330324270751,0.2849022886281526,1180429,True,0.005397463665037917
abs_r,raw,484,0.1805415377820577,0.2883580057400064,1179023,True,0.005400550742013251
abs_r,raw,485,0.18011937330264208,0.28784401710912216,1177617,True,0.005403702314835061
abs_r,raw,486,0.17803481016130174,0.28473560223942557,1176212,True,0.005406837341939077
abs_r,raw,487,0.17654821807040333,0.2825011343351965,1174807,True,0.005409898469648995
abs_r,raw,488,0.1760856762102263,0.28192913318661617,1173402,True,0.005412907001711383
abs_r,raw,489,0.17746917067901719,0.28437580243737814,1171997,True,0.00541589813206522
abs_r,raw,490,0.17870820594784267,0.2865614629313866,1170592,True,0.005418934759014065
abs_r,raw,491,0.17746332013272617,0.28501699922863616,1169187,True,0.0054220121989836095
abs_r,raw,492,0.1738061838188387,0.2794201441032261,1167782,True,0.005425045203702769
abs_r,raw,493,0.1761582210468337,0.2834274409514461,1166377,True,0.005427952896635188
abs_r,raw,494,0.17698382439804047,0.28508641212712293,1164973,True,0.005430938197961444
abs_r,raw,495,0.17702921478475248,0.2856217349339939,1163569,True,0.005433949884123454
abs_r,raw,496,0.1763011612286175,0.28455936489618355,1162166,True,0.0054369614457340535
abs_r,raw,497,0.17356414881234059,0.2803675026571834,1160763,True,0.005439946640742446
abs_r,raw,498,0.17561091335768877,0.2839783338553507,1159360,True,0.005442838304674967
abs_r,raw,499,0.17673424037441623,0.2860325814906011,1157957,True,0.005445796980421853
abs_r,raw,500,0.17679607338590628,0.2864270577284952,1156554,True,0.00544879199102967
abs_r,raw,501,0.17625084534012206,0.2857687266089138,1155151,True,0.0054517874506234375
abs_r,raw,502,0.17442939372355723,0.283101821961738,1153748,True,0.005454762833306035
abs_r,raw,503,0.17387610869578998,0.28251740322303337,1152345,True,0.0054576754635929925
abs_r,raw,504,0.1758681494069434,0.2861470626889715,1150942,True,0.0054605681067777575
abs_r,raw,505,0.17689400333333663,0.2883055994033587,1149539,True,0.005463525824893013
abs_r,raw,506,0.17584419829817377,0.2871137520845831,1148136,True,0.005466516520388097
abs_r,raw,507,0.1752064162736074,0.2866394783987492,1146733,True,0.005469470217326642
abs_r,raw,508,0.1781179187788022,0.2924453793251377,1145331,True,0.00547240095020014
abs_r,raw,509,0.1785138829206219,0.2941473740800295,1143929,True,0.005475428247199911
abs_r,raw,510,0.19497251431539583,0.34238352160180724,1142527,True,0.005478467334783204
abs_r,raw,511,0.19340312522255326,0.34134530033684307,1141126,True,0.005482090448358491
abs_r,raw,512,0.18939503403850924,0.33468980531429854,1139725,True,0.005485653134024871
abs_r,raw,513,0.19067268176299018,0.3370671078610062,1138324,True,0.005489067511403781
abs_r,raw,514,0.18949419468277662,0.33521866919149357,1136923,True,0.005492525944730083
abs_r,raw,515,0.19111878881853686,0.3382467526287868,1135522,True,0.005495939622995807
abs_r,raw,516,0.18648490737217507,0.3302393625750281,1134122,True,0.005499409911238322
abs_r,raw,517,0.18851462665517152,0.3339268286582963,1132722,True,0.00550271192400537
abs_r,raw,518,0.18759362415780043,0.3323887050876045,1131322,True,0.005506084161065701
abs_r,raw,519,0.1851240571713732,0.3282491894402781,1129922,True,0.005509421493961822
abs_r,raw,520,0.18863048209527566,0.3347036587194611,1128522,True,0.005512669595096851
abs_r,raw,521,0.18465224745925785,0.32781698894007033,1127122,True,0.0055160398819989005
abs_r,raw,522,0.18322422978642677,0.32552601668638176,1125722,True,0.00551926757765573
abs_r,raw,523,0.18319065913707067,0.32569540715329415,1124322,True,0.005522443700140271
abs_r,raw,524,0.1861180899168909,0.331106233714966,1122922,True,0.005525616834232064
abs_r,raw,525,0.18709469926966155,0.33314762826837546,1121522,True,0.00552889028346304
abs_r,raw,526,0.18337781985838922,0.3266205020919446,1120122,True,0.0055321962084732435
abs_r,raw,527,0.1817735567750968,0.3238668041535132,1118722,True,0.005535370225794807
abs_r,raw,528,0.1816444731639137,0.32377340993554166,1117322,True,0.005538487179149567
abs_r,raw,529,0.1833159666160646,0.3269555796233755,1115922,True,0.005541597957721953
abs_r,raw,530,0.18687950603931197,0.33351499175613264,1114522,True,0.005544764456570352
abs_r,raw,531,0.18431062051751246,0.3291093705985759,1113122,True,0.005548053346165254
abs_r,raw,532,0.18244991122080068,0.3260342908685136,1111722,True,0.005551250568212261
abs_r,raw,533,0.17976921384248495,0.3215161468065888,1110322,True,0.005554381775654511
abs_r,raw,534,0.18336316117773774,0.3280452714480526,1108922,True,0.00555741995896903
abs_r,raw,535,0.1839106860357976,0.3292180459711512,1107522,True,0.005560579073440221
abs_r,raw,536,0.18220598354581674,0.3263384873155052,1106122,True,0.005563755272517726
abs_r,raw,537,0.18179850401667508,0.32576598172075266,1104722,True,0.005566871100581297
abs_r,raw,538,0.18394002931018633,0.3297758025311242,1103322,True,0.005569971276632526
abs_r,raw,539,0.1847347610318168,0.33146059048337845,1101922,True,0.0055731431346068405
abs_r,raw,540,0.19020792175539422,0.34124706707892905,1100522,True,0.005576340632789959
abs_r,raw,541,0.18538123696342101,0.33268487441812533,1099122,True,0.005579728402084862
abs_r,raw,542,0.18111862938320006,0.32483735051639473,1097723,True,0.005582944514137657
abs_r,raw,543,0.1777217422618,0.3188867291455843,1096324,True,0.005586012698403598
abs_r,raw,544,0.17986856500610116,0.32282589436314196,1094925,True,0.0055889652824434
abs_r,raw,545,0.18116821366472446,0.325371860311793,1093526,True,0.005591988013624557
abs_r,raw,546,0.1798423360662456,0.32315354929803075,1092127,True,0.005595052915656075
abs_r,raw,547,0.17522183440625638,0.31492641710329383,1090728,True,0.0055980714794580345
abs_r,raw,548,0.17503103635337383,0.3146462360125835,1089329,True,0.005600935424980528
abs_r,raw,549,0.17881105210454473,0.32162642187128826,1087930,True,0.005603791677921837
abs_r,raw,550,0.17679612214174714,0.3181523887911081,1086531,True,0.005606771080042142
abs_r,raw,551,0.17695946536417592,0.31842525830555507,1085132,True,0.005609682184159131
abs_r,raw,552,0.1744330840971206,0.3140591936432144,1083733,True,0.005612597155840309
abs_r,raw,553,0.1739257630954136,0.31332260057106576,1082334,True,0.005615428040402826
abs_r,raw,554,0.17434311416402698,0.3142672821963831,1080935,True,0.005618241068222816
abs_r,raw,555,0.17457360986732423,0.3149581307188637,1079537,True,0.005621066194560112
abs_r,raw,556,0.17343746460423237,0.3129792140220332,1078139,True,0.005623897371106443
abs_r,raw,557,0.17028974288234955,0.30740138468986655,1076741,True,0.005626690419362363
abs_r,raw,558,0.17237901539819817,0.31126512650915217,1075343,True,0.005629381693465548
abs_r,raw,559,0.17130229525589089,0.30950346212360497,1073945,True,0.005632138076750367
abs_r,raw,560,0.17125171564749303,0.30939744658282436,1072547,True,0.005634858810284321
abs_r,raw,561,0.1685737849273396,0.3047109091848891,1071149,True,0.005637576625497538
abs_r,raw,562,0.16934351807486742,0.3062164824890124,1069751,True,0.005640208856901251
abs_r,raw,563,0.16781702762398834,0.3036195627239919,1068354,True,0.005642863936743222
abs_r,raw,564,0.1688613948087845,0.30555667320883134,1066957,True,0.005645470150390783
abs_r,raw,565,0.17104356305960164,0.3096031790460998,1065560,True,0.005648107678003978
abs_r,raw,566,0.16682319661994885,0.3020576940505292,1064163,True,0.005650812535238826
abs_r,raw,567,0.16858104105293886,0.3052992434100643,1062766,True,0.005653384357693943
abs_r,raw,568,0.1698913879798006,0.30784618865526264,1061369,True,0.0056560094583180546
abs_r,raw,569,0.16947147943557603,0.30723448990739455,1059972,True,0.005658674279852984
abs_r,raw,570,0.17216835614359072,0.31228008372343324,1058575,True,0.0056613246996906055
abs_r,raw,571,0.16641437303157705,0.30195416593382013,1057178,True,0.005664058844841051
abs_r,raw,572,0.1653178187344547,0.3001995751031239,1055781,True,0.005666612097886993
abs_r,raw,573,0.16768371484703276,0.3046236983766686,1054384,True,0.005669130686117743
abs_r,raw,574,0.16673346624940066,0.3030499262685902,1052987,True,0.005671720710982165
abs_r,raw,575,0.16909020634232336,0.30751196316861285,1051590,True,0.0056742803018938704
abs_r,raw,576,0.16452557114131716,0.29933387067039885,1050193,True,0.005676911558864
abs_r,raw,577,0.16535505139493514,0.300892906369046,1048796,True,0.005679401546988998
abs_r,raw,578,0.16452682735407526,0.2995828745982405,1047399,True,0.005681915597909657
abs_r,raw,579,0.16088991453246038,0.29306992454621084,1046002,True,0.005684403432055096
abs_r,raw,580,0.16440719979337473,0.29963707412733726,1044605,True,0.005686781475255862
abs_r,raw,581,0.163659133807544,0.29840467929082753,1043208,True,0.005689263569008999
abs_r,raw,582,0.16400844014432633,0.29914932723689497,1041811,True,0.005691722058981827
abs_r,raw,583,0.16167978877628814,0.29511621806337907,1040414,True,0.005694189986447693
abs_r,raw,584,0.16299678983998164,0.29764733019337697,1039017,True,0.005696587305987204
abs_r,raw,585,0.16658199531068021,0.3043573018596307,1037621,True,0.005699022807143893
abs_r,raw,586,0.16341512147895473,0.29862779026075903,1036225,True,0.005701565516233988
abs_r,raw,587,0.16266423478328285,0.2973459842195623,1034829,True,0.0057040113956632115
abs_r,raw,588,0.1625977390404328,0.2973263715145215,1033433,True,0.005706433815301879
abs_r,raw,589,0.16194514005530783,0.29634232202336147,1032037,True,0.005708853228179064
abs_r,raw,590,0.16658941301047825,0.3050222984544417,1030641,True,0.005711252246383649
abs_r,raw,591,0.1631318840725586,0.29882725025192214,1029245,True,0.005713789739138004
abs_r,raw,592,0.16283647735712556,0.2984589903657616,1027849,True,0.005716221936705302
abs_r,raw,593,0.1629473643294284,0.29878638638221044,1026453,True,0.005718644304747333
abs_r,raw,594,0.16283980612493026,0.298735467584702,1025057,True,0.005721068945282942
abs_r,raw,595,0.16554299657513052,0.30381279021483865,1023661,True,0.0057234893608468515
abs_r,raw,596,0.16498009293217933,0.3029488458370999,1022266,True,0.005725989727603055
abs_r,raw,597,0.16359073145085887,0.3005564784564448,1020871,True,0.005728472038767397
abs_r,raw,598,0.1657118681895073,0.30469656325683137,1019476,True,0.005730911668662413
abs_r,raw,599,0.16770676231150677,0.30861259989126333,1018081,True,0.005733413894682804
abs_r,raw,600,0.17126263031072284,0.316096668072991,1016686,True,0.005735975597039149
abs_r,adjusted,1,0.3979313402272932,0.3973392875334986,1911434,True,0.0007227180676124741
abs_r,adjusted,2,0.3730495572559014,0.37259319293674237,1908553,True,0.0008293008602932283
abs_r,adjusted,3,0.3601741946505778,0.3592595237073523,1905799,True,0.0009127533342456057
abs_r,adjusted,4,0.3542973275932572,0.35334018992816846,1903157,True,0.0009841927699251417
abs_r,adjusted,5,0.35410026044283516,0.35302801498617636,1900601,True,0.0010486972226370355
abs_r,adjusted,6,0.35073588353185425,0.34960838753666096,1898109,True,0.0011093919447361237
abs_r,adjusted,7,0.34879633115709413,0.3475117991377585,1895659,True,0.0011658721678815844
abs_r,adjusted,8,0.344575007982521,0.3431209348714596,1893253,True,0.0012191587209317558
abs_r,adjusted,9,0.34402285485114137,0.3425748538872839,1890880,True,0.0012690076636000748
abs_r,adjusted,10,0.3387416742049737,0.33696183069084445,1888548,True,0.0013168203098953258
abs_r,adjusted,11,0.33744020084449733,0.3356404476727729,1886238,True,0.0013615741738301696
abs_r,adjusted,12,0.33525177983966026,0.33321017388473867,1883955,True,0.001404575883781165
abs_r,adjusted,13,0.3319090642452803,0.329948052673324,1881700,True,0.0014457678729074997
abs_r,adjusted,14,0.33240267632866943,0.33040600550413457,1879471,True,0.0014850341353589735
abs_r,adjusted,15,0.33246470182592425,0.33039104360949223,1877263,True,0.0015234009896479424
abs_r,adjusted,16,0.3317040162208794,0.32931885519296994,1875074,True,0.0015608388280286413
abs_r,adjusted,17,0.3299429975948857,0.3274309055452915,1872908,True,0.0015972342785951878
abs_r,adjusted,18,0.32779659195416055,0.32539240188261576,1870754,True,0.001632445908769189
abs_r,adjusted,19,0.32504203466897696,0.3225284273821528,1868620,True,0.0016664714662372741
abs_r,adjusted,20,0.3246071849308364,0.3222685196764112,1866492,True,0.0016992633959390132
abs_r,adjusted,21,0.3251609920095694,0.32292006838313453,1864375,True,0.0017313491613177312
abs_r,adjusted,22,0.32327643891618757,0.3210443661481054,1862266,True,0.001762957645201775
abs_r,adjusted,23,0.32158127066163034,0.3194275770023407,1860165,True,0.0017936534866621254
abs_r,adjusted,24,0.3203903360020975,0.31833942039500535,1858073,True,0.0018235196896089908
abs_r,adjusted,25,0.32152655620754594,0.3195395179077557,1855990,True,0.0018526890210822091
abs_r,adjusted,26,0.31644394642731,0.31449629087549985,1853916,True,0.001881608641259302
abs_r,adjusted,27,0.3186121017796562,0.3167162822904065,1851849,True,0.001909203560910935
abs_r,adjusted,28,0.3165585002935798,0.31466253718154596,1849790,True,0.0019367766427731531
abs_r,adjusted,29,0.3146909815922277,0.31286927938053877,1847740,True,0.0019636157139779793
abs_r,adjusted,30,0.3145165443027966,0.3130288819635544,1846051,True,0.0019897834259232075
abs_r,adjusted,31,0.31266349963003015,0.311219433885868,1844372,True,0.002015583001230286
abs_r,adjusted,32,0.3128483571936342,0.31140393521007304,1842701,True,0.0020407590527627786
abs_r,adjusted,33,0.3093783453363326,0.3081426761547613,1841036,True,0.002065657517762978
abs_r,adjusted,34,0.31136311803021754,0.31000994274152976,1839377,True,0.0020897198200000057
abs_r,adjusted,35,0.31027628251565514,0.30910327299459966,1837726,True,0.002113812646269964
abs_r,adjusted,36,0.31415696099136176,0.3129024862913213,1836086,True,0.0021374688534847278
abs_r,adjusted,37,0.3091758112051696,0.3078999181512062,1834453,True,0.002161451757479255
abs_r,adjusted,38,0.30861665320106346,0.30727769403791544,1832825,True,0.002184429164384817
abs_r,adjusted,39,0.3049512947597125,0.3037342495524533,1831204,True,0.002207085631176361
abs_r,adjusted,40,0.30474096509833537,0.3038442302504372,1829590,True,0.0022289849364065745
abs_r,adjusted,41,0.3050371946986226,0.3041005683381227,1827982,True,0.0022506414083348137
abs_r,adjusted,42,0.3027315737536256,0.30183370409519833,1826378,True,0.0022721329955485404
abs_r,adjusted,43,0.3064658764139647,0.3055441509091185,1824776,True,0.002293104033473658
abs_r,adjusted,44,0.304091335689076,0.3031965492033676,1823177,True,0.002314398486438573
abs_r,adjusted,45,0.29996599573470173,0.29907694864368395,1821581,True,0.0023351745296503064
abs_r,adjusted,46,0.2996693946825693,0.2987840938829839,1819986,True,0.0023552147725195488
abs_r,adjusted,47,0.30353378350671584,0.30255336649290376,1818395,True,0.0023750468149361793
abs_r,adjusted,48,0.29786802636280524,0.29673839709675615,1816806,True,0.0023952229950702326
abs_r,adjusted,49,0.2987718697972644,0.2974699174535276,1815218,True,0.0024144936336065476
abs_r,adjusted,50,0.30143639962989627,0.3001040964524691,1813633,True,0.0024337274212365904
abs_r,adjusted,51,0.2982403345233568,0.2967605225377462,1812049,True,0.0024531509297035254
abs_r,adjusted,52,0.2956694505836391,0.2941786427860326,1810465,True,0.0024720169170887674
abs_r,adjusted,53,0.2973744662100702,0.29572013899670574,1808882,True,0.0024904197950957863
abs_r,adjusted,54,0.29318204241811396,0.29141166294831916,1807300,True,0.0025088981970023813
abs_r,adjusted,55,0.294394137526229,0.2926515658772176,1805720,True,0.0025267297396816355
abs_r,adjusted,56,0.2904808887190395,0.2886231125984829,1804141,True,0.0025445825167607922
abs_r,adjusted,57,0.2928723006253048,0.2908691556704278,1802562,True,0.0025618443070516703
abs_r,adjusted,58,0.29296965091111293,0.2908909603830833,1800987,True,0.002579273083391997
abs_r,adjusted,59,0.29039213579727924,0.2884375101875677,1799414,True,0.0025965963494145104
abs_r,adjusted,60,0.2921831356765359,0.290437527312334,1797843,True,0.002613504317015686
abs_r,adjusted,61,0.293470933687291,0.2917050827992339,1796273,True,0.002630510787001158
abs_r,adjusted,62,0.29079691823393633,0.2891190919549388,1794704,True,0.0026475568095770006
abs_r,adjusted,63,0.2894378142603272,0.2876946834132279,1793138,True,0.0026641874991778767
abs_r,adjusted,64,0.28924885025886293,0.28750536528924264,1791576,True,0.0026805613585577093
abs_r,adjusted,65,0.29130081175032085,0.2895074952229356,1790014,True,0.0026968146266527987
abs_r,adjusted,66,0.2899731033454164,0.2881082764920801,1788452,True,0.002713199865667243
abs_r,adjusted,67,0.28687848505281993,0.2849393448524539,1786892,True,0.002729339054732106
abs_r,adjusted,68,0.28631484985209565,0.2842628742504551,1785333,True,0.0027450437175703998
abs_r,adjusted,69,0.2873458951451479,0.28516471458714326,1783774,True,0.0027605979157203807
abs_r,adjusted,70,0.28917054290086064,0.28681524553626175,1782215,True,0.002776176249500414
abs_r,adjusted,71,0.2852222685777617,0.28280006969495286,1780658,True,0.0027918644639842163
abs_r,adjusted,72,0.2861329421049626,0.283689894801036,1779102,True,0.0028070430524263492
abs_r,adjusted,73,0.28669847393794895,0.28421803931852146,1777548,True,0.0028222363043547524
abs_r,adjusted,74,0.2827350315906834,0.28022931153624164,1775996,True,0.002837407837040093
abs_r,adjusted,75,0.2810252552907025,0.2785121606328986,1774447,True,0.002852085384029236
abs_r,adjusted,76,0.28335011809988714,0.2807003032153627,1772900,True,0.0028665121500753943
abs_r,adjusted,77,0.28411669487319885,0.2813728393203958,1771357,True,0.002881104553154068
abs_r,adjusted,78,0.2825160088872573,0.27980701673971714,1769815,True,0.0028957018860180403
abs_r,adjusted,79,0.27978376093711416,0.2770989257142568,1768274,True,0.0029100632101500233
abs_r,adjusted,80,0.27999219430189204,0.2772029694769339,1766734,True,0.0029240795872228016
abs_r,adjusted,81,0.2788439389957404,0.27601163938570633,1765195,True,0.002938049840027783
abs_r,adjusted,82,0.2786940106992893,0.2758374883481599,1763658,True,0.0029518404359509115
abs_r,adjusted,83,0.2782571165798536,0.2753410976010935,1762125,True,0.0029655521802360854
abs_r,adjusted,84,0.2786285515030508,0.27555255946278645,1760592,True,0.002979158155678044
abs_r,adjusted,85,0.2790074391546745,0.27585121201574486,1759059,True,0.0029927383748651003
abs_r,adjusted,86,0.27803276868254306,0.2747407986601502,1757527,True,0.003006293957320784
abs_r,adjusted,87,0.2767996046716637,0.2735648100950764,1755995,True,0.0030196947803817135
abs_r,adjusted,88,0.2752693754702215,0.27200522541934374,1754465,True,0.0030329185665972664
abs_r,adjusted,89,0.27784293064322,0.2744670367611742,1752936,True,0.003045940083223755
abs_r,adjusted,90,0.2780085872152908,0.2745671624148979,1751407,True,0.003059149221938086
abs_r,adjusted,91,0.27495148645609324,0.27150510374746556,1749878,True,0.0030723172239804737
abs_r,adjusted,92,0.2759031391109881,0.2723953573019869,1748351,True,0.003085142843717555
abs_r,adjusted,93,0.2760701739761449,0.27249933058179693,1746824,True,0.003098003749600443
abs_r,adjusted,94,0.27321788735236363,0.2696210952282941,1745298,True,0.0031108269662159143
abs_r,adjusted,95,0.27329034071507413,0.26964172954584154,1743772,True,0.0031233355447098147
abs_r,adjusted,96,0.27357556623816354,0.26976887535566235,1742246,True,0.0031358008227582025
abs_r,adjusted,97,0.2745031578822358,0.27059123133862595,1740721,True,0.0031482426238584825
abs_r,adjusted,98,0.27260073719145816,0.26861328181492533,1739197,True,0.003160719463460138
abs_r,adjusted,99,0.2714902542804487,0.2674633245521417,1737674,True,0.003172975913512912
abs_r,adjusted,100,0.27174800090251583,0.267631179078201,1736152,True,0.0031850861199768147
abs_r,adjusted,101,0.2699483262663316,0.2657743592159422,1734630,True,0.0031971733303371767
abs_r,adjusted,102,0.27057452830166845,0.2663299793308778,1733110,True,0.003209056343907613
abs_r,adjusted,103,0.26985154428953784,0.26556702387593994,1731590,True,0.003220950406259389
abs_r,adjusted,104,0.26797870533076207,0.26364813391098435,1730070,True,0.00323273757960162
abs_r,adjusted,105,0.26971087309095654,0.2651987837507295,1728551,True,0.003244319768575673
abs_r,adjusted,106,0.27016509410074513,0.2655579523874396,1727034,True,0.003256010167434344
abs_r,adjusted,107,0.2683698975235039,0.26371673625045405,1725519,True,0.0032676979405312162
abs_r,adjusted,108,0.2668185572026487,0.2620951467199908,1724004,True,0.003279190069954602
abs_r,adjusted,109,0.2672611370533452,0.26243291308761874,1722489,True,0.0032905102757296387
abs_r,adjusted,110,0.2696515709395729,0.26474585247731897,1720976,True,0.0033018290627678253
abs_r,adjusted,111,0.26776996720851504,0.262835032366979,1719464,True,0.0033133115151059668
abs_r,adjusted,112,0.2662122428968438,0.2611734268438084,1717952,True,0.0033245954452694616
abs_r,adjusted,113,0.268090348561642,0.26292160526962,1716440,True,0.00333571096206632
abs_r,adjusted,114,0.2663455442914887,0.2611397491294011,1714928,True,0.0033469461670211156
abs_r,adjusted,115,0.2681569408555838,0.26276312213653874,1713416,True,0.003357998742197537
abs_r,adjusted,116,0.26595244534124785,0.2605582071141209,1711904,True,0.003369165160572756
abs_r,adjusted,117,0.26598563077000453,0.2605199502207177,1710393,True,0.0033801127495661234
abs_r,adjusted,118,0.2649804577481234,0.2594107799266806,1708883,True,0.0033910277145721137
abs_r,adjusted,119,0.2663522530012871,0.26064114126893423,1707373,True,0.0034018257131996532
abs_r,adjusted,120,0.2681281850750159,0.2623707604228466,1705866,True,0.0034127011038039713
abs_r,adjusted,121,0.26501557772335527,0.25938217086490023,1704359,True,0.003423686761485984
abs_r,adjusted,122,0.2631471284470741,0.25759478572219957,1702852,True,0.0034343849095826162
abs_r,adjusted,123,0.2659458351346432,0.2603180031458123,1701347,True,0.003444900212312785
abs_r,adjusted,124,0.2630201883323857,0.257226368987647,1699842,True,0.0034556073446552252
abs_r,adjusted,125,0.2628202857536811,0.25705070959542947,1698337,True,0.003466048198243715
abs_r,adjusted,126,0.2609539608474993,0.25523721971196683,1696833,True,0.0034764419015831044
abs_r,adjusted,127,0.2608256058196504,0.25504660116151245,1695329,True,0.003486658185839037
abs_r,adjusted,128,0.2608499413612274,0.2550210217026248,1693825,True,0.003496834618877313
abs_r,adjusted,129,0.2599022281374547,0.2541078114206961,1692321,True,0.0035069834132325523
abs_r,adjusted,130,0.2590938314988141,0.25334045590111065,1690818,True,0.003517029629331335
abs_r,adjusted,131,0.2608616805099338,0.25505178124725364,1689315,True,0.003526985098030761
abs_r,adjusted,132,0.2580582032498156,0.25230599996607794,1687814,True,0.0035370482875560862
abs_r,adjusted,133,0.2609542233413385,0.2551392260029128,1686315,True,0.003546868699248651
abs_r,adjusted,134,0.2593575283963777,0.2535158781110948,1684816,True,0.0035568827254520326
abs_r,adjusted,135,0.25758868401489227,0.2518287806893972,1683318,True,0.003566746978420062
abs_r,adjusted,136,0.2603714243659065,0.25453560716935314,1681823,True,0.0035764504854457094
abs_r,adjusted,137,0.25872664266606693,0.25292484171584484,1680328,True,0.0035863376634057403
abs_r,adjusted,138,0.2611890701213084,0.2554548812378432,1678833,True,0.003596073647454064
abs_r,adjusted,139,0.25983616306297785,0.25414519829892307,1677339,True,0.0036059687919835497
abs_r,adjusted,140,0.25808121646672666,0.25247095412129467,1675847,True,0.0036157350306998018
abs_r,adjusted,141,0.2567417387789492,0.25112976689081995,1674355,True,0.003625344011501953
abs_r,adjusted,142,0.25918793556810765,0.2535996472099217,1672863,True,0.003634828498288006
abs_r,adjusted,143,0.25783579869289525,0.2522273776300511,1671372,True,0.0036444691835526015
abs_r,adjusted,144,0.2557436932043132,0.2502608178840733,1669881,True,0.003653984503484378
abs_r,adjusted,145,0.2581388074011145,0.25260028650989635,1668391,True,0.003663321913788761
abs_r,adjusted,146,0.2606377235554731,0.255071915475614,1666902,True,0.003672810625441292
abs_r,adjusted,147,0.2602193509323759,0.2546688098689972,1665413,True,0.0036824587695888887
abs_r,adjusted,148,0.25856847240476066,0.25306644513590326,1663924,True,0.0036920508729607086
abs_r,adjusted,149,0.2583920054906561,0.2529394706823092,1662435,True,0.0037014972669274357
abs_r,adjusted,150,0.2575799062289633,0.2521578218313952,1660946,True,0.0037109067741710492
abs_r,adjusted,151,0.25902512385963,0.25352086237796617,1659457,True,0.0037202336525342904
abs_r,adjusted,152,0.25606243747979596,0.2505639693888059,1657968,True,0.0037296417669298444
abs_r,adjusted,153,0.25662671606667553,0.25107264898864856,1656479,True,0.0037388130228803895
abs_r,adjusted,154,0.2579733304801335,0.25234752807102395,1654990,True,0.0037480021538343253
abs_r,adjusted,155,0.25611721540149995,0.2504981874775083,1653501,True,0.0037572651455686887
abs_r,adjusted,156,0.25703816424198783,0.25137231811575866,1652012,True,0.0037663730289470066
abs_r,adjusted,157,0.25421915422638447,0.2486015436339687,1650524,True,0.0037755243211830434
abs_r,adjusted,158,0.2563928833851702,0.2507569840627623,1649037,True,0.0037844545744435414
abs_r,adjusted,159,0.25538684576023224,0.24972044971240454,1647551,True,0.0037935166316993814
abs_r,adjusted,160,0.2531398882234892,0.2474707862497677,1646065,True,0.0038024863693432204
abs_r,adjusted,161,0.2548600961137177,0.2491076231011303,1644579,True,0.0038112784068543037
abs_r,adjusted,162,0.25638654260173144,0.2506137341978406,1643093,True,0.003820169692234053
abs_r,adjusted,163,0.2545755216308519,0.24879393409792297,1641607,True,0.003829146783532962
abs_r,adjusted,164,0.2532827382143209,0.24750306982361614,1640121,True,0.0038379769447455937
abs_r,adjusted,165,0.2539446263927799,0.24805096978643937,1638635,True,0.003846697688401082
abs_r,adjusted,166,0.25477806791698215,0.24882160158644315,1637149,True,0.0038554441896013173
abs_r,adjusted,167,0.2548690850318221,0.2488419752748467,1635663,True,0.003864228203802337
abs_r,adjusted,168,0.25186249982299314,0.2458871604224019,1634177,True,0.0038729985515662865
abs_r,adjusted,169,0.2534920963528259,0.24743759737126822,1632691,True,0.0038815440746413476
abs_r,adjusted,170,0.25400058193888775,0.24784597242475467,1631206,True,0.003890181398708626
abs_r,adjusted,171,0.2505463036141694,0.24443000518707278,1629722,True,0.0038988341589819013
abs_r,adjusted,172,0.2536682248642484,0.2474577781250468,1628238,True,0.003907234780857611
abs_r,adjusted,173,0.25512159550109204,0.24889328398149718,1626754,True,0.003915827352852481
abs_r,adjusted,174,0.25256068034111573,0.2463872610594907,1625270,True,0.003924499529076042
abs_r,adjusted,175,0.2527466956465149,0.24656518489812768,1623786,True,0.003932979923332867
abs_r,adjusted,176,0.25352418881956185,0.24731823374975187,1622303,True,0.003941454527463607
abs_r,adjusted,177,0.25139024826272033,0.24517765845148354,1620820,True,0.003949962999996715
abs_r,adjusted,178,0.25114239443208747,0.24489379346401527,1619337,True,0.00395831101007758
abs_r,adjusted,179,0.2524547725104533,0.24623042697832453,1617854,True,0.003966625050159142
abs_r,adjusted,180,0.252560217531496,0.24639500377670004,1616371,True,0.003975008545821693
abs_r,adjusted,181,0.25391634105911953,0.2477010740261018,1614888,True,0.003983381380029489
abs_r,adjusted,182,0.2531886969971145,0.24694198503855877,1613405,True,0.0039918265249925785
abs_r,adjusted,183,0.252972312609972,0.246709205889822,1611923,True,0.004000205660674795
abs_r,adjusted,184,0.24883608772958155,0.24254967590339002,1610441,True,0.004008553010114269
abs_r,adjusted,185,0.251022781156641,0.2446399381836218,1608959,True,0.004016613111743424
abs_r,adjusted,186,0.2528115328116334,0.24633602246888828,1607478,True,0.0040247989239660395
abs_r,adjusted,187,0.25097776628316565,0.24449586381351107,1605997,True,0.004033084841084984
abs_r,adjusted,188,0.2513432506560708,0.24483596735486624,1604517,True,0.004041234368112279
abs_r,adjusted,189,0.2517985053229683,0.24522459108712605,1603037,True,0.004049391174869522
abs_r,adjusted,190,0.25138468698694044,0.24478530214532088,1601557,True,0.004057561070349957
abs_r,adjusted,191,0.2498216795231564,0.24320723407454742,1600078,True,0.00406568779788652
abs_r,adjusted,192,0.25063448537156235,0.2440117543799842,1598599,True,0.00407369787025937
abs_r,adjusted,193,0.2502860005341069,0.2435710210123151,1597122,True,0.004081744276611033
abs_r,adjusted,194,0.24909892846158746,0.24239658459572289,1595645,True,0.004089752557912571
abs_r,adjusted,195,0.24862068698048614,0.24177545368151446,1594169,True,0.004097669625510782
abs_r,adjusted,196,0.24900932733566095,0.24211821533696826,1592693,True,0.004105541143164111
abs_r,adjusted,197,0.251515660093771,0.24451133657279406,1591217,True,0.00411342215552671
abs_r,adjusted,198,0.2489122112581846,0.24194739608049426,1589742,True,0.004121447084062208
abs_r,adjusted,199,0.2500832766437983,0.2430206311001115,1588267,True,0.004129291622439231
abs_r,adjusted,200,0.24924525607012893,0.24210469224173672,1586792,True,0.0041371950622640105
abs_r,adjusted,201,0.25095133213017184,0.24374564415764988,1585319,True,0.004145030703750818
abs_r,adjusted,202,0.24804571062675834,0.24089963100232986,1583846,True,0.004152958891834208
abs_r,adjusted,203,0.2471830249721858,0.23997656314507035,1582373,True,0.0041606899614725764
abs_r,adjusted,204,0.24698468149841896,0.2397373676565088,1580900,True,0.004168353158551328
abs_r,adjusted,205,0.2474680552964375,0.24015956891620432,1579428,True,0.004175990033837376
abs_r,adjusted,206,0.25112626609770156,0.24358875627441884,1577956,True,0.004183642808174211
abs_r,adjusted,207,0.24646332197471973,0.23899810094942103,1576484,True,0.004191508907307601
abs_r,adjusted,208,0.24912277437451885,0.2415633009936785,1575012,True,0.004199071668779583
abs_r,adjusted,209,0.24818273304823593,0.24061979012811194,1573540,True,0.004206784480498277
abs_r,adjusted,210,0.24634230423562106,0.23885112686703575,1572068,True,0.00421442523880542
abs_r,adjusted,211,0.24974715650096224,0.24211857845490484,1570596,True,0.004221939572323123
abs_r,adjusted,212,0.2490525961515737,0.24151661236360628,1569124,True,0.004229649149659669
abs_r,adjusted,213,0.24808728519532208,0.24051183691662242,1567652,True,0.004237301994572522
abs_r,adjusted,214,0.24641334311422888,0.23884397615515043,1566180,True,0.004244881993505001
abs_r,adjusted,215,0.2449400906591951,0.2374625439111131,1564709,True,0.0042523468067847525
abs_r,adjusted,216,0.24646673213785286,0.23887820548354316,1563238,True,0.004259709777382735
abs_r,adjusted,217,0.24836027208115682,0.24067892756499665,1561768,True,0.004267151872508603
abs_r,adjusted,218,0.24848847627247092,0.24076564999088151,1560298,True,0.0042746955005542415
abs_r,adjusted,219,0.24623279002395954,0.23855245824861873,1558828,True,0.004282233609183122
abs_r,adjusted,220,0.24900902080093726,0.24120051193411077,1557358,True,0.004289622592991328
abs_r,adjusted,221,0.24339426892884017,0.23596764062718587,1555888,True,0.004297165994256132
abs_r,adjusted,222,0.2452210180935771,0.23772841908815615,1554418,True,0.004304360698967348
abs_r,adjusted,223,0.24616063417504733,0.23860463915732097,1552948,True,0.004311651527683645
abs_r,adjusted,224,0.24349272089139953,0.23596604110644484,1551479,True,0.004318985886487472
abs_r,adjusted,225,0.2442555685671638,0.23667769608000716,1550010,True,0.004326150090696493
abs_r,adjusted,226,0.2447213479058321,0.23706918939966437,1548542,True,0.0043333472991475665
abs_r,adjusted,227,0.24578889601957474,0.23792069897068416,1547074,True,0.00434055998067176
abs_r,adjusted,228,0.24634435602777896,0.2384161358507203,1545606,True,0.004347823604607551
abs_r,adjusted,229,0.24445245476432867,0.23648257961151642,1544139,True,0.004355107898969904
abs_r,adjusted,230,0.2445480694731813,0.23653136823496895,1542672,True,0.004362268851739391
abs_r,adjusted,231,0.24331979766031794,0.23527993376236342,1541205,True,0.004369423657759384
abs_r,adjusted,232,0.24496134628009208,0.23680858941533314,1539738,True,0.004376495250912993
abs_r,adjusted,233,0.24553792284609804,0.23729593439073085,1538271,True,0.004383650942040605
abs_r,adjusted,234,0.2474319426689932,0.23901149696100404,1536804,True,0.004390828614040588
abs_r,adjusted,235,0.2442000754396443,0.23581848457978732,1535337,True,0.004398105459348892
abs_r,adjusted,236,0.24626791057954228,0.23775767442454832,1533870,True,0.0044051818944663874
abs_r,adjusted,237,0.24725101652633985,0.2386711209424977,1532404,True,0.004412367040387618
abs_r,adjusted,238,0.24572423092252282,0.23716769881841432,1530939,True,0.00441959784551904
abs_r,adjusted,239,0.24704924709157836,0.23831247675579922,1529475,True,0.004426728031450564
abs_r,adjusted,240,0.2484661591441526,0.2396401289812546,1528012,True,0.004433923668076201
abs_r,adjusted,241,0.24574856264610495,0.23695258048431775,1526550,True,0.004441190219948839
abs_r,adjusted,242,0.2470184688683153,0.23813501632356246,1525089,True,0.004448287199621752
abs_r,adjusted,243,0.2455696390486883,0.23672796136038343,1523628,True,0.0044554462352076815
abs_r,adjusted,244,0.24668038171916357,0.23771900457822165,1522168,True,0.0044625102534870155
abs_r,adjusted,245,0.24629244375004036,0.2372931765020352,1520708,True,0.00446962700258885
abs_r,adjusted,246,0.24450152381323637,0.2355163210473231,1519250,True,0.004476710124809263
abs_r,adjusted,247,0.24202427933421106,0.23306850817853966,1517792,True,0.004483679663887132
abs_r,adjusted,248,0.24371786149735056,0.23466310428007583,1516334,True,0.004490498198009839
abs_r,adjusted,249,0.24433479430206254,0.23513504055945905,1514876,True,0.004497401935971487
abs_r,adjusted,250,0.24211181009310828,0.23291569743776708,1513418,True,0.004504330007723939
abs_r,adjusted,251,0.24449133823806893,0.2351616920157844,1511960,True,0.004511122235661063
abs_r,adjusted,252,0.24659246073567198,0.23712114027803652,1510502,True,0.004518038115026932
abs_r,adjusted,253,0.24315938563927192,0.2337696399094685,1509045,True,0.004525062528129503
abs_r,adjusted,254,0.24485422045069716,0.23535306439325435,1507590,True,0.004531882273719551
abs_r,adjusted,255,0.24438825944193165,0.23488313809334632,1506135,True,0.004538786955657988
abs_r,adjusted,256,0.24515134420407494,0.23551794154762254,1504680,True,0.004545654954987306
abs_r,adjusted,257,0.24636024114708635,0.2366532327079862,1503225,True,0.004552555452461831
abs_r,adjusted,258,0.2460319835316082,0.23623215934255803,1501770,True,0.00455951357479099
abs_r,adjusted,259,0.2449980917860451,0.2350840010103596,1500315,True,0.004566442606940857
abs_r,adjusted,260,0.24206634560823864,0.23222886178046703,1498860,True,0.004573303159689102
abs_r,adjusted,261,0.2423435552988757,0.2324346137420675,1497405,True,0.004579990589661406
abs_r,adjusted,262,0.2386658716058105,0.2288005160930478,1495950,True,0.004586683561163375
abs_r,adjusted,263,0.24330593002442202,0.23317380307953703,1494495,True,0.004593165619202606
abs_r,adjusted,264,0.24336573721369326,0.233060603833591,1493040,True,0.004599892491796714
abs_r,adjusted,265,0.2440202656773907,0.23361042662563566,1491585,True,0.004606612841623399
abs_r,adjusted,266,0.24319207814599095,0.23264856984065466,1490130,True,0.004613359519759689
abs_r,adjusted,267,0.24134980316310156,0.230747086550028,1488675,True,0.0046200507278384316
abs_r,adjusted,268,0.24110522653249641,0.23037214060683378,1487221,True,0.004626631483793967
abs_r,adjusted,269,0.24128618557603262,0.23047747488631715,1485767,True,0.004633189590434796
abs_r,adjusted,270,0.24303461105422086,0.23207315141411083,1484313,True,0.0046397482544951185
abs_r,adjusted,271,0.24138214845818767,0.23037357286344673,1482860,True,0.004646392853770262
abs_r,adjusted,272,0.24368454781465537,0.23250646123861482,1481408,True,0.004652938106375967
abs_r,adjusted,273,0.24132436761340081,0.23010997215492487,1479956,True,0.004659599356926941
abs_r,adjusted,274,0.2397857117194715,0.22857684517388804,1478504,True,0.0046661229624754596
abs_r,adjusted,275,0.24144017960368003,0.23005469112443375,1477052,True,0.0046725547107052505
abs_r,adjusted,276,0.23989202583671504,0.2284504386495041,1475600,True,0.004679066494964544
abs_r,adjusted,277,0.24142328958656503,0.22973943586079595,1474148,True,0.004685486160585243
abs_r,adjusted,278,0.23931670152369822,0.22747484094285075,1472696,True,0.004691979090015413
abs_r,adjusted,279,0.24110848975173663,0.22905018737615596,1471244,True,0.004698350462598967
abs_r,adjusted,280,0.2395677641103324,0.22749513540359226,1469792,True,0.004704808774785787
abs_r,adjusted,281,0.24043414215794293,0.22822930217068435,1468341,True,0.0047111761262916005
abs_r,adjusted,282,0.24056209700253553,0.22825116970887366,1466890,True,0.0047175809274448205
abs_r,adjusted,283,0.23712571247674927,0.2247738473859486,1465439,True,0.004723983849932048
abs_r,adjusted,284,0.23948125060709557,0.2269419298598262,1463989,True,0.004730196847999914
abs_r,adjusted,285,0.23697256719352258,0.2244500916795831,1462539,True,0.00473652549999179
abs_r,adjusted,286,0.2374254225202943,0.2246949548902166,1461089,True,0.00474271407226227
abs_r,adjusted,287,0.2375109494742272,0.22468883873649237,1459639,True,0.004748918208901004
abs_r,adjusted,288,0.2380380994822068,0.2251090042393861,1458189,True,0.004755118712679469
abs_r,adjusted,289,0.23581029881687607,0.2229340987574321,1456739,True,0.004761338642179935
abs_r,adjusted,290,0.23890685566427738,0.2258017811955759,1455289,True,0.004767434802160776
abs_r,adjusted,291,0.2373945347184748,0.22423741462234043,1453839,True,0.004773684021096486
abs_r,adjusted,292,0.23856701886812162,0.22529849261931864,1452389,True,0.004779846356943517
abs_r,adjusted,293,0.23651727766813613,0.22327626201519946,1450939,True,0.004786061661672119
abs_r,adjusted,294,0.23533979868172264,0.2220396567148519,1449489,True,0.004792162767441298
abs_r,adjusted,295,0.23741261854175794,0.22391969241524468,1448039,True,0.004798195634252117
abs_r,adjusted,296,0.23586221335623678,0.22243483522184093,1446589,True,0.004804327463539186
abs_r,adjusted,297,0.2385385932919933,0.22490200289648596,1445140,True,0.004810371803101017
abs_r,adjusted,298,0.2379546566773287,0.22425075778452583,1443692,True,0.004816546247049126
abs_r,adjusted,299,0.23694749285932795,0.22321972366434478,1442244,True,0.004822682651025567
abs_r,adjusted,300,0.23537614509456525,0.22166280804120644,1440798,True,0.004828759519579984
abs_r,adjusted,301,0.23771538792589708,0.22376880837985433,1439352,True,0.004834748569001526
abs_r,adjusted,302,0.23837946222463474,0.22435802016355708,1437906,True,0.004840849619033152
abs_r,adjusted,303,0.23614499954237192,0.22221329121278732,1436460,True,0.00484697705992656
abs_r,adjusted,304,0.23684536439588336,0.22273646591080118,1435014,True,0.004852982646014727
abs_r,adjusted,305,0.23568934673004105,0.22157094878922348,1433568,True,0.0048590164189937024
abs_r,adjusted,306,0.2368123338420662,0.22252018007313618,1432122,True,0.004864984060877624
abs_r,adjusted,307,0.2358922979803946,0.22160825921842855,1430676,True,0.004871001289930325
abs_r,adjusted,308,0.23828379237535605,0.22373095104633411,1429230,True,0.004876964516972434
abs_r,adjusted,309,0.23738741751507442,0.2227843776059147,1427784,True,0.004883041761755927
abs_r,adjusted,310,0.23509435492703984,0.22053643624211863,1426338,True,0.004889065900536993
abs_r,adjusted,311,0.23481078977766234,0.2201647121520055,1424892,True,0.004894967018774115
abs_r,adjusted,312,0.23756467485662994,0.22263663421696625,1423447,True,0.004900846830156914
abs_r,adjusted,313,0.23649352707232255,0.22152260741919946,1422002,True,0.004906858071369877
abs_r,adjusted,314,0.2361422145759174,0.22104434133473272,1420557,True,0.0049128079707100305
abs_r,adjusted,315,0.2339058899332294,0.2189125632394354,1419112,True,0.004918733040744829
abs_r,adjusted,316,0.23506864282455303,0.2199699549389175,1417667,True,0.004924539489877374
abs_r,adjusted,317,0.23727246119354467,0.22199084690756035,1416223,True,0.004930396869816236
abs_r,adjusted,318,0.23690242372534925,0.22151731198387245,1414779,True,0.004936357445074197
abs_r,adjusted,319,0.23835258188737252,0.2227737684632115,1413336,True,0.004942292288156712
abs_r,adjusted,320,0.23441096286541668,0.21897543130642247,1411895,True,0.004948292762168691
abs_r,adjusted,321,0.235832099635216,0.2200867744682323,1410454,True,0.004954089504146436
abs_r,adjusted,322,0.23415861884166078,0.21846789109180473,1409013,True,0.004959949846888362
abs_r,adjusted,323,0.23467214369192,0.21876332516305041,1407573,True,0.004965720543816213
abs_r,adjusted,324,0.2340895356477674,0.21810389712399939,1406133,True,0.004971509836980265
abs_r,adjusted,325,0.23502672446668413,0.21898300136751922,1404693,True,0.004977263736495674
abs_r,adjusted,326,0.23631538047779174,0.22012884442942632,1403253,True,0.004983057076115679
abs_r,adjusted,327,0.23534489142833226,0.2192175074521837,1401814,True,0.004988907281038761
abs_r,adjusted,328,0.23571548619862231,0.21953401335384534,1400375,True,0.004994702765710604
abs_r,adjusted,329,0.23549737332298937,0.21914758218064662,1398936,True,0.005000509768284907
abs_r,adjusted,330,0.23375779195168672,0.21743875892005737,1397497,True,0.005006299312042381
abs_r,adjusted,331,0.23647272680210032,0.21994412979570122,1396059,True,0.005011997098063043
abs_r,adjusted,332,0.23568199270518717,0.21916679965607772,1394621,True,0.005017821305953668
abs_r,adjusted,333,0.23501959809915168,0.21851016459706912,1393183,True,0.0050235999432474455
abs_r,adjusted,334,0.23506814372713597,0.21845871222994456,1391746,True,0.005029339560193118
abs_r,adjusted,335,0.2342669170301064,0.21761578401231416,1390309,True,0.005035075001738932
abs_r,adjusted,336,0.23356753477560305,0.21687654465334752,1388873,True,0.0050407649521791165
abs_r,adjusted,337,0.2353710816356332,0.21839658992774869,1387438,True,0.00504641462139956
abs_r,adjusted,338,0.23291353421604227,0.21603402697873986,1386003,True,0.005052145412454296
abs_r,adjusted,339,0.2360722369569081,0.21902104996081312,1384568,True,0.005057750863583748
abs_r,adjusted,340,0.23471805741867235,0.2176005545322325,1383133,True,0.005063502922630264
abs_r,adjusted,341,0.23322304686406795,0.21607739304016488,1381698,True,0.005069182764605086
abs_r,adjusted,342,0.2319820483000125,0.21477164646251756,1380263,True,0.005074784246299042
abs_r,adjusted,343,0.23341853339434585,0.21598415912309069,1378828,True,0.005080320196602697
abs_r,adjusted,344,0.23259129462429756,0.2150445460929188,1377394,True,0.005085918780326835
abs_r,adjusted,345,0.23433405624933584,0.2165159262232917,1375960,True,0.005091471660422984
abs_r,adjusted,346,0.23200875019515066,0.21409982282168422,1374526,True,0.00509710187899995
abs_r,adjusted,347,0.23403605349756235,0.21585491450356015,1373093,True,0.005102614884641201
abs_r,adjusted,348,0.23299754613972937,0.2145925674804548,1371660,True,0.005108218549587379
abs_r,adjusted,349,0.23376756962064352,0.2151817565678386,1370227,True,0.005113766534497503
abs_r,adjusted,350,0.23246080944916075,0.21393403290875487,1368794,True,0.005119345178239812
abs_r,adjusted,351,0.23469910498346802,0.215941465132668,1367362,True,0.005124855655658802
abs_r,adjusted,352,0.2323643981357975,0.21376840718771917,1365930,True,0.00513046666990972
abs_r,adjusted,353,0.232142704776885,0.21353631651309035,1364499,True,0.005135960657304087
abs_r,adjusted,354,0.2327315752234802,0.21401369282648391,1363069,True,0.005141438312410531
abs_r,adjusted,355,0.23357109390443637,0.21474342835665838,1361639,True,0.005146937918704372
abs_r,adjusted,356,0.23289515328298882,0.21406572410861324,1360209,True,0.005152471339443318
abs_r,adjusted,357,0.2326953690100441,0.21384497954152604,1358779,True,0.0051579668949164464
abs_r,adjusted,358,0.23086134533284372,0.21207976617293273,1357349,True,0.0051634471919531875
abs_r,adjusted,359,0.2321726743929334,0.2132665182499636,1355919,True,0.00516883576746044
abs_r,adjusted,360,0.23145506622606643,0.2125204997387398,1354489,True,0.005174280024747396
abs_r,adjusted,361,0.23121936956819406,0.212147501509709,1353059,True,0.00517968500993729
abs_r,adjusted,362,0.23127096440557068,0.21199759030105864,1351629,True,0.005185073375631728
abs_r,adjusted,363,0.23245561991422797,0.2129321117178038,1350199,True,0.005190458548778357
abs_r,adjusted,364,0.23308853716352593,0.21327811243520287,1348769,True,0.005195893365297961
abs_r,adjusted,365,0.23158453282018737,0.21176064393145733,1347340,True,0.005201352092050801
abs_r,adjusted,366,0.2294057547185856,0.20966272958952373,1345911,True,0.0052067349882209835
abs_r,adjusted,367,0.23206690810054628,0.2120643356725153,1344482,True,0.005212011670656967
abs_r,adjusted,368,0.22937951256785802,0.20943084281691235,1343053,True,0.005217405959448088
abs_r,adjusted,369,0.22850907913990193,0.20866094160757087,1341624,True,0.005222670656493141
abs_r,adjusted,370,0.22860745936451912,0.20864183015453547,1340196,True,0.005227890231466314
abs_r,adjusted,371,0.22926053968452778,0.20914961808358754,1338768,True,0.005233109088983054
abs_r,adjusted,372,0.23046972693180348,0.21005545999392997,1337341,True,0.005238352563164317
abs_r,adjusted,373,0.2309760078603943,0.2103461439627326,1335914,True,0.005243646167671512
abs_r,adjusted,374,0.23164805695977309,0.21073398885806463,1334487,True,0.005248957681115658
abs_r,adjusted,375,0.2302577026212102,0.20937143568478836,1333060,True,0.005254294731965232
abs_r,adjusted,376,0.23147842372824473,0.21036425291489916,1331633,True,0.005259562590151052
abs_r,adjusted,377,0.2306153681059861,0.2094929739557695,1330206,True,0.005264881096765336
abs_r,adjusted,378,0.2301497086977238,0.20887265392396498,1328780,True,0.005270154710221997
abs_r,adjusted,379,0.23183236553318937,0.21034010230149525,1327356,True,0.0052754018082167885
abs_r,adjusted,380,0.23032308690661546,0.2089357823490759,1325933,True,0.005280720582203561
abs_r,adjusted,381,0.22970567442481463,0.20824522701405815,1324510,True,0.005285965080836218
abs_r,adjusted,382,0.23140779227251035,0.20966576547650956,1323087,True,0.005291176343408554
abs_r,adjusted,383,0.22792856214907029,0.20640289580830348,1321664,True,0.005296459880572392
abs_r,adjusted,384,0.22958763364576307,0.2077696276593342,1320241,True,0.005301580703316367
abs_r,adjusted,385,0.23104407942823138,0.2090056706449221,1318819,True,0.005306771295179197
abs_r,adjusted,386,0.2301948449071464,0.20809451190617112,1317399,True,0.005312022782350636
abs_r,adjusted,387,0.23043021604596,0.20815608146406178,1315979,True,0.005317230605726993
abs_r,adjusted,388,0.22778221530029358,0.20566092170882244,1314559,True,0.005322443973088865
abs_r,adjusted,389,0.2325230031064619,0.20984339900462257,1313140,True,0.005327533281433941
abs_r,adjusted,390,0.22931671674288376,0.20680694257859553,1311722,True,0.005332831472325783
abs_r,adjusted,391,0.22814276455493127,0.20569243010009985,1310304,True,0.0053379795112598084
abs_r,adjusted,392,0.22987173424723778,0.20720622645801764,1308886,True,0.005343070091501231
abs_r,adjusted,393,0.22835167097829143,0.20562896406591383,1307468,True,0.005348233165100882
abs_r,adjusted,394,0.22811493936596408,0.2051069802863369,1306050,True,0.005353323299625656
abs_r,adjusted,395,0.22988706114023438,0.20658266189243835,1304632,True,0.005358398065482135
abs_r,adjusted,396,0.22712008930560093,0.20399762092921145,1303214,True,0.005363547070270745
abs_r,adjusted,397,0.2254445170252628,0.20229410442181855,1301796,True,0.005368568109277636
abs_r,adjusted,398,0.2258165890693217,0.20258455627831867,1300378,True,0.0053735107476707384
abs_r,adjusted,399,0.22519530200231078,0.20201064927471962,1298960,True,0.005378465149460054
abs_r,adjusted,400,0.22707412752807907,0.20353664283725592,1297542,True,0.005383387804668973
abs_r,adjusted,401,0.22578052865479054,0.20213043165722255,1296124,True,0.005388388332041758
abs_r,adjusted,402,0.22695233391205782,0.20321112944138342,1294706,True,0.005393327489938804
abs_r,adjusted,403,0.22603305885517963,0.2022134558138426,1293288,True,0.005398313459682879
abs_r,adjusted,404,0.22503609142894168,0.2012629792639189,1291870,True,0.005403254574421492
abs_r,adjusted,405,0.22401024947272297,0.2003332973754668,1290453,True,0.005408147742604923
abs_r,adjusted,406,0.2264170297139405,0.20232241534032552,1289036,True,0.005412992037714954
abs_r,adjusted,407,0.22611313229648078,0.20193157444760843,1287619,True,0.005417936514090813
abs_r,adjusted,408,0.22427992792368562,0.20009330948952092,1286203,True,0.005422863236236187
abs_r,adjusted,409,0.22445887317596716,0.2000967560363005,1284787,True,0.005427706031529552
abs_r,adjusted,410,0.22592676981726137,0.2012766467382294,1283371,True,0.005432552230302424
abs_r,adjusted,411,0.22353983285418716,0.19890313757167952,1281955,True,0.005437457617217245
abs_r,adjusted,412,0.2269642093110702,0.20183755493974156,1280541,True,0.005442255616900615
abs_r,adjusted,413,0.22340655669411894,0.1985344523277304,1279127,True,0.005447197318441336
abs_r,adjusted,414,0.22459148838664247,0.1993442786676331,1277713,True,0.005451981039964901
abs_r,adjusted,415,0.22425595007662963,0.19886661925897398,1276299,True,0.005456811380268383
abs_r,adjusted,416,0.2213992555059917,0.19625355689372617,1274885,True,0.005461623045446479
abs_r,adjusted,417,0.2254750804103722,0.19974393500920296,1273471,True,0.005466308828238063
abs_r,adjusted,418,0.22425429288417642,0.19836619221256496,1272057,True,0.005471164484269637
abs_r,adjusted,419,0.2253452650520089,0.19900559092781214,1270643,True,0.005475963466661334
abs_r,adjusted,420,0.22262910337160643,0.1965104607980246,1269230,True,0.005480804992007625
abs_r,adjusted,421,0.22396236437521075,0.19748217174646093,1267817,True,0.005485526386933129
abs_r,adjusted,422,0.22310184316299672,0.19658673728843187,1266404,True,0.005490300367685514
abs_r,adjusted,423,0.22447718048006876,0.19764173449433622,1264991,True,0.00549503363323512
abs_r,adjusted,424,0.2226690126328755,0.19594804496342674,1263578,True,0.00549982128676617
abs_r,adjusted,425,0.22315491522756006,0.19627960829794716,1262165,True,0.00550452805720705
abs_r,adjusted,426,0.22307412868485643,0.19603803147076096,1260752,True,0.0055092513444781705
abs_r,adjusted,427,0.21943281091357417,0.1926988787129779,1259339,True,0.0055139671709256285
abs_r,adjusted,428,0.22302866856274878,0.19557209281248916,1257926,True,0.005518526461451348
abs_r,adjusted,429,0.2247922380913171,0.1969785523379409,1256514,True,0.005523232450830851
abs_r,adjusted,430,0.22265954097615775,0.19483595551402944,1255103,True,0.005528009056309696
abs_r,adjusted,431,0.22225647666308954,0.19438068255464366,1253692,True,0.0055326914487031364
abs_r,adjusted,432,0.22276177779875253,0.19467998979227835,1252282,True,0.005537352966075911
abs_r,adjusted,433,0.2217248810142261,0.19369190339312967,1250872,True,0.005542031755795495
abs_r,adjusted,434,0.21905556788812353,0.19127803624229656,1249462,True,0.005546663197951802
abs_r,adjusted,435,0.2194771916414511,0.19152686095143256,1248052,True,0.005551180070386638
abs_r,adjusted,436,0.21952532220760682,0.191436259093282,1246642,True,0.005555710653579805
abs_r,adjusted,437,0.2203700286268412,0.1921005437749115,1245232,True,0.00556023953004361
abs_r,adjusted,438,0.21824306875751143,0.1901319361598238,1243822,True,0.005564799598146328
abs_r,adjusted,439,0.22073697017862548,0.1920699063438628,1242412,True,0.005569268438790608
abs_r,adjusted,440,0.21826920684566367,0.18981123533725208,1241002,True,0.005573836288031144
abs_r,adjusted,441,0.2185834609183467,0.1899520315721511,1239592,True,0.0055782989576129045
abs_r,adjusted,442,0.21893732344893851,0.19016653612250714,1238182,True,0.005582770904009455
abs_r,adjusted,443,0.22016816756366267,0.19108264555916424,1236772,True,0.005587253744615014
abs_r,adjusted,444,0.21717437857315433,0.1883105548881523,1235362,True,0.005591783476253517
abs_r,adjusted,445,0.21991343088007778,0.19051420021454488,1233952,True,0.005596187337934041
abs_r,adjusted,446,0.21906338890292662,0.18966390850140463,1232542,True,0.005600699389382969
abs_r,adjusted,447,0.21789057995070688,0.18850327983391607,1231132,True,0.005605173036765649
abs_r,adjusted,448,0.21751659267591938,0.18806867418619813,1229722,True,0.0056095954000797655
abs_r,adjusted,449,0.21517719601603658,0.18589986771464104,1228312,True,0.005613999129575614
abs_r,adjusted,450,0.21701128256124266,0.18740118138082446,1226902,True,0.005618305302260245
abs_r,adjusted,451,0.2168738469393107,0.18716613347977024,1225492,True,0.005622681812985108
abs_r,adjusted,452,0.21496259762879064,0.18539152179681348,1224082,True,0.005627049384656331
abs_r,adjusted,453,0.2182351069020177,0.18816790709566833,1222672,True,0.00563133701635122
abs_r,adjusted,454,0.21696186580523275,0.18697161107808516,1221262,True,0.005635752774668997
abs_r,adjusted,455,0.21595866120080331,0.1860451730546621,1219852,True,0.005640113760813928
abs_r,adjusted,456,0.21641894122027588,0.18634394877096455,1218442,True,0.005644431187999915
abs_r,adjusted,457,0.21490997914460985,0.18493706466293983,1217032,True,0.005648763717536752
abs_r,adjusted,458,0.2172775167789773,0.1867903001093535,1215623,True,0.005653032789741796
abs_r,adjusted,459,0.2176538671221578,0.18700670806098066,1214214,True,0.005657393110507496
abs_r,adjusted,460,0.21471063279619634,0.18431146185151237,1212805,True,0.005661765174019832
abs_r,adjusted,461,0.21410925639042047,0.18364781794270404,1211397,True,0.005666016555254872
abs_r,adjusted,462,0.2165191729386443,0.18565067263667218,1209989,True,0.005670240993851364
abs_r,adjusted,463,0.21441930114314312,0.18378694345408736,1208581,True,0.005674557811866323
abs_r,adjusted,464,0.21692345136763283,0.18584912816665905,1207173,True,0.005678788117068031
abs_r,adjusted,465,0.2177766864337125,0.18655168551247164,1205765,True,0.0056831145479168095
abs_r,adjusted,466,0.21598812366878167,0.18468761025269018,1204357,True,0.005687471750296087
abs_r,adjusted,467,0.21660252804007388,0.18507720164371946,1202949,True,0.0056917544224880275
abs_r,adjusted,468,0.2149581073577445,0.18348706611233168,1201541,True,0.005696058246929275
abs_r,adjusted,469,0.21495724447014086,0.18326830334327723,1200133,True,0.005700293795071933
abs_r,adjusted,470,0.21530891268540056,0.183515818380581,1198725,True,0.005704526164400551
abs_r,adjusted,471,0.21688625009084023,0.18471857979046205,1197317,True,0.005708769240072868
abs_r,adjusted,472,0.21391515622449983,0.1819404724839209,1195909,True,0.005713071491226067
abs_r,adjusted,473,0.2135890969696388,0.18150521293897284,1194501,True,0.005717253571363918
abs_r,adjusted,474,0.21822214730532327,0.18536120618010074,1193093,True,0.005721419869239681
abs_r,adjusted,475,0.21382820213626416,0.1815575692296447,1191685,True,0.00572576563935068
abs_r,adjusted,476,0.2134014167551243,0.18106051499468998,1190277,True,0.005729935064003992
abs_r,adjusted,477,0.2139484108634404,0.1814511535109196,1188870,True,0.005734084847934976
abs_r,adjusted,478,0.21408271147728358,0.18157473301020724,1187463,True,0.0057382529085408295
abs_r,adjusted,479,0.21502342180541598,0.18233532687072881,1186056,True,0.005742423172543496
abs_r,adjusted,480,0.21340375866694025,0.18094021006766575,1184649,True,0.0057466271001383185
abs_r,adjusted,481,0.212987908222307,0.18053200975891948,1183242,True,0.005750764929800344
abs_r,adjusted,482,0.21246407046015495,0.18004502613732648,1181835,True,0.00575488369096956
abs_r,adjusted,483,0.21261780170349312,0.18017193947749935,1180429,True,0.0057589792930774954
abs_r,adjusted,484,0.21362531960457593,0.1810913136789959,1179023,True,0.005763077907273395
abs_r,adjusted,485,0.21190690551927494,0.17957566061830868,1177617,True,0.005767212502746164
abs_r,adjusted,486,0.21304543323096367,0.18053979362297712,1176212,True,0.005771277956671041
abs_r,adjusted,487,0.21232679189764017,0.17988499015307088,1174807,True,0.005775384305271942
abs_r,adjusted,488,0.21023360051734333,0.17804591250904434,1173402,True,0.0057794601094807545
abs_r,adjusted,489,0.2122028378007444,0.17969032069274138,1171997,True,0.005783453160029084
abs_r,adjusted,490,0.21267052054202676,0.18003342868540959,1170592,True,0.005787518532701131
abs_r,adjusted,491,0.21316838164898372,0.1805101022699482,1169187,True,0.005791598972235224
abs_r,adjusted,492,0.21090014060317266,0.17854012827647534,1167782,True,0.005795695645677177
abs_r,adjusted,493,0.21303670243463432,0.18032412827207395,1166377,True,0.005799702798278704
abs_r,adjusted,494,0.21257586401386425,0.17989482622573807,1164973,True,0.005803788700726192
abs_r,adjusted,495,0.20998191600443936,0.17769591161007753,1163569,True,0.005807854089264798
abs_r,adjusted,496,0.21227546136971634,0.17947643718348671,1162166,True,0.0058118181265523206
abs_r,adjusted,497,0.21049414135557495,0.17792880334993352,1160763,True,0.005815866440313903
abs_r,adjusted,498,0.21247984998746888,0.17958902640417929,1159360,True,0.00581984435007495
abs_r,adjusted,499,0.212605149793504,0.17967439340009392,1157957,True,0.0058238948707347036
abs_r,adjusted,500,0.21175821880606746,0.178901730082733,1156554,True,0.0058279473498412575
abs_r,adjusted,501,0.21269919768594467,0.1796769939181419,1155151,True,0.0058319648239912245
abs_r,adjusted,502,0.21237005112216165,0.17932606008552562,1153748,True,0.005836015279286634
abs_r,adjusted,503,0.2107222306597931,0.1778639966273294,1152345,True,0.005840050412094161
abs_r,adjusted,504,0.21004190027387842,0.17724149936651654,1150942,True,0.005844020447203787
abs_r,adjusted,505,0.20984842842494253,0.17709021314657558,1149539,True,0.005847962219513535
abs_r,adjusted,506,0.20985474893750622,0.1770949570384739,1148136,True,0.005851894085744803
abs_r,adjusted,507,0.2105446074779324,0.17766309606182792,1146733,True,0.005855823548558928
abs_r,adjusted,508,0.21131853557500027,0.17835189892630635,1145331,True,0.0058597762274816565
abs_r,adjusted,509,0.20997038899470913,0.17723031218300667,1143929,True,0.00586375532467969
abs_r,adjusted,510,0.21301268872207763,0.18117049771201663,1142527,True,0.005867681165907086
abs_r,adjusted,511,0.2137485688133081,0.1820855113303188,1141126,True,0.005871718854925403
abs_r,adjusted,512,0.21162202275297,0.18034728787189158,1139725,True,0.005875781686107971
abs_r,adjusted,513,0.21487273570956994,0.18303368854812307,1138324,True,0.005879761354137381
abs_r,adjusted,514,0.2134376865717242,0.18178914776216598,1136923,True,0.005883861406064914
abs_r,adjusted,515,0.21401967236902994,0.18220944196706274,1135522,True,0.005887904077335446
abs_r,adjusted,516,0.21065624304118988,0.17928395187542231,1134122,True,0.005891966028594695
abs_r,adjusted,517,0.21328915906690776,0.18146799015826448,1132722,True,0.005895898642832943
abs_r,adjusted,518,0.2144311288972166,0.18233551111309906,1131322,True,0.005899927455021587
abs_r,adjusted,519,0.21068068191337386,0.17913145618372092,1129922,True,0.005903996730320767
abs_r,adjusted,520,0.21319071647101553,0.18120213818885772,1128522,True,0.005907922246676064
abs_r,adjusted,521,0.21202245942642914,0.18017404643549495,1127122,True,0.0059119391558665295
abs_r,adjusted,522,0.21068742030554188,0.17904040829897974,1125722,True,0.005915909478481854
abs_r,adjusted,523,0.2105213877100649,0.1789016905113808,1124322,True,0.005919827345862621
abs_r,adjusted,524,0.21283878192664601,0.18080416289307433,1122922,True,0.005923736455616076
abs_r,adjusted,525,0.21112883746201216,0.17931992420344728,1121522,True,0.005927729436934352
abs_r,adjusted,526,0.21023703249008135,0.17842839964190618,1120122,True,0.005931655893088957
abs_r,adjusted,527,0.2106264784201526,0.17870568826580976,1118722,True,0.0059355466840598035
abs_r,adjusted,528,0.21010856072836956,0.17824312812123874,1117322,True,0.0059394493401314285
abs_r,adjusted,529,0.21072521786341486,0.17873234873503033,1115922,True,0.005943330283204866
abs_r,adjusted,530,0.21219999981634818,0.179977344793285,1114522,True,0.005947231485485259
abs_r,adjusted,531,0.21220674149886753,0.17994187521099952,1113122,True,0.005951184873269965
abs_r,adjusted,532,0.21146164672824766,0.17933119299784536,1111722,True,0.0059551358875071445
abs_r,adjusted,533,0.20775152344521772,0.17620633693211613,1110322,True,0.005959056612911041
abs_r,adjusted,534,0.20954984423760867,0.1776475604672272,1108922,True,0.0059628385208827265
abs_r,adjusted,535,0.2100710954266047,0.17805588757870436,1107522,True,0.005966683725481096
abs_r,adjusted,536,0.21043751532441207,0.17831608074758334,1106122,True,0.0059705455886595125
abs_r,adjusted,537,0.20944900699878455,0.17745732830006178,1104722,True,0.005974418426425296
abs_r,adjusted,538,0.21049358134103177,0.17830692191762668,1103322,True,0.005978252491400102
abs_r,adjusted,539,0.2104208383062352,0.178208509896439,1101922,True,0.005982122400300509
abs_r,adjusted,540,0.2123011107318518,0.17972058284206743,1100522,True,0.005985987135630216
abs_r,adjusted,541,0.21153044781211286,0.1790938785432537,1099122,True,0.005989918687232871
abs_r,adjusted,542,0.21026060035537575,0.17783157305973582,1097723,True,0.005993819196337886
abs_r,adjusted,543,0.2067411965000203,0.17484808442171806,1096324,True,0.005997670524101592
abs_r,adjusted,544,0.20931855538542343,0.17691129851740084,1094925,True,0.0060013916517376725
abs_r,adjusted,545,0.20891640345849802,0.1766003426538881,1093526,True,0.006005203743985385
abs_r,adjusted,546,0.2098754493662334,0.1774416433222363,1092127,True,0.006008998797916198
abs_r,adjusted,547,0.20672720231889052,0.17477063999411235,1090728,True,0.006012826346313267
abs_r,adjusted,548,0.20743506987403176,0.17533916340676092,1089329,True,0.006016537598014888
abs_r,adjusted,549,0.21137234266925586,0.17863938593480827,1087930,True,0.006020271997658681
abs_r,adjusted,550,0.20582688631584622,0.17395122341011715,1086531,True,0.006024147056343923
abs_r,adjusted,551,0.21011285425488654,0.17738588124167823,1085132,True,0.0060278191531581505
abs_r,adjusted,552,0.20799878252793455,0.17560449536455047,1083733,True,0.006031643392909628
abs_r,adjusted,553,0.20808253700477847,0.17567593648355218,1082334,True,0.006035388712975093
abs_r,adjusted,554,0.20731388395703496,0.17501866294971502,1080935,True,0.006039134724329296
abs_r,adjusted,555,0.20554126173205392,0.17347697698296988,1079537,True,0.0060428508148479936
abs_r,adjusted,556,0.20668716886429703,0.17437153130318164,1078139,True,0.006046501402876394
abs_r,adjusted,557,0.20523269359898055,0.17307856606360808,1076741,True,0.006050190569158293
abs_r,adjusted,558,0.20686914190932332,0.17444699124951807,1075343,True,0.006053825795090416
abs_r,adjusted,559,0.20581121803051092,0.17356891091833632,1073945,True,0.006057516989756849
abs_r,adjusted,560,0.204545478499686,0.1723745831674304,1072547,True,0.0060611683139739315
abs_r,adjusted,561,0.20377195835615936,0.17174515232246484,1071149,True,0.006064772706958811
abs_r,adjusted,562,0.2056558434815819,0.17332876070574427,1069751,True,0.006068347773652818
abs_r,adjusted,563,0.20273527628086158,0.170886702880734,1068354,True,0.006071987085422242
abs_r,adjusted,564,0.20436697950244342,0.17220429337392373,1066957,True,0.00607552167705601
abs_r,adjusted,565,0.20466560524104638,0.17242975355642579,1065560,True,0.006079111288351714
abs_r,adjusted,566,0.20205868509644628,0.17021508342384153,1064163,True,0.006082709270105342
abs_r,adjusted,567,0.2036121723742116,0.17145044709993199,1062766,True,0.006086214130366149
abs_r,adjusted,568,0.20564323547272878,0.17318089030086958,1061369,True,0.006089771026510645
abs_r,adjusted,569,0.20290962495393078,0.17086573716844425,1059972,True,0.006093397098638898
abs_r,adjusted,570,0.2024936575675649,0.17051047094020336,1058575,True,0.006096925337044624
abs_r,adjusted,571,0.20086785554037612,0.1691609095689613,1057178,True,0.006100437096342246
abs_r,adjusted,572,0.20160276255471007,0.1698657927457566,1055781,True,0.006103890718653655
abs_r,adjusted,573,0.20662723885296708,0.1741084927835688,1054384,True,0.006107367683950819
abs_r,adjusted,574,0.20367079188713652,0.17164054663709416,1052987,True,0.006111017988794976
abs_r,adjusted,575,0.204201216588018,0.1721210374822588,1051590,True,0.006114562495763676
abs_r,adjusted,576,0.20143880843793563,0.16978271379233192,1050193,True,0.006118123419274729
abs_r,adjusted,577,0.20401011669003455,0.17189650617973193,1048796,True,0.006121586662364771
abs_r,adjusted,578,0.2026397082783736,0.17079088792154995,1047399,True,0.006125136850065381
abs_r,adjusted,579,0.2001530887519915,0.16866479155516004,1046002,True,0.006128637486790408
abs_r,adjusted,580,0.20081658896241422,0.16921885351851582,1044605,True,0.006132050811157797
abs_r,adjusted,581,0.20167850898288328,0.16994040327877333,1043208,True,0.006135484885250955
abs_r,adjusted,582,0.20337566655356948,0.17136752756420476,1041811,True,0.006138946555368311
abs_r,adjusted,583,0.20184851956873398,0.17009474600844082,1040414,True,0.006142464731053989
abs_r,adjusted,584,0.20158336016328512,0.16985270651849455,1039017,True,0.006145928300208491
abs_r,adjusted,585,0.20305213337260372,0.17109027338564523,1037621,True,0.0061493808323276385
abs_r,adjusted,586,0.20186268144298544,0.17003478158548832,1036225,True,0.006152881879288895
abs_r,adjusted,587,0.2035892066033864,0.17146243495531138,1034829,True,0.006156340072810066
abs_r,adjusted,588,0.20222788085847931,0.1702902827927379,1033433,True,0.006159855683176965
abs_r,adjusted,589,0.20159726638483916,0.16979655102353844,1032037,True,0.00616332247013833
abs_r,adjusted,590,0.20330908941186432,0.17124196807999092,1030641,True,0.006166765738831482
abs_r,adjusted,591,0.20225146739498537,0.17035808558461704,1029245,True,0.006170265760528165
abs_r,adjusted,592,0.20329371421710743,0.17124239035983946,1027849,True,0.00617372750897397
abs_r,adjusted,593,0.20154822361516905,0.16977526387147576,1026453,True,0.0061772230575150985
abs_r,adjusted,594,0.20092603251966198,0.16919932108282693,1025057,True,0.006180656911282888
abs_r,adjusted,595,0.20151335964966524,0.16967940604844203,1023661,True,0.006184067707626902
abs_r,adjusted,596,0.2014153501444845,0.16961010981387445,1022266,True,0.0061874965766088455
abs_r,adjusted,597,0.20131140784213267,0.16949610636516763,1020871,True,0.006190920214697714
abs_r,adjusted,598,0.20256609511948082,0.17056945105909127,1019476,True,0.006194338430764779
abs_r,adjusted,599,0.20194237229666812,0.17004297220207013,1018081,True,0.006197797467423965
abs_r,adjusted,600,0.20187634245677172,0.17009933668763502,1016686,True,0.006201233323700068
r2,raw,1,0.15122271486315014,0.15070141714818058,1911434,True,0.0007227180676124741
r2,raw,2,0.14573931191619938,0.145428283291772,1908553,True,0.0007390606337448195
r2,raw,3,0.10754355188890449,0.10652376598399729,1905799,True,0.0007539222627830335
r2,raw,4,0.10477065494426477,0.10371937410646166,1903157,True,0.000761892850377463
r2,raw,5,0.1018161129933328,0.10071893915341759,1900601,True,0.0007693813390121364
r2,raw,6,0.10291307747416202,0.10183346505689031,1898109,True,0.0007763871175591306
r2,raw,7,0.099116405360402,0.09805541464015582,1895659,True,0.0007834799770032302
r2,raw,8,0.09992531098027564,0.09882878014190699,1893253,True,0.0007900022214566315
r2,raw,9,0.10530559748255611,0.10416023188415706,1890880,True,0.0007965766373485192
r2,raw,10,0.09333606895423144,0.09229685407097295,1888548,True,0.0008038150683826862
r2,raw,11,0.07640827048191799,0.07555113460755934,1886238,True,0.0008094561119706748
r2,raw,12,0.08128245390852226,0.08036756699092737,1883955,True,0.0008132146430822756
r2,raw,13,0.07963195942658788,0.0787876251317461,1881700,True,0.0008174471486420736
r2,raw,14,0.07679951586625337,0.07604695486391996,1879471,True,0.0008214890023371997
r2,raw,15,0.08025472855390221,0.07973633333509497,1877263,True,0.0008252306691399339
r2,raw,16,0.08741188485354826,0.0874758847491925,1875074,True,0.0008292973020070308
r2,raw,17,0.08050295739939642,0.08060053150557582,1872908,True,0.0008340958944842563
r2,raw,18,0.07390213857932883,0.07423232758685652,1870754,True,0.0008381443820577723
r2,raw,19,0.06919377270538041,0.06951553623695597,1868620,True,0.0008415410561201197
r2,raw,20,0.06909376567609872,0.06941880657215489,1866492,True,0.0008445074701807341
r2,raw,21,0.07334682487250141,0.0738296132931611,1864375,True,0.0008474549770475288
r2,raw,22,0.06500294090261932,0.06545213659307263,1862266,True,0.00085076428127965
r2,raw,23,0.06203382036847456,0.06248184957224294,1860165,True,0.0008533544852930509
r2,raw,24,0.07395873196027965,0.07451485184180073,1858073,True,0.0008557066475572277
r2,raw,25,0.06010071674264628,0.06083740864383334,1855990,True,0.0008590389700995051
r2,raw,26,0.0659525381873882,0.06677277195945638,1853916,True,0.000861232432289152
r2,raw,27,0.07017875076959836,0.07106117919517496,1851849,True,0.0008638664388768615
r2,raw,28,0.06174734979201179,0.06252764581305978,1849790,True,0.0008668391717420361
r2,raw,29,0.060147918179093825,0.06091863292351045,1847740,True,0.00086913353179364
r2,raw,30,0.06195370234680385,0.06283936639668426,1846051,True,0.0008713049842976649
r2,raw,31,0.05975863031486398,0.060766602619902146,1844372,True,0.0008736028775510058
r2,raw,32,0.06430862896449073,0.0653910211019212,1842701,True,0.0008757354082316517
r2,raw,33,0.056339980542297816,0.05763192343630791,1841036,True,0.0008781985708177491
r2,raw,34,0.058328225605509106,0.05966989046160179,1839377,True,0.0008800844437374447
r2,raw,35,0.059470490846122555,0.06125639897876223,1837726,True,0.0008821012940546618
r2,raw,36,0.06270724802918734,0.06458767653775792,1836086,True,0.0008841930344873474
r2,raw,37,0.06003500242604694,0.06186230258859673,1834453,True,0.0008865128682676744
r2,raw,38,0.05734336597424102,0.05908964241433034,1832825,True,0.0008886338778179659
r2,raw,39,0.05534692082787943,0.057054784810562115,1831204,True,0.0008905645555867955
r2,raw,40,0.061611769471398445,0.06356186784292736,1829590,True,0.0008923593798546901
r2,raw,41,0.053491883843534226,0.05518690137886244,1827982,True,0.0008945785250682527
r2,raw,42,0.05151172481913368,0.05320559082108834,1826378,True,0.0008962476550979842
r2,raw,43,0.05600478411412091,0.057863981848471364,1824776,True,0.0008977927237820299
r2,raw,44,0.05268997573795923,0.0544669245763488,1823177,True,0.0008996156593206584
r2,raw,45,0.052352088398437885,0.05412470876652142,1821581,True,0.0009012261130849488
r2,raw,46,0.055482467013538414,0.057398556292787555,1819986,True,0.0009028131603239527
r2,raw,47,0.05542275632267086,0.057340622599156135,1818395,True,0.0009045923561188764
r2,raw,48,0.05040849539807444,0.0521488790161412,1816806,True,0.0009063642431058959
r2,raw,49,0.04883442271368279,0.05051846045011901,1815218,True,0.0009078274041376103
r2,raw,50,0.0529208675456766,0.05474380280062233,1813633,True,0.0009091984715985213
r2,raw,51,0.053817126746089496,0.055664313951868265,1812049,True,0.0009108059653117408
r2,raw,52,0.05038219484234152,0.052121909884685104,1810465,True,0.0009124653899176985
r2,raw,53,0.047963652323541724,0.04962095202084003,1808882,True,0.0009139172682072233
r2,raw,54,0.05618196692963866,0.058108760164028855,1807300,True,0.0009152311109169979
r2,raw,55,0.04849803095640188,0.05020172772052949,1805720,True,0.0009170307033922604
r2,raw,56,0.06102019232484757,0.0631614031346908,1804141,True,0.0009183694096033943
r2,raw,57,0.04862676041967248,0.050341385387420196,1802562,True,0.000920484688769285
r2,raw,58,0.051796896041233595,0.05363495881328296,1800987,True,0.0009218254632918642
r2,raw,59,0.052302648570700314,0.054365894295827076,1799414,True,0.0009233443974120746
r2,raw,60,0.05955408990569115,0.06193353741751872,1797843,True,0.0009248905701114637
r2,raw,61,0.0625905639140854,0.06510382966249821,1796273,True,0.0009268913585196688
r2,raw,62,0.05250948376438383,0.05462405981672942,1794704,True,0.0009290963679364336
r2,raw,63,0.05789936278299921,0.060231348346261065,1793138,True,0.0009306451514962344
r2,raw,64,0.06146970122779869,0.06396041067309743,1791576,True,0.0009325247406499924
r2,raw,65,0.05068714517030335,0.05276212336745323,1790014,True,0.0009346387537609624
r2,raw,66,0.0499237679768747,0.05198679810160888,1788452,True,0.0009360734385889383
r2,raw,67,0.046640525071153585,0.048574138402178786,1786892,True,0.0009374631363447058
r2,raw,68,0.0488814223648187,0.050902289688142185,1785333,True,0.0009386743758152411
r2,raw,69,0.0474989627603973,0.04946445199648237,1783774,True,0.0009400030034545969
r2,raw,70,0.051056641687091404,0.05325654759235411,1782215,True,0.0009412558201197102
r2,raw,71,0.05291062689996451,0.05518938817543161,1780658,True,0.0009427012642320188
r2,raw,72,0.04977968396136939,0.05193316396165598,1779102,True,0.0009442511250239839
r2,raw,73,0.04734842308424601,0.04940403508594017,1777548,True,0.0009456208699499121
r2,raw,74,0.04799978866150503,0.0501052361730329,1775996,True,0.0009468583771464656
r2,raw,75,0.04714972270242346,0.0492266695304856,1774447,True,0.0009481284840218979
r2,raw,76,0.04607447927985558,0.04810661504733705,1772900,True,0.0009493523918091272
r2,raw,77,0.04548420060562058,0.04749265297930755,1771357,True,0.0009505196430405933
r2,raw,78,0.042199467987435936,0.04407315069057233,1769815,True,0.0009516558001270062
r2,raw,79,0.04287686777269132,0.04478397619669707,1768274,True,0.0009526326976919939
r2,raw,80,0.04560377609223567,0.0476299503838807,1766734,True,0.0009536401601212571
r2,raw,81,0.04323188629604986,0.04516023230786041,1765195,True,0.0009547785624107476
r2,raw,82,0.04438669858788568,0.04637532258402232,1763658,True,0.0009558004689608546
r2,raw,83,0.04972882701589037,0.051959595185105505,1762125,True,0.0009568765175327473
r2,raw,84,0.04527841801568737,0.047306136461075184,1760592,True,0.0009582254566429693
r2,raw,85,0.046584760517182924,0.04867774101563431,1759059,True,0.0009593423188263457
r2,raw,86,0.04482402517811284,0.04684287551558871,1757527,True,0.0009605231417037479
r2,raw,87,0.04385174823694416,0.04583991005723837,1755995,True,0.0009616150971227452
r2,raw,88,0.04351600100261864,0.045495416816653214,1754465,True,0.0009626590351121825
r2,raw,89,0.042914285563458006,0.04486811080608636,1752936,True,0.0009636859435224093
r2,raw,90,0.0459819814610154,0.048077856017662596,1751407,True,0.0009646836006955063
r2,raw,91,0.044953001239836414,0.04700960965740134,1749878,True,0.0009658277187298047
r2,raw,92,0.04289986560846122,0.04486645972305896,1748351,True,0.0009669199385383818
r2,raw,93,0.04175678824585656,0.04367516648086911,1746824,True,0.0009679135945798111
r2,raw,94,0.04394768225255346,0.04596969004493442,1745298,True,0.0009688540635474153
r2,raw,95,0.04127239400975709,0.04317421106008989,1743772,True,0.0009698947459890959
r2,raw,96,0.04201503663193365,0.04394951142010931,1742246,True,0.0009708116572420432
r2,raw,97,0.0386427256880119,0.0404167329131997,1740721,True,0.0009717609497481178
r2,raw,98,0.040642447637025764,0.04250915441646265,1739197,True,0.0009725632457780207
r2,raw,99,0.04034931420371009,0.042204843686309855,1737674,True,0.0009734499560656908
r2,raw,100,0.04158134916376778,0.04349478257625674,1736152,True,0.0009743231320329898
r2,raw,101,0.041519046634011854,0.04342348928234825,1734630,True,0.0009752495896005658
r2,raw,102,0.04061212050427966,0.0424784984374133,1733110,True,0.0009761723976432482
r2,raw,103,0.04003480376068994,0.041868800124069204,1731590,True,0.0009770545151724596
r2,raw,104,0.03861864343073415,0.04039100705883876,1730070,True,0.000977910969353013
r2,raw,105,0.040035796998447545,0.0418071904739692,1728551,True,0.0009787072309286494
r2,raw,106,0.044819567286547894,0.046803176824290055,1727034,True,0.000979562282508689
r2,raw,107,0.03944847879862068,0.040885140853724515,1725519,True,0.0009806328248217796
r2,raw,108,0.04051357705299637,0.04197470929766877,1724004,True,0.0009814613553049433
r2,raw,109,0.03835290478296788,0.0397360500322044,1722489,True,0.0009823344727516953
r2,raw,110,0.03965956805735186,0.0410995637854552,1720976,True,0.0009831162844720724
r2,raw,111,0.04029254899749294,0.04175365931000522,1719464,True,0.000983951588227903
r2,raw,112,0.03720988210501993,0.03856395517789859,1717952,True,0.0009848130252059259
r2,raw,113,0.03723060559219521,0.0385871109858732,1716440,True,0.000985547097441538
r2,raw,114,0.03611575745767618,0.037422234276328355,1714928,True,0.0009862814402953617
r2,raw,115,0.03781762920618407,0.03917989845171698,1713416,True,0.000986971963718124
r2,raw,116,0.036022574810427845,0.037324087157773765,1711904,True,0.000987728544282352
r2,raw,117,0.037818699756959576,0.0391688067906913,1710393,True,0.0009884145045238309
r2,raw,118,0.03769989557297058,0.03904878242074871,1708883,True,0.0009891700244978043
r2,raw,119,0.03762267111168284,0.038972889658446155,1707373,True,0.0009899202339177823
r2,raw,120,0.04197608853568631,0.04349101721001231,1705866,True,0.000990666808394338
r2,raw,121,0.041964946006234315,0.04348413356787381,1704359,True,0.0009915953698653203
r2,raw,122,0.03506274069469182,0.03633593207706522,1702852,True,0.0009925225703992322
r2,raw,123,0.03621947722240713,0.037536109271318605,1701347,True,0.00099316933713239
r2,raw,124,0.03699049355720689,0.03827650005170312,1699842,True,0.0009938590178918193
r2,raw,125,0.035465553111044906,0.036696108456143135,1698337,True,0.0009945778645560819
r2,raw,126,0.03830927134649175,0.03964294067634389,1696833,True,0.0009952382057040923
r2,raw,127,0.036859994842306905,0.03814706534543349,1695329,True,0.0009960081345877668
r2,raw,128,0.03468150616657513,0.03589331229603014,1693825,True,0.0009967203809247956
r2,raw,129,0.034455362487283724,0.03568802843827549,1692321,True,0.0009973505007268132
r2,raw,130,0.03656437217981707,0.037879882422180856,1690818,True,0.0009979720396879738
r2,raw,131,0.034704844962539096,0.035957585789585814,1689315,True,0.000998671532920251
r2,raw,132,0.03317619717290193,0.03437636258593028,1687814,True,0.0009993012688386948
r2,raw,133,0.033937973985783076,0.03517221588057956,1686315,True,0.000999876403621928
r2,raw,134,0.035495335764372214,0.036786844103811014,1684816,True,0.0010004778995889
r2,raw,135,0.034671966367346235,0.03595838810560202,1683318,True,0.0010011354517475693
r2,raw,136,0.03322293422393764,0.03445840010444198,1681823,True,0.0010017624494560898
r2,raw,137,0.03303383499812907,0.0342707758095598,1680328,True,0.001002337789169484
r2,raw,138,0.03290201786011847,0.03414717429126615,1678833,True,0.0010029062735948473
r2,raw,139,0.032669632956494325,0.03391351829958837,1677339,True,0.001003469911929267
r2,raw,140,0.03273471703620295,0.03398970363920337,1675847,True,0.0010040253067308755
r2,raw,141,0.03307233533104597,0.034341511028598795,1674355,True,0.001004582607743815
r2,raw,142,0.03464788090131459,0.03605902706943693,1672863,True,0.0010051511451172443
r2,raw,143,0.03231356674641426,0.033633196085835246,1671372,True,0.001005774772396118
r2,raw,144,0.032428628864363984,0.03393106688804876,1669881,True,0.001006316885437095
r2,raw,145,0.03517208239457812,0.03681363963057164,1668391,True,0.0010068625710484592
r2,raw,146,0.03960255030672722,0.04147998785990379,1666902,True,0.0010075041135797192
r2,raw,147,0.034078036904931656,0.03570188830529781,1665413,True,0.0010083168732883598
r2,raw,148,0.03309431105174085,0.03467961247892047,1663924,True,0.0010089182691455326
r2,raw,149,0.03487774766212288,0.03655495537546077,1662435,True,0.0010094851170462174
r2,raw,150,0.034940900804359694,0.036634486712700094,1660946,True,0.0010101143325840533
r2,raw,151,0.03707454582529802,0.038870439899017895,1659457,True,0.001010745434990804
r2,raw,152,0.035513941309022336,0.03724333616480384,1657968,True,0.0010114554952274325
r2,raw,153,0.03298284798033707,0.03459250278487329,1656479,True,0.0010121065972280856
r2,raw,154,0.03464784655925772,0.03633952172566213,1654990,True,0.0010126678615963558
r2,raw,155,0.03570061368810063,0.03744922186419023,1653501,True,0.0010132868614968293
r2,raw,156,0.03412215905689634,0.035795432646074994,1652012,True,0.00101394363564821
r2,raw,157,0.035799939348188536,0.03755941814541236,1650524,True,0.0010145432453104028
r2,raw,158,0.03380835430676364,0.035473457727655096,1649037,True,0.0010152028605555086
r2,raw,159,0.03571146937145427,0.037476736304694495,1647551,True,0.0010157907657823283
r2,raw,160,0.03652152890698474,0.038327542536066454,1646065,True,0.0010164463204091676
r2,raw,161,0.03391380355578288,0.03559398264034444,1644579,True,0.001017131500796788
r2,raw,162,0.041726481046801295,0.04379840086878094,1643093,True,0.0010177219569891755
r2,raw,163,0.03347507287323319,0.035139469252309936,1641607,True,0.001018615142495439
r2,raw,164,0.03668591128532232,0.03851106345475945,1640121,True,0.0010191895873133533
r2,raw,165,0.035123226323483456,0.03686551420084912,1638635,True,0.0010198790878202437
r2,raw,166,0.03851611608194484,0.04043254920236536,1637149,True,0.0010205106898034148
r2,raw,167,0.04470085054423329,0.046929693931717975,1635663,True,0.0010212696932825934
r2,raw,168,0.033592344731168136,0.035270352161870806,1634177,True,0.0010222911308452
r2,raw,169,0.03604538531884724,0.03785011114046025,1632691,True,0.0010228675274997633
r2,raw,170,0.05803524552436658,0.060937592035075046,1631206,True,0.0010235307771004575
r2,raw,171,0.03816898481694661,0.04008122901668306,1629722,True,0.0010252481174750907
r2,raw,172,0.03418077105013676,0.03590223711866849,1628238,True,0.0010259900645825499
r2,raw,173,0.03635483237521649,0.03819315613164782,1626754,True,0.0010265846750503167
r2,raw,174,0.03224803760598709,0.03388862150876315,1625270,True,0.0010272569163163872
r2,raw,175,0.03557584407075482,0.03739333890701257,1623786,True,0.001027785548503153
r2,raw,176,0.03535286274516155,0.03716367327927868,1622303,True,0.0010284285469347792
r2,raw,177,0.032015956378210794,0.03366227659708055,1620820,True,0.001029063116019143
r2,raw,178,0.03226654737660011,0.03393141998135155,1619337,True,0.0010295832545514567
r2,raw,179,0.03389556427980034,0.03567209883283068,1617854,True,0.0010301112984067464
r2,raw,180,0.034459841887454164,0.03640733143190795,1616371,True,0.0010306936920939508
r2,raw,181,0.03552770135637063,0.03754381614601864,1614888,True,0.0010312952923877666
r2,raw,182,0.032915161300463174,0.03478297075950892,1613405,True,0.0010319343712680326
r2,raw,183,0.03131226145239475,0.03309693602780221,1611923,True,0.0010324826007341924
r2,raw,184,0.03161297589317691,0.03341950750838292,1610441,True,0.0010329784842503674
r2,raw,185,0.0328672323560516,0.034748583509363294,1608959,True,0.00103348369329753
r2,raw,186,0.0317448285506668,0.0335640879620613,1607478,True,0.001034029508714452
r2,raw,187,0.0306220937698337,0.032364532067730815,1605997,True,0.0010345384222522635
r2,raw,188,0.03588667942187409,0.03800132235291466,1604517,True,0.0010350117496290378
r2,raw,189,0.03579127967718696,0.03791622801105968,1603037,True,0.0010356614644957372
r2,raw,190,0.03529573271835123,0.037419662854113675,1601557,True,0.0010363073254993323
r2,raw,191,0.03610359061373452,0.03825420380949432,1600078,True,0.001036935039982119
r2,raw,192,0.032246733324417375,0.03421322313941571,1598599,True,0.0010375914113604087
r2,raw,193,0.033588715914769356,0.0355986377842766,1597122,True,0.0010381147386711617
r2,raw,194,0.03245842698593915,0.03444494462890323,1595645,True,0.0010386822317648029
r2,raw,195,0.032227770369282246,0.034191467713382176,1594169,True,0.0010392118944066294
r2,raw,196,0.03135934834132627,0.03326062654995675,1592693,True,0.0010397337918837655
r2,raw,197,0.03174263701203848,0.03361415550466017,1591217,True,0.0010402277004785533
r2,raw,198,0.03244515001845853,0.03437551777024046,1589742,True,0.001040733513306951
r2,raw,199,0.034385916470554174,0.03643740636205585,1588267,True,0.0010412617002560547
r2,raw,200,0.03183628195901076,0.0337355903175691,1586792,True,0.0010418546467431226
r2,raw,201,0.03407057426672528,0.03609956835783212,1585319,True,0.0010423626535224747
r2,raw,202,0.031464440343566685,0.033344767397404024,1583846,True,0.0010429441629558433
r2,raw,203,0.031281620844340094,0.03315362181037948,1582373,True,0.0010434398568789412
r2,raw,204,0.03062547762952778,0.032479412735298516,1580900,True,0.0010439295759260667
r2,raw,205,0.030471084943166447,0.032322153691495506,1579428,True,0.0010443987508383422
r2,raw,206,0.03219057363788102,0.034135569626080005,1577956,True,0.0010448629996512885
r2,raw,207,0.03010861349262215,0.03192909535016151,1576484,True,0.001045380878640065
r2,raw,208,0.03352957342542138,0.0355682813133406,1575012,True,0.0010458337248423
r2,raw,209,0.029600685573433077,0.031419825599159595,1573540,True,0.0010463950502562983
r2,raw,210,0.030614749213861783,0.03250504282923951,1572068,True,0.0010468323255631937
r2,raw,211,0.03181458678650368,0.033783652547536694,1570596,True,0.001047299872415798
r2,raw,212,0.0320552932473518,0.034239256214057115,1569124,True,0.0010478045508184005
r2,raw,213,0.03143538550188822,0.03357619721152901,1567652,True,0.0010483166462934342
r2,raw,214,0.029906121089704245,0.031947799010358616,1566180,True,0.0010488088909065322
r2,raw,215,0.031197686057580526,0.033350409824265785,1564709,True,0.001049254208085449
r2,raw,216,0.03050598351417063,0.032610219678404606,1563238,True,0.0010497386052975728
r2,raw,217,0.03096527468982373,0.033106009428093136,1561768,True,0.001050201551966434
r2,raw,218,0.030828767296068895,0.03296098218413737,1560298,True,0.0010506783302559615
r2,raw,219,0.029415289230056544,0.031474355045060194,1558828,True,0.001051150700739497
r2,raw,220,0.031943043415781566,0.034187549692071516,1557358,True,0.0010515805639654701
r2,raw,221,0.03682006728655999,0.04089182526627906,1555888,True,0.0010520872550232958
r2,raw,222,0.030860303089947413,0.03428262637010896,1554418,True,0.0010527601020984888
r2,raw,223,0.03328468762251715,0.03697719673071752,1552948,True,0.0010532325036897833
r2,raw,224,0.030262778671995345,0.03362201519449585,1551479,True,0.001053781778030184
r2,raw,225,0.03424268451800603,0.03804857042981616,1550010,True,0.0010542356268710869
r2,raw,226,0.032098450920333144,0.03566441469720117,1548542,True,0.0010548164128631964
r2,raw,227,0.031797347023312605,0.035324001695505446,1547074,True,0.0010553264761938741
r2,raw,228,0.03248784465956513,0.03609414505370034,1545606,True,0.001055826775421499
r2,raw,229,0.02985365933344216,0.03316918490626859,1544139,True,0.0010563487863630187
r2,raw,230,0.032047454345440395,0.03560877752819299,1542672,True,0.0010567893768051464
r2,raw,231,0.0302419531212565,0.033603069781993705,1541205,True,0.0010572968723023945
r2,raw,232,0.03117511869135969,0.034642619600897706,1539738,True,0.0010577485907057311
r2,raw,233,0.03212156256705841,0.035695696920847196,1538271,True,0.0010582284049194357
r2,raw,234,0.030157608965657584,0.03351265692604336,1536804,True,0.0010587375567056299
r2,raw,235,0.02989158689849419,0.033217447249509445,1535337,True,0.0010591861484943869
r2,raw,236,0.030014229238723787,0.03335524986877636,1533870,True,0.0010596266761420798
r2,raw,237,0.03387523068043416,0.0376645272959813,1532404,True,0.001060070640759942
r2,raw,238,0.03995707992860314,0.04445662014867102,1530939,True,0.001060635905329984
r2,raw,239,0.0318637717536719,0.03545182420148291,1529475,True,0.0010614218610923818
r2,raw,240,0.03370470692051917,0.037591045671555454,1528012,True,0.001061921368557238
r2,raw,241,0.03366930413921438,0.037552718713198006,1526550,True,0.00106247998325818
r2,raw,242,0.03247220055142818,0.036219993669018534,1525089,True,0.0010630371324368184
r2,raw,243,0.029565797659867638,0.032981619617064646,1523628,True,0.0010635551053345973
r2,raw,244,0.030257336709125414,0.03375722542553652,1522168,True,0.0010639843149125004
r2,raw,245,0.031959073016825844,0.03565963520726907,1520708,True,0.0010644336520349163
r2,raw,246,0.030493305327706943,0.034027898839407815,1519250,True,0.0010649347300708647
r2,raw,247,0.031123198878695336,0.03473100327404546,1517792,True,0.001065390694405757
r2,raw,248,0.03278535523319695,0.03658932881728166,1516334,True,0.0010658654833748244
r2,raw,249,0.029125903783565568,0.032510020494303085,1514876,True,0.0010663920919672296
r2,raw,250,0.03003579159724742,0.03352793750660872,1513418,True,0.0010668075193741773
r2,raw,251,0.03443129106418109,0.03843738307008776,1511960,True,0.0010672491305346908
r2,raw,252,0.03008290647336826,0.03358474522648176,1510502,True,0.0010678291741189323
r2,raw,253,0.032357767007317656,0.036130664293736084,1509045,True,0.0010682717478565054
r2,raw,254,0.03120574544081369,0.034848380699013255,1507590,True,0.001068783558301956
r2,raw,255,0.03213554003010047,0.03589745842115739,1506135,True,0.001069259354015283
r2,raw,256,0.03472710106515699,0.03880964530988289,1504680,True,0.001069763694185369
r2,raw,257,0.03071979506063588,0.034336883019225224,1503225,True,0.0010703523582936737
r2,raw,258,0.033328492613660554,0.03726056392323725,1501770,True,0.0010708127784038546
r2,raw,259,0.03247224253584657,0.03630838336490133,1500315,True,0.0010713544621318496
r2,raw,260,0.027396318898525552,0.03063576589219622,1498860,True,0.0010718684170745944
r2,raw,261,0.02968533361589473,0.03319541539561055,1497405,True,0.001072234101697323
r2,raw,262,0.030240851855046377,0.03381732238512568,1495950,True,0.0010726632873221717
r2,raw,263,0.030784843995057872,0.03442779387735169,1494495,True,0.0010731085049272132
r2,raw,264,0.02914296135084566,0.03259202401191071,1493040,True,0.001073569689519019
r2,raw,265,0.03059696189938586,0.034219142033821655,1491585,True,0.0010739828239472455
r2,raw,266,0.03048745716280264,0.03409497714350057,1490130,True,0.0010744380269020243
r2,raw,267,0.029798476886645914,0.033326496020551905,1488675,True,0.0010748897866860903
r2,raw,268,0.030762404351024668,0.0344058418919718,1487221,True,0.0010753211814596667
r2,raw,269,0.031199521186297163,0.034898074769400766,1485767,True,0.0010757807469220675
r2,raw,270,0.02958535841176964,0.03309729933914181,1484313,True,0.001076253260777448
r2,raw,271,0.02964581048726673,0.03316512698164674,1482860,True,0.0010766779696479727
r2,raw,272,0.03462660176914536,0.03874107829883091,1481408,True,0.0010771042474216298
r2,raw,273,0.02660964352015324,0.02977649785806429,1479956,True,0.0010776855237789884
r2,raw,274,0.026441003734846116,0.029590021066312453,1478504,True,0.0010780286506700796
r2,raw,275,0.029601111827936285,0.03312963898834919,1477052,True,0.0010783673350597597
r2,raw,276,0.029862831118869,0.033426519563435,1475600,True,0.0010787916630789496
r2,raw,277,0.030975843045371904,0.03467504161167554,1474148,True,0.0010792233563837665
r2,raw,278,0.028144622888090887,0.03150458179199846,1472696,True,0.001079687635717217
r2,raw,279,0.028417281025285027,0.03181199966769091,1471244,True,0.0010800707722053058
r2,raw,280,0.028666056494924624,0.03209469365679392,1469792,True,0.0010804612282591666
r2,raw,281,0.02810381669116297,0.031468725074422714,1468341,True,0.001080858405839617
r2,raw,282,0.026825274325797073,0.03004200374866905,1466890,True,0.001081240018669684
r2,raw,283,0.026691057221923154,0.029892774055617802,1465439,True,0.0010815875822484267
r2,raw,284,0.03103213556250035,0.034757181929518315,1463989,True,0.0010819315665546744
r2,raw,285,0.02827304466827364,0.03167038253239608,1462539,True,0.001082396368655482
r2,raw,286,0.029873637410748766,0.033465390705755785,1461089,True,0.0010827820417037108
r2,raw,287,0.027801728235957734,0.031146532202313393,1459639,True,0.0010832124559935728
r2,raw,288,0.029856084556803587,0.033450925127735814,1458189,True,0.0010835850990817766
r2,raw,289,0.027933075104525293,0.03129714963073959,1456739,True,0.0010840146893395025
r2,raw,290,0.029310996937279624,0.03284379241139772,1455289,True,0.0010843905828805131
r2,raw,291,0.0284493929620046,0.031879307185606755,1453839,True,0.0010848043256559824
r2,raw,292,0.028160338722769237,0.03156745793028198,1452389,True,0.0010851939574943745
r2,raw,293,0.025507391660666547,0.028593677001588023,1450939,True,0.0010855755763726487
r2,raw,294,0.0261852588328731,0.02935147333255304,1449489,True,0.0010858885784763188
r2,raw,295,0.026800704741580476,0.03002385838918586,1448039,True,0.0010862183402899459
r2,raw,296,0.026252746086833156,0.029399131915914263,1446589,True,0.0010865636780674546
r2,raw,297,0.027230788346724762,0.03049974357866825,1445140,True,0.0010868949357208638
r2,raw,298,0.029257251375621327,0.03276781065415799,1443692,True,0.001087251222340315
r2,raw,299,0.028225797847323875,0.03161760033417889,1442244,True,0.0010876623653014764
r2,raw,300,0.029203531283728643,0.032718775584718016,1440798,True,0.001088044890292163
r2,raw,301,0.026168125173212344,0.029317042653423744,1439352,True,0.0010884542264070565
r2,raw,302,0.026801683432693894,0.030035117277174818,1437906,True,0.0010887827808385
r2,raw,303,0.027285483171671156,0.03057968580076138,1436460,True,0.0010891273306486246
r2,raw,304,0.029574193133340494,0.033148058918387555,1435014,True,0.0010894843167400935
r2,raw,305,0.029232119508198554,0.03276743835492093,1433568,True,0.0010899035532527233
r2,raw,306,0.02676137673435314,0.030001916296063188,1432122,True,0.0010903129918678944
r2,raw,307,0.026271859537320565,0.02945587841419793,1430676,True,0.001090656024335625
r2,raw,308,0.02678588738646071,0.030013840409831027,1429230,True,0.00109098652006536
r2,raw,309,0.02738922724542523,0.03069567170556644,1427784,True,0.0010913299689915426
r2,raw,310,0.025009998444646565,0.02802707424931263,1426338,True,0.0010916889486822852
r2,raw,311,0.028342877704629985,0.03176604488557748,1424892,True,0.001091988179778608
r2,raw,312,0.0318126672520546,0.03565610350010698,1423447,True,0.0010923723567987328
r2,raw,313,0.027683400138384356,0.031030563200627772,1422002,True,0.0010928561626602463
r2,raw,314,0.031357445522635564,0.03514946513392514,1420557,True,0.0010932223816987577
r2,raw,315,0.026419849086946105,0.029621308723827892,1419112,True,0.001093692078255442
r2,raw,316,0.027989097034382,0.031383635541059676,1417667,True,0.0010940253797432529
r2,raw,317,0.027297920461361883,0.030606263419459778,1416223,True,0.0010943993301288737
r2,raw,318,0.02879250484135639,0.03228350051503145,1414779,True,0.001094754920984422
r2,raw,319,0.02869248811299571,0.03217733612898108,1413336,True,0.0010951503799098358
r2,raw,320,0.029640744062052166,0.03324070197645573,1411895,True,0.0010955429549226665
r2,raw,321,0.028100595728170624,0.031513400601064785,1410454,True,0.0010959617519735014
r2,raw,322,0.02678332639689522,0.0300430111636901,1409013,True,0.0010963380214027802
r2,raw,323,0.027718510150835277,0.031094006885548243,1407573,True,0.0010966797290519082
r2,raw,324,0.026567559028442263,0.02980570823906746,1406133,True,0.0010970455978195437
r2,raw,325,0.027873539145917416,0.031274467401735256,1404693,True,0.0010973816060763585
r2,raw,326,0.02898301480416632,0.03252215728387674,1403253,True,0.0010977513416365397
r2,raw,327,0.027928427248662797,0.031350952201644376,1401814,True,0.0010981509567673281
r2,raw,328,0.02862133740329272,0.03213468639181939,1400375,True,0.0010985218897036225
r2,raw,329,0.027846677767746228,0.03127010852467429,1398936,True,0.0010989113220150682
r2,raw,330,0.03305566438209743,0.037129333956009876,1397497,True,0.0010992798319005553
r2,raw,331,0.028147341021979775,0.031619871445950624,1396059,True,0.0010997988934077804
r2,raw,332,0.02799245470793015,0.03145444588424527,1394621,True,0.0011001750988058044
r2,raw,333,0.027577892796086526,0.03100616988365219,1393183,True,0.001100547048815136
r2,raw,334,0.026043401358692323,0.02928575845704009,1391746,True,0.0011009079432348183
r2,raw,335,0.026923052468298132,0.030290573937913085,1390309,True,0.0011012296933922967
r2,raw,336,0.026393479710938767,0.029708580547471518,1388873,True,0.0011015734418267213
r2,raw,337,0.02814289244938291,0.0316836912433881,1387438,True,0.0011019036992383194
r2,raw,338,0.02569038581807763,0.028924513914326926,1386003,True,0.0011022790676122932
r2,raw,339,0.029048105939895656,0.03273138670703264,1384568,True,0.0011025917662002812
r2,raw,340,0.027756750912724937,0.03132470111415271,1383133,True,0.0011029914163846388
r2,raw,341,0.026439896979261048,0.029839689734482592,1381698,True,0.0011033561964852046
r2,raw,342,0.025382886286109376,0.028650765861655464,1380263,True,0.001103687081034124
r2,raw,343,0.024644478975176447,0.027825175622101465,1378828,True,0.0011039919504756918
r2,raw,344,0.026113554517817078,0.029486832737235836,1377394,True,0.001104279263087647
r2,raw,345,0.02846765413924088,0.03214936662028942,1375960,True,0.0011046017614230632
r2,raw,346,0.023684179100359685,0.026965791472261417,1374526,True,0.0011049849037575536
r2,raw,347,0.02546876916144203,0.029000067736910405,1373093,True,0.001105250025933063
r2,raw,348,0.027393597332806618,0.031193021300985325,1371660,True,0.0011055565277057785
r2,raw,349,0.029407473941758806,0.03349304482750938,1370227,True,0.001105911002523388
r2,raw,350,0.02883120778864102,0.03284236627074333,1368794,True,0.0011063193716586454
r2,raw,351,0.027306563688639915,0.031111886711213878,1367362,True,0.0011067117508522595
r2,raw,352,0.026820548453821993,0.03056134910282987,1365930,True,0.0011070636096160399
r2,raw,353,0.025605741482460878,0.029182908789637044,1364499,True,0.0011074029487932525
r2,raw,354,0.030292880627259555,0.03453059803659543,1363069,True,0.0011077121535985773
r2,raw,355,0.026575044642641408,0.030302001764198148,1361639,True,0.001108144774253992
r2,raw,356,0.028206056419397697,0.032164444704241485,1360209,True,0.0011084776055158181
r2,raw,357,0.02484773473644376,0.02834250304919905,1358779,True,0.0011088524250540575
r2,raw,358,0.02704905192615176,0.030863787497794035,1357349,True,0.0011091432159031263
r2,raw,359,0.027584349976563026,0.03140239295693204,1355919,True,0.001109487714019566
r2,raw,360,0.02758557883609935,0.03140546522605173,1354489,True,0.0011098458687926755
r2,raw,361,0.02783750252564874,0.031678203486895505,1353059,True,0.001110203939920354
r2,raw,362,0.025593065293985657,0.029123733669861693,1351629,True,0.00111056846239236
r2,raw,363,0.025289288249801034,0.02876039973401401,1350199,True,0.001110876480944382
r2,raw,364,0.026564182898652068,0.030212142447048847,1348769,True,0.0011111771484512277
r2,raw,365,0.02533917459097194,0.028811481042703844,1347340,True,0.001111508800465395
r2,raw,366,0.02437520323250863,0.027729167726345517,1345911,True,0.0011118104835171198
r2,raw,367,0.028380182636419865,0.032301589650922974,1344482,True,0.0011120895765813284
r2,raw,368,0.028548769065550907,0.03248239276434099,1343053,True,0.001112467805367405
r2,raw,369,0.02507943371060894,0.028561910195151467,1341624,True,0.001112850410218223
r2,raw,370,0.023952323829848448,0.027324120865534558,1340196,True,0.0011131455847568038
r2,raw,371,0.025061950571522853,0.02859374074406721,1338768,True,0.0011134147559995905
r2,raw,372,0.024430784851053416,0.02785134829373265,1337341,True,0.0011137093698332426
r2,raw,373,0.02794816878869525,0.031868472952580384,1335914,True,0.001113989259084528
r2,raw,374,0.02628837059543098,0.029983269319619844,1334487,True,0.0011143554370127214
r2,raw,375,0.02383503993638202,0.027899828320452635,1333060,True,0.0011146793126777352
r2,raw,376,0.02530000236780907,0.029614974670655495,1331633,True,0.0011149454880076692
r2,raw,377,0.028120758999779602,0.03293342662025338,1330206,True,0.0011152453123732004
r2,raw,378,0.027924662899090517,0.032718633171450975,1328780,True,0.0011156156086971698
r2,raw,379,0.046388000935833576,0.054368568398266544,1327356,True,0.0011159806382912943
r2,raw,380,0.0304649550798673,0.03572869546053836,1325933,True,0.0011169873303458941
r2,raw,381,0.02551192824215772,0.029962993441819945,1324510,True,0.001117421246994991
r2,raw,382,0.024514145580001798,0.02881478936391532,1323087,True,0.0011177254393948367
r2,raw,383,0.023678322579471906,0.0278513467484729,1321664,True,0.0011180062294116533
r2,raw,384,0.022776570285000783,0.026822774512887507,1320241,True,0.0011182681349004493
r2,raw,385,0.02523860917536282,0.029738421546074503,1318819,True,0.0011185104170881206
r2,raw,386,0.025487348955743207,0.030122726681911065,1317399,True,0.0011188078375821444
r2,raw,387,0.023447371530470995,0.027699140707925663,1315979,True,0.0011191110680281097
r2,raw,388,0.03083167061190982,0.036449053050208395,1314559,True,0.0011193676364379867
r2,raw,389,0.02522664207754421,0.029839693903380135,1313140,True,0.0011198111155512414
r2,raw,390,0.020635899535428354,0.02443241029986068,1311722,True,0.0011201079090557783
r2,raw,391,0.0225858724772995,0.0267569854125321,1310304,True,0.0011203064665478723
r2,raw,392,0.019369033591972565,0.02297448819498792,1308886,True,0.0011205442757374882
r2,raw,393,0.019209728828993713,0.022792279719319037,1307468,True,0.0011207191358779968
r2,raw,394,0.018320287255782088,0.021743584307324315,1306050,True,0.0011208911048860514
r2,raw,395,0.02074005379225662,0.024629048792846577,1304632,True,0.001121047494772137
r2,raw,396,0.02154685302768469,0.025599970754659668,1303214,True,0.001121247893404308
r2,raw,397,0.01817627738398644,0.021613664059828716,1301796,True,0.0011214641463360023
r2,raw,398,0.017875119114347936,0.02127187069496154,1300378,True,0.0011216180087432364
r2,raw,399,0.019120629204396847,0.022766450883569125,1298960,True,0.001121766794697588
r2,raw,400,0.016906021292277182,0.020186479952521017,1297542,True,0.0011219370131563076
r2,raw,401,0.01721194313038172,0.020561483900736054,1296124,True,0.001122070066692116
r2,raw,402,0.016503382303625583,0.019990803189014986,1294706,True,0.0011222079624692643
r2,raw,403,0.01675188212253351,0.020343558801124904,1293288,True,0.001122334723531889
r2,raw,404,0.01678282354197498,0.020426787964960127,1291870,True,0.0011224653157730568
r2,raw,405,0.016534150989554196,0.02018393505646009,1290453,True,0.0011225963756020673
r2,raw,406,0.020316507010459596,0.024810606153755438,1289036,True,0.0011227235657243252
r2,raw,407,0.01693803663533306,0.02079410467577695,1287619,True,0.001122915576647114
r2,raw,408,0.01767422060567418,0.021708253944570093,1286203,True,0.0011230490181884242
r2,raw,409,0.015561397444178676,0.019136798279784966,1284787,True,0.0011231942934164002
r2,raw,410,0.01834236531112728,0.02281299278502441,1283371,True,0.0011233068985930259
r2,raw,411,0.015866841310434716,0.01975652762570836,1281955,True,0.0011234633285179564
r2,raw,412,0.015665404523418552,0.01950958666285268,1280541,True,0.001123580369311594
r2,raw,413,0.015419760783646153,0.01920909489293065,1279127,True,0.0011236944454635605
r2,raw,414,0.01614403285067598,0.0201147915107861,1277713,True,0.0011238049610433763
r2,raw,415,0.017697166607479105,0.02205579295925523,1276299,True,0.001123926089878251
r2,raw,416,0.01575201550379566,0.0196360936762194,1274885,True,0.0011240716288936582
r2,raw,417,0.017126101692287118,0.02135257747157495,1273471,True,0.0011241869194745756
r2,raw,418,0.02026040751364361,0.025270314294239593,1272057,True,0.0011243231862606033
r2,raw,419,0.01663486756790521,0.020755569197796735,1270643,True,0.001124513866717645
r2,raw,420,0.018540725942482197,0.02318757472650595,1269230,True,0.001124642391502771
r2,raw,421,0.01602208535194922,0.020038361224238983,1267817,True,0.0011248020330840208
r2,raw,422,0.016783682157793592,0.020992257688027493,1266404,True,0.0011249212332340012
r2,raw,423,0.018763053410537404,0.023466683872643425,1264991,True,0.0011250520203481558
r2,raw,424,0.016606548235290102,0.020774984274509866,1263578,True,0.0011252154537070734
r2,raw,425,0.016151702534391806,0.02021345302482603,1262165,True,0.0011253434614310839
r2,raw,426,0.015757141118682226,0.01972149913136718,1260752,True,0.0011254645396390848
r2,raw,427,0.015419258842451296,0.01930292709629617,1259339,True,0.0011255797624925995
r2,raw,428,0.016359633898418574,0.0204858293240774,1257926,True,0.0011256900857973856
r2,raw,429,0.018422010867908147,0.023075174477475126,1256514,True,0.0011258142630911315
r2,raw,430,0.015457782983418728,0.019359452183097408,1255103,True,0.00112597170298195
r2,raw,431,0.01592457733946706,0.01995144458718672,1253692,True,0.0011260825396303554
r2,raw,432,0.01681545636489441,0.021075429487138402,1252282,True,0.001126200159514591
r2,raw,433,0.0172424456069266,0.02161940645813059,1250872,True,0.0011263312932017274
r2,raw,434,0.016570383302111216,0.020784784005302245,1249462,True,0.00112646915464638
r2,raw,435,0.014987220969517007,0.01881578020780518,1248052,True,0.0011265964636409966
r2,raw,436,0.01639444297436438,0.020590145134716506,1246642,True,0.0011267005974107266
r2,raw,437,0.015108605520761424,0.018984067279829892,1245232,True,0.0011268251918380044
r2,raw,438,0.01575399300966277,0.019804063012496025,1243822,True,0.0011269309976809322
r2,raw,439,0.01705198730412213,0.021451826061241793,1242412,True,0.0011270460246382784
r2,raw,440,0.020641459497891108,0.02598457097344776,1241002,True,0.0011271807719820618
r2,raw,441,0.015632426273899592,0.019687800777021536,1239592,True,0.0011273781901082996
r2,raw,442,0.01663033700601081,0.020963024239250387,1238182,True,0.0011274914038561447
r2,raw,443,0.016383726829806076,0.020669694750838113,1236772,True,0.0011276195194550832
r2,raw,444,0.01666614462864442,0.021037205045003525,1235362,True,0.0011277438496726713
r2,raw,445,0.01711547029875201,0.021630102414565172,1233952,True,0.0011278724887393904
r2,raw,446,0.017487368042845,0.02210876585460941,1232542,True,0.001128008141731896
r2,raw,447,0.017130852422974244,0.021675911157567285,1231132,True,0.0011281497365088287
r2,raw,448,0.015135740713826151,0.019175027289039304,1229722,True,0.0011282856000328027
r2,raw,449,0.01605884048644933,0.020367077400584487,1228312,True,0.0011283916488252998
r2,raw,450,0.01754501722597099,0.02227374454000003,1226902,True,0.0011285110155724004
r2,raw,451,0.01573636730826363,0.019977550262362843,1225492,True,0.0011286534818925782
r2,raw,452,0.014865753604741619,0.018872702328588824,1224082,True,0.0011287680764837508
r2,raw,453,0.016172125953445582,0.020532560543654314,1222672,True,0.0011288703321293784
r2,raw,454,0.017822188037467372,0.02262812719202072,1221262,True,0.0011289913375202873
r2,raw,455,0.01603905558570281,0.020366085006001764,1219852,True,0.0011291382778452971
r2,raw,456,0.014506079861404649,0.018419731474908344,1218442,True,0.0011292572719361809
r2,raw,457,0.013800713278060267,0.01752429956926794,1217032,True,0.001129354597368555
r2,raw,458,0.014711336935390841,0.018684067735145977,1215623,True,0.001129442680679365
r2,raw,459,0.016039073251377104,0.020370576232416202,1214214,True,0.0011295427633007033
r2,raw,460,0.015580177069599199,0.019785633741293638,1212805,True,0.0011296617150467084
r2,raw,461,0.013507694717207988,0.01715477454223691,1211397,True,0.0011297739459915053
r2,raw,462,0.01601438242104568,0.02033992571437012,1209989,True,0.0011298582974371258
r2,raw,463,0.014525270319941665,0.01845292331227017,1208581,True,0.001129976850137589
r2,raw,464,0.01470712331970951,0.01868851126295679,1207173,True,0.00113007437110137
r2,raw,465,0.015829940764048943,0.020198510756040858,1205765,True,0.0011301743404948785
r2,raw,466,0.015471658210385989,0.01973409402054362,1204357,True,0.0011302901458681664
r2,raw,467,0.014930951889440373,0.019044750768339964,1202949,True,0.00113040075738765
r2,raw,468,0.01487162579868096,0.018973155332591977,1201541,True,0.0011305037629291868
r2,raw,469,0.015427087111824098,0.01968079204164982,1200133,True,0.0011306059422670073
r2,raw,470,0.0153891130118782,0.01963288717262719,1198725,True,0.0011307158867163128
r2,raw,471,0.0147074556734693,0.01876527456994073,1197317,True,0.0011308252799599895
r2,raw,472,0.013029993020112578,0.016621491307112417,1195909,True,0.001130925187491171
r2,raw,473,0.013060395190872159,0.016659769086184703,1194501,True,0.001131003598539134
r2,raw,474,0.015641516404791608,0.019952574709072614,1193093,True,0.0011310823704444844
r2,raw,475,0.01263587450556766,0.016147513809449926,1191685,True,0.001131195344732035
r2,raw,476,0.013393759689679315,0.017115993860579923,1190277,True,0.0011312690666577846
r2,raw,477,0.013386485758807807,0.017107317872972563,1188870,True,0.0011313518915766728
r2,raw,478,0.014590449518455853,0.018660117053160657,1187463,True,0.0011314346205050854
r2,raw,479,0.013853697534245767,0.017723771641622657,1186056,True,0.0011315328918376502
r2,raw,480,0.013845333013689336,0.017716381285607926,1184649,True,0.0011316214819074295
r2,raw,481,0.01421923113767626,0.01819408748517987,1183242,True,0.0011317099581102461
r2,raw,482,0.01332025016285824,0.017043943480225376,1181835,True,0.0011318032700055132
r2,raw,483,0.01305806994486353,0.01670904466921625,1180429,True,0.001131885149647116
r2,raw,484,0.013741268767029795,0.017628444042200268,1179023,True,0.0011319638321829987
r2,raw,485,0.012832336429519121,0.016462658634468726,1177617,True,0.0011320509570701208
r2,raw,486,0.012387230442647564,0.015894226520046,1176212,True,0.0011321269317272915
r2,raw,487,0.01201721218379752,0.015419618539803595,1174807,True,0.0011321977226475966
r2,raw,488,0.011900914184488721,0.015270588285010368,1173402,True,0.001132264343506683
r2,raw,489,0.013216137441891308,0.016958918093850202,1171997,True,0.0011323296773355362
r2,raw,490,0.013088200245546673,0.016795025871925377,1170592,True,0.0011324102445923558
r2,raw,491,0.01394052441920107,0.017919170588201097,1169187,True,0.0011324892539891181
r2,raw,492,0.011427842502081637,0.014692849360690216,1167782,True,0.0011325788822092214
r2,raw,493,0.014203272854697904,0.018262955062098317,1166377,True,0.0011326391085268348
r2,raw,494,0.012769335793497734,0.01642391374109459,1164973,True,0.001132732134730248
r2,raw,495,0.01153000516924431,0.01484028980261309,1163569,True,0.001132807320007437
r2,raw,496,0.01174760050101589,0.015117975051414885,1162166,True,0.0011328686155695036
r2,raw,497,0.012059672255296269,0.015519844035240848,1160763,True,0.0011329322430052246
r2,raw,498,0.012581529224073485,0.016193214623472132,1159360,True,0.0011329992919653228
r2,raw,499,0.01246848718622503,0.0160477646419003,1157957,True,0.0011330722647738601
r2,raw,500,0.01186351937849085,0.01526978485997712,1156554,True,0.0011331439276126567
r2,raw,501,0.01234616405528028,0.015891787751913748,1155151,True,0.0011332088011239015
r2,raw,502,0.012338005076311675,0.015882120856331314,1153748,True,0.001133279056329668
r2,raw,503,0.012303173518844877,0.0158382737803501,1152345,True,0.0011333492143632
r2,raw,504,0.01264466085164668,0.01627669625564423,1150942,True,0.0011334189725219748
r2,raw,505,0.012707791262962632,0.016361916336940077,1149539,True,0.0011334926521799195
r2,raw,506,0.011990948676499932,0.015442273175880847,1148136,True,0.0011335670645272798
r2,raw,507,0.011829919078535454,0.015236898120903062,1146733,True,0.0011336333143930142
r2,raw,508,0.01239636541301406,0.015991853682213272,1145331,True,0.0011336977931150106
r2,raw,509,0.012098398439534018,0.015616278860455194,1143929,True,0.001133768590253068
r2,raw,510,0.03587103869117949,0.13187995724387816,1142527,True,0.0011338360207335874
r2,raw,511,0.04003242684557951,0.16113289780667142,1141126,True,0.0011344286212171188
r2,raw,512,0.04130295474018256,0.16715761168076426,1139725,True,0.001135166259271969
r2,raw,513,0.0391376954316458,0.1584206214066238,1138324,True,0.0011359509355386881
r2,raw,514,0.038696885298122756,0.1567129121481843,1136923,True,0.0011366550352639073
r2,raw,515,0.03940577009960743,0.15961987084144713,1135522,True,0.0011373429423227964
r2,raw,516,0.037707617961344204,0.15281270097964564,1134122,True,0.0011380558444917318
r2,raw,517,0.042340494700061904,0.17159645303823132,1132722,True,0.0011387082355280563
r2,raw,518,0.04277873346805386,0.17337648473207634,1131322,True,0.0011395302519451285
r2,raw,519,0.03776059468438513,0.153210797150157,1129922,True,0.0011403687615736415
r2,raw,520,0.03920455247079617,0.1591749476419186,1128522,True,0.0011410216603525995
r2,raw,521,0.03678693795072742,0.1494359585287559,1127122,True,0.0011417250291515608
r2,raw,522,0.03624959591221311,0.14744115325505164,1125722,True,0.0011423439653467443
r2,raw,523,0.038852955693292016,0.1581261041718553,1124322,True,0.0011429446314250046
r2,raw,524,0.03921226724702363,0.1596318422540753,1122922,True,0.0011436342830296084
r2,raw,525,0.0422905705094164,0.17230501885990684,1121522,True,0.0011443363221071302
r2,raw,526,0.03970009024668497,0.16177211061379212,1120122,True,0.0011451523714217854
r2,raw,527,0.03812316797164547,0.15536523879978145,1118722,True,0.0011458710277974734
r2,raw,528,0.038627644173225326,0.1574638796521487,1117322,True,0.0011465333275000546
r2,raw,529,0.0382186069109555,0.15587881131850984,1115922,True,0.001147212873564601
r2,raw,530,0.041386680454448634,0.16885331446910345,1114522,True,0.0011478777144102127
r2,raw,531,0.04295201514887266,0.17528356565445902,1113122,True,0.0011486568553416517
r2,raw,532,0.038392226613249855,0.15677950794270376,1111722,True,0.0011494954577382112
r2,raw,533,0.035235124941287825,0.1444760003123235,1110322,True,0.0011501650195858322
r2,raw,534,0.04025064329393634,0.16504624497337814,1108922,True,0.0011507286869562575
r2,raw,535,0.03842951018797061,0.15765587091998906,1107522,True,0.0011514638299680536
r2,raw,536,0.037672456102390686,0.15458101909154315,1106122,True,0.001152133546381324
r2,raw,537,0.03971917542415647,0.1630134008540614,1104722,True,0.0011527767695201777
r2,raw,538,0.04244073266303808,0.17422678561991364,1103322,True,0.001153491362046261
r2,raw,539,0.04263224199295301,0.17507551689188627,1101922,True,0.0011543066964370707
r2,raw,540,0.04632342626138036,0.19013636845532209,1100522,True,0.001155128822324423
r2,raw,541,0.04018981438506901,0.16504895834782296,1099122,True,0.0011560987212165521
r2,raw,542,0.03737560851078502,0.1528717874457069,1097723,True,0.001156828242390344
r2,raw,543,0.03639430267003478,0.14892588123389344,1096324,True,0.0011574588034386375
r2,raw,544,0.03909302678626339,0.15997311238619524,1094925,True,0.0011580563709715501
r2,raw,545,0.03799041298361798,0.15566454862604212,1093526,True,0.0011587454634752396
r2,raw,546,0.039045990565553704,0.1600991020879274,1092127,True,0.0011593958565987055
r2,raw,547,0.035737651504406075,0.1465489519801878,1090728,True,0.0011600824986319938
r2,raw,548,0.034109294415584225,0.13988053177084964,1089329,True,0.0011606574000368047
r2,raw,549,0.03657448613890328,0.1500686828054367,1087930,True,0.0011611808574180911
r2,raw,550,0.0356930760681561,0.1465240369230722,1086531,True,0.0011617824215606274
r2,raw,551,0.03857177584101893,0.15812331493750945,1085132,True,0.0011623550513823976
r2,raw,552,0.03757492571918646,0.15416390919473555,1083733,True,0.001163023415985579
r2,raw,553,0.035395426221836515,0.14529459079931117,1082334,True,0.0011636573255230953
r2,raw,554,0.03576270886206786,0.1468814757109916,1080935,True,0.001164219540108285
r2,raw,555,0.03837461267977867,0.1577057289341867,1079537,True,0.0011647932030152412
r2,raw,556,0.03697326686071362,0.15197478469755688,1078139,True,0.0011654533702289906
r2,raw,557,0.03394389102749207,0.13953245924308957,1076741,True,0.0011660658679359462
r2,raw,558,0.03771606715941618,0.15505327091074125,1075343,True,0.0011665818586803747
r2,raw,559,0.033088757903449714,0.13610954141642193,1073945,True,0.0011672185910098208
r2,raw,560,0.03260162916826446,0.13396297960531783,1072547,True,0.0011677084323534837
r2,raw,561,0.03179305798868918,0.13072243328655123,1071149,True,0.001168183760608453
r2,raw,562,0.03491435295790376,0.14357637870843495,1069751,True,0.0011686356241246006
r2,raw,563,0.032564795612961606,0.13397988702364388,1068354,True,0.0011691803343108287
r2,raw,564,0.03341962223815438,0.1374925270087019,1066957,True,0.001169653992525701
r2,raw,565,0.03403688769354568,0.1400486635830276,1065560,True,0.0011701526369021214
r2,raw,566,0.030205337999843828,0.12429524271677388,1064163,True,0.001170669647040925
r2,raw,567,0.03327871139511242,0.13694048847263934,1062766,True,0.0011710766479485003
r2,raw,568,0.035355326372378516,0.14560176230451752,1061369,True,0.0011715704966809605
r2,raw,569,0.03284460856362478,0.13529339632540324,1059972,True,0.0011721276514395753
r2,raw,570,0.033482522134396335,0.13796692189518694,1058575,True,0.001172608271687639
r2,raw,571,0.031442239855645544,0.12959452953002484,1057178,True,0.0011731075339665121
r2,raw,572,0.03126640753725572,0.12926913336309756,1055781,True,0.001173547628016673
r2,raw,573,0.03158218305838795,0.13061423681933293,1054384,True,0.0011739826513839163
r2,raw,574,0.03259878340615158,0.13490621036129766,1052987,True,0.0011744263400941754
r2,raw,575,0.03488489351027479,0.14444819446989882,1051590,True,0.0011748988680047182
r2,raw,576,0.03266190974368863,0.13526935154376912,1050193,True,0.0011754397620299191
r2,raw,577,0.035522181171398215,0.1470942637084091,1048796,True,0.0011759137125975047
r2,raw,578,0.03309685301781096,0.13715486167170723,1047399,True,0.0011764740610231254
r2,raw,579,0.030279049500736222,0.12549108375699364,1046002,True,0.0011769602880936732
r2,raw,580,0.02982201631514483,0.12364994043247819,1044605,True,0.0011773670923068895
r2,raw,581,0.03093617261447761,0.12833845557656398,1043208,True,0.0011777615743037407
r2,raw,582,0.0319861125666037,0.13271017731668378,1041811,True,0.001178185935215799
r2,raw,583,0.03036555675929151,0.12621368867753882,1040414,True,0.001178639420648096
r2,raw,584,0.03134100071815065,0.1302921147035418,1039017,True,0.001179047969595386
r2,raw,585,0.0331325813309589,0.1377752355926557,1037621,True,0.0011794830323939953
r2,raw,586,0.03529382744851454,0.14677364099906284,1036225,True,0.0011799690670086932
r2,raw,587,0.03216278550208422,0.133766403590889,1034829,True,0.0011805203356402792
r2,raw,588,0.032614021370849386,0.13565313245570468,1033433,True,0.001180977937200096
r2,raw,589,0.030806864181142493,0.1282511643326595,1032037,True,0.0011814482840808585
r2,raw,590,0.031399492699392254,0.13076485988054154,1030641,True,0.0011818677928062096
r2,raw,591,0.03000800784183393,0.12500266708757699,1029245,True,0.0011823034392310664
r2,raw,592,0.035254180635629274,0.14694449594908995,1027849,True,0.0011827011891995865
r2,raw,593,0.03150397148345891,0.13136271668963662,1026453,True,0.0011832499502755988
r2,raw,594,0.030474620436421674,0.12713661638912901,1025057,True,0.0011836879880465347
r2,raw,595,0.0345074228071945,0.14398769098596348,1023661,True,0.0011840977220760576
r2,raw,596,0.032547815443579736,0.13585863784588242,1022266,True,0.0011846228668344378
r2,raw,597,0.03560358278383611,0.14867339046213068,1020871,True,0.0011850898656801867
r2,raw,598,0.04121369873983457,0.1724157719944004,1019476,True,0.0011856484279692476
r2,raw,599,0.040483376217417065,0.1694987509153516,1018081,True,0.0011863964736133325
r2,raw,600,0.04131109829255906,0.18264231249107657,1016686,True,0.00118711779601759
r2,adjusted,1,0.29250463005892646,0.2907387993603909,1911434,True,0.0007227180676124741
r2,adjusted,2,0.26321971820243983,0.26302550049716766,1908553,True,0.0007821124958953408
r2,adjusted,3,0.228090585361309,0.22470258188187006,1905799,True,0.0008270898599609233
r2,adjusted,4,0.20699703004374553,0.20552197525364915,1903157,True,0.000859316884429476
r2,adjusted,5,0.21439229444935848,0.21513712026583587,1900601,True,0.0008849780354388594
r2,adjusted,6,0.2120126524347163,0.21271737937576557,1898109,True,0.0009117028812979705
r2,adjusted,7,0.21895917664384346,0.2200631154457859,1895659,True,0.0009371009414861683
r2,adjusted,8,0.21767687027501859,0.2185833070853011,1893253,True,0.0009634529626496369
r2,adjusted,9,0.2086256150632889,0.20926119551431768,1890880,True,0.000988807438885948
r2,adjusted,10,0.1808137037641992,0.18079504325218132,1888548,True,0.00101153737500735
r2,adjusted,11,0.18803265577235598,0.188080270100229,1886238,True,0.0010282805991036687
r2,adjusted,12,0.18064169569632318,0.1804049446215889,1883955,True,0.0010460858826223899
r2,adjusted,13,0.18561628497520033,0.18549592897391698,1881700,True,0.0010622541383514727
r2,adjusted,14,0.19451505159508495,0.1944037176770842,1879471,True,0.0010790622579511491
r2,adjusted,15,0.1855577385654063,0.18540857033529956,1877263,True,0.001097224029955036
r2,adjusted,16,0.19230286848632147,0.19043494799715294,1875074,True,0.0011134942177511947
r2,adjusted,17,0.187103668712953,0.1851403154736585,1872908,True,0.0011307080413974105
r2,adjusted,18,0.17653477285467048,0.17500517924799616,1870754,True,0.0011467655835184767
r2,adjusted,19,0.18077590533801643,0.17916871742592608,1868620,True,0.001160873421867897
r2,adjusted,20,0.17368621640188692,0.17250388465927566,1866492,True,0.0011754854118112012
r2,adjusted,21,0.17905124240600853,0.17829779117978165,1864375,True,0.0011888143633167311
r2,adjusted,22,0.17625952960083352,0.17555915851666754,1862266,True,0.0012028175909948172
r2,adjusted,23,0.16813114395581696,0.16813281772744687,1860165,True,0.0012162337423394117
r2,adjusted,24,0.16121802048453818,0.16149427902717087,1858073,True,0.0012283137075607576
r2,adjusted,25,0.1800835610500942,0.18048299921996822,1855990,True,0.0012393168024217838
r2,adjusted,26,0.14996554089813444,0.15033020068564776,1853916,True,0.0012529102106861555
r2,adjusted,27,0.17781123506017524,0.17846109100766738,1851849,True,0.0012622510294242459
r2,adjusted,28,0.16408411431276898,0.1647944261974033,1849790,True,0.0012752670155633803
r2,adjusted,29,0.1533047213331256,0.1540074722835427,1847740,True,0.0012862470612497311
r2,adjusted,30,0.16302016722212914,0.16458348450010155,1846051,True,0.0012957557835332196
r2,adjusted,31,0.1416127068336458,0.14304686492538424,1844372,True,0.0013064245228241232
r2,adjusted,32,0.15415135749671768,0.15576870456273822,1842701,True,0.001314417919301678
r2,adjusted,33,0.147236053390514,0.15094864936906946,1841036,True,0.0013238270048157917
r2,adjusted,34,0.14953794177131335,0.15278699752946812,1839377,True,0.0013323528741571713
r2,adjusted,35,0.1492739248003092,0.1532851716332027,1837726,True,0.0013410906240065368
r2,adjusted,36,0.1842522807220273,0.18899775386090156,1836086,True,0.0013497412822403045
r2,adjusted,37,0.15832772601441497,0.1620415836911005,1834453,True,0.0013628154704054196
r2,adjusted,38,0.1643036318302853,0.1680577497933578,1832825,True,0.00137238943685473
r2,adjusted,39,0.14656422194231103,0.15055611680969389,1831204,True,0.0013826256228650815
r2,adjusted,40,0.14032259265845565,0.14477039751424275,1829590,True,0.001390716958818582
r2,adjusted,41,0.14710537548384028,0.1517376426443666,1827982,True,0.0013980926742143212
r2,adjusted,42,0.15005798074998064,0.15486640312080732,1826378,True,0.001406154041073642
r2,adjusted,43,0.1656810482187373,0.17101618248536876,1824776,True,0.0014144934869867987
r2,adjusted,44,0.16026091721593566,0.1655998084701357,1823177,True,0.0014245937978872019
r2,adjusted,45,0.13705949949140228,0.1416369471359266,1821581,True,0.001433979650113154
r2,adjusted,46,0.13625408069926492,0.1409915352171151,1819986,True,0.0014408058759643667
r2,adjusted,47,0.15203552015668384,0.15729681472446372,1818395,True,0.0014475204828561848
r2,adjusted,48,0.1396766976345967,0.14438751194115895,1816806,True,0.0014558373045387184
r2,adjusted,49,0.14175690017536274,0.14595117366368565,1815218,True,0.0014628201528641594
r2,adjusted,50,0.15565208203613587,0.16027680972838784,1813633,True,0.001469977862583965
r2,adjusted,51,0.1456355537477463,0.14978536988786362,1812049,True,0.0014785614880600437
r2,adjusted,52,0.13217493291551025,0.13594657010103342,1810465,True,0.00148603521147911
r2,adjusted,53,0.15573278402146035,0.15953675020516128,1808882,True,0.0014921631217968774
r2,adjusted,54,0.12750363568053785,0.13054450369073906,1807300,True,0.0015006285985415954
r2,adjusted,55,0.15075600587741206,0.15436721312676244,1805720,True,0.0015062765794998762
r2,adjusted,56,0.11636079827614955,0.11905313928373784,1804141,True,0.0015141370879408092
r2,adjusted,57,0.14865843815213622,0.1519562198485422,1802562,True,0.0015188006494462332
r2,adjusted,58,0.15250336637318807,0.15576196412481538,1800987,True,0.0015263817740816797
r2,adjusted,59,0.12529978975467349,0.1280847674928559,1799414,True,0.0015343196756878862
r2,adjusted,60,0.1482988815338012,0.1536244957472141,1797843,True,0.001539655090696044
r2,adjusted,61,0.138557321057137,0.1435518625646238,1796273,True,0.0015470979820882617
r2,adjusted,62,0.13938293585930478,0.1455644997638995,1794704,True,0.0015535660127378496
r2,adjusted,63,0.1478462472364532,0.15438373168652353,1793138,True,0.0015600840559193392
r2,adjusted,64,0.12768012874030407,0.13349852596328332,1791576,True,0.0015673852748451839
r2,adjusted,65,0.1545331643598696,0.16168283680881998,1790014,True,0.001572808504486171
r2,adjusted,66,0.13784625316599955,0.14419308708562933,1788452,True,0.0015807191981050046
r2,adjusted,67,0.12055563216943935,0.1260782109923659,1786892,True,0.001586985525179592
r2,adjusted,68,0.1230986234074803,0.12873703885508883,1785333,True,0.0015917617726992509
r2,adjusted,69,0.13797209081752268,0.14408616257473073,1783774,True,0.0015967264313967748
r2,adjusted,70,0.13407874486793667,0.13979732278399068,1782215,True,0.0016029414925077794
r2,adjusted,71,0.1287485830318173,0.13423219320239108,1780658,True,0.001608788701767832
r2,adjusted,72,0.14258045953138335,0.14868707526400987,1779102,True,0.0016141614828196005
r2,adjusted,73,0.12850420976376678,0.13404042914169345,1777548,True,0.0016207263902711046
r2,adjusted,74,0.11922114360054123,0.12433665125849663,1775996,True,0.0016260395338355928
r2,adjusted,75,0.1176470590706248,0.12277310337862601,1774447,True,0.001630598903884342
r2,adjusted,76,0.11884223462722986,0.12398258791073247,1772900,True,0.0016350264552692753
r2,adjusted,77,0.11879758431556761,0.12392177737609497,1771357,True,0.001639532097232932
r2,adjusted,78,0.12381157221730561,0.12934344893542365,1769815,True,0.001644022019895272
r2,adjusted,79,0.11724910602863906,0.12279277205118234,1768274,True,0.0016488850932045852
r2,adjusted,80,0.11576180673233866,0.12116592237569894,1766734,True,0.0016532341406847709
r2,adjusted,81,0.10258689874664181,0.10739021260563086,1765195,True,0.001657462569416143
r2,adjusted,82,0.10353222100902108,0.10837682385291272,1763658,True,0.001660775741920895
r2,adjusted,83,0.10273340696965384,0.1075182272167518,1762125,True,0.0016641434759327382
r2,adjusted,84,0.10617022528231373,0.1110227180740512,1760592,True,0.0016674527964669356
r2,adjusted,85,0.1141941027591965,0.11940411258352654,1759059,True,0.001670980001123108
r2,adjusted,86,0.10794851948819305,0.1127240431503039,1757527,True,0.0016750512268561822
r2,adjusted,87,0.1091335000586669,0.11436972003488723,1755995,True,0.0016786809443409606
r2,adjusted,88,0.09681084788952636,0.10144071652654417,1754465,True,0.001682382695761006
r2,adjusted,89,0.11127787894324505,0.11657375373875604,1752936,True,0.0016852899699683133
r2,adjusted,90,0.10616252462940778,0.11120423695469805,1751407,True,0.001689123397123274
r2,adjusted,91,0.09592723994915167,0.10047842589335482,1749878,True,0.0016926049386436707
r2,adjusted,92,0.102887411105416,0.10774724896715351,1748351,True,0.0016954422191293491
r2,adjusted,93,0.10398805304682189,0.10889342675065514,1746824,True,0.0016987003027309302
r2,adjusted,94,0.09565645506313415,0.10017230912762932,1745298,True,0.0017020220267034035
r2,adjusted,95,0.10433087789447272,0.10925285153801076,1743772,True,0.0017048277407179621
r2,adjusted,96,0.10514584940328502,0.1099876984040721,1742246,True,0.0017081593870491335
r2,adjusted,97,0.10235959541219626,0.10704428937354356,1740721,True,0.0017115366477183658
r2,adjusted,98,0.09945122824270834,0.10398489646831771,1739197,True,0.0017147311531877422
r2,adjusted,99,0.09611149020283852,0.10055332342650986,1737674,True,0.0017177412541818124
r2,adjusted,100,0.09817828065646622,0.10269422832002408,1736152,True,0.0017205478253140693
r2,adjusted,101,0.09809630533605952,0.10259496492459268,1734630,True,0.0017234715271540705
r2,adjusted,102,0.09585920242442077,0.10024748806541942,1733110,True,0.0017263854096546164
r2,adjusted,103,0.09305788158917395,0.09729369243401927,1731590,True,0.0017291633212479706
r2,adjusted,104,0.09003280890081328,0.0941375849761842,1730070,True,0.001731777167338866
r2,adjusted,105,0.10477042980252302,0.10943190638914342,1728551,True,0.0017342202669933932
r2,adjusted,106,0.09637072122500549,0.10061335370130826,1727034,True,0.001737523183883287
r2,adjusted,107,0.0924840779349557,0.096520207075688,1725519,True,0.0017403128288688806
r2,adjusted,108,0.09424810851971392,0.09825925995641728,1724004,True,0.0017428780481022594
r2,adjusted,109,0.09301161837478421,0.09695612574359325,1722489,True,0.001745538067609878
r2,adjusted,110,0.0925652568336681,0.09648619296781169,1720976,True,0.001748124857890857
r2,adjusted,111,0.09326675940372164,0.09718853891697964,1719464,True,0.0017506831123127588
r2,adjusted,112,0.09116410772211342,0.09491328437272277,1717952,True,0.0017532764705103104
r2,adjusted,113,0.09153420897393473,0.09526258282370277,1716440,True,0.001755750636699816
r2,adjusted,114,0.09599040375904787,0.09984486972252574,1714928,True,0.0017582414083343652
r2,adjusted,115,0.10286897629977515,0.10692734364786562,1713416,True,0.0017609765340536973
r2,adjusted,116,0.08787302794528422,0.09133617076784582,1711904,True,0.001764112465566455
r2,adjusted,117,0.09347005034605545,0.09716337917705177,1710393,True,0.0017663972308671093
r2,adjusted,118,0.09341860520789327,0.09706113280573311,1708883,True,0.0017689787607970359
r2,adjusted,119,0.09464719420121699,0.09830836708936887,1707373,True,0.001771553694177929
r2,adjusted,120,0.09965276806303923,0.1035074360234547,1705866,True,0.0017741929142855838
r2,adjusted,121,0.09911502509697334,0.10309013864139137,1704359,True,0.0017771140943927998
r2,adjusted,122,0.08898259051750187,0.0929720171593279,1702852,True,0.0017799991163493837
r2,adjusted,123,0.10320736098867188,0.1078374865798019,1701347,True,0.0017823210241121785
r2,adjusted,124,0.08618288965353951,0.08927318307248776,1699842,True,0.0017854398664836925
r2,adjusted,125,0.08521282389377724,0.08874907285972146,1698337,True,0.00178761142068065
r2,adjusted,126,0.08335535005385292,0.08682485434683535,1696833,True,0.001789731817399316
r2,adjusted,127,0.07900366849207065,0.08227005038741896,1695329,True,0.0017917584312478682
r2,adjusted,128,0.08671144370369187,0.09028428699143269,1693825,True,0.0017935770117951295
r2,adjusted,129,0.08251142873337593,0.08594317119680991,1692321,True,0.0017957653063240971
r2,adjusted,130,0.07994857469029715,0.08346384987783438,1690818,True,0.0017977444494667544
r2,adjusted,131,0.08119178126410911,0.0847905377625389,1689315,True,0.0017996005742846335
r2,adjusted,132,0.07849201982118639,0.08197639110107714,1687814,True,0.0018015128704564319
r2,adjusted,133,0.08472020624298106,0.08848493061183872,1686315,True,0.0018032982736711162
r2,adjusted,134,0.08246967247837236,0.08607303308959759,1684816,True,0.0018053760277402854
r2,adjusted,135,0.081479599577612,0.0850882517771361,1683318,True,0.0018073426557223726
r2,adjusted,136,0.08513093220355519,0.08890150265446485,1681823,True,0.0018092602854808506
r2,adjusted,137,0.07980540419374439,0.08337965774574518,1680328,True,0.001811351317383846
r2,adjusted,138,0.08482266533663443,0.08909815107935651,1678833,True,0.0018131869245160265
r2,adjusted,139,0.08618282878928296,0.09054134656035775,1677339,True,0.0018152583583772581
r2,adjusted,140,0.0782397214948258,0.08224053671339418,1675847,True,0.0018173942806165725
r2,adjusted,141,0.07722365748894168,0.08115616051793112,1674355,True,0.0018191527434905626
r2,adjusted,142,0.08823261209623093,0.09283116959967497,1672863,True,0.0018208641971672378
r2,adjusted,143,0.08386709018624118,0.08824321614913734,1671372,True,0.0018230959827632474
r2,adjusted,144,0.07949183699041464,0.08380350568241986,1669881,True,0.001825110039099229
r2,adjusted,145,0.08168175525219783,0.0861161072079142,1668391,True,0.001826917541311663
r2,adjusted,146,0.08856796245558012,0.09340635195467424,1666902,True,0.0018288240660787568
r2,adjusted,147,0.0907730078730657,0.09575951920879106,1665413,True,0.0018310630626839053
r2,adjusted,148,0.08933826767803421,0.09426197591188719,1663924,True,0.0018334119895944366
r2,adjusted,149,0.08307255820973983,0.08782627328376906,1662435,True,0.0018356843842250654
r2,adjusted,150,0.08378356570296057,0.08859856254884806,1660946,True,0.0018376469439692384
r2,adjusted,151,0.08582422414372749,0.09075085482874161,1659457,True,0.0018396410940909175
r2,adjusted,152,0.08000920451988312,0.08459617298766343,1657968,True,0.0018417312459796324
r2,adjusted,153,0.0865209905864549,0.09149883367579786,1656479,True,0.0018435458320755474
r2,adjusted,154,0.08479461431773057,0.08965682805293088,1654990,True,0.001845665545969366
r2,adjusted,155,0.08151050383091839,0.08618536653909359,1653501,True,0.0018476992238066745
r2,adjusted,156,0.0887745725213615,0.09386378629348072,1652012,True,0.0018495764350352274
r2,adjusted,157,0.07843302273170874,0.08293207847320708,1650524,True,0.0018518006751249308
r2,adjusted,158,0.08253793364742294,0.08733424180599417,1649037,True,0.0018535350307908659
r2,adjusted,159,0.08093477373302567,0.08563072936337038,1647551,True,0.0018554537855938638
r2,adjusted,160,0.07686400423245776,0.08131585958754431,1646065,True,0.001857296857806607
r2,adjusted,161,0.08202540890828561,0.08677129616031208,1644579,True,0.0018589576235740761
r2,adjusted,162,0.0861243315376181,0.0911251247203718,1643093,True,0.0018608471130823004
r2,adjusted,163,0.0830366055261964,0.08784827225626757,1641607,True,0.0018629279407303282
r2,adjusted,164,0.08130628086067403,0.08601816220239988,1640121,True,0.0018648601571874684
r2,adjusted,165,0.08519227245046944,0.09002669873410125,1638635,True,0.0018667108072502492
r2,adjusted,166,0.08720368281753874,0.0921446189610212,1637149,True,0.0018687404759236872
r2,adjusted,167,0.0872848128710834,0.09221012019132836,1635663,True,0.001870864755698449
r2,adjusted,168,0.07907946719319305,0.0835555013455887,1634177,True,0.0018729905739511936
r2,adjusted,169,0.0811274719524583,0.08571764994948043,1632691,True,0.0018747336954433858
r2,adjusted,170,0.09302264422396962,0.09826341094614854,1631206,True,0.001876566524170076
r2,adjusted,171,0.08043031633428924,0.08495506701844123,1629722,True,0.0018789735058517669
r2,adjusted,172,0.086104416951698,0.0909509490829073,1628238,True,0.001880770923695189
r2,adjusted,173,0.09327292049475547,0.0985354916140519,1626754,True,0.0018828287809892
r2,adjusted,174,0.08365990232690557,0.08838702417752094,1625270,True,0.0018852406852772606
r2,adjusted,175,0.08457584587809512,0.08938992071384379,1623786,True,0.001887178813675787
r2,adjusted,176,0.08717735643551676,0.09215509357172179,1622303,True,0.0018891575587564806
r2,adjusted,177,0.0801140673563411,0.08466900798372513,1620820,True,0.0018912576381331092
r2,adjusted,178,0.08431678108059296,0.08910193951287598,1619337,True,0.00189302938353299
r2,adjusted,179,0.08276814464971663,0.08751559180527006,1617854,True,0.001894989959471438
r2,adjusted,180,0.08243612474614258,0.08720803535629691,1616371,True,0.001896877260334943
r2,adjusted,181,0.09052173512422163,0.09577335544615684,1614888,True,0.001898747596506952
r2,adjusted,182,0.08285846892809019,0.0876599450675726,1613405,True,0.0019010003764329073
r2,adjusted,183,0.08414217568140554,0.0890755336406402,1611923,True,0.0019028858224921816
r2,adjusted,184,0.08811278346445636,0.09306156692432134,1610441,True,0.0019048281880684114
r2,adjusted,185,0.08085472860345476,0.08538895361551423,1608959,True,0.001906955922227133
r2,adjusted,186,0.08807254215463134,0.09300386453348253,1607478,True,0.0019087457212143652
r2,adjusted,187,0.08333600332693011,0.08797285729649092,1605997,True,0.001910867155264514
r2,adjusted,188,0.08426654265903802,0.08901600677711359,1604517,True,0.0019127645474294355
r2,adjusted,189,0.08832796015372084,0.09329720326647402,1603037,True,0.001914702605112627
r2,adjusted,190,0.09133006146904453,0.0964929052293121,1601557,True,0.0019168297238209076
r2,adjusted,191,0.08246662421368567,0.087115541328058,1600078,True,0.0019191012854915012
r2,adjusted,192,0.08625502060400916,0.09115803956924633,1598599,True,0.0019209513508714653
r2,adjusted,193,0.08279350849747104,0.08745088064010755,1597122,True,0.0019229732604266918
r2,adjusted,194,0.08391657977492885,0.08863491616972984,1595645,True,0.0019248342633438728
r2,adjusted,195,0.08481394025346738,0.08951381889430948,1594169,True,0.001926744224860747
r2,adjusted,196,0.08142091018425827,0.08593211280884354,1592693,True,0.0019286933002133405
r2,adjusted,197,0.08753045218186455,0.09232236907048681,1591217,True,0.0019304878047714674
r2,adjusted,198,0.08168751497756951,0.08617637431545734,1589742,True,0.0019325596443311357
r2,adjusted,199,0.0805972597335131,0.0850124403440971,1588267,True,0.0019343623041672405
r2,adjusted,200,0.08276446147775303,0.08726018103625642,1586792,True,0.0019361155539141864
r2,adjusted,201,0.09458922670295467,0.09972196900971592,1585319,True,0.0019379626403735356
r2,adjusted,202,0.08614350834668405,0.09082314019314225,1583846,True,0.0019403725781290812
r2,adjusted,203,0.09277466953565233,0.09778968335696624,1582373,True,0.0019423691016563832
r2,adjusted,204,0.07776921272815408,0.08197961104943795,1580900,True,0.0019446822653754994
r2,adjusted,205,0.07934310398886996,0.08363546125414287,1579428,True,0.0019463060308400743
r2,adjusted,206,0.08738385763969701,0.09206235246228281,1577956,True,0.0019479947471635387
r2,adjusted,207,0.07459612745399012,0.0785804765622017,1576484,True,0.0019500411183643348
r2,adjusted,208,0.0908782345530335,0.09575227183350772,1575012,True,0.0019515310307891217
r2,adjusted,209,0.08404282799571249,0.08856480923276004,1573540,True,0.0019537402376162563
r2,adjusted,210,0.08141748105697173,0.08582547789250226,1572068,True,0.0019556276317286986
r2,adjusted,211,0.0882659324285267,0.09303904774762772,1570596,True,0.0019573972945578786
r2,adjusted,212,0.08508692713934662,0.08998794979154326,1569124,True,0.0019594751465937467
r2,adjusted,213,0.08363446911698684,0.08840590286428571,1567652,True,0.0019614040480344834
r2,adjusted,214,0.08739634778147613,0.09237719666926161,1566180,True,0.0019632658577552783
r2,adjusted,215,0.07434047426081342,0.07865996402179629,1564709,True,0.001965296908115559
r2,adjusted,216,0.08072684068588666,0.08537976735276766,1563238,True,0.0019667651516963283
r2,adjusted,217,0.0888497778512672,0.09396693551398255,1561768,True,0.0019684950886451028
r2,adjusted,218,0.08489600214953885,0.08978588264867182,1560298,True,0.0019705886481011835
r2,adjusted,219,0.08109148352607495,0.08578006665823373,1558828,True,0.0019724980878891617
r2,adjusted,220,0.0887919538808104,0.09391296971545525,1557358,True,0.001974238612453282
r2,adjusted,221,0.08180469925811927,0.08835008963251118,1555888,True,0.001976323372929603
r2,adjusted,222,0.08370854582620206,0.09041614027968317,1554418,True,0.0019780912095477923
r2,adjusted,223,0.08010897930245986,0.08653833301940662,1552948,True,0.001979940597970987
r2,adjusted,224,0.07828922679498983,0.08455387559147085,1551479,True,0.0019816328401090887
r2,adjusted,225,0.07592738269414415,0.08200536436954614,1550010,True,0.0019832477255452715
r2,adjusted,226,0.08606142712311315,0.09293611910314371,1548542,True,0.0019847654452535197
r2,adjusted,227,0.08144992728243398,0.08772519720097965,1547074,True,0.0019867136411616773
r2,adjusted,228,0.0879242835141288,0.09469940138463098,1545606,True,0.0019884570267129664
r2,adjusted,229,0.08790561160566986,0.09461980918907884,1544139,True,0.001990486660588692
r2,adjusted,230,0.07933997217332318,0.08539172912566946,1542672,True,0.001992513366387604
r2,adjusted,231,0.08287880325859445,0.08919049957133182,1541205,True,0.0019941628231850746
r2,adjusted,232,0.08433840576080572,0.09075744889586757,1539738,True,0.0019959611489773254
r2,adjusted,233,0.08386968120141161,0.09023480732223857,1538271,True,0.0019978216681518592
r2,adjusted,234,0.09434501769741183,0.10139774250166482,1536804,True,0.0019996598621268174
r2,adjusted,235,0.08282348070039916,0.0889978251881315,1535337,True,0.00200198349429619
r2,adjusted,236,0.08439125501943294,0.0906695856851662,1533870,True,0.0020037724117198527
r2,adjusted,237,0.09310568374598066,0.10002628655031978,1532404,True,0.0020056280070860125
r2,adjusted,238,0.08793362932744203,0.0944718970272489,1530939,True,0.002007884300668723
r2,adjusted,239,0.09058420392353216,0.0970495245373535,1529475,True,0.002009894743681005
r2,adjusted,240,0.08811692224561346,0.09440648311154544,1528012,True,0.002012026017518
r2,adjusted,241,0.08956038919004607,0.09593877175906482,1526550,True,0.00201404069481331
r2,adjusted,242,0.09030779880639751,0.09672970935784264,1525089,True,0.0020161198045963065
r2,adjusted,243,0.08071857825441268,0.0864622019449392,1523628,True,0.0020182315648572045
r2,adjusted,244,0.09072742294738938,0.09716757380237591,1522168,True,0.0020199170794853436
r2,adjusted,245,0.08928419047101908,0.09561502345420246,1520708,True,0.002022044497288753
r2,adjusted,246,0.0820789587152182,0.08786993547747833,1519250,True,0.0020241026390201357
r2,adjusted,247,0.07960852474932986,0.08521293531392851,1517792,True,0.0020258403701620266
r2,adjusted,248,0.08241069390039628,0.08822262556650534,1516334,True,0.0020274737105992263
r2,adjusted,249,0.08406811454655655,0.08986967099372113,1514876,True,0.0020292226004780217
r2,adjusted,250,0.07670186756044932,0.08198244724895637,1513418,True,0.002031040945158621
r2,adjusted,251,0.08253696867961031,0.08824299596492315,1511960,True,0.0020325533545103277
r2,adjusted,252,0.08476523631370417,0.09061065820300263,1510502,True,0.0020343032253412174
r2,adjusted,253,0.08376027876384252,0.08954120432970913,1509045,True,0.002036147225276337
r2,adjusted,254,0.08433808003101058,0.09015300676032194,1507590,True,0.002037946150325892
r2,adjusted,255,0.08620448364841977,0.09215343179517856,1506135,True,0.0020397683603150998
r2,adjusted,256,0.09128186239915405,0.09756966744904207,1504680,True,0.002041670376671388
r2,adjusted,257,0.08858427682679573,0.09468859499996032,1503225,True,0.0020438009409359473
r2,adjusted,258,0.08602332985709708,0.09190912687723814,1501770,True,0.0020458054111224737
r2,adjusted,259,0.08907297242043244,0.09496948577322975,1500315,True,0.0020476938616034116
r2,adjusted,260,0.08863074434071222,0.09449228266238914,1498860,True,0.002049716648972089
r2,adjusted,261,0.08743396855951197,0.09320369890580078,1497405,True,0.0020517174360628137
r2,adjusted,262,0.07624172323196583,0.08122921814288288,1495950,True,0.0020536626833890553
r2,adjusted,263,0.08586435246663136,0.09149272345061568,1494495,True,0.002055140559001054
r2,adjusted,264,0.08820812841728727,0.09386284546894615,1493040,True,0.002057013500623037
r2,adjusted,265,0.08930582659646358,0.0950116285910362,1491585,True,0.002058988238629764
r2,adjusted,266,0.08784288375791237,0.09335556830581083,1490130,True,0.0020610104676065826
r2,adjusted,267,0.07971688867360248,0.08468035458219444,1488675,True,0.0020629650991604146
r2,adjusted,268,0.084983448326604,0.09021236833975722,1487221,True,0.002064573437307946
r2,adjusted,269,0.07845207286293711,0.0832749681356585,1485767,True,0.0020663997878508224
r2,adjusted,270,0.08871775027048581,0.09415939791604523,1484313,True,0.002067954925841102
r2,adjusted,271,0.08388838824239758,0.08896702267796551,1482860,True,0.0020699419776667788
r2,adjusted,272,0.09752678196369119,0.10342611565963268,1481408,True,0.0020717169728823276
r2,adjusted,273,0.08851871793837232,0.0937825977543471,1479956,True,0.0020741136197963282
r2,adjusted,274,0.08188250959976666,0.08679120600775819,1478504,True,0.0020760859020819197
r2,adjusted,275,0.08301652026652749,0.08795950729539793,1477052,True,0.0020777720608572726
r2,adjusted,276,0.08152271863887375,0.08633975253767277,1475600,True,0.0020795038221356685
r2,adjusted,277,0.08159182363795842,0.08632282106569734,1474148,True,0.0020811724565688336
r2,adjusted,278,0.08580293687259935,0.09042732372412497,1472696,True,0.0020828425809287796
r2,adjusted,279,0.08865101737509301,0.09339162373759041,1471244,True,0.0020846879928911348
r2,adjusted,280,0.08379546967918829,0.08826207370269509,1469792,True,0.0020866561476588627
r2,adjusted,281,0.08774715082032257,0.09236282548746208,1468341,True,0.002088413040292543
r2,adjusted,282,0.08245944555082702,0.08677987831892069,1466890,True,0.0020903378481598803
r2,adjusted,283,0.07563461211269043,0.07910827677141136,1465439,True,0.002092036192585111
r2,adjusted,284,0.08294868171658913,0.08675011037693242,1463989,True,0.0020934639736699323
r2,adjusted,285,0.07515483018804675,0.07858203499856549,1462539,True,0.0020951799581388794
r2,adjusted,286,0.07973348527507351,0.08294151598544987,1461089,True,0.0020965875748880465
r2,adjusted,287,0.08016592185172346,0.08337923724347725,1459639,True,0.0020981707988942796
r2,adjusted,288,0.07833965295471151,0.08146989280907788,1458189,True,0.002099770029486588
r2,adjusted,289,0.08346151623029935,0.08678727055561337,1456739,True,0.002101296089417725
r2,adjusted,290,0.07623032881854722,0.07926379609601499,1455289,True,0.0021030268790686937
r2,adjusted,291,0.08115474636273612,0.08431843152975035,1453839,True,0.0021044696574916365
r2,adjusted,292,0.08744606102430559,0.09085438055901529,1452389,True,0.0021061036664550897
r2,adjusted,293,0.0815754526869841,0.08474428340883458,1450939,True,0.002107999251113306
r2,adjusted,294,0.07460051285671254,0.07746022228575973,1449489,True,0.0021096474765206754
r2,adjusted,295,0.09016170016345007,0.09360772225099268,1448039,True,0.0021110249073632123
r2,adjusted,296,0.0735679139822159,0.07639245594279241,1446589,True,0.0021130353047196255
r2,adjusted,297,0.0943993233928401,0.09804333680919529,1445140,True,0.0021143727330991727
r2,adjusted,298,0.07771891565487293,0.08070080587723813,1443692,True,0.0021165729633497933
r2,adjusted,299,0.08963331379679672,0.09306030281970971,1442244,True,0.0021180630283045244
r2,adjusted,300,0.07048550102459193,0.07315743684688399,1440798,True,0.0021200433460186537
r2,adjusted,301,0.0765947795636491,0.07948268800394283,1439352,True,0.0021212670245693227
r2,adjusted,302,0.07872623257283819,0.08170322482463328,1437906,True,0.002122711110454743
r2,adjusted,303,0.07710246479750998,0.0800283050590738,1436460,True,0.0021242356192836347
r2,adjusted,304,0.07815362929761348,0.08105706758859112,1435014,True,0.002125696861842753
r2,adjusted,305,0.07355833250498836,0.07628202488211575,1433568,True,0.002127197173759523
r2,adjusted,306,0.07628035065485723,0.07907942805196941,1432122,True,0.002128525357827115
r2,adjusted,307,0.07694110510181779,0.07977328151589004,1430676,True,0.002129952735055121
r2,adjusted,308,0.07997191086309867,0.0828985125685836,1429230,True,0.0021314039668020282
r2,adjusted,309,0.08806718760059187,0.09121193440218324,1427784,True,0.0021329706724689166
r2,adjusted,310,0.06803234893915236,0.07045156123827331,1426338,True,0.002134869073543503
r2,adjusted,311,0.07152786527183085,0.07405671564035318,1424892,True,0.0021360011672471634
r2,adjusted,312,0.07883096917932095,0.08157370075097105,1423447,True,0.002137251886213693
r2,adjusted,313,0.0851605039188398,0.08810154865083038,1422002,True,0.0021387700604814674
r2,adjusted,314,0.0813407897393818,0.08409440789053797,1420557,True,0.002140540456661451
r2,adjusted,315,0.08003845735042717,0.0827667629345427,1419112,True,0.002142154322634528
r2,adjusted,316,0.07288555440012526,0.07537612434818153,1417667,True,0.002143715765997249
r2,adjusted,317,0.07988488806448614,0.08261423812723714,1416223,True,0.0021450097308888852
r2,adjusted,318,0.07913187083502275,0.08180036406093175,1414779,True,0.002146563121201105
r2,adjusted,319,0.08358332306945676,0.0863938377982947,1413336,True,0.00214808627224294
r2,adjusted,320,0.07630740655304596,0.07884788474329377,1411895,True,0.002149784335053634
r2,adjusted,321,0.08001178521545665,0.08223921239513976,1410454,True,0.0021511986088225067
r2,adjusted,322,0.07814314994139833,0.08030877189194767,1409013,True,0.0021527524564024353
r2,adjusted,323,0.08142411772599197,0.08354507639318833,1407573,True,0.0021542335284595944
r2,adjusted,324,0.07537876614806267,0.07730511972905747,1406133,True,0.0021558404298262913
r2,adjusted,325,0.08183165220643737,0.08407415043468787,1404693,True,0.0021572166270106365
r2,adjusted,326,0.08243282710781027,0.08475631819128265,1403253,True,0.0021588374052095714
r2,adjusted,327,0.07611912836716027,0.07889633230195765,1401814,True,0.002160480841999676
r2,adjusted,328,0.07265064169490945,0.07540211746661347,1400375,True,0.0021618811845770486
r2,adjusted,329,0.08558561865655392,0.08852397491343937,1398936,True,0.0021631560280959165
r2,adjusted,330,0.07485661258099227,0.07747812056256263,1397497,True,0.002164923994981652
r2,adjusted,331,0.0886519539480721,0.09201421258854131,1396059,True,0.002166275507187109
r2,adjusted,332,0.08169271574437056,0.08485089653279555,1394621,True,0.002168169642202209
r2,adjusted,333,0.07446289950609386,0.0780757714124342,1393183,True,0.0021697767695983733
r2,adjusted,334,0.07463364730553707,0.07823775691833776,1391746,True,0.0021711111176832463
r2,adjusted,335,0.0779367443413888,0.08166546548160648,1390309,True,0.0021724507670340056
r2,adjusted,336,0.07572523696095806,0.07934291980933404,1388873,True,0.002173910678434813
r2,adjusted,337,0.08183848969679343,0.0856256448589348,1387438,True,0.0021752880142886727
r2,adjusted,338,0.0752198411829976,0.07870566088251933,1386003,True,0.002176895606234088
r2,adjusted,339,0.08572738490341575,0.09006674001815135,1384568,True,0.0021782527619780057
r2,adjusted,340,0.08083660522795569,0.08481898234662152,1383133,True,0.002180014304503345
r2,adjusted,341,0.08169753973532089,0.08567392603938734,1381698,True,0.0021815793924499947
r2,adjusted,342,0.07554646462533454,0.0791579883062668,1380263,True,0.0021831768369658592
r2,adjusted,343,0.07482591206100553,0.07831978341764663,1378828,True,0.002184541864620508
r2,adjusted,344,0.07616029422995352,0.07956829610240879,1377394,True,0.0021858801492285096
r2,adjusted,345,0.08328471299005469,0.08697832656737449,1375960,True,0.0021872657275554576
r2,adjusted,346,0.07552175024605602,0.07804939224616989,1374526,True,0.002188921507094614
r2,adjusted,347,0.07701750772978327,0.07957360583409306,1373093,True,0.0021902820642107045
r2,adjusted,348,0.07066717100330816,0.07175475435210552,1371660,True,0.002191696152504427
r2,adjusted,349,0.08609265479680184,0.08738335158174293,1370227,True,0.00219288595540614
r2,adjusted,350,0.079363121997378,0.08056937445044303,1368794,True,0.00219465068944763
r2,adjusted,351,0.08446322703670302,0.08579606255537933,1367362,True,0.0021961492064059003
r2,adjusted,352,0.08564378244914511,0.08707054331367789,1365930,True,0.0021978452759391924
r2,adjusted,353,0.07577736352163997,0.07706930175401173,1364499,True,0.0021995877257096723
r2,adjusted,354,0.07603625496444426,0.07736834894800922,1363069,True,0.00220095086729697
r2,adjusted,355,0.08025029930679273,0.0818576339331036,1361639,True,0.002202322486665394
r2,adjusted,356,0.08199925106109486,0.08365831238611322,1360209,True,0.002203849348400499
r2,adjusted,357,0.09749201467256431,0.09961355280414906,1358779,True,0.002205442359345277
r2,adjusted,358,0.07390985433732743,0.075512391065572,1357349,True,0.002207692236142654
r2,adjusted,359,0.08118674631586775,0.0834054162479739,1355919,True,0.0022089842790027235
r2,adjusted,360,0.08351900489953452,0.08580952863358314,1354489,True,0.0022105422606839664
r2,adjusted,361,0.07738771647539967,0.07944015475476364,1353059,True,0.0022121898456030024
r2,adjusted,362,0.07624817311670641,0.0781053143156426,1351629,True,0.002213603426798188
r2,adjusted,363,0.07975850211325856,0.08164007775707152,1350199,True,0.0022149748212314862
r2,adjusted,364,0.07845001306193153,0.08013316284144366,1348769,True,0.0022164744232579295
r2,adjusted,365,0.0764628938796048,0.0780736173406953,1347340,True,0.0022179242600733847
r2,adjusted,366,0.0846767002581511,0.08643967993566891,1345911,True,0.0022193007018121683
r2,adjusted,367,0.08122087099486834,0.08295037497306137,1344482,True,0.0022209875830339855
r2,adjusted,368,0.08715860834733714,0.08892644259420729,1343053,True,0.002222538452963822
r2,adjusted,369,0.06558851101735869,0.06766185957781201,1341624,True,0.002224323027915089
r2,adjusted,370,0.07990456292390472,0.08235932674855453,1340196,True,0.0022253329710605553
r2,adjusted,371,0.08253214772017804,0.08532484772240093,1338768,True,0.0022268310676758648
r2,adjusted,372,0.07764596229164464,0.08017848277848791,1337341,True,0.0022284282008516775
r2,adjusted,373,0.07939781163388239,0.08184196168728995,1335914,True,0.002229840866216429
r2,adjusted,374,0.092598019688618,0.09526840174219445,1334487,True,0.0022313170393236837
r2,adjusted,375,0.07624780584939,0.0784503890659571,1333060,True,0.0022333232878917345
r2,adjusted,376,0.08592713276439437,0.08853584381508385,1331633,True,0.002234682567455439
r2,adjusted,377,0.08634477335779014,0.08907294010539288,1330206,True,0.0022364076704353792
r2,adjusted,378,0.08269663241903602,0.0850622442073953,1328780,True,0.0022381482344039764
r2,adjusted,379,0.09416437081293272,0.09686519749195684,1327356,True,0.0022397436354281964
r2,adjusted,380,0.07898624256093115,0.0815687730756544,1325933,True,0.0022418105017576327
r2,adjusted,381,0.07849397802170757,0.08106849961254912,1324510,True,0.00224326362049906
r2,adjusted,382,0.08474109530405542,0.08748725797685282,1323087,True,0.002244697759965318
r2,adjusted,383,0.07086013798096294,0.07314861336197635,1321664,True,0.002246368106349755
r2,adjusted,384,0.07992865459702884,0.08255327124568769,1320241,True,0.0022475353138575447
r2,adjusted,385,0.09492482131743789,0.09803894397984653,1318819,True,0.0022490195155817163
r2,adjusted,386,0.07749082640110008,0.08011277165138445,1317399,True,0.002251111229395617
r2,adjusted,387,0.08457622362572914,0.08740788808276896,1315979,True,0.002252504088274597
r2,adjusted,388,0.07614464915292479,0.07899652335389545,1314559,True,0.0022541621817125526
r2,adjusted,389,0.08124297367560665,0.0843283528412705,1313140,True,0.0022555052623330508
r2,adjusted,390,0.06927916723664182,0.07190477244505551,1311722,True,0.00225703324532837
r2,adjusted,391,0.07802571185011979,0.08110865680716726,1310304,True,0.002258143693678136
r2,adjusted,392,0.07631529203347598,0.07950328098107631,1308886,True,0.0022595514464072673
r2,adjusted,393,0.0908155365855005,0.09430701810241388,1307468,True,0.0022608973359155736
r2,adjusted,394,0.07647456916540521,0.07887953142759542,1306050,True,0.00226280189479871
r2,adjusted,395,0.08143223225007024,0.08396529642622644,1304632,True,0.0022641514662338352
r2,adjusted,396,0.07065569711921793,0.07318059340560726,1303214,True,0.00226568071587333
r2,adjusted,397,0.07006301944771125,0.07219444464163621,1301796,True,0.0022668313128425682
r2,adjusted,398,0.07445227149909864,0.07677774274652473,1300378,True,0.0022679621185984584
r2,adjusted,399,0.06773352387096149,0.07015884724429651,1298960,True,0.002269238368596448
r2,adjusted,400,0.06741300251390919,0.06953429211797975,1297542,True,0.0022702941257473673
r2,adjusted,401,0.07037474228892268,0.07208782457717736,1296124,True,0.002271339430851219
r2,adjusted,402,0.07866622054414035,0.08109129445631781,1294706,True,0.00227247805548687
r2,adjusted,403,0.0683311895907548,0.07004605467400223,1293288,True,0.002273899987541951
r2,adjusted,404,0.08695865506507436,0.08916653182314212,1291870,True,0.0022749722523271606
r2,adjusted,405,0.06299273723130801,0.06502122538659215,1290453,True,0.002276707740773301
r2,adjusted,406,0.07985323248707002,0.08228843937904642,1289036,True,0.002277617915346028
r2,adjusted,407,0.07772297815287525,0.07991061322281211,1287619,True,0.0022790797646537997
r2,adjusted,408,0.06749992194544763,0.06925626378092054,1286203,True,0.0022804637940592606
r2,adjusted,409,0.07255195157249886,0.07438300672794973,1284787,True,0.00228150712442735
r2,adjusted,410,0.08333770883460496,0.08543207881651955,1283371,True,0.0022827118816609905
r2,adjusted,411,0.06794933636287448,0.06927658228692425,1281955,True,0.00228430049697147
r2,adjusted,412,0.07250896308750235,0.07389037532029835,1280541,True,0.002285355988384808
r2,adjusted,413,0.06401701914018479,0.06511865600471493,1279127,True,0.0022865572932184676
r2,adjusted,414,0.07348902525691638,0.07458990095368494,1277713,True,0.0022874932542254756
r2,adjusted,415,0.07260008209917995,0.07355618656956232,1276299,True,0.0022887260920798343
r2,adjusted,416,0.06221446848196028,0.06302226384020226,1274885,True,0.002289928644862089
r2,adjusted,417,0.07738107729249893,0.07836199483952379,1273471,True,0.002290811348605648
r2,adjusted,418,0.07241613815393548,0.07222356131349862,1272057,True,0.00229217621042396
r2,adjusted,419,0.0707420372075125,0.06972486978022144,1270643,True,0.0022933708788441163
r2,adjusted,420,0.06972243433133493,0.06869619202365801,1269230,True,0.0022945103695208875
r2,adjusted,421,0.0765440089464328,0.07523071744133526,1267817,True,0.0022956167084500923
r2,adjusted,422,0.06845538529895075,0.06714955246321754,1266404,True,0.0022969494158539038
r2,adjusted,423,0.08375595542399085,0.08186792334179367,1264991,True,0.0022980147869885574
r2,adjusted,424,0.06361542111696737,0.06216322187359434,1263578,True,0.0022996087043852496
r2,adjusted,425,0.06844044210750086,0.06686981180616679,1262165,True,0.002300527717948976
r2,adjusted,426,0.06977714520723548,0.06805626565312688,1260752,True,0.002301590968502745
r2,adjusted,427,0.05925327167090353,0.05773782032013729,1259339,True,0.0023026956367341108
r2,adjusted,428,0.06943957697581081,0.06733542926700282,1257926,True,0.0023034918893546515
r2,adjusted,429,0.0901499173242613,0.08734770819528531,1256514,True,0.0023045849952487386
r2,adjusted,430,0.07087880199281729,0.06773152622834405,1255103,True,0.0023064262009392777
r2,adjusted,431,0.07466555557291911,0.07131785859977008,1253692,True,0.0023075636289616487
r2,adjusted,432,0.07409770286428835,0.07066319890070308,1252282,True,0.002308825183533246
r2,adjusted,433,0.06575457791530157,0.06269912879799171,1250872,True,0.0023100669487440594
r2,adjusted,434,0.07629318632472942,0.07273948902947508,1249462,True,0.002311044351095891
r2,adjusted,435,0.07119566911719889,0.06786254603189895,1248052,True,0.002312359507775395
r2,adjusted,436,0.0650497248186347,0.0619390337442365,1246642,True,0.0023135041826239334
r2,adjusted,437,0.05892350524491424,0.056091323707946616,1245232,True,0.0023144593265562964
r2,adjusted,438,0.05971283701383839,0.05682784725519158,1243822,True,0.0023152427416310694
r2,adjusted,439,0.06621044640314155,0.06259176568003484,1242412,True,0.0023160470105348134
r2,adjusted,440,0.0737393146739803,0.0696534915166806,1241002,True,0.0023170354516945007
r2,adjusted,441,0.06250620247445586,0.05901480203742469,1239592,True,0.002318260881699568
r2,adjusted,442,0.06466076818622463,0.06103800690326698,1238182,True,0.002319140996480913
r2,adjusted,443,0.0641097004730421,0.06046204669506178,1236772,True,0.002320082461629051
r2,adjusted,444,0.05863103526739773,0.05507581448888215,1235362,True,0.002321007575774308
r2,adjusted,445,0.07087917579998833,0.06648382818398545,1233952,True,0.0023217810467715525
r2,adjusted,446,0.07124554776048406,0.06678101402050557,1232542,True,0.0023229109681240155
r2,adjusted,447,0.06177245721139212,0.057823735800320984,1231132,True,0.002324052042791162
r2,adjusted,448,0.062050809956604384,0.058061675882358624,1229722,True,0.002324909478611191
r2,adjusted,449,0.05253395752321157,0.04911062923569924,1228312,True,0.0023257743388171563
r2,adjusted,450,0.060027739879940326,0.05610749649309865,1226902,True,0.0023263940547050693
r2,adjusted,451,0.05414329816113215,0.05057221424193331,1225492,True,0.002327202932724327
r2,adjusted,452,0.05378540512864422,0.05018019436530558,1224082,True,0.002327860789881936
r2,adjusted,453,0.05631110046971103,0.05254059664945191,1222672,True,0.002328509796567994
r2,adjusted,454,0.06390795075291734,0.05961589265926993,1221262,True,0.0023292209797321495
r2,adjusted,455,0.05828706855833527,0.05442519811134504,1219852,True,0.00233013667623356
r2,adjusted,456,0.05593629625243741,0.052225492140815705,1218442,True,0.0023308981060927722
r2,adjusted,457,0.054430833538389484,0.05079657525549205,1217032,True,0.0023315991361599502
r2,adjusted,458,0.06147321961628623,0.05722451494476839,1215623,True,0.002332262744918419
r2,adjusted,459,0.05649812483086542,0.05258166378039303,1214214,True,0.002333108906869459
r2,adjusted,460,0.05606690911995922,0.05193120748627965,1212805,True,0.0023338234104095055
r2,adjusted,461,0.05232127133039492,0.04842497050454085,1211397,True,0.0023345268351151116
r2,adjusted,462,0.05828909466649583,0.05394547087983026,1209989,True,0.0023351392398931956
r2,adjusted,463,0.055642777555153906,0.05149276818495852,1208581,True,0.0023358990918889086
r2,adjusted,464,0.05610788310842888,0.05190613580496258,1207173,True,0.0023365913005105633
r2,adjusted,465,0.06626450303946545,0.06132772759028688,1205765,True,0.0023372949193366404
r2,adjusted,466,0.05714797198100881,0.051944240003676305,1204357,True,0.0023382759781947894
r2,adjusted,467,0.05697093617105395,0.051701759049765955,1202949,True,0.0023390053953430863
r2,adjusted,468,0.05386042176991315,0.048662075915518535,1201541,True,0.0023397300749503874
r2,adjusted,469,0.05506136860035898,0.04951417908848898,1200133,True,0.002340377592398284
r2,adjusted,470,0.05769808901555332,0.051884200396050066,1198725,True,0.002341054116278689
r2,adjusted,471,0.0634659723421975,0.05694123347988297,1197317,True,0.0023417967597208827
r2,adjusted,472,0.05331136574155368,0.04714291055941407,1195909,True,0.0023426949890210757
r2,adjusted,473,0.054851914941273845,0.04840597437670883,1194501,True,0.0023433285712230138
r2,adjusted,474,0.06323429256436519,0.05579318494402277,1193093,True,0.002343999113387402
r2,adjusted,475,0.050343315020385006,0.04449207561162682,1191685,True,0.0023448899605262546
r2,adjusted,476,0.053221076343624316,0.04696642506656484,1190277,True,0.0023454544381178895
r2,adjusted,477,0.0536838062583861,0.04736719451068156,1188870,True,0.002346085133633144
r2,adjusted,478,0.0583181039871917,0.051548469699764204,1187463,True,0.0023467266700030586
r2,adjusted,479,0.058397950660179006,0.051657289256369525,1186056,True,0.0023474835239487334
r2,adjusted,480,0.050142512156618364,0.044360470334238164,1184649,True,0.0023482422068752257
r2,adjusted,481,0.054318197903042265,0.0480536442922692,1183242,True,0.0023488013917364057
r2,adjusted,482,0.05516754908206028,0.04880273705101474,1181835,True,0.0023494574185476715
r2,adjusted,483,0.053562098710953035,0.04738736164848698,1180429,True,0.002350133929924048
r2,adjusted,484,0.052516029159135835,0.0468378488125568,1179023,True,0.0023507714611775907
r2,adjusted,485,0.050259850520893934,0.04482060250183495,1177617,True,0.0023513841706323114
r2,adjusted,486,0.05192396721824189,0.04633639231756162,1176212,True,0.002351945224821572
r2,adjusted,487,0.04907480928664432,0.04379259558883838,1174807,True,0.0023525438997692247
r2,adjusted,488,0.047576305220203514,0.042450649424872505,1173402,True,0.0023530785478126453
r2,adjusted,489,0.05258997715409778,0.046920614589788315,1171997,True,0.0023535809325814913
r2,adjusted,490,0.05554815124702015,0.049549038997202734,1170592,True,0.0023541946352805205
r2,adjusted,491,0.05553097376206227,0.04977534354716633,1169187,True,0.002354879132273564
r2,adjusted,492,0.04801979555476102,0.04304851502541803,1167782,True,0.002355563007268165
r2,adjusted,493,0.0553690146800255,0.049625491329727864,1166377,True,0.002356074261110262
r2,adjusted,494,0.05085064397407168,0.045557909002961326,1164973,True,0.002356753808601473
r2,adjusted,495,0.048700561212161646,0.04365732445391264,1163569,True,0.0023573268206155654
r2,adjusted,496,0.05161962926279413,0.04614234390441551,1162166,True,0.002357852278070746
r2,adjusted,497,0.05011313304084507,0.044783861617894015,1160763,True,0.0023584424745882824
r2,adjusted,498,0.05379813906173513,0.048080597083627025,1159360,True,0.0023589985893808026
r2,adjusted,499,0.05425844585460742,0.04848739248870902,1157957,True,0.0023596393350392725
r2,adjusted,500,0.04765082264077755,0.042578295442076086,1156554,True,0.002360290913829349
r2,adjusted,501,0.05165934197653713,0.04616394660564835,1155151,True,0.00236079333377773
r2,adjusted,502,0.055825501809849215,0.04984826667477268,1153748,True,0.002361383702437672
r2,adjusted,503,0.050902435934769855,0.045439261734640815,1152345,True,0.0023620729466961084
r2,adjusted,504,0.04872687461563592,0.043479694408733095,1150942,True,0.002362645833722932
r2,adjusted,505,0.05286920109077571,0.04719604479124782,1149539,True,0.002363170675113013
r2,adjusted,506,0.0498318287224666,0.04448700792089049,1148136,True,0.0023637883948437674
r2,adjusted,507,0.05117858699872869,0.04569088657828476,1146733,True,0.002364337041176001
r2,adjusted,508,0.05005059358138498,0.04469870512572623,1145331,True,0.00236491560581468
r2,adjusted,509,0.05156497162193958,0.04604923841795591,1143929,True,0.0023654688155941034
r2,adjusted,510,0.05739681150414088,0.055060721393568275,1142527,True,0.0023660558671938178
r2,adjusted,511,0.056425799237091415,0.05530449163938393,1141126,True,0.0023667830132183447
r2,adjusted,512,0.060575105865263934,0.05953895315009917,1139725,True,0.0023674855521037775
r2,adjusted,513,0.059883500632592755,0.05882317418254129,1138324,True,0.002368294954745938
r2,adjusted,514,0.05539889739689101,0.054425279829782715,1136923,True,0.002369085713296102
r2,adjusted,515,0.05987219873644053,0.058806647745525964,1135522,True,0.0023697622592257855
r2,adjusted,516,0.05314323830524109,0.05213092026943519,1134122,True,0.0023705522300996673
r2,adjusted,517,0.06003762944085483,0.05889275536760126,1132722,True,0.0023711744262711145
r2,adjusted,518,0.0641152561451719,0.06287300250015015,1131322,True,0.0023719682950069433
r2,adjusted,519,0.057787785324313695,0.05669757724627437,1129922,True,0.002372873337272648
r2,adjusted,520,0.05950531673586547,0.058376710494240924,1128522,True,0.0023736083047397375
r2,adjusted,521,0.05681234854113884,0.05574409585843222,1127122,True,0.002374387361406217
r2,adjusted,522,0.05723452768184363,0.05619612894768557,1125722,True,0.0023750972771667254
r2,adjusted,523,0.05803017758766366,0.056996731524831735,1124322,True,0.002375817566162799
r2,adjusted,524,0.05629145749262883,0.055279782437801565,1122922,True,0.0023765577930970694
r2,adjusted,525,0.05792276589048099,0.05688818770137761,1121522,True,0.002377254116212451
r2,adjusted,526,0.05641500553455486,0.05536239465754777,1120122,True,0.0023779911603234263
r2,adjusted,527,0.056841990208041586,0.05577954159042439,1118722,True,0.0023786901214731372
r2,adjusted,528,0.0568668352568242,0.0558266605631479,1117322,True,0.002379399493001228
r2,adjusted,529,0.05461176116517286,0.053623463185939656,1115922,True,0.0023801092730832535
r2,adjusted,530,0.05771410224694214,0.05667461085607663,1114522,True,0.0023807636886043985
r2,adjusted,531,0.06029103394620626,0.0592026927355047,1113122,True,0.0023814943544124855
r2,adjusted,532,0.055745530830954036,0.05478094756936046,1111722,True,0.0023822914695479113
r2,adjusted,533,0.05002939795070342,0.04928838448858616,1110322,True,0.0023829727108148828
r2,adjusted,534,0.05362901004598179,0.052834958209308516,1108922,True,0.0023835212647369654
r2,adjusted,535,0.05419003692645643,0.053418956070519934,1107522,True,0.002384151439412335
r2,adjusted,536,0.05350025403422747,0.05271755740069916,1106122,True,0.002384794696079765
r2,adjusted,537,0.055810765827053486,0.05500711709069877,1104722,True,0.0023854215140577876
r2,adjusted,538,0.05892914433068213,0.058082964277202095,1103322,True,0.002386103454713241
r2,adjusted,539,0.06072315728130506,0.059845941447123255,1101922,True,0.002386863500336029
r2,adjusted,540,0.060212161330879074,0.05928784079436445,1100522,True,0.002387670262532802
r2,adjusted,541,0.05827541118422956,0.057433114590468196,1099122,True,0.002388463238080141
r2,adjusted,542,0.05714112460584929,0.05591805478844601,1097723,True,0.0023892057825237083
r2,adjusted,543,0.05241873278878066,0.051278590324709404,1096324,True,0.0023899194846205775
r2,adjusted,544,0.0552017127427775,0.053683551203698485,1094925,True,0.0023905199293496617
r2,adjusted,545,0.052137743568599036,0.050738064717719904,1093526,True,0.0023911856470333857
r2,adjusted,546,0.055504032983875774,0.05404302436076443,1092127,True,0.002391779358012058
r2,adjusted,547,0.051769398522083884,0.05041065159912195,1090728,True,0.0023924520321403926
r2,adjusted,548,0.05135671042800996,0.050007424616660634,1089329,True,0.002393037075057763
r2,adjusted,549,0.05665731456509221,0.05513411464525389,1087930,True,0.0023936126880183227
r2,adjusted,550,0.05005168723036881,0.04871656545126556,1086531,True,0.002394313065839063
r2,adjusted,551,0.05864669833289153,0.056451551324332994,1085132,True,0.0023948595087257447
r2,adjusted,552,0.05391906902659137,0.0519230758341491,1083733,True,0.0023956095357579627
r2,adjusted,553,0.052111185403087755,0.05019537032404408,1082334,True,0.0023962433312050167
r2,adjusted,554,0.052316334590879726,0.050400149843936856,1080935,True,0.0023968351860145765
r2,adjusted,555,0.05358169533600205,0.0516028983374097,1079537,True,0.0023974315621314913
r2,adjusted,556,0.05176253335975417,0.04980566362603884,1078139,True,0.002398056976512934
r2,adjusted,557,0.05147623442395964,0.049396362004608854,1076741,True,0.00239864049757705
r2,adjusted,558,0.05297844197799805,0.050839683370264455,1075343,True,0.002399217441993833
r2,adjusted,559,0.047918736322451645,0.04600079049260316,1073945,True,0.002399828399894829
r2,adjusted,560,0.04812225181712987,0.04601919118885391,1072547,True,0.0024003281157563014
r2,adjusted,561,0.04648504908775655,0.04447416963338183,1071149,True,0.002400831979970397
r2,adjusted,562,0.05274354068207221,0.05046501556032686,1069751,True,0.0024013020473675
r2,adjusted,563,0.04746154559752938,0.0454290449540469,1068354,True,0.002401907074548285
r2,adjusted,564,0.04953727872802209,0.04739083247485459,1066957,True,0.002402396877161459
r2,adjusted,565,0.04915009519696361,0.047019438340799635,1065560,True,0.002402930346107828
r2,adjusted,566,0.04571490597410656,0.043733768125195804,1064163,True,0.002403455392796655
r2,adjusted,567,0.0469015479266376,0.04482200015122346,1062766,True,0.002403909518822706
r2,adjusted,568,0.051966271903209474,0.04969290160621905,1061369,True,0.0024043874340752137
r2,adjusted,569,0.04633651423000798,0.04431288153974644,1059972,True,0.002404974009042537
r2,adjusted,570,0.04562440974408841,0.04364608311276283,1058575,True,0.0024054402732294473
r2,adjusted,571,0.04594763834247582,0.04396938610638682,1057178,True,0.002405892230072273
r2,adjusted,572,0.045110398813279697,0.04339584495487718,1055781,True,0.002406350526719712
r2,adjusted,573,0.05090500430347847,0.048992458351711635,1054384,True,0.0024067921911388413
r2,adjusted,574,0.04789760179530894,0.046143524962576114,1052987,True,0.0024073544929182735
r2,adjusted,575,0.05106295322683931,0.04923840342697883,1051590,True,0.002407852207567162
r2,adjusted,576,0.04775730376956085,0.0460540815748709,1050193,True,0.0024084177547649558
r2,adjusted,577,0.05141862719730806,0.04956361128176437,1048796,True,0.0024089123398475356
r2,adjusted,578,0.04733361155064604,0.04568955062002105,1047399,True,0.0024094855397601297
r2,adjusted,579,0.046781488573857465,0.04515274272510661,1046002,True,0.00240997117368822
r2,adjusted,580,0.0447252129405122,0.0431764745522357,1044605,True,0.0024104454498732612
r2,adjusted,581,0.045974007173437186,0.044398266048397264,1043208,True,0.0024108788672381385
r2,adjusted,582,0.050877810842227436,0.04913596714820421,1041811,True,0.002411336741164968
r2,adjusted,583,0.049210301299947315,0.04757846738294957,1040414,True,0.002411897384041942
r2,adjusted,584,0.047041023203564646,0.04548361838163871,1039017,True,0.0024124217612872026
r2,adjusted,585,0.04918797764469614,0.04756442483605951,1037621,True,0.002412900826886673
r2,adjusted,586,0.04924961904655557,0.047622413349261115,1036225,True,0.0024134245107112857
r2,adjusted,587,0.051873951552998454,0.05015959023140796,1034829,True,0.002413949393862708
r2,adjusted,588,0.04969897880849205,0.0480556710217734,1033433,True,0.0024145315720910427
r2,adjusted,589,0.048069409673942354,0.0465205119638095,1032037,True,0.0024150658310587245
r2,adjusted,590,0.047046218981079156,0.04554254461088398,1030641,True,0.0024155655220287385
r2,adjusted,591,0.04706150523582943,0.045566199201499735,1029245,True,0.0024160440699524943
r2,adjusted,592,0.05447779199313378,0.052770207629695,1027849,True,0.0024165228340462717
r2,adjusted,593,0.047403873461888194,0.04593128389008288,1026453,True,0.0024171642330532202
r2,adjusted,594,0.04684296196505497,0.045388293562961785,1025057,True,0.002417649762650824
r2,adjusted,595,0.05033408813723804,0.04877786589990606,1023661,True,0.0024181237759888096
r2,adjusted,596,0.045944182251457945,0.04453687956576435,1022266,True,0.0024186709614793405
r2,adjusted,597,0.05148925316742497,0.049916612997239054,1020871,True,0.0024191267686628263
r2,adjusted,598,0.06837528544809278,0.06633740279650883,1019476,True,0.0024196991177697948
r2,adjusted,599,0.053275601406588206,0.051700304759743784,1018081,True,0.0024207081016420964
r2,adjusted,600,0.04835643480467113,0.04718922140207768,1016686,True,0.002421320448080012
log_hl,raw,1,0.7593772069520319,0.7538056323725134,1914530,True,0.000722054597984264
log_hl,raw,2,0.7248390529034273,0.7189028235546574,1911434,True,0.0010595539207740332
log_hl,raw,3,0.7101427850255356,0.7039055015157685,1908553,True,0.0012924758728353426
log_hl,raw,4,0.7024870719518436,0.6956645556204964,1905799,True,0.0014820065244356491
log_hl,raw,5,0.699329692127209,0.692235326961389,1903157,True,0.0016464859675152676
log_hl,raw,6,0.6878396766267635,0.6803331492538905,1900601,True,0.0017946792385340748
log_hl,raw,7,0.678390861640153,0.6708295941299436,1898109,True,0.0019272289724316157
log_hl,raw,8,0.6728024973328955,0.6651601723231912,1895659,True,0.002047947420856162
log_hl,raw,9,0.6702163700039429,0.6625838939859162,1893253,True,0.0021601139285449614
log_hl,raw,10,0.6697568482430396,0.6620339844538444,1890880,True,0.0022659378006889518
log_hl,raw,11,0.6581874135253509,0.6504879760109339,1888548,True,0.0023668996585891372
log_hl,raw,12,0.6526225982750105,0.6449200051034897,1886238,True,0.002460474321712859
log_hl,raw,13,0.6487383629521116,0.6411793590896894,1883955,True,0.0025491268519520585
log_hl,raw,14,0.6475748529535501,0.6403597401108483,1881700,True,0.002633797783658548
log_hl,raw,15,0.6506973930569645,0.6442698289334895,1879471,True,0.0027155406658094434
log_hl,raw,16,0.6405042405075103,0.6348225046124232,1877263,True,0.0027956499357462547
log_hl,raw,17,0.6347172579284365,0.6291408864897431,1875074,True,0.0028711378011353032
log_hl,raw,18,0.6319066571989257,0.6266320943425259,1872908,True,0.00294338427601684
log_hl,raw,19,0.6293889516618737,0.6242148651822735,1870754,True,0.003013283531808222
log_hl,raw,20,0.6308871666125406,0.6259463289851369,1868620,True,0.003081060375982331
log_hl,raw,21,0.6232592686606158,0.6189014717709832,1866492,True,0.003147690784603055
log_hl,raw,22,0.6188522329851508,0.6146829025113368,1864375,True,0.003211386970479858
log_hl,raw,23,0.6158768021601181,0.611943342874003,1862266,True,0.0032729722518670397
log_hl,raw,24,0.6153712706370672,0.6117100216111839,1860165,True,0.0033328452754651707
log_hl,raw,25,0.616933460529672,0.6145267804091786,1858073,True,0.0033915658434160558
log_hl,raw,26,0.6114788222881693,0.6093790257882937,1855990,True,0.0034495778662348804
log_hl,raw,27,0.6085030115498293,0.6065539036169973,1853916,True,0.0035056339241621355
log_hl,raw,28,0.6066415376718396,0.6048542725280729,1851849,True,0.0035602760310669357
log_hl,raw,29,0.6076955994617417,0.6061889412181428,1849790,True,0.00361376576730194
log_hl,raw,30,0.6135056054533282,0.6130712108856929,1847740,True,0.0036666572377477523
log_hl,raw,31,0.6025314065314725,0.6023395234802111,1846051,True,0.003719791111117029
log_hl,raw,32,0.5974586629235905,0.5973823795647035,1844372,True,0.0037703317246445462
log_hl,raw,33,0.5938705517391458,0.5940986465638369,1842701,True,0.0038193729058368635
log_hl,raw,34,0.5913328099130231,0.5916738757388843,1841036,True,0.0038672160808521845
log_hl,raw,35,0.5941735417177341,0.5948197591256972,1839377,True,0.003914073937761225
log_hl,raw,36,0.5873048605798754,0.588025167659309,1837726,True,0.003960820742932921
log_hl,raw,37,0.5827688981903839,0.5836296375676497,1836086,True,0.004005966200457302
log_hl,raw,38,0.5804213085137705,0.5813346145842272,1834453,True,0.00404992534097243
log_hl,raw,39,0.5785392825930828,0.5796507395117905,1832825,True,0.004093064618550664
log_hl,raw,40,0.5808473103257806,0.5824554902240582,1831204,True,0.004135478967294621
log_hl,raw,41,0.5741088097862995,0.575813285208571,1829590,True,0.004177796648014042
log_hl,raw,42,0.5714849926617805,0.5733811138078886,1827982,True,0.004218728266068994
log_hl,raw,43,0.5698558460127247,0.5718460939828931,1826378,True,0.004258898599283353
log_hl,raw,44,0.570076014388037,0.5722391622606856,1824776,True,0.004298468043243877
log_hl,raw,45,0.5721142135582052,0.5745036254275342,1823177,True,0.004337706705012173
log_hl,raw,46,0.5649696114029118,0.5674507857523827,1821581,True,0.004376870900046408
log_hl,raw,47,0.5616476172903733,0.5641832213476496,1819986,True,0.004414728437529785
log_hl,raw,48,0.5595921810047848,0.5621677690155134,1818395,True,0.004451825800384708
log_hl,raw,49,0.5587794583004476,0.5613693954311059,1816806,True,0.004488348875995328
log_hl,raw,50,0.5624791332026079,0.5652010954067994,1815218,True,0.0045244724054652
log_hl,raw,51,0.556194362798224,0.5589653386248524,1813633,True,0.004560784032804225
log_hl,raw,52,0.5522937716355552,0.5551060093005145,1812049,True,0.004596011362737013
log_hl,raw,53,0.5507847039319836,0.5536975302460662,1810465,True,0.004630483927663145
log_hl,raw,54,0.5522554559037072,0.5553041587351185,1808882,True,0.0046645156897742
log_hl,raw,55,0.5548245202226917,0.5583136306638529,1807300,True,0.00469848097242681
log_hl,raw,56,0.549163675808925,0.5526560593902164,1805720,True,0.004732515816634802
log_hl,raw,57,0.547785066783226,0.5514062151298174,1804141,True,0.004765623982368805
log_hl,raw,58,0.5489245714848231,0.5528406199961301,1802562,True,0.004798339405672593
log_hl,raw,59,0.5524928037982167,0.5572488856521552,1800987,True,0.0048309681496628626
log_hl,raw,60,0.5630279529479381,0.5685601292226644,1799414,True,0.004863799286969541
log_hl,raw,61,0.554441580527728,0.5603458070080929,1797843,True,0.004897661487095775
log_hl,raw,62,0.5477651078215117,0.553719784533212,1796273,True,0.0049302766268737785
log_hl,raw,63,0.5450943205601559,0.5511188948973054,1794704,True,0.004961904264283411
log_hl,raw,64,0.5437008818328424,0.5499788310246615,1793138,True,0.004993026811040859
log_hl,raw,65,0.5459823413279221,0.5527804482541447,1791576,True,0.005023799115423391
log_hl,raw,66,0.5405123172316909,0.5477681764686758,1790014,True,0.00505464050705734
log_hl,raw,67,0.5354955277778297,0.5428902888684103,1788452,True,0.005084685504713133
log_hl,raw,68,0.5343200768001292,0.5419117403908862,1786892,True,0.005114003711922817
log_hl,raw,69,0.5345840275128236,0.5424184556589853,1785333,True,0.005143027319124281
log_hl,raw,70,0.5385642488848812,0.5475249184058262,1783774,True,0.005171916495603585
log_hl,raw,71,0.5318595762635359,0.5408307788031753,1782215,True,0.005201073382923007
log_hl,raw,72,0.5284693683036122,0.5375778588676269,1780658,True,0.005229352250023835
log_hl,raw,73,0.5272779464187969,0.5366182453426115,1779102,True,0.005257122525863233
log_hl,raw,74,0.5273036754937397,0.5369526101392905,1777548,True,0.005284622783746942
log_hl,raw,75,0.5298343324786254,0.5398573082937576,1775996,True,0.005311983337112329
log_hl,raw,76,0.5226455055398231,0.5326876884319509,1774447,True,0.005339464911089002
log_hl,raw,77,0.5193635060973827,0.5294734073948854,1772900,True,0.005366070698166531
log_hl,raw,78,0.5170657314324221,0.5273050883597112,1771357,True,0.005392214568178909
log_hl,raw,79,0.5169633475769166,0.5273762675973113,1769815,True,0.005418003131191049
log_hl,raw,80,0.5192534765821151,0.5299392205108798,1768274,True,0.005443659386731458
log_hl,raw,81,0.5136974607951099,0.524452772761859,1766734,True,0.005469421502239299
log_hl,raw,82,0.5108064240858359,0.5216905095901532,1765195,True,0.0054945182974693915
log_hl,raw,83,0.5098149665389665,0.5208446455475512,1763658,True,0.005519221199288312
log_hl,raw,84,0.5095430542453123,0.5208253104018429,1762125,True,0.0055437188632813505
log_hl,raw,85,0.512466590976401,0.5240220427296339,1760592,True,0.005568082794375319
log_hl,raw,86,0.5065837528010562,0.5181257981863993,1759059,True,0.0055926191285487386
log_hl,raw,87,0.5039745834420808,0.5156707924608283,1757527,True,0.005616491821784601
log_hl,raw,88,0.5043217763357262,0.5162336738137769,1755995,True,0.005640019740915362
log_hl,raw,89,0.5056656399820106,0.5177733451707159,1754465,True,0.005663482144591816
log_hl,raw,90,0.5128869457809508,0.5254444718958212,1752936,True,0.0056869721823326
log_hl,raw,91,0.5025972996400837,0.5150489888430894,1751407,True,0.005711037098653471
log_hl,raw,92,0.49888532838240773,0.5113894620762045,1749878,True,0.005734051052150564
log_hl,raw,93,0.49628293212734853,0.5088768158480006,1748351,True,0.005756636334593087
log_hl,raw,94,0.495514334109507,0.508252230034928,1746824,True,0.005778899707969152
log_hl,raw,95,0.49737378635802215,0.5103456932223311,1745298,True,0.005801009129268239
log_hl,raw,96,0.49121451456494736,0.5041493522116063,1743772,True,0.005823199903004103
log_hl,raw,97,0.48769977343121745,0.5006277935902053,1742246,True,0.005844763311100812
log_hl,raw,98,0.48628556603196643,0.4993067233620205,1740721,True,0.005865941661969716
log_hl,raw,99,0.4867754768796304,0.4999622421800931,1739197,True,0.005886921838457144
log_hl,raw,100,0.48892580725007406,0.5024267997393318,1737674,True,0.005907869579098028
log_hl,raw,101,0.4831670615357942,0.4965884967697611,1736152,True,0.005928927805022878
log_hl,raw,102,0.4816883350714399,0.4952283510929782,1734630,True,0.005949420951249438
log_hl,raw,103,0.47998637315227893,0.49367510701329587,1733110,True,0.005969719145551982
log_hl,raw,104,0.48087694583426643,0.4947863710826974,1731590,True,0.00598980609319469
log_hl,raw,105,0.48398292458847747,0.49826571807077735,1730070,True,0.006009900138202121
log_hl,raw,106,0.4793672503648418,0.49350524192975137,1728551,True,0.0060301863308115265
log_hl,raw,107,0.47559516430509463,0.4897300862104588,1727034,True,0.0060500213393565715
log_hl,raw,108,0.4744396847933509,0.4885202103431222,1725519,True,0.006069482113174214
log_hl,raw,109,0.4737096435998516,0.4878024454313894,1724004,True,0.006088786692754858
log_hl,raw,110,0.4771278990184654,0.4914997556651738,1722489,True,0.0061079711766935324
log_hl,raw,111,0.4712681891944817,0.4855929391218644,1720976,True,0.006127372150735687
log_hl,raw,112,0.46847256395797743,0.4828754559562727,1719464,True,0.0061462405001329054
log_hl,raw,113,0.46722165096625456,0.4817182284489714,1717952,True,0.006164828926015246
log_hl,raw,114,0.46804800196394647,0.48274959201811574,1716440,True,0.006183262780064003
log_hl,raw,115,0.47017259834086994,0.48508627207250804,1714928,True,0.006201706814228017
log_hl,raw,116,0.46504873141617104,0.47995614664055264,1713416,True,0.0062202632354964186
log_hl,raw,117,0.46352600718884635,0.47856591713156865,1711904,True,0.006238363995401774
log_hl,raw,118,0.46479624081215887,0.4800254667879632,1710393,True,0.006256294556970784
log_hl,raw,119,0.4660614048843737,0.48152076653589365,1708883,True,0.006274271861794576
log_hl,raw,120,0.47156660426490316,0.48758414840983133,1707373,True,0.006292295385071594
log_hl,raw,121,0.46300482917128905,0.47883158986277424,1705866,True,0.006310693892283149
log_hl,raw,122,0.4587402196432991,0.47455628700560315,1704359,True,0.006328379739503077
log_hl,raw,123,0.45731157378311876,0.4731978499901918,1702852,True,0.006345693344326697
log_hl,raw,124,0.4566215089181902,0.4726579951541586,1701347,True,0.00636285260585406
log_hl,raw,125,0.4588436879232876,0.4751623361745068,1699842,True,0.006379914178761782
log_hl,raw,126,0.45430179738194854,0.47052995156359145,1698337,True,0.006397096045744922
log_hl,raw,127,0.45094170273608736,0.4672139684158818,1696833,True,0.006413894768466689
log_hl,raw,128,0.44951783806761353,0.4658926302078143,1695329,True,0.006430402998313995
log_hl,raw,129,0.4494116065148292,0.46603785886405186,1693825,True,0.006446765268564613
log_hl,raw,130,0.45292545234106807,0.4700138940952581,1692321,True,0.006463078412062658
log_hl,raw,131,0.44797417054380817,0.46508755975172783,1690818,True,0.006479605608018648
log_hl,raw,132,0.44618741285936503,0.4634517109666684,1689315,True,0.0064957327469679004
log_hl,raw,133,0.4457679821714728,0.4632631160273825,1687814,True,0.0065116920300196425
log_hl,raw,134,0.44636544419858687,0.46423383604719093,1686315,True,0.00652758241387212
log_hl,raw,135,0.44940473672367665,0.46776968613564557,1684816,True,0.006543476677980618
log_hl,raw,136,0.4440673645311163,0.46238521791374626,1683318,True,0.006559548820557527
log_hl,raw,137,0.4418270244290557,0.46028650248536823,1681823,True,0.006575203561881364
log_hl,raw,138,0.4410169642889465,0.4597176446768194,1680328,True,0.0065906641189247776
log_hl,raw,139,0.44129449208178584,0.46024201049010977,1678833,True,0.006606032051428568
log_hl,raw,140,0.44453422801067227,0.46387884552508385,1677339,True,0.006621383596238563
log_hl,raw,141,0.4396602925351162,0.4590038580632644,1675847,True,0.006636925075670154
log_hl,raw,142,0.4382837048547199,0.45782898895309077,1674355,True,0.0066520924946892
log_hl,raw,143,0.43780702302453267,0.4576048090663182,1672863,True,0.006667130901069994
log_hl,raw,144,0.4383580887884098,0.4584961793199223,1671372,True,0.006682102879080842
log_hl,raw,145,0.4417984079419503,0.4624059468929658,1669881,True,0.0066970789733171564
log_hl,raw,146,0.4388355142499994,0.4595280300030618,1668391,True,0.006712256852692954
log_hl,raw,147,0.436605664264688,0.45743960369413067,1666902,True,0.006727198275106444
log_hl,raw,148,0.4367712075280146,0.457866338177928,1665413,True,0.006741955628840293
log_hl,raw,149,0.438202926144491,0.4596666791632663,1663924,True,0.006756691907206908
log_hl,raw,150,0.44495624039228737,0.4671097314617835,1662435,True,0.006771492567855102
log_hl,raw,151,0.43905195572604333,0.46095397711556046,1660946,True,0.006786719144198202
log_hl,raw,152,0.43530954765011987,0.45715870277148224,1659457,True,0.006801511556111552
log_hl,raw,153,0.43276612021704675,0.4546350814714644,1657968,True,0.006816021576280693
log_hl,raw,154,0.4328631305024944,0.45481077410305704,1656479,True,0.006830332245781088
log_hl,raw,155,0.43555377481916124,0.45785297674468634,1654990,True,0.0068446193911727085
log_hl,raw,156,0.4310130863774838,0.4531852298008408,1653501,True,0.006859054385712905
log_hl,raw,157,0.4283500543055593,0.4505363961468866,1652012,True,0.006873160597187358
log_hl,raw,158,0.42769173851220443,0.45002438210139634,1650524,True,0.006887064674697011
log_hl,raw,159,0.4283462760996408,0.4508609006374621,1649037,True,0.006900898162447868
log_hl,raw,160,0.4312433757115877,0.45406396307885166,1647551,True,0.006914746221817424
log_hl,raw,161,0.4260127264486792,0.44864931026196386,1646065,True,0.006928753992828726
log_hl,raw,162,0.4243428934927449,0.4470484077226943,1644579,True,0.006942396768113676
log_hl,raw,163,0.4233931816318317,0.4462125103934444,1643093,True,0.006955906357796739
log_hl,raw,164,0.4246715211333873,0.44773575122241144,1641607,True,0.006969329532120768
log_hl,raw,165,0.42878265049944,0.4523186179548681,1640121,True,0.006982807847155251
log_hl,raw,166,0.42393917961532074,0.44733665356807495,1638635,True,0.006996521657489971
log_hl,raw,167,0.42241032264047174,0.4458971701680027,1637149,True,0.007009901467283723
log_hl,raw,168,0.42147047951567285,0.44505733741919035,1635663,True,0.007023159732356992
log_hl,raw,169,0.42173449517842915,0.4455332437787705,1634177,True,0.007036334249408491
log_hl,raw,170,0.42509196040808717,0.4492750964682368,1632691,True,0.007049500609509892
log_hl,raw,171,0.42033963007367875,0.44440925804856424,1631206,True,0.007062852305209159
log_hl,raw,172,0.4181045995951993,0.44229380963628123,1629722,True,0.007075882778476462
log_hl,raw,173,0.41818742915835755,0.44267906050696,1628238,True,0.0070887514761165185
log_hl,raw,174,0.41873343988618406,0.4435073138935594,1626754,True,0.007101601940044755
log_hl,raw,175,0.42128967316939164,0.44649485942933126,1625270,True,0.0071144626804548385
log_hl,raw,176,0.4179145263193313,0.44317646068951105,1623786,True,0.007127457287701799
log_hl,raw,177,0.4168026066388297,0.4423080364691075,1622303,True,0.007140221431384566
log_hl,raw,178,0.41765979665364483,0.44356655695775865,1620820,True,0.007152895147884977
log_hl,raw,179,0.4195202093007009,0.44608166845739516,1619337,True,0.007165598492679157
log_hl,raw,180,0.4257829613536705,0.45414625203012626,1617854,True,0.0071783924778094955
log_hl,raw,181,0.4189877374590821,0.4470741948575664,1616371,True,0.007191547502684077
log_hl,raw,182,0.4160451680855941,0.4440509433619188,1614888,True,0.007204263094337504
log_hl,raw,183,0.41450138132968206,0.44256565321086877,1613405,True,0.00721677877284358
log_hl,raw,184,0.41439952967579685,0.44258221198790193,1611923,True,0.007229180313896393
log_hl,raw,185,0.41665022380818956,0.4451211212362999,1610441,True,0.00724155453845699
log_hl,raw,186,0.41350988867120414,0.4418677369718732,1608959,True,0.007254042087736314
log_hl,raw,187,0.4106018075577958,0.43886712297162167,1607478,True,0.00726632112707899
log_hl,raw,188,0.41053497407786466,0.4390267977211956,1605997,True,0.0072784077828658145
log_hl,raw,189,0.41103770919770144,0.4398101624581987,1604517,True,0.007290470475993921
log_hl,raw,190,0.4135938420476982,0.44275266751703446,1603037,True,0.007302542731786954
log_hl,raw,191,0.4096196841549127,0.43864468826869224,1601557,True,0.00731474530422643
log_hl,raw,192,0.40889199298855955,0.4380181474750448,1600078,True,0.007326694754169784
log_hl,raw,193,0.40802379965905894,0.4372367320448037,1598599,True,0.007338582431485468
log_hl,raw,194,0.40904993313863675,0.4386344313147878,1597122,True,0.0073504005770429
log_hl,raw,195,0.41366141645854604,0.4437546310718115,1595645,True,0.00736225912552296
log_hl,raw,196,0.4081800017073794,0.43794673355022196,1594169,True,0.00737436683635834
log_hl,raw,197,0.4059452764126236,0.4356074343129239,1592693,True,0.007386136724728696
log_hl,raw,198,0.40586353977283074,0.4355661608659086,1591217,True,0.007397759668738842
log_hl,raw,199,0.40681573985142166,0.43674902487073897,1589742,True,0.0074093597109929
log_hl,raw,200,0.4102083400057429,0.4405232497462927,1588267,True,0.007420995986603223
log_hl,raw,201,0.40576024053517346,0.4358757749643573,1586792,True,0.0074328084735239466
log_hl,raw,202,0.40387605892218437,0.4340397845568338,1585319,True,0.0074443480300366745
log_hl,raw,203,0.4035248776552616,0.4338269635735194,1583846,True,0.0074557630528734814
log_hl,raw,204,0.40488758685441434,0.4354993709275137,1582373,True,0.007467140828334274
log_hl,raw,205,0.4081658835648405,0.4392056509558209,1580900,True,0.0074785780933814905
log_hl,raw,206,0.40543695844769145,0.43633715357301145,1579428,True,0.007490183426345205
log_hl,raw,207,0.40407073623388995,0.43494511701767136,1577956,True,0.007501616499020358
log_hl,raw,208,0.40459801220439046,0.43570673229174617,1576484,True,0.007512955424854012
log_hl,raw,209,0.4063588467154734,0.4378282295815723,1575012,True,0.007524306808124221
log_hl,raw,210,0.4123877395995524,0.4446962486587889,1573540,True,0.007535739886776489
log_hl,raw,211,0.40674328534691956,0.4387617172367953,1572068,True,0.007547496629662094
log_hl,raw,212,0.40412133549955875,0.43619735408024085,1570596,True,0.007558916193247023
log_hl,raw,213,0.40264208049868655,0.4347163529862474,1569124,True,0.007570172110008284
log_hl,raw,214,0.40248588643912075,0.4346622070245538,1567652,True,0.007581329245965756
log_hl,raw,215,0.4053517813658872,0.4379611565945028,1566180,True,0.007592461351044104
log_hl,raw,216,0.4010290270142439,0.4333861388602706,1564709,True,0.007603735903744651
log_hl,raw,217,0.3984360365437928,0.4307656639395578,1563238,True,0.007614755104528525
log_hl,raw,218,0.3990551376247157,0.4316613862167086,1561768,True,0.007625616652712668
log_hl,raw,219,0.40011102819493843,0.43303563390235783,1560298,True,0.0076364964603418874
log_hl,raw,220,0.4028053443727148,0.43623736802151125,1558828,True,0.007647418317891279
log_hl,raw,221,0.397859894793807,0.4315832133899416,1557358,True,0.007658471871615246
log_hl,raw,222,0.397299248653463,0.4311898063049574,1555888,True,0.007669240318278917
log_hl,raw,223,0.3980290644348392,0.4321102849936172,1554418,True,0.007679963402293574
log_hl,raw,224,0.3990347121098304,0.4333601728115337,1552948,True,0.007690710884216626
log_hl,raw,225,0.4032171892624823,0.43807566067606196,1551479,True,0.007701497631072094
log_hl,raw,226,0.39819541274533327,0.43271825142160814,1550010,True,0.007712496118652643
log_hl,raw,227,0.3966266940683097,0.43107426728673454,1548542,True,0.007723207269904809
log_hl,raw,228,0.3968786796381407,0.43143339886589743,1547074,True,0.0077338195325910705
log_hl,raw,229,0.39663666124583863,0.4313304875605708,1545606,True,0.007744430714161607
log_hl,raw,230,0.39998455219654283,0.43511413103593233,1544139,True,0.00775501446546928
log_hl,raw,231,0.39571453784023924,0.43053671689654055,1542672,True,0.007765762846187097
log_hl,raw,232,0.39445542052355287,0.4292899547658593,1541205,True,0.00777626857776201
log_hl,raw,233,0.3946995654234793,0.42970984989899064,1539738,True,0.007786693520267988
log_hl,raw,234,0.39577526766042537,0.4310386231159219,1538271,True,0.007797117407332182
log_hl,raw,235,0.3979710000229661,0.43361826823443334,1536804,True,0.00780758415867046
log_hl,raw,236,0.39509762123533626,0.4305852579117141,1535337,True,0.007818153122364354
log_hl,raw,237,0.39552918050382135,0.43125731736237644,1533870,True,0.00782855605750379
log_hl,raw,238,0.3961072732914912,0.4322594191109598,1532404,True,0.007838967880189987
log_hl,raw,239,0.397710782551053,0.43422540580659047,1530939,True,0.00784939628889377
log_hl,raw,240,0.4046939366961787,0.4423643173226807,1529475,True,0.007859895295323278
log_hl,raw,241,0.39735971951240484,0.4343892342580011,1528012,True,0.007870751471628313
log_hl,raw,242,0.39490632800821296,0.43179806711458907,1526550,True,0.007881203565194285
log_hl,raw,243,0.39336078930697255,0.43025150516810895,1525089,True,0.007891513400961931
log_hl,raw,244,0.3938290920409628,0.4309316900845163,1523628,True,0.007901729401160703
log_hl,raw,245,0.3965923310679309,0.4341325240508447,1522168,True,0.007911956502312115
log_hl,raw,246,0.3930250522934973,0.4303529901482216,1520708,True,0.007922314138007877
log_hl,raw,247,0.3904710186296123,0.4276708351903931,1519250,True,0.0079324731183702
log_hl,raw,248,0.3904429503309229,0.4277756295714649,1517792,True,0.007942487750912618
log_hl,raw,249,0.39110780936695677,0.42867609818163366,1516334,True,0.007952488334961606
log_hl,raw,250,0.3940751783442373,0.43213134912075446,1514876,True,0.007962510382050082
log_hl,raw,251,0.3909173495392413,0.42873756059107465,1513418,True,0.007972672194829266
log_hl,raw,252,0.39010515172012195,0.4279648762229227,1511960,True,0.007982659173773552
log_hl,raw,253,0.39006839885601235,0.42811407440246746,1510502,True,0.007992592295086202
log_hl,raw,254,0.39167221105662925,0.43018179302781706,1509045,True,0.008002511218836206
log_hl,raw,255,0.3958715070467238,0.4350059531450223,1507590,True,0.00801249944479431
log_hl,raw,256,0.3910643225302019,0.4298880590242886,1506135,True,0.008022690155215747
log_hl,raw,257,0.3894743395676724,0.4282504434208387,1504680,True,0.008032622406517009
log_hl,raw,258,0.39056714962622563,0.4296488830769772,1503225,True,0.00804246194005098
log_hl,raw,259,0.3900545434947744,0.42926123074617534,1501770,True,0.008052344642823363
log_hl,raw,260,0.39332162369770063,0.4330403514316096,1500315,True,0.008062189354525975
log_hl,raw,261,0.38966404369955115,0.42908785543580763,1498860,True,0.008072187363566647
log_hl,raw,262,0.38835810132433424,0.4277373057227065,1497405,True,0.00808198826310011
log_hl,raw,263,0.3881285064582987,0.42758560715390115,1495950,True,0.0080917118259143
log_hl,raw,264,0.3897859415906995,0.429563360077233,1494495,True,0.008101412245283822
log_hl,raw,265,0.39300243359195297,0.43326393125207757,1493040,True,0.008111183939056967
log_hl,raw,266,0.39006561781334176,0.4301053154692873,1491585,True,0.008121105517542814
log_hl,raw,267,0.3894492750623095,0.4295618089174149,1490130,True,0.008130867529169894
log_hl,raw,268,0.39049306172181747,0.4308304482200818,1488675,True,0.008140587064267282
log_hl,raw,269,0.3932522935942844,0.4340837861399524,1487221,True,0.008150347084696884
log_hl,raw,270,0.3991076431385936,0.44080433723378676,1485767,True,0.008160233598500632
log_hl,raw,271,0.3914782920234818,0.43250886628585866,1484313,True,0.008170404208806116
log_hl,raw,272,0.3893060444935562,0.4302514489074911,1482860,True,0.008180177756263174
log_hl,raw,273,0.38689826317159454,0.42783376899818615,1481408,True,0.008189831670480907
log_hl,raw,274,0.38544057280959326,0.4263548726736251,1479956,True,0.008199355381735992
log_hl,raw,275,0.3889720560291563,0.4304632991067768,1478504,True,0.008208796539592214
log_hl,raw,276,0.3844179410984161,0.425583675059709,1477052,True,0.008218400346376598
log_hl,raw,277,0.38254733220612724,0.42364294321025897,1475600,True,0.008227769763846126
log_hl,raw,278,0.3810339374485917,0.4221515800326816,1474148,True,0.008237037715716544
log_hl,raw,279,0.3821138464780436,0.4235003821905904,1472696,True,0.00824622218956813
log_hl,raw,280,0.3842803618878355,0.4261494294421397,1471244,True,0.008255448492421474
log_hl,raw,281,0.3804923687109333,0.4221398420885686,1469792,True,0.008264769238709549
log_hl,raw,282,0.3793272660220435,0.42101796945280523,1468341,True,0.008273896941525851
log_hl,raw,283,0.3788204641012827,0.4206137929912181,1466890,True,0.00828295886367216
log_hl,raw,284,0.3809546195240506,0.42318404229990386,1465439,True,0.008291986723839637
log_hl,raw,285,0.3848205854146414,0.42772601684000233,1463989,True,0.00830110660552304
log_hl,raw,286,0.3802522658893102,0.422805571426251,1462539,True,0.008310402208841773
log_hl,raw,287,0.37827152787671836,0.4207391575945613,1461089,True,0.008319468398973432
log_hl,raw,288,0.3796678561539581,0.42247549042308574,1459639,True,0.00832843066734394
log_hl,raw,289,0.37944707599082894,0.42245566079255115,1458189,True,0.008337449482315002
log_hl,raw,290,0.3831406244638264,0.4267925490636249,1456739,True,0.008346448082946246
log_hl,raw,291,0.37798565498941294,0.4211702695490836,1455289,True,0.008355612744174694
log_hl,raw,292,0.37661334786907885,0.4198188674086789,1453839,True,0.008364522810024219
log_hl,raw,293,0.3762833942622698,0.4196366670079543,1452389,True,0.008373358917567564
log_hl,raw,294,0.3772252671523773,0.42088337832872125,1450939,True,0.00838217025897519
log_hl,raw,295,0.3803253262667086,0.4246128567567459,1449489,True,0.008391016444429616
log_hl,raw,296,0.37657932713865017,0.42057553755628474,1448039,True,0.008399999076294833
log_hl,raw,297,0.3768303695120443,0.42107826433324597,1446589,True,0.008408796316106835
log_hl,raw,298,0.378407480067535,0.4230631128529348,1445140,True,0.008417596076587921
log_hl,raw,299,0.3805039490115077,0.4256490808048558,1443692,True,0.008426460343185537
log_hl,raw,300,0.3868104541247552,0.43307984386066223,1442244,True,0.008435413631484753
log_hl,raw,301,0.3790164036498433,0.42447233115628713,1440798,True,0.008444656190637983
log_hl,raw,302,0.3766928643369615,0.4220702773079227,1439352,True,0.008453520527193852
log_hl,raw,303,0.37557140670072287,0.42098727095062,1437906,True,0.008462267396283871
log_hl,raw,304,0.3756391494038615,0.4213142377204334,1436460,True,0.008470953310663571
log_hl,raw,305,0.3791936613859421,0.4255153008603127,1435014,True,0.008479633456699512
log_hl,raw,306,0.37512420817915776,0.42114013545494583,1433568,True,0.008488469522031458
log_hl,raw,307,0.37281132140338336,0.4187169469956344,1432122,True,0.008497108053819402
log_hl,raw,308,0.37329721007743955,0.41949172917276506,1430676,True,0.008505631777191462
log_hl,raw,309,0.3737685202354274,0.42024157366623416,1429230,True,0.008514169166448307
log_hl,raw,310,0.3767145751228833,0.4237871812779395,1427784,True,0.008522719542727883
log_hl,raw,311,0.37247846327925066,0.4192313528222933,1426338,True,0.008531396464967006
log_hl,raw,312,0.3724312187731183,0.4194176968938377,1424892,True,0.008539870819770737
log_hl,raw,313,0.37231234394690105,0.41950485635856105,1423447,True,0.008548334627151743
log_hl,raw,314,0.37503365785494974,0.4228642206014611,1422002,True,0.008556784668514861
log_hl,raw,315,0.3774647020054069,0.4260153759775695,1420557,True,0.008565350167149582
log_hl,raw,316,0.3731847626299349,0.4214441566256298,1419112,True,0.008574018347642095
log_hl,raw,317,0.3722871672150879,0.4207044118027974,1417667,True,0.008582482610821129
log_hl,raw,318,0.3722905488562565,0.4209385710302157,1416223,True,0.008590897926472746
log_hl,raw,319,0.37282086386456803,0.421838262561601,1414779,True,0.008599305159521543
log_hl,raw,320,0.3758045340021068,0.4255058604367943,1413336,True,0.008607728114701754
log_hl,raw,321,0.371593478898407,0.4209747634107269,1411895,True,0.008616277992973721
log_hl,raw,322,0.3701834657376764,0.4196272785543531,1410454,True,0.008624629139942927
log_hl,raw,323,0.37017462578745197,0.4199051503634343,1409013,True,0.008632909043202193
log_hl,raw,324,0.37188109669627223,0.42213184573937973,1407573,True,0.008641180617860908
log_hl,raw,325,0.37575844720595625,0.42688381515069396,1406133,True,0.008649520610570071
log_hl,raw,326,0.3720490593361546,0.42290609668811785,1404693,True,0.008658027132738019
log_hl,raw,327,0.372520627844315,0.42377416331621626,1403253,True,0.008666358430422896
log_hl,raw,328,0.3752227050150156,0.42717030149644586,1401814,True,0.008674702829213697
log_hl,raw,329,0.37685342670223954,0.429418694520382,1400375,True,0.008683160524343021
log_hl,raw,330,0.3852671090691256,0.4395485612379907,1398936,True,0.008691683555827135
log_hl,raw,331,0.376646903214286,0.42996962157621693,1397497,True,0.008700582485398707
log_hl,raw,332,0.37246724749975757,0.4254946126803192,1396059,True,0.008709079151325804
log_hl,raw,333,0.37037751841630834,0.4234802964361017,1394621,True,0.008717380278951458
log_hl,raw,334,0.3696513437490809,0.4229729902805141,1393183,True,0.008725580755592145
log_hl,raw,335,0.3726615996349226,0.42685730458679505,1391746,True,0.008733741452910691
log_hl,raw,336,0.3676447428178755,0.4213962771631743,1390309,True,0.0087420277987941
log_hl,raw,337,0.36572974255933505,0.41956606208152425,1388873,True,0.008750085005810274
log_hl,raw,338,0.36545988886216096,0.41962120319711965,1387438,True,0.008758051196819697
log_hl,raw,339,0.36673961383903136,0.42159252301365274,1386003,True,0.00876599841311378
log_hl,raw,340,0.36898533913443704,0.42463808322758917,1384568,True,0.008773994109860565
log_hl,raw,341,0.3641041156138108,0.4193011227982766,1383133,True,0.008782080615098026
log_hl,raw,342,0.3620697502904444,0.4172825197990082,1381698,True,0.008789947437746462
log_hl,raw,343,0.3618703446667856,0.41747746385280876,1380263,True,0.008797719679831787
log_hl,raw,344,0.36342944933492494,0.419731969267661,1378828,True,0.00880547651441673
log_hl,raw,345,0.36832769692064155,0.42598829318628656,1377394,True,0.008813293417348052
log_hl,raw,346,0.36140412552911616,0.41860136876070236,1375960,True,0.008821315238961043
log_hl,raw,347,0.35997619755428223,0.4172987099147702,1374526,True,0.00882903143127731
log_hl,raw,348,0.36050902299279874,0.41833320795155426,1373093,True,0.008836680111549712
log_hl,raw,349,0.3613648901593326,0.4197283413270713,1371660,True,0.008844344807173252
log_hl,raw,350,0.3645806363058499,0.4240265741998858,1370227,True,0.008852039254759298
log_hl,raw,351,0.35888196591352844,0.4177943603923164,1368794,True,0.008859864393161452
log_hl,raw,352,0.3574156720447533,0.41647371343007866,1367362,True,0.008867440230378075
log_hl,raw,353,0.3570828781923729,0.416570137098428,1365930,True,0.00887494790045002
log_hl,raw,354,0.36046762546810834,0.42107224499887896,1364499,True,0.008882435268101169
log_hl,raw,355,0.3623382795279729,0.4238386376080573,1363069,True,0.008890058764960702
log_hl,raw,356,0.35785918877458633,0.4189755932836771,1361639,True,0.008897754957681574
log_hl,raw,357,0.35753064741993557,0.41913978115672507,1360209,True,0.008905255643373185
log_hl,raw,358,0.35915763341016466,0.42162170641218194,1358779,True,0.008912736268034044
log_hl,raw,359,0.3636362834830646,0.4276145666129388,1357349,True,0.008920278771145852
log_hl,raw,360,0.36747310685195417,0.43292553978515624,1355919,True,0.008928003941334122
log_hl,raw,361,0.35964410367645305,0.4240142332977953,1354489,True,0.008935886099711599
log_hl,raw,362,0.35622322847190574,0.4203217387119895,1353059,True,0.00894342946381588
log_hl,raw,363,0.3546970194697032,0.41899287694875076,1351629,True,0.00895082383013163
log_hl,raw,364,0.3550593741398898,0.4198682645625082,1350199,True,0.008958148945572054
log_hl,raw,365,0.3580920166706505,0.4239679541551819,1348769,True,0.008965483031936545
log_hl,raw,366,0.3528831056699759,0.4182566482588831,1347340,True,0.008972936787826388
log_hl,raw,367,0.3512637604834863,0.41684767827138974,1345911,True,0.008980169350519755
log_hl,raw,368,0.3507679098919625,0.4168221366432598,1344482,True,0.008987329945796358
log_hl,raw,369,0.35159392333739464,0.41848546467072684,1343053,True,0.008994464662749594
log_hl,raw,370,0.35367077896175914,0.4219170608876262,1341624,True,0.009001627326898125
log_hl,raw,371,0.3491823976068292,0.4170407111122243,1340196,True,0.00900886906386977
log_hl,raw,372,0.3487091827466191,0.417024799891881,1338768,True,0.009015922561162494
log_hl,raw,373,0.3491762184403559,0.41820966249540625,1337341,True,0.009022951461959102
log_hl,raw,374,0.3520267181281875,0.42252071657650014,1335914,True,0.009029993710083733
log_hl,raw,375,0.35656353168698623,0.4293746020919979,1334487,True,0.009037145782899414
log_hl,raw,376,0.35090657713859225,0.4231220147012027,1333060,True,0.009044477513516308
log_hl,raw,377,0.3474896070127709,0.41960052019744704,1331633,True,0.009051572789509698
log_hl,raw,378,0.34790549272653865,0.4208682220334322,1330206,True,0.009058525160072028
log_hl,raw,379,0.34900699919350847,0.4229473946325597,1328780,True,0.009065488831215216
log_hl,raw,380,0.35249992323687834,0.428279690265515,1327356,True,0.00907249127165527
log_hl,raw,381,0.34285093945718964,0.4173065292976653,1325933,True,0.009079629012312134
log_hl,raw,382,0.3402237122056929,0.41495277644373363,1324510,True,0.009086376177224126
log_hl,raw,383,0.3394030291995671,0.41476515581041695,1323087,True,0.009093015440397397
log_hl,raw,384,0.3403186886900336,0.41684845378287366,1321664,True,0.009099617902740205
log_hl,raw,385,0.3416839936499463,0.41966745026965985,1320241,True,0.009106251212121875
log_hl,raw,386,0.33540860212436596,0.41297794766495755,1318819,True,0.009112932965076702
log_hl,raw,387,0.33478674130853886,0.4131191626619681,1317399,True,0.009119366905121
log_hl,raw,388,0.3355138617154814,0.41491220893763975,1315979,True,0.009125772498781671
log_hl,raw,389,0.339182185205061,0.4207235198158574,1314559,True,0.009132201424744761
log_hl,raw,390,0.34235946175382637,0.4274467912678047,1313140,True,0.00913876702702676
log_hl,raw,391,0.33064093189594285,0.41362096169148016,1311722,True,0.009145451364088092
log_hl,raw,392,0.32517160256088024,0.40776888406472483,1310304,True,0.009151681539312598
log_hl,raw,393,0.3210506639718557,0.4035640135418218,1308886,True,0.009157703272957202
log_hl,raw,394,0.32067635490947693,0.40418428986761584,1307468,True,0.009163569536566336
log_hl,raw,395,0.3234306818175759,0.4089687278605215,1306050,True,0.009169418389424313
log_hl,raw,396,0.3164892236617889,0.40133076610946167,1304632,True,0.009175364321340184
log_hl,raw,397,0.31441064695507903,0.39983650104934576,1303214,True,0.009181054160311045
log_hl,raw,398,0.31394343614560183,0.40050153277781314,1301796,True,0.009186666052311308
log_hl,raw,399,0.31431157279774424,0.40233937980010553,1300378,True,0.009192257867458404
log_hl,raw,400,0.31768486269132384,0.40824239230507414,1298960,True,0.009197859392949148
log_hl,raw,401,0.31415591449098745,0.4050714634637205,1297542,True,0.009203578277901388
log_hl,raw,402,0.3140352226948898,0.4066504506949612,1296124,True,0.009209167379421145
log_hl,raw,403,0.3149860613967454,0.40967528869980635,1294706,True,0.009214748801245683
log_hl,raw,404,0.31691197601213306,0.41419665622884083,1293288,True,0.009220360663761565
log_hl,raw,405,0.3217223412941812,0.42334120316979973,1291870,True,0.009226037884577829
log_hl,raw,406,0.3170398570834774,0.4180545686844438,1290453,True,0.009231885107922997
log_hl,raw,407,0.31636591900454963,0.41820015176212844,1289036,True,0.009237559821616519
log_hl,raw,408,0.31609792132049125,0.41882557247777746,1287619,True,0.009243206973510018
log_hl,raw,409,0.3166484592634348,0.4205238598898428,1286203,True,0.009248841122624278
log_hl,raw,410,0.3217578350086692,0.4285026761558237,1284787,True,0.00925449146643773
log_hl,raw,411,0.31762579322188267,0.423800804097457,1283371,True,0.009260322009300156
log_hl,raw,412,0.3167718076618446,0.423480858925509,1281955,True,0.00926600023149548
log_hl,raw,413,0.31618783272118034,0.42360679511443566,1280541,True,0.009271644511654293
log_hl,raw,414,0.3187537050668347,0.42800223495760337,1279127,True,0.009277264585292957
log_hl,raw,415,0.32321410905469944,0.435054034971955,1277713,True,0.009282972757004695
log_hl,raw,416,0.32026397437447357,0.43198688560555465,1276299,True,0.009288838140860557
log_hl,raw,417,0.32188821170188764,0.4351280921836792,1274885,True,0.009294593339772002
log_hl,raw,418,0.32490544977030783,0.44050853463070516,1273471,True,0.009300403446470741
log_hl,raw,419,0.32810021057842653,0.4464543089366033,1272057,True,0.009306319255938349
log_hl,raw,420,0.33896906088983586,0.46529139570053507,1270643,True,0.00931234810618972
log_hl,raw,421,0.3317448472193475,0.45609195966012817,1269230,True,0.009318778699879677
log_hl,raw,422,0.32892574091637505,0.4529927221678438,1267817,True,0.00932493395478053
log_hl,raw,423,0.3274418972321994,0.4517403469544673,1266404,True,0.009330981083866404
log_hl,raw,424,0.32819781099083406,0.4538016278842215,1264991,True,0.009336969912900039
log_hl,raw,425,0.33173105022630817,0.45990805476852475,1263578,True,0.009342982559309227
log_hl,raw,426,0.3294901967945632,0.4577482844591468,1262165,True,0.009349121368458215
log_hl,raw,427,0.32773677476253466,0.45640784047264243,1260752,True,0.009355173574777966
log_hl,raw,428,0.3291731994036133,0.4596981910986552,1259339,True,0.009361157686585285
log_hl,raw,429,0.33175503798526645,0.46471774830458085,1257926,True,0.009367190495004745
log_hl,raw,430,0.33544979380267165,0.4715385474412456,1256514,True,0.009373314335060985
log_hl,raw,431,0.3332819139738431,0.46983623517693157,1255103,True,0.009379571203554555
log_hl,raw,432,0.33427096063352163,0.47268274772345004,1253692,True,0.00938574337122816
log_hl,raw,433,0.3357195976534253,0.47614663034292726,1252282,True,0.009391948133840183
log_hl,raw,434,0.3389899559234578,0.4824969476992011,1250872,True,0.009398202642445102
log_hl,raw,435,0.34527198897173433,0.49397559004895003,1249462,True,0.009404575316629958
log_hl,raw,436,0.3413421167183947,0.4899198898930536,1248052,True,0.009411181810951068
log_hl,raw,437,0.341320989133762,0.4915169849958225,1246642,True,0.009417634293106951
log_hl,raw,438,0.3431747196535028,0.4959629670942868,1245232,True,0.009424081559461157
log_hl,raw,439,0.34703503463838703,0.5035027856398112,1243822,True,0.009430594566833976
log_hl,raw,440,0.35552313013385173,0.5184728183641119,1242412,True,0.009437250277233798
log_hl,raw,441,0.34862371871564,0.5102436763640907,1241002,True,0.009444230507385075
log_hl,raw,442,0.3488837294783932,0.5127004925665163,1239592,True,0.009450937582558449
log_hl,raw,443,0.35153516848563593,0.5187669097384572,1238182,True,0.009457649898910332
log_hl,raw,444,0.356201550244538,0.5281126175461642,1236772,True,0.009464459757214197
log_hl,raw,445,0.36117837056098523,0.5387550414562621,1235362,True,0.009471446513377084
log_hl,raw,446,0.35897949415160846,0.5381171439467072,1233952,True,0.009478624500888072
log_hl,raw,447,0.3605691348147515,0.543587868035117,1232542,True,0.009485710021185393
log_hl,raw,448,0.3644290682356143,0.5533706692607119,1231132,True,0.009492853073634483
log_hl,raw,449,0.3734757706380496,0.5718262639015129,1229722,True,0.009500144333612563
log_hl,raw,450,0.3827101885780899,0.5913190831198591,1228312,True,0.009507796067786962
log_hl,raw,451,0.37225729532550406,0.5754822372013457,1226902,True,0.00951582424500062
log_hl,raw,452,0.36623418609873254,0.5665607769502747,1225492,True,0.00952341363632592
log_hl,raw,453,0.3654606139071357,0.5658741680068532,1224082,True,0.009530753666737925
log_hl,raw,454,0.3652144202494442,0.5657222327433487,1222672,True,0.009538057109350387
log_hl,raw,455,0.3668933876060834,0.568940230429816,1221262,True,0.009545345138497724
log_hl,raw,456,0.3610601941159675,0.5601591850024916,1219852,True,0.009552694693527137
log_hl,raw,457,0.3581402098264456,0.5559030935715513,1218442,True,0.00955980702119678
log_hl,raw,458,0.3566311832542881,0.5539072578692286,1217032,True,0.009566799615189189
log_hl,raw,459,0.3570650122528186,0.5547413235710097,1215623,True,0.009573728363522238
log_hl,raw,460,0.35857364014484666,0.5573062317549861,1214214,True,0.009580668950065997
log_hl,raw,461,0.35379003175730483,0.5501593628440399,1212805,True,0.009587663221216833
log_hl,raw,462,0.35221719628616277,0.5480051468138076,1211397,True,0.009594467222955542
log_hl,raw,463,0.35076059365407003,0.5462455826809938,1209989,True,0.009601206104653301
log_hl,raw,464,0.3543945817434013,0.5525784940067687,1208581,True,0.009607884695760762
log_hl,raw,465,0.35811226109914174,0.5602426591028402,1207173,True,0.009614697603211554
log_hl,raw,466,0.35246503417278646,0.5516237375407678,1205765,True,0.009621649220493347
log_hl,raw,467,0.3483193254721321,0.5453110000601494,1204357,True,0.009628378534454767
log_hl,raw,468,0.34763137552447887,0.5444777457949254,1202949,True,0.009634945942077646
log_hl,raw,469,0.34832732950192014,0.5457980769003415,1201541,True,0.00964148298631222
log_hl,raw,470,0.35082663907200873,0.5501004804913189,1200133,True,0.009648041775074116
log_hl,raw,471,0.3454733786095869,0.5420415603372326,1198725,True,0.009654690470075323
log_hl,raw,472,0.3431740914126133,0.5388037320187835,1197317,True,0.009661133438580537
log_hl,raw,473,0.34284268221448416,0.5384610671679897,1195909,True,0.009667486721638995
log_hl,raw,474,0.34499220963060995,0.5420868701572212,1194501,True,0.009673823579227777
log_hl,raw,475,0.346150833398976,0.544490382115841,1193093,True,0.009680235919734397
log_hl,raw,476,0.3418324293290427,0.5380015225394638,1191685,True,0.009686687115304992
log_hl,raw,477,0.3418997203990434,0.5383874517234419,1190277,True,0.009692974215926853
log_hl,raw,478,0.3431710090043005,0.5408368871227995,1188870,True,0.009699259714342469
log_hl,raw,479,0.34650372226371917,0.5465864699635992,1187463,True,0.009705587926307603
log_hl,raw,480,0.3532285414766763,0.5578891987213664,1186056,True,0.009712035403400772
log_hl,raw,481,0.3438071185397112,0.5431375859764384,1184649,True,0.009718731037554823
log_hl,raw,482,0.3402710743987844,0.5377673688140538,1183242,True,0.009725070006613311
log_hl,raw,483,0.33737456357973955,0.5335135922394117,1181835,True,0.009731275250735217
log_hl,raw,484,0.3373123256587376,0.5339662854682602,1180429,True,0.009737371447540598
log_hl,raw,485,0.3386215713279753,0.5363554980780838,1179023,True,0.00974346158323508
log_hl,raw,486,0.3348266862762102,0.5307242437323952,1177617,True,0.009749595238510005
log_hl,raw,487,0.33247591079014416,0.5272437101107119,1176212,True,0.009755588457626769
log_hl,raw,488,0.3309448430409014,0.5251097251118043,1174807,True,0.009761494214152372
log_hl,raw,489,0.33150032046159394,0.5263434215053862,1173402,True,0.009767342181519069
log_hl,raw,490,0.3339178926511371,0.5306271445214841,1171997,True,0.009773206279623718
log_hl,raw,491,0.3310658678310678,0.5268910507071287,1170592,True,0.009779152627221867
log_hl,raw,492,0.32891697696065886,0.5239194078725262,1169187,True,0.009784994310030463
log_hl,raw,493,0.32909491407687436,0.5246001746380549,1167782,True,0.009790756986165642
log_hl,raw,494,0.3304665131640526,0.5273354948911949,1166377,True,0.009796522503635567
log_hl,raw,495,0.3345729488637662,0.5347497496132386,1164973,True,0.009802332746450298
log_hl,raw,496,0.3289984641127033,0.5261244874603621,1163569,True,0.009808284712587245
log_hl,raw,497,0.3270761812228188,0.5234498831893086,1162166,True,0.009814036560979674
log_hl,raw,498,0.32729569978038503,0.5243088552753524,1160763,True,0.009819718081100052
log_hl,raw,499,0.32875490382957095,0.5271292782616568,1159360,True,0.00982540393818488
log_hl,raw,500,0.33119233325925956,0.5315645570204094,1157957,True,0.009831137274914324
log_hl,raw,501,0.3267314433001005,0.5248159507819132,1156554,True,0.009836952525563969
log_hl,raw,502,0.325898125017153,0.5240642506020217,1155151,True,0.009842608878743222
log_hl,raw,503,0.32597675802212384,0.5247893809503339,1153748,True,0.009848233192060107
log_hl,raw,504,0.3281970454911475,0.5291796507728891,1152345,True,0.009853857007254857
log_hl,raw,505,0.3315373127740994,0.5354202667939753,1150942,True,0.009859554419173468
log_hl,raw,506,0.32851962749380714,0.5314413395204199,1149539,True,0.009865365001513055
log_hl,raw,507,0.3289015591646568,0.5333708203518249,1148136,True,0.00987106696028841
log_hl,raw,508,0.33225123872765505,0.5415401678388665,1146733,True,0.009876778881491658
log_hl,raw,509,0.33659892979195216,0.551335234816908,1145331,True,0.009882604337203612
log_hl,raw,510,0.36117459211741665,0.6236833370335114,1143929,True,0.009888579680407844
log_hl,raw,511,0.35628861895135083,0.618298047382611,1142527,True,0.009895454947745635
log_hl,raw,512,0.35323609734858635,0.6135069404992339,1141126,True,0.0099021408730037
log_hl,raw,513,0.35301691806840385,0.6133492990450202,1139725,True,0.009908708328448066
log_hl,raw,514,0.3509984973436155,0.6101904478416225,1138324,True,0.009915263294431865
log_hl,raw,515,0.35428003264750146,0.6161880201527603,1136923,True,0.009921739260083684
log_hl,raw,516,0.3495630046029897,0.6083272587736499,1135522,True,0.009928332537381616
log_hl,raw,517,0.34752025609813597,0.6049175347710132,1134122,True,0.009934747208758385
log_hl,raw,518,0.347030953864749,0.6042100982632914,1132722,True,0.00994108306098145
log_hl,raw,519,0.34585339324107767,0.6024773519412769,1131322,True,0.009947397065722466
log_hl,raw,520,0.34859365350581456,0.6076193012970221,1129922,True,0.009953664328636768
log_hl,raw,521,0.3436931474093747,0.599298628813169,1128522,True,0.009960027260121681
log_hl,raw,522,0.3424750817415381,0.5974688634323667,1127122,True,0.009966208655883347
log_hl,raw,523,0.34232344738848297,0.5975003378837785,1125722,True,0.009972342523942836
log_hl,raw,524,0.34360675084626674,0.6000601427052386,1124322,True,0.00997846719599255
log_hl,raw,525,0.34763692993399486,0.6077700330812423,1122922,True,0.009984634075133721
log_hl,raw,526,0.3406821118744769,0.5958468036127538,1121522,True,0.00999094252359176
log_hl,raw,527,0.33970255383859294,0.5942303577415698,1120122,True,0.00999699733609236
log_hl,raw,528,0.33891346356851554,0.5930359697019951,1118722,True,0.010003013746568559
log_hl,raw,529,0.33947613248924025,0.5943318996079506,1117322,True,0.010008998647307229
log_hl,raw,530,0.34398067738848703,0.602513142482349,1115922,True,0.010014999842589396
log_hl,raw,531,0.3386773490000595,0.5937622778277741,1114522,True,0.010021157616371372
log_hl,raw,532,0.3366386097073256,0.5904976911926376,1113122,True,0.010027123368903556
log_hl,raw,533,0.335206083926266,0.588356693759523,1111722,True,0.010033014029724764
log_hl,raw,534,0.33785030653031534,0.5933255078074943,1110322,True,0.01003885125054474
log_hl,raw,535,0.3404936378123645,0.5981964137195378,1108922,True,0.010044777453520958
log_hl,raw,536,0.3376766993427165,0.593550917312594,1107522,True,0.010050793175149581
log_hl,raw,537,0.3376646303417354,0.5938131756255203,1106122,True,0.010056706261136245
log_hl,raw,538,0.33921237463454385,0.5967660027952776,1104722,True,0.010062615450119381
log_hl,raw,539,0.3420047330690124,0.6020732716414567,1103322,True,0.010068575418822867
log_hl,raw,540,0.3507684536106396,0.6180033322673631,1101922,True,0.010074630301271651
log_hl,raw,541,0.34150448098119357,0.6014831599638963,1100522,True,0.010080995542101968
log_hl,raw,542,0.33722150536318724,0.5940191833207149,1099122,True,0.010087025296225037
log_hl,raw,543,0.33381661616276814,0.5880551230303819,1097723,True,0.010092901285779386
log_hl,raw,544,0.3337806209180503,0.5881066385395056,1096324,True,0.010098655899264316
log_hl,raw,545,0.33677180800756007,0.5936312785602448,1094925,True,0.010104405995503482
log_hl,raw,546,0.3319945596658954,0.5853604596487554,1093526,True,0.01011025625377037
log_hl,raw,547,0.3282891715485772,0.5789201150222004,1092127,True,0.010115938470854166
log_hl,raw,548,0.32708493835345975,0.5770023362461557,1090728,True,0.010121491472843277
log_hl,raw,549,0.32797050241069786,0.578818652785267,1089329,True,0.010127000798864801
log_hl,raw,550,0.3296816540128476,0.5821230941922543,1087930,True,0.010132536977678679
log_hl,raw,551,0.3263934698957253,0.5765684536962911,1086531,True,0.010138128005278649
log_hl,raw,552,0.32484856822448493,0.574330050107981,1085132,True,0.010143605070736035
log_hl,raw,553,0.3232343260637607,0.5717681223202312,1083733,True,0.01014902749623203
log_hl,raw,554,0.32475753054394124,0.5747388011166324,1082334,True,0.010154393312588147
log_hl,raw,555,0.32765994287381756,0.5803799882362359,1080935,True,0.010159806945487489
log_hl,raw,556,0.32302395260825434,0.5723743097668312,1079537,True,0.010165314814683869
log_hl,raw,557,0.3194601283636797,0.566249814099718,1078139,True,0.01017066506894754
log_hl,raw,558,0.3205239750973893,0.5682605398549109,1076741,True,0.010175895197889369
log_hl,raw,559,0.31987575793936635,0.5674414931032705,1075343,True,0.010181157505250232
log_hl,raw,560,0.3227526213131315,0.5727509028354132,1073945,True,0.010186395847437819
log_hl,raw,561,0.3177290179219265,0.5639936075119306,1072547,True,0.010191726071574625
log_hl,raw,562,0.31682396277553454,0.5625133320712102,1071149,True,0.010196889000013865
log_hl,raw,563,0.31570477283401255,0.5607425650194777,1069751,True,0.010202019966465433
log_hl,raw,564,0.3163628094166376,0.562021752029155,1068354,True,0.01020711219432598
log_hl,raw,565,0.31951169664946677,0.5678152430370832,1066957,True,0.010212223117087142
log_hl,raw,566,0.31557028283781635,0.5608538878720605,1065560,True,0.010217433654563625
log_hl,raw,567,0.31437614484557797,0.5588713647619725,1064163,True,0.010222513874248837
log_hl,raw,568,0.31533695163199327,0.5607592023012204,1062766,True,0.010227553224009756
log_hl,raw,569,0.3163765558029992,0.5627512140509311,1061369,True,0.010232620919087361
log_hl,raw,570,0.321594402677389,0.5723879860730939,1059972,True,0.010237719550215166
log_hl,raw,571,0.31406395439034407,0.5591969109278517,1058575,True,0.01024298508079987
log_hl,raw,572,0.3124082209035777,0.5564532840273315,1057178,True,0.01024800438284206
log_hl,raw,573,0.31182985988228484,0.5556666259610681,1055781,True,0.010252968482685398
log_hl,raw,574,0.3113479376726286,0.5551044620916654,1054384,True,0.010257911830518414
log_hl,raw,575,0.3138590836191146,0.5598506446328589,1052987,True,0.01026283754054904
log_hl,raw,576,0.31009968963226336,0.5533197559536658,1051590,True,0.01026784060596596
log_hl,raw,577,0.30857878723795895,0.5507574311043466,1050193,True,0.010272722185796307
log_hl,raw,578,0.306765424202788,0.5477562411942233,1048796,True,0.010277553714347009
log_hl,raw,579,0.30608939384361605,0.5467299432906984,1047399,True,0.010282326394276956
log_hl,raw,580,0.3101317753783249,0.5541686118382706,1046002,True,0.01028707586224217
log_hl,raw,581,0.30644731795062674,0.547797051018914,1044605,True,0.010291949326702368
log_hl,raw,582,0.3054778894273046,0.5462267196825653,1043208,True,0.010296705457057406
log_hl,raw,583,0.30469565787319225,0.5451435404736148,1041811,True,0.010301429368393365
log_hl,raw,584,0.30575119748095736,0.5472390544615914,1040414,True,0.010306126969174956
log_hl,raw,585,0.31001147055183625,0.5551419157655749,1039017,True,0.010310855011039502
log_hl,raw,586,0.305562643761304,0.5472994638328661,1037621,True,0.010315713470852831
log_hl,raw,587,0.30414379421073146,0.5448774669370348,1036225,True,0.010320431297981764
log_hl,raw,588,0.30358018476013043,0.5440510564210106,1034829,True,0.010325103287477306
log_hl,raw,589,0.3038219250337766,0.5447441047877782,1033433,True,0.010329755876324084
log_hl,raw,590,0.3077251917221214,0.5520014923692261,1032037,True,0.010334413778194947
log_hl,raw,591,0.30448423576486455,0.5464058561048457,1030641,True,0.010339189950498234
log_hl,raw,592,0.3030029298886381,0.5439880786153983,1029245,True,0.010343863910953597
log_hl,raw,593,0.3023491754621932,0.5430245865092893,1027849,True,0.010348490424313992
log_hl,raw,594,0.303914006605472,0.546065281859946,1026453,True,0.010353094940911686
log_hl,raw,595,0.3078276761476956,0.5532428318244171,1025057,True,0.01035774516399629
log_hl,raw,596,0.30462714364948085,0.5476609583688509,1023661,True,0.010362513756600794
log_hl,raw,597,0.3043545584417806,0.5474095775624038,1022266,True,0.010367181579269216
log_hl,raw,598,0.306800209121159,0.5521732946843623,1020871,True,0.010371838956882004
log_hl,raw,599,0.3096898734376376,0.5576657124842658,1019476,True,0.010376569342965393
log_hl,raw,600,0.3169659750939131,0.5719367186822796,1018081,True,0.010381387040000092
log_hl,adjusted,1,0.7171785679211872,0.7158942835299762,1914530,True,0.000722054597984264
log_hl,adjusted,2,0.6781966967256158,0.6767753334885581,1911434,True,0.0010284374980404519
log_hl,adjusted,3,0.6625576850907378,0.6607928024293204,1908553,True,0.0012398734443730924
log_hl,adjusted,4,0.6527304627751104,0.6503966823823046,1905799,True,0.0014124534258069697
log_hl,adjusted,5,0.6457367571408384,0.643125661378959,1903157,True,0.0015618211538758091
log_hl,adjusted,6,0.6401833264742918,0.6369529797769421,1900601,True,0.0016953102547000165
log_hl,adjusted,7,0.6350795648832136,0.631562557146436,1898109,True,0.0018169815681765265
log_hl,adjusted,8,0.629595588284059,0.6257021512858724,1895659,True,0.0019292434928555582
log_hl,adjusted,9,0.6268134916732356,0.6228855198297767,1893253,True,0.0020335454555051704
log_hl,adjusted,10,0.6223387322987834,0.6179337897328401,1890880,True,0.002131897977738547
log_hl,adjusted,11,0.6176084788279869,0.6129295480156914,1888548,True,0.002224599374691141
log_hl,adjusted,12,0.6151991562906496,0.6103556203956506,1886238,True,0.0023122672653091672
log_hl,adjusted,13,0.6110093289792659,0.6059634071824472,1883955,True,0.002396084367918141
log_hl,adjusted,14,0.6092400526683258,0.6041043897318409,1881700,True,0.0024759853757213685
log_hl,adjusted,15,0.6086750721888909,0.6032886867927133,1879471,True,0.002552946466750319
log_hl,adjusted,16,0.6067195527146193,0.601164302984391,1877263,True,0.0026275178868389645
log_hl,adjusted,17,0.6031142862575795,0.5972239200315996,1875074,True,0.0026995715500873255
log_hl,adjusted,18,0.6028939650535982,0.5969714933371376,1872908,True,0.002768930249990156
log_hl,adjusted,19,0.5997980201761829,0.5936698418085766,1870754,True,0.002836544701354649
log_hl,adjusted,20,0.5983229123082746,0.5920946467572196,1868620,True,0.002901915643233003
log_hl,adjusted,21,0.5954266429919047,0.5893384293834875,1866492,True,0.0029655353798123656
log_hl,adjusted,22,0.5933724061405509,0.5872507975780359,1864375,True,0.0030272232551535336
log_hl,adjusted,23,0.5913232994630557,0.5854146427541799,1862266,True,0.0030872665531228565
log_hl,adjusted,24,0.5901154808849922,0.5842989541508197,1860165,True,0.0031457618498764647
log_hl,adjusted,25,0.589464336677061,0.5837140850250672,1858073,True,0.003202956841815975
log_hl,adjusted,26,0.5878965810768743,0.5824354877206479,1855990,True,0.003259025399067943
log_hl,adjusted,27,0.5849696183350616,0.5794335319401834,1853916,True,0.0033138551409434194
log_hl,adjusted,28,0.5825942973081298,0.5771276016682994,1851849,True,0.0033672608494664867
log_hl,adjusted,29,0.5825998676804308,0.5771693767948428,1849790,True,0.0034194098218274234
log_hl,adjusted,30,0.5830502754293162,0.5790827984403244,1847740,True,0.003470776310675911
log_hl,adjusted,31,0.5807194872047077,0.5768583876581903,1846051,True,0.0035214713285064256
log_hl,adjusted,32,0.578881945517327,0.5751223604110481,1844372,True,0.003571050831606929
log_hl,adjusted,33,0.5771288757566724,0.5735710925171994,1842701,True,0.003619644445218749
log_hl,adjusted,34,0.5758277255233956,0.5722007707927462,1841036,True,0.003667306180779321
log_hl,adjusted,35,0.5760602694227014,0.5724032218691456,1839377,True,0.003714145806485071
log_hl,adjusted,36,0.5746705172368747,0.5709310420768634,1837726,True,0.003760439180375121
log_hl,adjusted,37,0.5720125303709255,0.5682686518935705,1836086,True,0.0038059504762831655
log_hl,adjusted,38,0.5717989233149257,0.567919483488958,1834453,True,0.0038505112823872404
log_hl,adjusted,39,0.5689112330570487,0.5652833129915809,1832825,True,0.0038945295580418236
log_hl,adjusted,40,0.5686929137788617,0.5659635439592091,1831204,True,0.0039376197206392885
log_hl,adjusted,41,0.5665097098329509,0.5636765920398723,1829590,True,0.0039802108836049085
log_hl,adjusted,42,0.5663012151926352,0.5634629199699576,1827982,True,0.004022029838562293
log_hl,adjusted,43,0.5652693884032167,0.5622715587069668,1826378,True,0.004063388129434765
log_hl,adjusted,44,0.5638223499735063,0.5607933665900978,1824776,True,0.004104181366344743
log_hl,adjusted,45,0.5630313554925174,0.559921638416666,1823177,True,0.004144367580130792
log_hl,adjusted,46,0.5603437910801602,0.5572237280547083,1821581,True,0.004184056784110844
log_hl,adjusted,47,0.5604807720827926,0.5572206804776283,1819986,True,0.004223000304057263
log_hl,adjusted,48,0.5590340912889947,0.5555801468893339,1818395,True,0.004261606745687569
log_hl,adjusted,49,0.5572002783457349,0.5534971652701737,1816806,True,0.004299670192394761
log_hl,adjusted,50,0.558293677983781,0.5543264132999592,1815218,True,0.004337153565280839
log_hl,adjusted,51,0.5564560668968664,0.5523360315913846,1813633,True,0.00437446112414655
log_hl,adjusted,52,0.5540523986220073,0.5497285289545504,1812049,True,0.004411211081489894
log_hl,adjusted,53,0.5536774507228627,0.5491690878595462,1810465,True,0.004447344482145315
log_hl,adjusted,54,0.5523322935303898,0.5475300433280772,1808882,True,0.00448313836431242
log_hl,adjusted,55,0.5522768101991352,0.5473743362339638,1807300,True,0.004518477057800961
log_hl,adjusted,56,0.5490300635996971,0.5438980597410905,1805720,True,0.004553534489189554
log_hl,adjusted,57,0.5490559789512485,0.5436776804839099,1804141,True,0.0045879177553164695
log_hl,adjusted,58,0.5479577159584204,0.5424221456858145,1802562,True,0.004622048462316282
log_hl,adjusted,59,0.5475516052101476,0.5419390537197151,1800987,True,0.004655794063379067
log_hl,adjusted,60,0.5494749040301012,0.543822230292295,1799414,True,0.004689247362477756
log_hl,adjusted,61,0.5471045099416758,0.5414201364040947,1797843,True,0.004722696618410404
log_hl,adjusted,62,0.5439344524759284,0.5384262143785111,1796273,True,0.004755625667487798
log_hl,adjusted,63,0.5440813831923876,0.5383262996991364,1794704,True,0.004787951670529764
log_hl,adjusted,64,0.5432092387678501,0.5375005364401747,1793138,True,0.004820078173908477
log_hl,adjusted,65,0.5440267472012719,0.5380953553384972,1791576,True,0.004851890066326695
log_hl,adjusted,66,0.5423594318756682,0.536337614044242,1790014,True,0.004883589625375722
log_hl,adjusted,67,0.5394595899480555,0.5332612720330222,1788452,True,0.0049148926034056255
log_hl,adjusted,68,0.5383859275864422,0.5319805668616528,1786892,True,0.004945666773839887
log_hl,adjusted,69,0.5394958389093597,0.5327909571822402,1785333,True,0.004976129388047345
log_hl,adjusted,70,0.5381916421925611,0.5312639640795046,1783774,True,0.005006531234647336
log_hl,adjusted,71,0.5368779401736951,0.5296220783004411,1782215,True,0.00503660408929287
log_hl,adjusted,72,0.5356714481981447,0.5282615680799063,1780658,True,0.0050663531102359645
log_hl,adjusted,73,0.534906104715452,0.5274096354899809,1779102,True,0.005095796072518702
log_hl,adjusted,74,0.5329713053575854,0.5253600930118082,1777548,True,0.005124986538572123
log_hl,adjusted,75,0.5323964422328687,0.524646811611729,1775996,True,0.0051538026759966405
log_hl,adjusted,76,0.5315959843462589,0.5237103155470315,1774447,True,0.005182396976119924
log_hl,adjusted,77,0.531694277988295,0.5236735221660034,1772900,True,0.005210749153748911
log_hl,adjusted,78,0.5305268898587445,0.5224603595106945,1771357,True,0.005238958298042317
log_hl,adjusted,79,0.5290622814409587,0.5209448585287829,1769815,True,0.005266893614711097
log_hl,adjusted,80,0.5287665469874139,0.5204742874792408,1768274,True,0.005294528728815191
log_hl,adjusted,81,0.527456011473807,0.5190990788497268,1766734,True,0.005321989700218613
log_hl,adjusted,82,0.5259958792905082,0.5175543657243138,1765195,True,0.005349174788639518
log_hl,adjusted,83,0.5255418682430923,0.516992645830597,1763658,True,0.005376073248276968
log_hl,adjusted,84,0.5245122329331603,0.515918702484757,1762125,True,0.005402791724178253
log_hl,adjusted,85,0.5257808149857631,0.516938026501018,1760592,True,0.005429274895622
log_hl,adjusted,86,0.5237234832146718,0.5147814752102797,1759059,True,0.005455756838376923
log_hl,adjusted,87,0.5218752176933787,0.5128822048144178,1757527,True,0.0054819055113932225
log_hl,adjusted,88,0.5224387270164631,0.5132003382998377,1755995,True,0.005507747114646327
log_hl,adjusted,89,0.5228832585490027,0.5135165591523405,1754465,True,0.005533523483805698
log_hl,adjusted,90,0.5221675534949279,0.512661930484261,1752936,True,0.005559223915715069
log_hl,adjusted,91,0.5199270847507507,0.510365255219013,1751407,True,0.0055847362551460535
log_hl,adjusted,92,0.5198051355602945,0.5101198459846931,1749878,True,0.005609915596376394
log_hl,adjusted,93,0.5199981674832692,0.5102211044797605,1748351,True,0.0056349706960646135
log_hl,adjusted,94,0.5180062126909601,0.5081394581560398,1746824,True,0.0056599333727062155
log_hl,adjusted,95,0.5192179151371497,0.5092235549312807,1745298,True,0.005684596803779927
log_hl,adjusted,96,0.5164743520254188,0.5064173782349728,1743772,True,0.00570926846142041
log_hl,adjusted,97,0.5152592290901554,0.5049841983645267,1742246,True,0.005733575587363676
log_hl,adjusted,98,0.5151159979404644,0.5046829786273322,1740721,True,0.00575766657768991
log_hl,adjusted,99,0.5153931407211865,0.5048208742098629,1739197,True,0.005781643878372229
log_hl,adjusted,100,0.5147400286301216,0.5040002718635671,1737674,True,0.0058055477995910335
log_hl,adjusted,101,0.5122812678383577,0.501400986207273,1736152,True,0.0058292935277276855
log_hl,adjusted,102,0.511732650386466,0.5007565761742492,1734630,True,0.005852717977221933
log_hl,adjusted,103,0.511155230694084,0.5000797269217845,1733110,True,0.005875999201372919
log_hl,adjusted,104,0.510010985897111,0.49888567175445925,1731590,True,0.005899136346725437
log_hl,adjusted,105,0.5102824805242998,0.4990056710832964,1730070,True,0.005922080231845784
log_hl,adjusted,106,0.5102495938180792,0.49875314841802443,1728551,True,0.005944959860837441
log_hl,adjusted,107,0.5083393839058683,0.49671237385867684,1727034,True,0.005967748840695518
log_hl,adjusted,108,0.5084572645808538,0.49663687509020005,1725519,True,0.005990281784135748
log_hl,adjusted,109,0.5065689063317087,0.49461745718395045,1724004,True,0.006012740678166581
log_hl,adjusted,110,0.5070180491340801,0.494845729486044,1722489,True,0.006034950409542288
log_hl,adjusted,111,0.5066866682474697,0.4944342623735223,1720976,True,0.006057117889255781
log_hl,adjusted,112,0.5052157981051909,0.49285179676057567,1719464,True,0.006079175727692771
log_hl,adjusted,113,0.5051304998713476,0.4925537500548115,1717952,True,0.006101026631882431
log_hl,adjusted,114,0.5051330176320831,0.49238349070566567,1716440,True,0.006122792217185054
log_hl,adjusted,115,0.5048482332920878,0.49195625093836565,1714928,True,0.006144480918595484
log_hl,adjusted,116,0.5024473526046455,0.4894375606802128,1713416,True,0.00616606901252721
log_hl,adjusted,117,0.5023240406914443,0.4892521157592762,1711904,True,0.006187378011027459
log_hl,adjusted,118,0.5022728473950732,0.4890256849997039,1710393,True,0.00620860346949591
log_hl,adjusted,119,0.5012652768513178,0.4878058382103215,1708883,True,0.0062297523069202105
log_hl,adjusted,120,0.5021353154783731,0.48848334377277963,1707373,True,0.006250745254192525
log_hl,adjusted,121,0.5009303717026439,0.48739467416018806,1705866,True,0.006271740504574729
log_hl,adjusted,122,0.499879774628884,0.48652455794906874,1704359,True,0.006292565566047266
log_hl,adjusted,123,0.5008128618782702,0.4873748663302719,1702852,True,0.00631323510390894
log_hl,adjusted,124,0.4984275927109223,0.4850392888693243,1701347,True,0.006333914048942977
log_hl,adjusted,125,0.4989474368402785,0.4855652533305887,1699842,True,0.006354330144812059
log_hl,adjusted,126,0.49767198461309026,0.48418570171668435,1698337,True,0.00637472325917645
log_hl,adjusted,127,0.49626813060846864,0.4828226060106366,1696833,True,0.006394947710661566
log_hl,adjusted,128,0.4958714770414409,0.4822751794897155,1695329,True,0.006414994999931539
log_hl,adjusted,129,0.4949209987348085,0.48127907802556597,1693825,True,0.00643494795055876
log_hl,adjusted,130,0.4958102318792194,0.4821963937816558,1692321,True,0.0064547631591700474
log_hl,adjusted,131,0.49518668966468093,0.4815681778545877,1690818,True,0.0064745886655100185
log_hl,adjusted,132,0.49404690709087024,0.4803989807301119,1689315,True,0.0064943040431052245
log_hl,adjusted,133,0.49470405526638733,0.4810338818690729,1687814,True,0.006513869505611161
log_hl,adjusted,134,0.4933595538581764,0.4797395827253149,1686315,True,0.006533428226063676
log_hl,adjusted,135,0.493019224869914,0.47929712633343047,1684816,True,0.006552822874314976
log_hl,adjusted,136,0.49301053485211394,0.4793006820919868,1683318,True,0.006572133658344753
log_hl,adjusted,137,0.49304121175217014,0.47940283303627995,1681823,True,0.006591387190071164
log_hl,adjusted,138,0.4934257531763753,0.4798481956776659,1680328,True,0.006610587031205404
log_hl,adjusted,139,0.4927149692724556,0.47913837577264723,1678833,True,0.00662976110050055
log_hl,adjusted,140,0.4924136727944333,0.47883443623496513,1677339,True,0.006648824912831323
log_hl,adjusted,141,0.4911839874330082,0.4776827639957915,1675847,True,0.006667811012304896
log_hl,adjusted,142,0.4909282224253679,0.4774636450455968,1674355,True,0.006686648897400982
log_hl,adjusted,143,0.4907696243306447,0.4773492512506092,1672863,True,0.006705414329943687
log_hl,adjusted,144,0.4904999919661043,0.47703566470497566,1671372,True,0.0067241153208220245
log_hl,adjusted,145,0.4902080093188057,0.4767516331997987,1669881,True,0.006742743986888181
log_hl,adjusted,146,0.49118942463198195,0.4777385179926057,1668391,True,0.006761299247445988
log_hl,adjusted,147,0.4897685759128028,0.47641869813121906,1666902,True,0.0067798777912574494
log_hl,adjusted,148,0.49033996869564866,0.4770177874537896,1665413,True,0.006798298674784929
log_hl,adjusted,149,0.4894472031621202,0.47618883045980404,1663924,True,0.006816712611901928
log_hl,adjusted,150,0.4900599261362174,0.4767402754626967,1662435,True,0.006835010219575789
log_hl,adjusted,151,0.48966751642904566,0.4762930629998694,1660946,True,0.006853304632014781
log_hl,adjusted,152,0.4886584692981228,0.47527644633337723,1659457,True,0.006871521169001944
log_hl,adjusted,153,0.48722233114601615,0.4738300860350439,1657968,True,0.006889614838149132
log_hl,adjusted,154,0.48775716910059325,0.47417052779563884,1656479,True,0.006907555333138175
log_hl,adjusted,155,0.48749234216299,0.4738702596360192,1654990,True,0.006925488609354203
log_hl,adjusted,156,0.4871948545824112,0.4734831600185431,1653501,True,0.006943356174719819
log_hl,adjusted,157,0.48564111124400716,0.4719759171803025,1652012,True,0.00696115616214599
log_hl,adjusted,158,0.4872828105383392,0.4736307598796086,1650524,True,0.006978797829116008
log_hl,adjusted,159,0.4863909214917448,0.47270188631996796,1649037,True,0.006996514036119573
log_hl,adjusted,160,0.48606689282698373,0.47226447914703334,1647551,True,0.007014120947293318
log_hl,adjusted,161,0.4849671211776011,0.47110889510974535,1646065,True,0.0070316604085841235
log_hl,adjusted,162,0.48457208272101165,0.470701137834857,1644579,True,0.007049077244358437
log_hl,adjusted,163,0.4845657010713465,0.47071090149765277,1643093,True,0.007066422894419862
log_hl,adjusted,164,0.48393542738421125,0.47003972141315215,1641607,True,0.007083725615782077
log_hl,adjusted,165,0.4837758085983762,0.46981712666531433,1640121,True,0.007100941358381305
log_hl,adjusted,166,0.48352117439476583,0.46944747395532654,1638635,True,0.007118104149711651
log_hl,adjusted,167,0.4832129108161272,0.46908862593052103,1637149,True,0.007135207661069614
log_hl,adjusted,168,0.4821298939650049,0.46792817887312305,1635663,True,0.007152248548917143
log_hl,adjusted,169,0.48188474119356284,0.46759748566474185,1634177,True,0.007169172901590991
log_hl,adjusted,170,0.48217150366302985,0.4677469911269013,1632691,True,0.0071860402484308725
log_hl,adjusted,171,0.48135906991263877,0.4668784840415561,1631206,True,0.007202888106732977
log_hl,adjusted,172,0.48102657687823364,0.46650319525459805,1629722,True,0.007219640119392058
log_hl,adjusted,173,0.4815003439234556,0.46692489986211827,1628238,True,0.00723633029724238
log_hl,adjusted,174,0.4811841270325743,0.46657088288331366,1626754,True,0.007253014847983317
log_hl,adjusted,175,0.481540623631177,0.4668627970031637,1625270,True,0.00726963927411986
log_hl,adjusted,176,0.4796837813072559,0.46504408341219455,1623786,True,0.007286250327739606
log_hl,adjusted,177,0.4801175319174083,0.46545523617271045,1622303,True,0.007302696173358406
log_hl,adjusted,178,0.47976425381016813,0.4650694521816946,1620820,True,0.007319134720990239
log_hl,adjusted,179,0.4800111240681346,0.4653022779954859,1619337,True,0.00733551232934026
log_hl,adjusted,180,0.4808129186656202,0.4662806974601441,1617854,True,0.007351870256419095
log_hl,adjusted,181,0.48040281766145776,0.46588683824052973,1616371,True,0.007368246378835809
log_hl,adjusted,182,0.47987222824683967,0.4653038526536831,1614888,True,0.0073845583546628705
log_hl,adjusted,183,0.47962681632874254,0.4650561236810026,1613405,True,0.007400798484393515
log_hl,adjusted,184,0.4781414875343816,0.463494351339921,1611923,True,0.007416986503058817
log_hl,adjusted,185,0.47839218637027814,0.46351581446824225,1610441,True,0.007433039484899608
log_hl,adjusted,186,0.47907663495989855,0.46405175078523503,1608959,True,0.007449074655900198
log_hl,adjusted,187,0.4772698521222192,0.46221373146816097,1607478,True,0.007465121151878905
log_hl,adjusted,188,0.47802028558628923,0.4629528007206736,1605997,True,0.007481012809687542
log_hl,adjusted,189,0.4768734465241479,0.46174206103005166,1604517,True,0.007496920635576762
log_hl,adjusted,190,0.4768612292769043,0.4616046610611328,1603037,True,0.007512718780496947
log_hl,adjusted,191,0.47593157861393093,0.46058350679398613,1601557,True,0.007528482966951165
log_hl,adjusted,192,0.4760347701261077,0.4605725739966925,1600078,True,0.007544152999718199
log_hl,adjusted,193,0.4760089120309442,0.46045344027020424,1598599,True,0.007559797326293779
log_hl,adjusted,194,0.4750304595060343,0.4594385621109913,1597122,True,0.007575407650830512
log_hl,adjusted,195,0.476599634298064,0.4608001873354658,1595645,True,0.007590921961972564
log_hl,adjusted,196,0.47555791608738257,0.45964034714685365,1594169,True,0.007606506981812373
log_hl,adjusted,197,0.4756164178225263,0.4596413196375208,1592693,True,0.0076219922879360935
log_hl,adjusted,198,0.4749832602582347,0.45891663117333986,1591217,True,0.007637449995462413
log_hl,adjusted,199,0.4743668509942128,0.45824161472782576,1589742,True,0.007652835476732459
log_hl,adjusted,200,0.4752247961616021,0.4589123369407454,1588267,True,0.007668150301338052
log_hl,adjusted,201,0.47469763929995906,0.45831531914571655,1586792,True,0.0076834898815553165
log_hl,adjusted,202,0.47304228916909546,0.45669876127471676,1585319,True,0.007698764986843736
log_hl,adjusted,203,0.47276331551670364,0.45633455230230935,1583846,True,0.007713903811566522
log_hl,adjusted,204,0.4729034817621477,0.4562999573784746,1582373,True,0.007728995185489965
log_hl,adjusted,205,0.4737297086877015,0.45697148826314093,1580900,True,0.0077440660737387625
log_hl,adjusted,206,0.47402351693132627,0.4571643493952115,1579428,True,0.007759160243387845
log_hl,adjusted,207,0.47319445497510493,0.45618366106719466,1577956,True,0.007774243780954928
log_hl,adjusted,208,0.4723326789995753,0.4552757790267829,1576484,True,0.0077892455471563595
log_hl,adjusted,209,0.4723898914989462,0.45526490212145687,1575012,True,0.007804164040768629
log_hl,adjusted,210,0.47280955886627235,0.4556106482689709,1573540,True,0.007819057674414305
log_hl,adjusted,211,0.47209160108212767,0.45490269107165215,1572068,True,0.007833949391829359
log_hl,adjusted,212,0.47232255580294835,0.4551471366691884,1570596,True,0.007848767791663788
log_hl,adjusted,213,0.47176095917501454,0.4545458338695243,1569124,True,0.007863572728555155
log_hl,adjusted,214,0.47057475647703223,0.4532722846772622,1567652,True,0.007878314757615901
log_hl,adjusted,215,0.47055998341736066,0.4531761858681385,1566180,True,0.007892955417514518
log_hl,adjusted,216,0.4703842273711342,0.45294014223867846,1564709,True,0.007907568053972183
log_hl,adjusted,217,0.4693687436696626,0.4519062006327358,1563238,True,0.00792214285348774
log_hl,adjusted,218,0.47080718573454783,0.45329916374563456,1561768,True,0.007936628199482588
log_hl,adjusted,219,0.47046890137003844,0.4529400584464996,1560298,True,0.007951175833353977
log_hl,adjusted,220,0.4702220138217515,0.4526607304505477,1558828,True,0.007965676058273415
log_hl,adjusted,221,0.46865488034608077,0.4514194602093275,1557358,True,0.007980134762652396
log_hl,adjusted,222,0.46952769452057985,0.45225772946487874,1555888,True,0.00799447136371038
log_hl,adjusted,223,0.470115203151949,0.4527762665107878,1554418,True,0.008008835607355215
log_hl,adjusted,224,0.4694575931060176,0.45204661163401016,1552948,True,0.008023210007288313
log_hl,adjusted,225,0.46975851027834087,0.45221340293952517,1551479,True,0.008037518621124682
log_hl,adjusted,226,0.4689680014134829,0.45139687507477727,1550010,True,0.008051820107929323
log_hl,adjusted,227,0.4683510444157577,0.4506537923846105,1548542,True,0.008066048272781174
log_hl,adjusted,228,0.46901619854564847,0.45107932865991124,1547074,True,0.008080214071052012
log_hl,adjusted,229,0.4672279495517837,0.4492886070620648,1545606,True,0.00809439523757678
log_hl,adjusted,230,0.46769598165617515,0.44952172057698864,1544139,True,0.008108443951805917
log_hl,adjusted,231,0.46756903113929843,0.4492580250103529,1542672,True,0.008122496454116297
log_hl,adjusted,232,0.46711817903462216,0.44872891399773474,1541205,True,0.008136517078540838
log_hl,adjusted,233,0.4680479747855988,0.4495235678810136,1539738,True,0.00815048662848414
log_hl,adjusted,234,0.46782992809760626,0.4491500288844737,1538271,True,0.008164487801257812
log_hl,adjusted,235,0.46716762808766155,0.44833493705344124,1536804,True,0.008178451995871784
log_hl,adjusted,236,0.4679579126026786,0.44894780068317863,1535337,True,0.008192352979086472
log_hl,adjusted,237,0.4679524766407538,0.4488600888299501,1533870,True,0.008206277366094888
log_hl,adjusted,238,0.4668005426015939,0.44768003687652624,1532404,True,0.008220177843554983
log_hl,adjusted,239,0.4674786519967049,0.44814063203821525,1530939,True,0.00823398667538047
log_hl,adjusted,240,0.4685480479560058,0.44905276611333667,1529475,True,0.008247812435615488
log_hl,adjusted,241,0.4669631310220743,0.44731695837542734,1528012,True,0.008261678227013331
log_hl,adjusted,242,0.4677767578881083,0.4479915703894044,1526550,True,0.008275427374046337
log_hl,adjusted,243,0.4664140103967791,0.44659486312032964,1525089,True,0.008289201550400036
log_hl,adjusted,244,0.46654853749979974,0.44663162474369167,1523628,True,0.008302872936787914
log_hl,adjusted,245,0.4665214989132682,0.44646310622805624,1522168,True,0.00831652971719166
log_hl,adjusted,246,0.46542186214752646,0.4453300328951231,1520708,True,0.008330162529182856
log_hl,adjusted,247,0.46500906845835965,0.4448275510861629,1519250,True,0.008343709031590315
log_hl,adjusted,248,0.4650187562258991,0.4447235261149178,1517792,True,0.008357209615604615
log_hl,adjusted,249,0.46452353407859254,0.44418011943367247,1516334,True,0.00837068898653593
log_hl,adjusted,250,0.463597495515682,0.44304672074899176,1514876,True,0.008384118061050492
log_hl,adjusted,251,0.46412696513827606,0.4433356380939705,1513418,True,0.008397472299233428
log_hl,adjusted,252,0.4651847307597919,0.4441718659038801,1511960,True,0.008410835782489811
log_hl,adjusted,253,0.4644504887667285,0.44336489134569745,1510502,True,0.008424238903110665
log_hl,adjusted,254,0.4650657372536073,0.4437893496458653,1509045,True,0.008437578556230448
log_hl,adjusted,255,0.4654705216774201,0.44404540169608914,1507590,True,0.008450932434116388
log_hl,adjusted,256,0.46462369237296536,0.44314329151943493,1506135,True,0.00846428844495283
log_hl,adjusted,257,0.46387923302568407,0.44225563855576266,1504680,True,0.008477574975758797
log_hl,adjusted,258,0.46427045124905486,0.4425569188194826,1503225,True,0.00849079827188174
log_hl,adjusted,259,0.46265423151811913,0.44079269634459234,1501770,True,0.008504023267908103
log_hl,adjusted,260,0.4627475751259697,0.44062690968574647,1500315,True,0.00851713602489407
log_hl,adjusted,261,0.4623822261053193,0.44010823838838764,1498860,True,0.008530233904353209
log_hl,adjusted,262,0.46096531565289117,0.4386074867920643,1497405,True,0.008543291076807548
log_hl,adjusted,263,0.46146155853609305,0.43880323862512755,1495950,True,0.008556248604634614
log_hl,adjusted,264,0.461874595280362,0.4389838265684257,1494495,True,0.008569214389366314
log_hl,adjusted,265,0.46140720183814266,0.43821850092516246,1493040,True,0.008582183753780975
log_hl,adjusted,266,0.4619372584228976,0.4384950791314082,1491585,True,0.008595107372388033
log_hl,adjusted,267,0.459814682113423,0.4362170535780296,1490130,True,0.008608041231192935
log_hl,adjusted,268,0.45936677188621156,0.4354823899511601,1488675,True,0.008620837363725082
log_hl,adjusted,269,0.46006383924583555,0.4359020197734706,1487221,True,0.008633589668514513
log_hl,adjusted,270,0.46100257503113895,0.4366196467842075,1485767,True,0.008646361810897063
log_hl,adjusted,271,0.46053746827362957,0.4360585396049445,1484313,True,0.008659167173917615
log_hl,adjusted,272,0.4601816721406767,0.43548700570940485,1482860,True,0.008671927859444867
log_hl,adjusted,273,0.460086469756542,0.4352188854885012,1481408,True,0.008684650129293354
log_hl,adjusted,274,0.4583154371899051,0.4332821181920218,1479956,True,0.008697348537460264
log_hl,adjusted,275,0.45968952740618246,0.43434939915853166,1478504,True,0.008709931072174748
log_hl,adjusted,276,0.45852508985140444,0.43304678384021844,1477052,True,0.008722570853753614
log_hl,adjusted,277,0.4582458006727453,0.43249645383139423,1475600,True,0.008735128529645675
log_hl,adjusted,278,0.45657729539674335,0.4306526014947841,1474148,True,0.008747652918140681
log_hl,adjusted,279,0.4575555640276569,0.4311511884164123,1472696,True,0.008760068556808283
log_hl,adjusted,280,0.4566298817828713,0.43004232007290477,1471244,True,0.008772519771388348
log_hl,adjusted,281,0.45625380061349896,0.4294840498436049,1469792,True,0.008784903115981124
log_hl,adjusted,282,0.45622698899257624,0.42923147965659453,1468341,True,0.008797248682859618
log_hl,adjusted,283,0.4553883355355253,0.4281937728864112,1466890,True,0.008809575501044244
log_hl,adjusted,284,0.45535357189289866,0.4276728204157339,1465439,True,0.008821839912101068
log_hl,adjusted,285,0.4552939849662535,0.4273408033101238,1463989,True,0.008834085427900743
log_hl,adjusted,286,0.4551829982853685,0.4269618012366433,1462539,True,0.008846310794848744
log_hl,adjusted,287,0.4546148660856282,0.4261074697145722,1461089,True,0.00885851334267679
log_hl,adjusted,288,0.45620182291674255,0.42740875869910544,1459639,True,0.008870668725409635
log_hl,adjusted,289,0.4552293388726234,0.42622386375379284,1458189,True,0.008882892311243768
log_hl,adjusted,290,0.45568979399680337,0.4264232871506512,1456739,True,0.00889504714816493
log_hl,adjusted,291,0.4543496937114931,0.42494822523005915,1455289,True,0.008907209949312541
log_hl,adjusted,292,0.45339181086138514,0.4237775909633983,1453839,True,0.00891928487851746
log_hl,adjusted,293,0.45400119939504857,0.4241664263961651,1452389,True,0.008931292725397449
log_hl,adjusted,294,0.45294265903519065,0.4229234471885214,1450939,True,0.00894331668507815
log_hl,adjusted,295,0.4544126188500006,0.42408841598875063,1449489,True,0.008955268608900243
log_hl,adjusted,296,0.45257287536625784,0.4221813962575709,1448039,True,0.00896728214944705
log_hl,adjusted,297,0.45306337182041556,0.42253774259152366,1446589,True,0.008979182731430304
log_hl,adjusted,298,0.4532776606284559,0.4225233138356307,1445140,True,0.00899109332014987
log_hl,adjusted,299,0.4536102959606302,0.4225780037697643,1443692,True,0.009002999398852542
log_hl,adjusted,300,0.4529851914575933,0.42180365181860496,1442244,True,0.009014907199276587
log_hl,adjusted,301,0.4526549441993346,0.42132367838630363,1440798,True,0.009026766559356025
log_hl,adjusted,302,0.45197763378607786,0.42052901894118827,1439352,True,0.009038593107273772
log_hl,adjusted,303,0.45199826184928765,0.42038271175969294,1437906,True,0.009050368904347723
log_hl,adjusted,304,0.45241646223827253,0.4206017089171561,1436460,True,0.009062130472173793
log_hl,adjusted,305,0.4520750627404741,0.4200258815715172,1435014,True,0.009073898526608998
log_hl,adjusted,306,0.45126347609613615,0.4191721264881414,1433568,True,0.009085633619145682
log_hl,adjusted,307,0.4513875508467766,0.4190223285160765,1432122,True,0.009097311558378585
log_hl,adjusted,308,0.45147822019517564,0.41889719389604996,1430676,True,0.009108980936437534
log_hl,adjusted,309,0.45121300171773693,0.4184260266166431,1429230,True,0.009120640063637428
log_hl,adjusted,310,0.45054010448025633,0.41744167990556125,1427784,True,0.009132270637749927
log_hl,adjusted,311,0.4505494371197744,0.4171989489376259,1426338,True,0.009143851820716425
log_hl,adjusted,312,0.45082128674692634,0.41723154163968773,1424892,True,0.009155418832919447
log_hl,adjusted,313,0.45132961891405865,0.41742015276058303,1423447,True,0.009166985185971152
log_hl,adjusted,314,0.4519908615906126,0.4177420874887456,1422002,True,0.009178563012773252
log_hl,adjusted,315,0.4509555223689455,0.41656132422141645,1420557,True,0.009190160139724887
log_hl,adjusted,316,0.4499483941212566,0.4154961708005709,1419112,True,0.00920168968233368
log_hl,adjusted,317,0.45068377693395584,0.41603079751639577,1417667,True,0.009213153452225018
log_hl,adjusted,318,0.4506344147720713,0.4157804273991555,1416223,True,0.009224640408469488
log_hl,adjusted,319,0.4510235236210021,0.41590720849304097,1414779,True,0.009236110566952248
log_hl,adjusted,320,0.4504873648750629,0.41514494207983327,1413336,True,0.009247586278454468
log_hl,adjusted,321,0.4504089634852609,0.4149341840543493,1411895,True,0.009259020550005197
log_hl,adjusted,322,0.44909851944790163,0.4134181655774073,1410454,True,0.009270436746134095
log_hl,adjusted,323,0.4485625964424013,0.412814007155075,1409013,True,0.009281772689816808
log_hl,adjusted,324,0.449371182335884,0.4131354169673053,1407573,True,0.009293067816129782
log_hl,adjusted,325,0.450394903211673,0.4138443510295856,1406133,True,0.009304389914593912
log_hl,adjusted,326,0.45032304630408265,0.4135808044997193,1404693,True,0.009315749803142986
log_hl,adjusted,327,0.45005570848582666,0.41328091424339963,1403253,True,0.009327092238130143
log_hl,adjusted,328,0.45082010073737044,0.41381446062571786,1401814,True,0.009338407458064045
log_hl,adjusted,329,0.45043748057057215,0.41313020521193333,1400375,True,0.009349747383294396
log_hl,adjusted,330,0.45152154173189296,0.41394030408109045,1398936,True,0.009361054365678696
log_hl,adjusted,331,0.45178205784013037,0.41393268495772123,1397497,True,0.009372402098607152
log_hl,adjusted,332,0.45040881957796813,0.41250816345563357,1396059,True,0.00938374918347274
log_hl,adjusted,333,0.44973666397226203,0.41184870600275786,1394621,True,0.009395013811687938
log_hl,adjusted,334,0.45029162263678246,0.41191946440414656,1393183,True,0.009406231414163716
log_hl,adjusted,335,0.45101308714858024,0.41241155751516595,1391746,True,0.0094174633065837
log_hl,adjusted,336,0.44983893939523634,0.4111470759155641,1390309,True,0.009428717775341437
log_hl,adjusted,337,0.4500564741849044,0.4110566072763959,1388873,True,0.00943990040823855
log_hl,adjusted,338,0.44872938436697446,0.4095835564213659,1387438,True,0.009451080608605729
log_hl,adjusted,339,0.45062726562719085,0.4112105836870797,1386003,True,0.00946218187797118
log_hl,adjusted,340,0.4512870020629123,0.41159203724025695,1384568,True,0.009473364075800236
log_hl,adjusted,341,0.44999367654530187,0.41015895962529964,1383133,True,0.009484565798290595
log_hl,adjusted,342,0.4486089804551642,0.408566904619713,1381698,True,0.009495690306611737
log_hl,adjusted,343,0.4491966797150559,0.40878183092922604,1380263,True,0.00950673355897074
log_hl,adjusted,344,0.448695090377585,0.40803648088203004,1378828,True,0.0095177929010318
log_hl,adjusted,345,0.4497056946584375,0.4085636814035096,1377394,True,0.009528814765602902
log_hl,adjusted,346,0.44785535702503343,0.40673737647585395,1375960,True,0.009539873515247658
log_hl,adjusted,347,0.4488093002297262,0.4070603284738737,1374526,True,0.00955082880106489
log_hl,adjusted,348,0.4493077948345344,0.4072641559157455,1373093,True,0.009561818174431152
log_hl,adjusted,349,0.44849688196564486,0.40612943884323194,1371660,True,0.009572819315625229
log_hl,adjusted,350,0.44835215105745974,0.4058383376143892,1370227,True,0.009583768222933027
log_hl,adjusted,351,0.44966208984200656,0.40688853596493657,1368794,True,0.009594697582756294
log_hl,adjusted,352,0.44848932035590466,0.4056164800485479,1367362,True,0.009605678355117398
log_hl,adjusted,353,0.4473105445770902,0.40446360447509005,1365930,True,0.009616589483325725
log_hl,adjusted,354,0.44842921594107366,0.40532436832240043,1364499,True,0.009627431062147411
log_hl,adjusted,355,0.448299696455404,0.4051120009435164,1363069,True,0.009638314649003124
log_hl,adjusted,356,0.4479191082423593,0.40455283632471184,1361639,True,0.00964917968450074
log_hl,adjusted,357,0.44830255700796356,0.404825235970259,1360209,True,0.009660014090607981
log_hl,adjusted,358,0.4472325661231041,0.4036672119859148,1358779,True,0.00967085488546375
log_hl,adjusted,359,0.44877876344402234,0.4049883644953092,1357349,True,0.009681631941251705
log_hl,adjusted,360,0.44728012379553445,0.4033957793857002,1355919,True,0.009692471536143627
log_hl,adjusted,361,0.448046135042244,0.40389156747055655,1354489,True,0.009703226868812968
log_hl,adjusted,362,0.44726964600816854,0.4028719867432301,1353059,True,0.009714007102575795
log_hl,adjusted,363,0.44798976935778784,0.4031032924512642,1351629,True,0.009724738114943073
log_hl,adjusted,364,0.44843506796921184,0.40316629819189426,1350199,True,0.009735491824345544
log_hl,adjusted,365,0.44762352961637053,0.4018924935258067,1348769,True,0.009746255021874095
log_hl,adjusted,366,0.44831898090016387,0.4022387542327897,1347340,True,0.009756967489208845
log_hl,adjusted,367,0.44842262341776296,0.4019901666559713,1345911,True,0.009767701465832496
log_hl,adjusted,368,0.44774195195306565,0.401200743067855,1344482,True,0.00977842861492994
log_hl,adjusted,369,0.4470321711239252,0.40034679280896257,1343053,True,0.009789111521117954
log_hl,adjusted,370,0.44654939309151176,0.39962335291747786,1341624,True,0.00979974899373261
log_hl,adjusted,371,0.4455000009703747,0.39838850307385615,1340196,True,0.009810352005609497
log_hl,adjusted,372,0.44597478987522704,0.39844668020311846,1338768,True,0.009820893874909725
log_hl,adjusted,373,0.4471791662991694,0.3992318178951002,1337341,True,0.009831446886243421
log_hl,adjusted,374,0.44756998222779837,0.3992110747795335,1335914,True,0.009842045565080658
log_hl,adjusted,375,0.4476763341376983,0.3989352004641711,1334487,True,0.009852651346508406
log_hl,adjusted,376,0.4478145707829768,0.3989555751447153,1333060,True,0.00986325075650525
log_hl,adjusted,377,0.4475366596159884,0.3984082709111145,1331633,True,0.009873845324604055
log_hl,adjusted,378,0.447949760434657,0.3985723221518749,1330206,True,0.00988441541231715
log_hl,adjusted,379,0.4477903194068085,0.3980034796240262,1328780,True,0.009894993700039562
log_hl,adjusted,380,0.4472847957069295,0.3974592428295101,1327356,True,0.009905553174088188
log_hl,adjusted,381,0.44683610936014007,0.39677721499294466,1325933,True,0.009916077613213845
log_hl,adjusted,382,0.4459971153501471,0.3957535086006782,1324510,True,0.00992656982332502
log_hl,adjusted,383,0.44561046734067533,0.3951356468453299,1323087,True,0.00993701165324142
log_hl,adjusted,384,0.44585497553878267,0.3951619064478612,1321664,True,0.009947424454022642
log_hl,adjusted,385,0.44603849922896105,0.3949040213248708,1320241,True,0.009957837778547722
log_hl,adjusted,386,0.44565977548477415,0.3943528221983975,1318819,True,0.00996824878583654
log_hl,adjusted,387,0.4450281779203745,0.39355241529481216,1317399,True,0.009978631286539539
log_hl,adjusted,388,0.44452631956204214,0.39293001782567766,1315979,True,0.00998897363381908
log_hl,adjusted,389,0.4458230300069511,0.39371829577968354,1314559,True,0.009999282007082165
log_hl,adjusted,390,0.44460676429799145,0.3924780770678921,1313140,True,0.010009639899135581
log_hl,adjusted,391,0.4442681533476412,0.39195390601638436,1311722,True,0.010019930732917673
log_hl,adjusted,392,0.44487009170459063,0.39244914319594176,1310304,True,0.010030195363605493
log_hl,adjusted,393,0.4437954743832838,0.39146861671942507,1308886,True,0.01004047729170248
log_hl,adjusted,394,0.44377328087601414,0.3912313424007205,1307468,True,0.010050699163784803
log_hl,adjusted,395,0.4447751104908065,0.3920048253298521,1306050,True,0.010060909629687092
log_hl,adjusted,396,0.4428485604712117,0.3902125301498699,1304632,True,0.010071155826415698
log_hl,adjusted,397,0.4434190765711869,0.3905377871210018,1303214,True,0.010081303173134175
log_hl,adjusted,398,0.4428694519764884,0.3897862053666454,1301796,True,0.010091466439060557
log_hl,adjusted,399,0.4419639261740417,0.38879819889047496,1300378,True,0.010101594338220167
log_hl,adjusted,400,0.44278809846672695,0.38930798658628657,1298960,True,0.01011167078104695
log_hl,adjusted,401,0.44331447215948777,0.38946672429022067,1297542,True,0.010121774752372303
log_hl,adjusted,402,0.443918346859164,0.38963272127576615,1296124,True,0.01013189264848807
log_hl,adjusted,403,0.44285225809417506,0.3883254812337606,1294706,True,0.010142027993065418
log_hl,adjusted,404,0.4426717994763562,0.3877668364234404,1293288,True,0.010152104669266106
log_hl,adjusted,405,0.4436172665411222,0.3881355294214797,1291870,True,0.010162163155121834
log_hl,adjusted,406,0.44302189605542636,0.38724681872273137,1290453,True,0.010172254643210156
log_hl,adjusted,407,0.4440054243953121,0.38752970204590953,1289036,True,0.010182309101011111
log_hl,adjusted,408,0.44306610784899814,0.3861211504152168,1287619,True,0.010192398266446304
log_hl,adjusted,409,0.44335153116835163,0.38599149621547507,1286203,True,0.010202434874745462
log_hl,adjusted,410,0.4439112224794942,0.38607664170541317,1284787,True,0.010212474535539006
log_hl,adjusted,411,0.4425484438452484,0.3846285283321418,1283371,True,0.010222529663208793
log_hl,adjusted,412,0.4429832137791079,0.38460604781634367,1281955,True,0.010232513358327491
log_hl,adjusted,413,0.44120183418631903,0.38272978941902597,1280541,True,0.010242506919380374
log_hl,adjusted,414,0.44138818603875907,0.3826324586382654,1279127,True,0.010252410643046252
log_hl,adjusted,415,0.4415695190838884,0.3823581305589269,1277713,True,0.010262313164838496
log_hl,adjusted,416,0.441126702883525,0.38159501543765617,1276299,True,0.010272214266796644
log_hl,adjusted,417,0.4431425922209127,0.38306363950383726,1274885,True,0.010282086015020227
log_hl,adjusted,418,0.442553625619601,0.38222202267914596,1273471,True,0.010292038595387687
log_hl,adjusted,419,0.4416923632807457,0.38092622431830175,1272057,True,0.01030195516125327
log_hl,adjusted,420,0.44243460631973686,0.38068851540637444,1270643,True,0.010311823686124726
log_hl,adjusted,421,0.4422892954102738,0.38030024965978887,1269230,True,0.010321715923151578
log_hl,adjusted,422,0.44140437752759454,0.37912827712010916,1267817,True,0.01033159220110378
log_hl,adjusted,423,0.44036220842321183,0.37794975739012865,1266404,True,0.010341419622755527
log_hl,adjusted,424,0.4402157294602105,0.3775195899517847,1264991,True,0.010351191429263634
log_hl,adjusted,425,0.4397345258675942,0.3767705028014424,1263578,True,0.01036094752903634
log_hl,adjusted,426,0.4396130380910483,0.3764907121659391,1262165,True,0.010370673163630384
log_hl,adjusted,427,0.4380721341085143,0.3747690910530051,1260752,True,0.01038038432043237
log_hl,adjusted,428,0.43968885383129575,0.37589828959752597,1259339,True,0.010390018537081555
log_hl,adjusted,429,0.44076749760758677,0.3763537904098958,1257926,True,0.01039971497143847
log_hl,adjusted,430,0.44006541074871386,0.375405971487262,1256514,True,0.010409449939776766
log_hl,adjusted,431,0.4392636126716242,0.3743466484891799,1255103,True,0.01041914486733897
log_hl,adjusted,432,0.43958197611064703,0.37433488156798717,1253692,True,0.01042879553527884
log_hl,adjusted,433,0.43896248723364867,0.3735465148370684,1252282,True,0.010438451255494254
log_hl,adjusted,434,0.43791915599059883,0.37234470268479225,1250872,True,0.01044807089409779
log_hl,adjusted,435,0.43738596123658036,0.37163396083021927,1249462,True,0.01045763607303546
log_hl,adjusted,436,0.4366131234483885,0.3706698781275394,1248052,True,0.010467169264681444
log_hl,adjusted,437,0.43645090497757216,0.37023618192149316,1246642,True,0.010476660168008751
log_hl,adjusted,438,0.4367224154387974,0.3700926258587828,1245232,True,0.010486135439625194
log_hl,adjusted,439,0.43811198025625286,0.3709632378360039,1243822,True,0.010495613933700972
log_hl,adjusted,440,0.43695847036434526,0.3695669496153532,1242412,True,0.010505144207032236
log_hl,adjusted,441,0.4363013865457996,0.368672559805385,1241002,True,0.010514615791647227
log_hl,adjusted,442,0.43541348416490033,0.3676435664954101,1239592,True,0.010524050425584333
log_hl,adjusted,443,0.43579617918374314,0.36773411248089577,1238182,True,0.010533438299398491
log_hl,adjusted,444,0.4346633656588981,0.36641909535642936,1236772,True,0.010542834301405608
log_hl,adjusted,445,0.4346530017385194,0.36609314197962295,1235362,True,0.010552173217293381
log_hl,adjusted,446,0.4348892716111016,0.3658971976997305,1233952,True,0.010561503430580751
log_hl,adjusted,447,0.43403826913261356,0.36488288159411897,1232542,True,0.010570835541482276
log_hl,adjusted,448,0.43373732621879635,0.3643521377370572,1231132,True,0.01058012298239282
log_hl,adjusted,449,0.43305788257874733,0.3635060537242506,1229722,True,0.010589389420135641
log_hl,adjusted,450,0.4333242488453793,0.3634333533904646,1228312,True,0.010598618785422571
log_hl,adjusted,451,0.4325441905087282,0.3626039757856543,1226902,True,0.010607851463003075
log_hl,adjusted,452,0.43112303737974994,0.3612473116381163,1225492,True,0.010617042944132172
log_hl,adjusted,453,0.4323282386794633,0.36202090369091083,1224082,True,0.01062616625358946
log_hl,adjusted,454,0.43294381020705835,0.36234006192733864,1222672,True,0.010635332750536812
log_hl,adjusted,455,0.43194894829721686,0.3613653113344097,1221262,True,0.010644517442067018
log_hl,adjusted,456,0.43199567330694744,0.36123269597334307,1219852,True,0.01065365210724325
log_hl,adjusted,457,0.4320312997387501,0.36109754554996254,1218442,True,0.01066278092068067
log_hl,adjusted,458,0.4313108373181459,0.3602706107939575,1217032,True,0.010671903429102209
log_hl,adjusted,459,0.4310746500559903,0.359674515396581,1215623,True,0.010680987784683377
log_hl,adjusted,460,0.4308341331976469,0.35914106427701076,1214214,True,0.010690054486577791
log_hl,adjusted,461,0.43086127658542733,0.3588914911765942,1212805,True,0.010699103403307575
log_hl,adjusted,462,0.4303950893763655,0.3581636686063201,1211397,True,0.01070814581204381
log_hl,adjusted,463,0.429369764598157,0.3571340217929049,1209989,True,0.010717161059159496
log_hl,adjusted,464,0.43168172444661557,0.3589116457728558,1208581,True,0.01072612588036361
log_hl,adjusted,465,0.4322323576866876,0.3592030884603096,1207173,True,0.01073517989630552
log_hl,adjusted,466,0.43184695446713506,0.3586966052972554,1205765,True,0.010744249365827692
log_hl,adjusted,467,0.4316064240097911,0.3579784905713666,1204357,True,0.010753295039973737
log_hl,adjusted,468,0.43025582962044284,0.35655504739626903,1202949,True,0.010762323050250837
log_hl,adjusted,469,0.4304421122629449,0.35641101984197937,1201541,True,0.010771287151452747
log_hl,adjusted,470,0.4306858717541897,0.35632161029577075,1200133,True,0.01078025155288918
log_hl,adjusted,471,0.4298713506868322,0.35555928442494517,1198725,True,0.01078921864940532
log_hl,adjusted,472,0.4288872428740442,0.35451335916965276,1197317,True,0.0107981444561354
log_hl,adjusted,473,0.42938010138458665,0.354443736010521,1195909,True,0.010807022120245266
log_hl,adjusted,474,0.43096778120314005,0.35533142192950357,1194501,True,0.010815912887819015
log_hl,adjusted,475,0.4295029046564729,0.35398932711452336,1193093,True,0.01082486214252753
log_hl,adjusted,476,0.4283124012789625,0.3526116051104415,1191685,True,0.010833743345410287
log_hl,adjusted,477,0.42874421347282454,0.3526435010178786,1190277,True,0.010842568168052305
log_hl,adjusted,478,0.42848209205675064,0.35226293191261115,1188870,True,0.010851403595076511
log_hl,adjusted,479,0.429467616735172,0.3529404575093331,1187463,True,0.010860221047008919
log_hl,adjusted,480,0.428163673373929,0.35168907637298497,1186056,True,0.010869071903940875
log_hl,adjusted,481,0.4271894343263715,0.35084317059778125,1184649,True,0.010877861960574121
log_hl,adjusted,482,0.42750426727366936,0.3510354487669572,1183242,True,0.010886605012173345
log_hl,adjusted,483,0.42629112335466024,0.3500022134398676,1181835,True,0.010895353924102678
log_hl,adjusted,484,0.42644044632258893,0.3502017691573037,1180429,True,0.010904046292128756
log_hl,adjusted,485,0.42577266328486374,0.34956256886601994,1179023,True,0.010912737819772238
log_hl,adjusted,486,0.4256692716031419,0.3494542103653905,1177617,True,0.01092139526328577
log_hl,adjusted,487,0.42533874529640625,0.3490952119404608,1176212,True,0.010930041650310064
log_hl,adjusted,488,0.4241052339211692,0.34796600552351553,1174807,True,0.010938667796384725
log_hl,adjusted,489,0.42476239441920133,0.3483429102709515,1173402,True,0.010947237243938895
log_hl,adjusted,490,0.4242257941846576,0.3478340804163744,1171997,True,0.010955826535089358
log_hl,adjusted,491,0.42468320067797327,0.3483261656995826,1170592,True,0.010964387435108672
log_hl,adjusted,492,0.424497591591621,0.3481068209654155,1169187,True,0.010972960105372185
log_hl,adjusted,493,0.42538962062251967,0.3487050208004245,1167782,True,0.010981518600407766
log_hl,adjusted,494,0.4251018651930273,0.34837269156999173,1166377,True,0.010990106395460882
log_hl,adjusted,495,0.42431297395063383,0.3476294387592509,1164973,True,0.010998675884216592
log_hl,adjusted,496,0.42357219033016036,0.34690246090876814,1163569,True,0.011007206961909538
log_hl,adjusted,497,0.4237147210517324,0.34685302441137317,1162166,True,0.011015701705436262
log_hl,adjusted,498,0.4240490062287682,0.34704303856207813,1160763,True,0.011024195614563002
log_hl,adjusted,499,0.42425798835700707,0.34711332150324375,1159360,True,0.011032696376509032
log_hl,adjusted,500,0.42362919547030264,0.346507563108686,1157957,True,0.011041198964776166
log_hl,adjusted,501,0.4225398732419186,0.3455326374599151,1156554,True,0.01104966985474586
log_hl,adjusted,502,0.4222788580803068,0.34533466783607736,1155151,True,0.01105809079745576
log_hl,adjusted,503,0.42177150120688417,0.344817020398235,1153748,True,0.011066494943689826
log_hl,adjusted,504,0.42209712096348373,0.34498078824425127,1152345,True,0.011074872552823115
log_hl,adjusted,505,0.42228809724883976,0.34501217537039963,1150942,True,0.0110832567553183
log_hl,adjusted,506,0.42095223525508896,0.34390037805703977,1149539,True,0.011091642200086266
log_hl,adjusted,507,0.4212507541529801,0.34416643461842517,1148136,True,0.011099968401035417
log_hl,adjusted,508,0.4224791783388856,0.34535335553677726,1146733,True,0.011108300161075843
log_hl,adjusted,509,0.4223476619858661,0.34532061161349425,1145331,True,0.011116674285719393
log_hl,adjusted,510,0.4244157887770208,0.34901823212964755,1143929,True,0.01112503689995041
log_hl,adjusted,511,0.4250188967559497,0.3501511522638758,1142527,True,0.011133475239643068
log_hl,adjusted,512,0.4247263463244814,0.34992386842348117,1141126,True,0.011141931160596572
log_hl,adjusted,513,0.4261486245886839,0.35104063157286264,1139725,True,0.011150369045396763
log_hl,adjusted,514,0.42475874397182084,0.3498208801371231,1138324,True,0.011158857091853071
log_hl,adjusted,515,0.42594932970645005,0.35068597651392075,1136923,True,0.01116728347247685
log_hl,adjusted,516,0.42446196746760523,0.3494009130296865,1135522,True,0.011175750750089569
log_hl,adjusted,517,0.4248847868138593,0.34961359308862233,1134122,True,0.01118415265406939
log_hl,adjusted,518,0.42527776757390645,0.3497931006949217,1132722,True,0.011192564979254076
log_hl,adjusted,519,0.42372913868052525,0.34842769852490746,1131322,True,0.011200986537452612
log_hl,adjusted,520,0.4239636104521247,0.3484745835309586,1129922,True,0.011209340615636249
log_hl,adjusted,521,0.422735165408287,0.34735890075419984,1128522,True,0.011217697710077986
log_hl,adjusted,522,0.42253382294981806,0.3471147483364744,1127122,True,0.011226000277442832
log_hl,adjusted,523,0.4227395365669352,0.34724272960748037,1125722,True,0.011234288810763514
log_hl,adjusted,524,0.4225546769388927,0.34695529482844983,1124322,True,0.011242579297105692
log_hl,adjusted,525,0.421889343694142,0.34632020033824457,1122922,True,0.011250856433296543
log_hl,adjusted,526,0.4200796898482568,0.34474222124286247,1121522,True,0.011259101468236872
log_hl,adjusted,527,0.42094626898931486,0.34523970367069523,1120122,True,0.01126726996610121
log_hl,adjusted,528,0.4205831427645321,0.34484335338510025,1118722,True,0.011275466245821309
log_hl,adjusted,529,0.4206348006198281,0.3448380832400884,1117322,True,0.011283642452450013
log_hl,adjusted,530,0.4214159998280868,0.3453935046597402,1115922,True,0.011291814745247554
log_hl,adjusted,531,0.4203595671864408,0.3446864554934334,1114522,True,0.01130001147795986
log_hl,adjusted,532,0.41995423013295935,0.34433775823804585,1113122,True,0.011308161269137031
log_hl,adjusted,533,0.41827177621370426,0.34296783606931014,1111722,True,0.011316289498438492
log_hl,adjusted,534,0.41887793852963895,0.34348577705247196,1110322,True,0.011324346965916544
log_hl,adjusted,535,0.41912820320930083,0.3435522443545818,1108922,True,0.011332422050301359
log_hl,adjusted,536,0.41972275165513917,0.34400891334577566,1107522,True,0.011340501026487392
log_hl,adjusted,537,0.4194960754184847,0.34377452181463997,1106122,True,0.011348597163693882
log_hl,adjusted,538,0.41965505784954915,0.34381006313649026,1104722,True,0.011356678796070899
log_hl,adjusted,539,0.4197703086521687,0.3438355512841166,1103322,True,0.011364760801740835
log_hl,adjusted,540,0.41960049591984394,0.3436288706749377,1101922,True,0.011372841499043395
log_hl,adjusted,541,0.41898001193729584,0.34306855794622293,1100522,True,0.011380909929269744
log_hl,adjusted,542,0.4179568653621899,0.3422170148718443,1099122,True,0.011388948824052616
log_hl,adjusted,543,0.41643363961760255,0.340824086024755,1097723,True,0.011396942876058292
log_hl,adjusted,544,0.41697499788198833,0.34114482714636896,1096324,True,0.011404873223996385
log_hl,adjusted,545,0.41749180029336136,0.3414664785875775,1094925,True,0.011412818672003762
log_hl,adjusted,546,0.41688747121967845,0.3409559773774887,1093526,True,0.0114207782792917
log_hl,adjusted,547,0.41632623669269064,0.3404515085960706,1092127,True,0.011428709340332693
log_hl,adjusted,548,0.4162105846766239,0.34038318318005606,1090728,True,0.011436613583523476
log_hl,adjusted,549,0.416619936275376,0.34070360673515765,1089329,True,0.011444507981275295
log_hl,adjusted,550,0.41468070008781577,0.3390854041019254,1087930,True,0.011452412457411822
log_hl,adjusted,551,0.4159220134041759,0.34013676253868946,1086531,True,0.011460238142815205
log_hl,adjusted,552,0.41596285685669127,0.34012106542335224,1085132,True,0.011468105361192582
log_hl,adjusted,553,0.41446139688381073,0.3388826037727386,1083733,True,0.01147596872989529
log_hl,adjusted,554,0.4145512127722207,0.338934738011669,1082334,True,0.01148377010752172
log_hl,adjusted,555,0.41400205312369887,0.33841637726830437,1080935,True,0.01149156956708173
log_hl,adjusted,556,0.4144562825962241,0.33876643252069166,1079537,True,0.01149934310729091
log_hl,adjusted,557,0.4128707062903646,0.3374184486215616,1078139,True,0.011507128445951339
log_hl,adjusted,558,0.41369376428984517,0.3380036799874018,1076741,True,0.011514849126534223
log_hl,adjusted,559,0.41252861820417747,0.33709208844172817,1075343,True,0.011522595415933909
log_hl,adjusted,560,0.41246088744509457,0.3369870020914939,1073945,True,0.011530292972481485
log_hl,adjusted,561,0.4113346442343477,0.33599470112274077,1072547,True,0.011537982868710418
log_hl,adjusted,562,0.41177678965854153,0.33631183442807366,1071149,True,0.011545625747064999
log_hl,adjusted,563,0.41024039355610964,0.3350676859473114,1069751,True,0.011553279992636275
log_hl,adjusted,564,0.4102838211488448,0.3350140848989485,1068354,True,0.011560872215411142
log_hl,adjusted,565,0.4108183551378436,0.3353519998659306,1066957,True,0.01156846106142617
log_hl,adjusted,566,0.41011813233249017,0.3346556219704735,1065560,True,0.01157606469997583
log_hl,adjusted,567,0.4088720775284414,0.3335858054603984,1064163,True,0.011583637474796191
log_hl,adjusted,568,0.40938752456590044,0.33392285015599693,1062766,True,0.011591159400527897
log_hl,adjusted,569,0.40883251478919064,0.3333613255439648,1061369,True,0.011598695406780362
log_hl,adjusted,570,0.40867172915605093,0.333237377536987,1059972,True,0.011606206120320926
log_hl,adjusted,571,0.40782779515901846,0.3326066920927702,1058575,True,0.011613706075863765
log_hl,adjusted,572,0.40868476366588824,0.333348965988257,1057178,True,0.011621170277255522
log_hl,adjusted,573,0.4097531140925323,0.3342945191826507,1055781,True,0.011628661059261344
log_hl,adjusted,574,0.4088313788224459,0.3335979448134208,1054384,True,0.011636186195926455
log_hl,adjusted,575,0.4088968352147648,0.33368350189152257,1052987,True,0.011643672684589351
log_hl,adjusted,576,0.40827965910476355,0.3331538126623933,1051590,True,0.011651156757931337
log_hl,adjusted,577,0.40880213654456393,0.3335447473574345,1050193,True,0.011658613473298045
log_hl,adjusted,578,0.4068514351790275,0.33195330626369624,1048796,True,0.011666084501165533
log_hl,adjusted,579,0.4064204179435122,0.3315559760547701,1047399,True,0.011673479686009531
log_hl,adjusted,580,0.40726381874660245,0.33217396026744617,1046002,True,0.011680854543226734
log_hl,adjusted,581,0.40673968538662236,0.3317514666577904,1044605,True,0.011688255358406325
log_hl,adjusted,582,0.406682063941885,0.331677118348527,1043208,True,0.011695632471630454
log_hl,adjusted,583,0.40647597290845616,0.33154108116858577,1041811,True,0.011703002846555541
log_hl,adjusted,584,0.4062644956994928,0.331328424067787,1040414,True,0.011710361121535551
log_hl,adjusted,585,0.40594763494329594,0.33101444054756396,1039017,True,0.01171770712842091
log_hl,adjusted,586,0.4058774032371443,0.330939158393037,1037621,True,0.011725037089244876
log_hl,adjusted,587,0.40629266371046235,0.33120134308274224,1036225,True,0.011732359936900614
log_hl,adjusted,588,0.4055510162710804,0.3305577770394766,1034829,True,0.011739693194700404
log_hl,adjusted,589,0.405619675230881,0.33061727391262447,1033433,True,0.011746995151756968
log_hl,adjusted,590,0.4054528132347884,0.33046443957525856,1032037,True,0.011754295043039138
log_hl,adjusted,591,0.405597693110517,0.3305858230779283,1030641,True,0.011761584404436306
log_hl,adjusted,592,0.4052973169050382,0.33036171081055915,1029245,True,0.011768874456460054
log_hl,adjusted,593,0.4040311819666625,0.32930787246943993,1027849,True,0.01177614921189193
log_hl,adjusted,594,0.4040555021084906,0.32931226470211716,1026453,True,0.011783374136835934
log_hl,adjusted,595,0.4049298219796819,0.32992006248851174,1025057,True,0.011790595503579384
log_hl,adjusted,596,0.4039547255738169,0.3290925729584616,1023661,True,0.011797843707293738
log_hl,adjusted,597,0.4040641786199427,0.32914930184258284,1022266,True,0.011805052626504674
log_hl,adjusted,598,0.4057204894876518,0.33050549005533175,1020871,True,0.011812261049695563
log_hl,adjusted,599,0.4049406414773993,0.32982423509632497,1019476,True,0.011819524239958057
log_hl,adjusted,600,0.40448675354969843,0.329528042936956,1018081,True,0.011826755100551924
