source_file,timestamp,open,close,volume
00_mnq_03_20.Last.txt,2019-12-23 03:07:00,8719.0,8719.0,7
00_mnq_03_20.Last.txt,2019-12-23 03:11:00,8718.5,8718.5,4
00_mnq_03_20.Last.txt,2019-12-23 03:12:00,8718.5,8718.5,4
00_mnq_03_20.Last.txt,2019-12-23 03:24:00,8719.0,8719.0,1
00_mnq_03_20.Last.txt,2019-12-23 03:26:00,8718.75,8718.75,4
00_mnq_03_20.Last.txt,2019-12-23 03:27:00,8718.75,8718.75,10
00_mnq_03_20.Last.txt,2019-12-23 03:33:00,8718.25,8718.25,3
00_mnq_03_20.Last.txt,2019-12-23 03:35:00,8718.75,8718.75,6
00_mnq_03_20.Last.txt,2019-12-23 03:40:00,8718.75,8718.75,3
00_mnq_03_20.Last.txt,2019-12-23 03:43:00,8718.75,8718.75,4
00_mnq_03_20.Last.txt,2019-12-23 03:48:00,8719.75,8719.75,2
00_mnq_03_20.Last.txt,2019-12-23 03:49:00,8719.5,8719.5,2
00_mnq_03_20.Last.txt,2019-12-23 03:59:00,8719.75,8719.75,6
00_mnq_03_20.Last.txt,2019-12-23 04:02:00,8719.25,8719.25,1
00_mnq_03_20.Last.txt,2019-12-23 04:06:00,8719.0,8719.0,2
00_mnq_03_20.Last.txt,2019-12-23 04:08:00,8719.0,8719.0,4
00_mnq_03_20.Last.txt,2019-12-23 04:14:00,8719.25,8719.25,2
00_mnq_03_20.Last.txt,2019-12-23 04:16:00,8719.25,8719.25,2
00_mnq_03_20.Last.txt,2019-12-23 04:19:00,8719.5,8719.5,6
00_mnq_03_20.Last.txt,2019-12-23 04:20:00,8719.5,8719.5,1
00_mnq_03_20.Last.txt,2019-12-23 04:23:00,8719.75,8719.75,2
00_mnq_03_20.Last.txt,2019-12-23 04:25:00,8719.75,8719.75,1
00_mnq_03_20.Last.txt,2019-12-23 04:28:00,8720.0,8720.0,5
00_mnq_03_20.Last.txt,2019-12-23 04:29:00,8720.0,8720.0,2
00_mnq_03_20.Last.txt,2019-12-23 04:32:00,8720.0,8720.0,3
00_mnq_03_20.Last.txt,2019-12-23 04:34:00,8720.5,8720.5,1
00_mnq_03_20.Last.txt,2019-12-23 04:35:00,8720.25,8720.25,6
00_mnq_03_20.Last.txt,2019-12-23 04:38:00,8719.75,8719.75,1
00_mnq_03_20.Last.txt,2019-12-23 04:40:00,8720.0,8720.0,8
00_mnq_03_20.Last.txt,2019-12-23 04:41:00,8719.75,8719.75,4
00_mnq_03_20.Last.txt,2019-12-23 04:46:00,8720.0,8720.0,3
00_mnq_03_20.Last.txt,2019-12-23 04:47:00,8720.0,8720.0,1
00_mnq_03_20.Last.txt,2019-12-23 04:51:00,8720.25,8720.25,5
00_mnq_03_20.Last.txt,2019-12-23 04:53:00,8720.25,8720.25,5
00_mnq_03_20.Last.txt,2019-12-23 04:55:00,8720.0,8720.0,3
00_mnq_03_20.Last.txt,2019-12-23 04:56:00,8720.0,8720.0,1
00_mnq_03_20.Last.txt,2019-12-23 04:57:00,8720.0,8720.0,2
00_mnq_03_20.Last.txt,2019-12-23 05:02:00,8719.5,8719.5,1
00_mnq_03_20.Last.txt,2019-12-23 05:03:00,8719.5,8719.5,1
00_mnq_03_20.Last.txt,2019-12-23 05:04:00,8719.25,8719.25,2
00_mnq_03_20.Last.txt,2019-12-23 05:19:00,8719.0,8719.0,5
00_mnq_03_20.Last.txt,2019-12-23 05:20:00,8718.75,8718.75,2
00_mnq_03_20.Last.txt,2019-12-23 05:28:00,8718.5,8718.5,1
00_mnq_03_20.Last.txt,2019-12-23 05:32:00,8718.75,8718.75,11
00_mnq_03_20.Last.txt,2019-12-23 05:34:00,8718.5,8718.5,5
00_mnq_03_20.Last.txt,2019-12-23 05:36:00,8718.25,8718.25,10
00_mnq_03_20.Last.txt,2019-12-23 05:38:00,8718.5,8718.5,3
00_mnq_03_20.Last.txt,2019-12-23 05:39:00,8718.5,8718.5,2
00_mnq_03_20.Last.txt,2019-12-23 05:43:00,8719.0,8719.0,1
00_mnq_03_20.Last.txt,2019-12-23 05:44:00,8718.75,8718.75,6
00_mnq_03_20.Last.txt,2019-12-23 05:49:00,8719.0,8719.0,2
00_mnq_03_20.Last.txt,2019-12-23 05:56:00,8718.75,8718.75,3
00_mnq_03_20.Last.txt,2019-12-23 06:02:00,8718.0,8718.0,6
00_mnq_03_20.Last.txt,2019-12-23 06:05:00,8718.5,8718.5,2
00_mnq_03_20.Last.txt,2019-12-23 06:06:00,8718.5,8718.5,5
00_mnq_03_20.Last.txt,2019-12-23 06:09:00,8718.0,8718.0,1
00_mnq_03_20.Last.txt,2019-12-23 06:10:00,8718.0,8718.0,4
00_mnq_03_20.Last.txt,2019-12-23 06:18:00,8716.0,8716.0,1
00_mnq_03_20.Last.txt,2019-12-23 06:25:00,8714.75,8714.75,5
00_mnq_03_20.Last.txt,2019-12-23 06:32:00,8715.25,8715.25,8
00_mnq_03_20.Last.txt,2019-12-23 06:34:00,8715.0,8715.0,7
00_mnq_03_20.Last.txt,2019-12-23 06:42:00,8713.5,8713.5,16
00_mnq_03_20.Last.txt,2019-12-23 06:45:00,8713.75,8713.75,7
00_mnq_03_20.Last.txt,2019-12-23 06:47:00,8713.75,8713.75,2
00_mnq_03_20.Last.txt,2019-12-23 06:52:00,8713.5,8713.5,2
00_mnq_03_20.Last.txt,2019-12-23 07:20:00,8715.0,8715.0,6
00_mnq_03_20.Last.txt,2019-12-23 07:36:00,8713.5,8713.5,3
00_mnq_03_20.Last.txt,2019-12-23 07:40:00,8714.5,8714.5,2
00_mnq_03_20.Last.txt,2019-12-23 07:42:00,8714.5,8714.5,3
00_mnq_03_20.Last.txt,2019-12-23 07:44:00,8714.25,8714.25,16
00_mnq_03_20.Last.txt,2019-12-23 07:50:00,8713.5,8713.5,13
00_mnq_03_20.Last.txt,2019-12-23 07:52:00,8714.0,8714.0,4
00_mnq_03_20.Last.txt,2019-12-23 09:39:00,8719.0,8719.0,4
00_mnq_03_20.Last.txt,2019-12-23 09:44:00,8719.25,8719.25,1
00_mnq_03_20.Last.txt,2019-12-23 09:53:00,8718.75,8718.75,1
00_mnq_03_20.Last.txt,2019-12-23 09:55:00,8718.5,8718.5,1
00_mnq_03_20.Last.txt,2019-12-23 10:04:00,8718.5,8718.5,7
00_mnq_03_20.Last.txt,2019-12-23 10:05:00,8718.5,8718.5,2
00_mnq_03_20.Last.txt,2019-12-23 10:07:00,8718.75,8718.75,5
00_mnq_03_20.Last.txt,2019-12-23 10:17:00,8719.75,8719.75,3
00_mnq_03_20.Last.txt,2019-12-23 10:19:00,8719.75,8719.75,10
00_mnq_03_20.Last.txt,2019-12-23 10:39:00,8721.5,8721.5,21
00_mnq_03_20.Last.txt,2019-12-23 10:40:00,8721.5,8721.5,3
00_mnq_03_20.Last.txt,2019-12-23 11:00:00,8719.5,8719.5,17
00_mnq_03_20.Last.txt,2019-12-23 11:34:00,8726.0,8726.0,3
00_mnq_03_20.Last.txt,2019-12-23 11:55:00,8727.5,8727.5,2
00_mnq_03_20.Last.txt,2019-12-23 12:47:00,8732.5,8732.5,12
00_mnq_03_20.Last.txt,2019-12-23 13:10:00,8734.0,8734.0,11
00_mnq_03_20.Last.txt,2019-12-23 17:54:00,8728.5,8728.5,31
00_mnq_03_20.Last.txt,2019-12-23 18:06:00,8729.25,8729.25,14
00_mnq_03_20.Last.txt,2019-12-23 21:35:00,8727.25,8727.25,3
00_mnq_03_20.Last.txt,2019-12-23 21:50:00,8725.5,8725.5,1
00_mnq_03_20.Last.txt,2019-12-23 23:06:00,8726.5,8726.5,3
00_mnq_03_20.Last.txt,2019-12-23 23:09:00,8727.75,8727.75,3
00_mnq_03_20.Last.txt,2019-12-23 23:12:00,8727.5,8727.5,1
00_mnq_03_20.Last.txt,2019-12-23 23:20:00,8729.0,8729.0,5
00_mnq_03_20.Last.txt,2019-12-23 23:21:00,8728.75,8728.75,1
00_mnq_03_20.Last.txt,2019-12-23 23:22:00,8728.5,8728.5,4
00_mnq_03_20.Last.txt,2019-12-23 23:23:00,8728.25,8728.25,1
00_mnq_03_20.Last.txt,2019-12-23 23:24:00,8728.0,8728.0,1
00_mnq_03_20.Last.txt,2019-12-23 23:26:00,8728.0,8728.0,2
00_mnq_03_20.Last.txt,2019-12-23 23:29:00,8728.5,8728.5,2
00_mnq_03_20.Last.txt,2019-12-23 23:38:00,8728.5,8728.5,2
00_mnq_03_20.Last.txt,2019-12-23 23:41:00,8728.25,8728.25,1
00_mnq_03_20.Last.txt,2019-12-23 23:47:00,8729.5,8729.5,1
00_mnq_03_20.Last.txt,2019-12-24 00:09:00,8728.0,8728.0,7
00_mnq_03_20.Last.txt,2019-12-24 00:17:00,8727.25,8727.25,1
00_mnq_03_20.Last.txt,2019-12-24 00:22:00,8726.75,8726.75,2
00_mnq_03_20.Last.txt,2019-12-24 00:36:00,8724.25,8724.25,10
00_mnq_03_20.Last.txt,2019-12-24 00:45:00,8724.0,8724.0,9
00_mnq_03_20.Last.txt,2019-12-24 01:05:00,8723.5,8723.5,2
00_mnq_03_20.Last.txt,2019-12-24 01:27:00,8723.25,8723.25,1
00_mnq_03_20.Last.txt,2019-12-24 01:43:00,8722.75,8722.75,6
00_mnq_03_20.Last.txt,2019-12-24 02:40:00,8722.25,8722.25,1
00_mnq_03_20.Last.txt,2019-12-24 02:45:00,8721.75,8721.75,5
00_mnq_03_20.Last.txt,2019-12-24 02:48:00,8722.0,8722.0,2
00_mnq_03_20.Last.txt,2019-12-24 02:49:00,8722.0,8722.0,1
00_mnq_03_20.Last.txt,2019-12-24 02:50:00,8722.0,8722.0,1
00_mnq_03_20.Last.txt,2019-12-24 02:51:00,8722.5,8722.5,4
00_mnq_03_20.Last.txt,2019-12-24 02:53:00,8723.25,8723.25,9
00_mnq_03_20.Last.txt,2019-12-24 02:54:00,8723.25,8723.25,4
00_mnq_03_20.Last.txt,2019-12-24 03:02:00,8722.5,8722.5,1
00_mnq_03_20.Last.txt,2019-12-24 03:04:00,8722.25,8722.25,2
00_mnq_03_20.Last.txt,2019-12-24 03:05:00,8722.5,8722.5,2
00_mnq_03_20.Last.txt,2019-12-24 03:06:00,8722.5,8722.5,2
00_mnq_03_20.Last.txt,2019-12-24 03:08:00,8722.75,8722.75,7
00_mnq_03_20.Last.txt,2019-12-24 03:09:00,8723.0,8723.0,4
00_mnq_03_20.Last.txt,2019-12-24 03:10:00,8723.0,8723.0,2
00_mnq_03_20.Last.txt,2019-12-24 03:11:00,8723.0,8723.0,2
00_mnq_03_20.Last.txt,2019-12-24 03:14:00,8723.75,8723.75,1
00_mnq_03_20.Last.txt,2019-12-24 03:21:00,8723.0,8723.0,1
00_mnq_03_20.Last.txt,2019-12-24 03:24:00,8723.0,8723.0,2
00_mnq_03_20.Last.txt,2019-12-24 03:26:00,8722.75,8722.75,9
00_mnq_03_20.Last.txt,2019-12-24 03:27:00,8722.75,8722.75,2
00_mnq_03_20.Last.txt,2019-12-24 03:28:00,8723.25,8723.25,1
00_mnq_03_20.Last.txt,2019-12-24 03:41:00,8721.75,8721.75,2
00_mnq_03_20.Last.txt,2019-12-24 03:43:00,8721.25,8721.25,5
00_mnq_03_20.Last.txt,2019-12-24 03:49:00,8720.75,8720.75,9
00_mnq_03_20.Last.txt,2019-12-24 03:51:00,8720.75,8720.75,2
00_mnq_03_20.Last.txt,2019-12-24 03:53:00,8720.75,8720.75,3
00_mnq_03_20.Last.txt,2019-12-24 03:56:00,8721.25,8721.25,2
00_mnq_03_20.Last.txt,2019-12-24 03:57:00,8721.25,8721.25,1
00_mnq_03_20.Last.txt,2019-12-24 04:03:00,8722.5,8722.5,2
00_mnq_03_20.Last.txt,2019-12-24 04:07:00,8722.0,8722.0,1
00_mnq_03_20.Last.txt,2019-12-24 04:09:00,8722.75,8722.75,3
00_mnq_03_20.Last.txt,2019-12-24 04:12:00,8723.0,8723.0,6
00_mnq_03_20.Last.txt,2019-12-24 04:13:00,8723.0,8723.0,1
00_mnq_03_20.Last.txt,2019-12-24 04:14:00,8723.25,8723.25,3
00_mnq_03_20.Last.txt,2019-12-24 04:16:00,8723.0,8723.0,2
00_mnq_03_20.Last.txt,2019-12-24 04:19:00,8723.0,8723.0,1
00_mnq_03_20.Last.txt,2019-12-24 04:20:00,8723.0,8723.0,5
00_mnq_03_20.Last.txt,2019-12-24 04:23:00,8723.0,8723.0,1
00_mnq_03_20.Last.txt,2019-12-24 04:24:00,8723.25,8723.25,1
00_mnq_03_20.Last.txt,2019-12-24 04:33:00,8721.75,8721.75,1
00_mnq_03_20.Last.txt,2019-12-24 04:34:00,8722.5,8722.5,2
00_mnq_03_20.Last.txt,2019-12-24 04:35:00,8722.25,8722.25,2
00_mnq_03_20.Last.txt,2019-12-24 04:37:00,8722.75,8722.75,1
00_mnq_03_20.Last.txt,2019-12-24 04:40:00,8723.0,8723.0,3
00_mnq_03_20.Last.txt,2019-12-24 04:45:00,8723.0,8723.0,6
00_mnq_03_20.Last.txt,2019-12-24 04:46:00,8723.0,8723.0,5
00_mnq_03_20.Last.txt,2019-12-24 04:52:00,8723.75,8723.75,2
00_mnq_03_20.Last.txt,2019-12-24 04:59:00,8722.75,8722.75,4
00_mnq_03_20.Last.txt,2019-12-24 05:01:00,8722.75,8722.75,4
00_mnq_03_20.Last.txt,2019-12-24 05:03:00,8723.0,8723.0,1
00_mnq_03_20.Last.txt,2019-12-24 05:04:00,8723.0,8723.0,4
00_mnq_03_20.Last.txt,2019-12-24 05:07:00,8722.75,8722.75,1
00_mnq_03_20.Last.txt,2019-12-24 05:10:00,8723.0,8723.0,3
00_mnq_03_20.Last.txt,2019-12-24 05:16:00,8723.5,8723.5,3
00_mnq_03_20.Last.txt,2019-12-24 05:18:00,8723.25,8723.25,1
00_mnq_03_20.Last.txt,2019-12-24 05:19:00,8723.25,8723.25,2
00_mnq_03_20.Last.txt,2019-12-24 05:20:00,8723.25,8723.25,3
00_mnq_03_20.Last.txt,2019-12-24 05:22:00,8723.25,8723.25,2
00_mnq_03_20.Last.txt,2019-12-24 05:23:00,8723.5,8723.5,1
00_mnq_03_20.Last.txt,2019-12-24 05:28:00,8723.5,8723.5,3
00_mnq_03_20.Last.txt,2019-12-24 05:30:00,8723.5,8723.5,5
00_mnq_03_20.Last.txt,2019-12-24 05:39:00,8723.75,8723.75,1
00_mnq_03_20.Last.txt,2019-12-24 05:40:00,8724.0,8724.0,1
00_mnq_03_20.Last.txt,2019-12-24 05:46:00,8724.25,8724.25,1
00_mnq_03_20.Last.txt,2019-12-24 05:59:00,8726.0,8726.0,9
00_mnq_03_20.Last.txt,2019-12-24 06:10:00,8724.25,8724.25,3
00_mnq_03_20.Last.txt,2019-12-24 06:18:00,8725.25,8725.25,5
00_mnq_03_20.Last.txt,2019-12-24 06:20:00,8725.75,8725.75,10
00_mnq_03_20.Last.txt,2019-12-24 06:23:00,8725.25,8725.25,1
00_mnq_03_20.Last.txt,2019-12-24 06:24:00,8725.5,8725.5,9
00_mnq_03_20.Last.txt,2019-12-24 06:26:00,8725.25,8725.25,3
00_mnq_03_20.Last.txt,2019-12-24 06:27:00,8725.25,8725.25,5
00_mnq_03_20.Last.txt,2019-12-24 06:29:00,8725.25,8725.25,5
00_mnq_03_20.Last.txt,2019-12-24 06:30:00,8724.75,8724.75,1
00_mnq_03_20.Last.txt,2019-12-24 06:33:00,8725.0,8725.0,5
00_mnq_03_20.Last.txt,2019-12-24 06:36:00,8724.5,8724.5,1
00_mnq_03_20.Last.txt,2019-12-24 06:44:00,8725.75,8725.75,1
00_mnq_03_20.Last.txt,2019-12-24 06:46:00,8725.25,8725.25,4
00_mnq_03_20.Last.txt,2019-12-24 06:47:00,8725.5,8725.5,1
00_mnq_03_20.Last.txt,2019-12-24 06:48:00,8725.25,8725.25,1
00_mnq_03_20.Last.txt,2019-12-24 06:53:00,8726.75,8726.75,4
00_mnq_03_20.Last.txt,2019-12-24 06:54:00,8726.75,8726.75,1
00_mnq_03_20.Last.txt,2019-12-24 07:04:00,8726.5,8726.5,3
00_mnq_03_20.Last.txt,2019-12-24 07:08:00,8725.75,8725.75,6
00_mnq_03_20.Last.txt,2019-12-24 07:10:00,8726.0,8726.0,3
00_mnq_03_20.Last.txt,2019-12-24 07:12:00,8725.5,8725.5,2
00_mnq_03_20.Last.txt,2019-12-24 07:20:00,8725.75,8725.75,1
00_mnq_03_20.Last.txt,2019-12-24 07:22:00,8726.0,8726.0,1
00_mnq_03_20.Last.txt,2019-12-24 07:28:00,8726.5,8726.5,5
00_mnq_03_20.Last.txt,2019-12-24 07:41:00,8727.5,8727.5,6
00_mnq_03_20.Last.txt,2019-12-24 07:42:00,8727.5,8727.5,3
00_mnq_03_20.Last.txt,2019-12-24 07:47:00,8727.5,8727.5,3
00_mnq_03_20.Last.txt,2019-12-24 07:54:00,8727.5,8727.5,2
00_mnq_03_20.Last.txt,2019-12-24 07:56:00,8727.5,8727.5,7
00_mnq_03_20.Last.txt,2019-12-24 08:00:00,8728.5,8728.5,4
00_mnq_03_20.Last.txt,2019-12-24 08:06:00,8726.75,8726.75,4
00_mnq_03_20.Last.txt,2019-12-24 08:09:00,8725.25,8725.25,10
00_mnq_03_20.Last.txt,2019-12-24 08:14:00,8725.0,8725.0,1
00_mnq_03_20.Last.txt,2019-12-24 08:21:00,8724.5,8724.5,3
00_mnq_03_20.Last.txt,2019-12-24 08:25:00,8725.25,8725.25,1
00_mnq_03_20.Last.txt,2019-12-24 08:28:00,8725.25,8725.25,3
00_mnq_03_20.Last.txt,2019-12-24 08:30:00,8725.5,8725.5,2
00_mnq_03_20.Last.txt,2019-12-24 08:32:00,8726.0,8726.0,5
00_mnq_03_20.Last.txt,2019-12-24 08:35:00,8726.0,8726.0,2
00_mnq_03_20.Last.txt,2019-12-24 08:36:00,8726.0,8726.0,4
00_mnq_03_20.Last.txt,2019-12-24 08:48:00,8726.5,8726.5,2
00_mnq_03_20.Last.txt,2019-12-24 08:49:00,8726.0,8726.0,4
00_mnq_03_20.Last.txt,2019-12-24 08:50:00,8726.25,8726.25,3
00_mnq_03_20.Last.txt,2019-12-24 08:51:00,8726.25,8726.25,4
00_mnq_03_20.Last.txt,2019-12-24 08:52:00,8726.25,8726.25,17
00_mnq_03_20.Last.txt,2019-12-24 08:56:00,8726.5,8726.5,2
00_mnq_03_20.Last.txt,2019-12-24 08:59:00,8726.5,8726.5,1
00_mnq_03_20.Last.txt,2019-12-24 09:00:00,8726.25,8726.25,3
00_mnq_03_20.Last.txt,2019-12-24 09:03:00,8726.75,8726.75,2
00_mnq_03_20.Last.txt,2019-12-24 09:05:00,8727.0,8727.0,11
00_mnq_03_20.Last.txt,2019-12-24 09:06:00,8727.0,8727.0,2
00_mnq_03_20.Last.txt,2019-12-24 09:09:00,8726.5,8726.5,6
00_mnq_03_20.Last.txt,2019-12-24 09:15:00,8727.5,8727.5,7
00_mnq_03_20.Last.txt,2019-12-24 09:37:00,8729.5,8729.5,3
00_mnq_03_20.Last.txt,2019-12-24 09:39:00,8729.5,8729.5,1
00_mnq_03_20.Last.txt,2019-12-24 09:40:00,8729.5,8729.5,4
00_mnq_03_20.Last.txt,2019-12-24 09:48:00,8730.25,8730.25,1
00_mnq_03_20.Last.txt,2019-12-24 09:51:00,8730.25,8730.25,2
00_mnq_03_20.Last.txt,2019-12-24 09:52:00,8730.25,8730.25,1
00_mnq_03_20.Last.txt,2019-12-24 09:54:00,8730.25,8730.25,1
00_mnq_03_20.Last.txt,2019-12-24 09:57:00,8730.25,8730.25,1
00_mnq_03_20.Last.txt,2019-12-24 10:00:00,8730.25,8730.25,2
00_mnq_03_20.Last.txt,2019-12-24 10:05:00,8731.25,8731.25,2
00_mnq_03_20.Last.txt,2019-12-24 10:09:00,8730.5,8730.5,3
00_mnq_03_20.Last.txt,2019-12-24 10:12:00,8730.25,8730.25,1
00_mnq_03_20.Last.txt,2019-12-24 10:15:00,8730.5,8730.5,3
00_mnq_03_20.Last.txt,2019-12-24 10:17:00,8730.25,8730.25,1
00_mnq_03_20.Last.txt,2019-12-24 10:19:00,8730.25,8730.25,1
00_mnq_03_20.Last.txt,2019-12-24 10:20:00,8730.25,8730.25,2
00_mnq_03_20.Last.txt,2019-12-24 10:22:00,8730.5,8730.5,2
00_mnq_03_20.Last.txt,2019-12-24 10:24:00,8730.25,8730.25,1
00_mnq_03_20.Last.txt,2019-12-24 10:30:00,8730.0,8730.0,5
00_mnq_03_20.Last.txt,2019-12-24 10:32:00,8730.25,8730.25,1
00_mnq_03_20.Last.txt,2019-12-24 10:33:00,8730.25,8730.25,1
00_mnq_03_20.Last.txt,2019-12-24 10:34:00,8730.25,8730.25,1
00_mnq_03_20.Last.txt,2019-12-24 10:40:00,8731.0,8731.0,7
00_mnq_03_20.Last.txt,2019-12-24 10:52:00,8729.75,8729.75,1
00_mnq_03_20.Last.txt,2019-12-24 10:53:00,8730.0,8730.0,1
00_mnq_03_20.Last.txt,2019-12-24 10:54:00,8730.5,8730.5,3
00_mnq_03_20.Last.txt,2019-12-24 10:58:00,8731.25,8731.25,1
00_mnq_03_20.Last.txt,2019-12-24 10:59:00,8731.5,8731.5,5
00_mnq_03_20.Last.txt,2019-12-24 11:06:00,8731.25,8731.25,2
00_mnq_03_20.Last.txt,2019-12-24 11:10:00,8731.0,8731.0,6
00_mnq_03_20.Last.txt,2019-12-24 11:11:00,8731.0,8731.0,8
00_mnq_03_20.Last.txt,2019-12-24 11:13:00,8731.5,8731.5,7
00_mnq_03_20.Last.txt,2019-12-24 11:23:00,8730.25,8730.25,4
00_mnq_03_20.Last.txt,2019-12-24 11:24:00,8731.0,8731.0,1
00_mnq_03_20.Last.txt,2019-12-24 11:32:00,8731.75,8731.75,7
00_mnq_03_20.Last.txt,2019-12-24 11:33:00,8731.25,8731.25,2
00_mnq_03_20.Last.txt,2019-12-24 11:36:00,8731.75,8731.75,1
00_mnq_03_20.Last.txt,2019-12-24 11:40:00,8732.25,8732.25,4
00_mnq_03_20.Last.txt,2019-12-24 11:44:00,8733.0,8733.0,4
00_mnq_03_20.Last.txt,2019-12-24 11:52:00,8733.25,8733.25,1
00_mnq_03_20.Last.txt,2019-12-24 11:56:00,8734.0,8734.0,3
00_mnq_03_20.Last.txt,2019-12-24 12:00:00,8733.25,8733.25,1
00_mnq_03_20.Last.txt,2019-12-24 12:05:00,8733.0,8733.0,5
00_mnq_03_20.Last.txt,2019-12-24 12:10:00,8733.75,8733.75,4
00_mnq_03_20.Last.txt,2019-12-24 12:16:00,8733.75,8733.75,2
00_mnq_03_20.Last.txt,2019-12-24 12:18:00,8734.25,8734.25,4
00_mnq_03_20.Last.txt,2019-12-24 12:58:00,8731.75,8731.75,3
00_mnq_03_20.Last.txt,2019-12-24 13:40:00,8731.75,8731.75,6
00_mnq_03_20.Last.txt,2019-12-24 13:41:00,8732.0,8732.0,2
00_mnq_03_20.Last.txt,2019-12-24 13:45:00,8731.75,8731.75,2
00_mnq_03_20.Last.txt,2019-12-24 14:19:00,8730.0,8730.0,2
00_mnq_03_20.Last.txt,2019-12-25 23:11:00,8730.25,8730.25,4
00_mnq_03_20.Last.txt,2019-12-25 23:13:00,8730.25,8730.25,1
00_mnq_03_20.Last.txt,2019-12-25 23:15:00,8731.0,8731.0,1
00_mnq_03_20.Last.txt,2019-12-25 23:37:00,8731.0,8731.0,3
00_mnq_03_20.Last.txt,2019-12-25 23:39:00,8731.0,8731.0,4
00_mnq_03_20.Last.txt,2019-12-25 23:45:00,8730.75,8730.75,2
00_mnq_03_20.Last.txt,2019-12-25 23:49:00,8731.0,8731.0,4
00_mnq_03_20.Last.txt,2019-12-25 23:53:00,8730.25,8730.25,4
00_mnq_03_20.Last.txt,2019-12-25 23:56:00,8730.25,8730.25,1
00_mnq_03_20.Last.txt,2019-12-25 23:58:00,8730.25,8730.25,15
00_mnq_03_20.Last.txt,2019-12-25 23:59:00,8730.0,8730.0,1
00_mnq_03_20.Last.txt,2019-12-26 00:19:00,8736.25,8736.25,7
00_mnq_03_20.Last.txt,2019-12-26 00:34:00,8737.25,8737.25,6
00_mnq_03_20.Last.txt,2019-12-26 00:52:00,8737.0,8737.0,1
00_mnq_03_20.Last.txt,2019-12-26 01:00:00,8737.75,8737.75,6
00_mnq_03_20.Last.txt,2019-12-26 01:04:00,8738.0,8738.0,2
00_mnq_03_20.Last.txt,2019-12-26 01:17:00,8737.75,8737.75,6
00_mnq_03_20.Last.txt,2019-12-26 01:24:00,8737.75,8737.75,3
00_mnq_03_20.Last.txt,2019-12-26 01:25:00,8737.5,8737.5,1
00_mnq_03_20.Last.txt,2019-12-26 01:26:00,8737.25,8737.25,1
00_mnq_03_20.Last.txt,2019-12-26 01:28:00,8737.0,8737.0,6
00_mnq_03_20.Last.txt,2019-12-26 01:29:00,8737.5,8737.5,6
00_mnq_03_20.Last.txt,2019-12-26 01:35:00,8736.5,8736.5,6
00_mnq_03_20.Last.txt,2019-12-26 01:39:00,8737.25,8737.25,2
00_mnq_03_20.Last.txt,2019-12-26 01:42:00,8737.5,8737.5,1
00_mnq_03_20.Last.txt,2019-12-26 01:46:00,8736.75,8736.75,4
00_mnq_03_20.Last.txt,2019-12-26 01:49:00,8737.0,8737.0,2
00_mnq_03_20.Last.txt,2019-12-26 01:57:00,8736.5,8736.5,2
00_mnq_03_20.Last.txt,2019-12-26 01:59:00,8736.25,8736.25,3
00_mnq_03_20.Last.txt,2019-12-26 02:00:00,8736.25,8736.25,1
00_mnq_03_20.Last.txt,2019-12-26 02:03:00,8737.0,8737.0,7
00_mnq_03_20.Last.txt,2019-12-26 02:05:00,8736.5,8736.5,1
00_mnq_03_20.Last.txt,2019-12-26 02:18:00,8737.5,8737.5,2
00_mnq_03_20.Last.txt,2019-12-26 02:19:00,8737.0,8737.0,2
00_mnq_03_20.Last.txt,2019-12-26 02:20:00,8736.5,8736.5,2
00_mnq_03_20.Last.txt,2019-12-26 02:24:00,8736.25,8736.25,1
00_mnq_03_20.Last.txt,2019-12-26 02:29:00,8736.75,8736.75,7
00_mnq_03_20.Last.txt,2019-12-26 02:34:00,8736.25,8736.25,4
00_mnq_03_20.Last.txt,2019-12-26 02:41:00,8737.0,8737.0,2
00_mnq_03_20.Last.txt,2019-12-26 02:43:00,8736.75,8736.75,1
00_mnq_03_20.Last.txt,2019-12-26 02:47:00,8737.0,8737.0,5
00_mnq_03_20.Last.txt,2019-12-26 02:48:00,8737.25,8737.25,4
00_mnq_03_20.Last.txt,2019-12-26 02:50:00,8737.75,8737.75,1
00_mnq_03_20.Last.txt,2019-12-26 02:51:00,8737.5,8737.5,1
00_mnq_03_20.Last.txt,2019-12-26 02:58:00,8739.0,8739.0,1
00_mnq_03_20.Last.txt,2019-12-26 03:04:00,8734.5,8734.5,1
00_mnq_03_20.Last.txt,2019-12-26 03:08:00,8735.25,8735.25,2
00_mnq_03_20.Last.txt,2019-12-26 03:13:00,8735.5,8735.5,4
00_mnq_03_20.Last.txt,2019-12-26 03:15:00,8736.75,8736.75,1
00_mnq_03_20.Last.txt,2019-12-26 03:17:00,8735.25,8735.25,4
00_mnq_03_20.Last.txt,2019-12-26 03:21:00,8735.25,8735.25,3
00_mnq_03_20.Last.txt,2019-12-26 03:26:00,8736.0,8736.0,2
00_mnq_03_20.Last.txt,2019-12-26 03:28:00,8736.0,8736.0,5
00_mnq_03_20.Last.txt,2019-12-26 03:29:00,8736.25,8736.25,5
00_mnq_03_20.Last.txt,2019-12-26 03:30:00,8736.25,8736.25,1
00_mnq_03_20.Last.txt,2019-12-26 03:31:00,8736.0,8736.0,3
00_mnq_03_20.Last.txt,2019-12-26 03:32:00,8736.25,8736.25,1
00_mnq_03_20.Last.txt,2019-12-26 03:38:00,8736.5,8736.5,1
00_mnq_03_20.Last.txt,2019-12-26 03:39:00,8736.75,8736.75,14
00_mnq_03_20.Last.txt,2019-12-26 03:45:00,8737.5,8737.5,1
00_mnq_03_20.Last.txt,2019-12-26 03:46:00,8737.25,8737.25,2
00_mnq_03_20.Last.txt,2019-12-26 03:50:00,8737.25,8737.25,1
00_mnq_03_20.Last.txt,2019-12-26 03:51:00,8737.25,8737.25,1
00_mnq_03_20.Last.txt,2019-12-26 03:52:00,8737.0,8737.0,2
00_mnq_03_20.Last.txt,2019-12-26 03:56:00,8737.25,8737.25,4
00_mnq_03_20.Last.txt,2019-12-26 03:57:00,8737.25,8737.25,1
00_mnq_03_20.Last.txt,2019-12-26 04:01:00,8737.25,8737.25,2
00_mnq_03_20.Last.txt,2019-12-26 04:03:00,8737.25,8737.25,2
00_mnq_03_20.Last.txt,2019-12-26 04:04:00,8737.0,8737.0,1
00_mnq_03_20.Last.txt,2019-12-26 04:05:00,8737.0,8737.0,2
00_mnq_03_20.Last.txt,2019-12-26 04:09:00,8737.0,8737.0,2
00_mnq_03_20.Last.txt,2019-12-26 04:11:00,8736.75,8736.75,1
00_mnq_03_20.Last.txt,2019-12-26 04:13:00,8736.75,8736.75,1
00_mnq_03_20.Last.txt,2019-12-26 04:15:00,8736.5,8736.5,1
00_mnq_03_20.Last.txt,2019-12-26 04:16:00,8736.5,8736.5,1
00_mnq_03_20.Last.txt,2019-12-26 04:18:00,8736.25,8736.25,1
00_mnq_03_20.Last.txt,2019-12-26 04:19:00,8736.25,8736.25,1
00_mnq_03_20.Last.txt,2019-12-26 04:21:00,8736.25,8736.25,1
00_mnq_03_20.Last.txt,2019-12-26 04:23:00,8736.5,8736.5,3
00_mnq_03_20.Last.txt,2019-12-26 04:26:00,8736.5,8736.5,6
00_mnq_03_20.Last.txt,2019-12-26 04:27:00,8736.75,8736.75,1
00_mnq_03_20.Last.txt,2019-12-26 04:28:00,8736.5,8736.5,2
00_mnq_03_20.Last.txt,2019-12-26 04:29:00,8736.0,8736.0,1
00_mnq_03_20.Last.txt,2019-12-26 04:32:00,8736.0,8736.0,3
00_mnq_03_20.Last.txt,2019-12-26 04:33:00,8735.75,8735.75,1
00_mnq_03_20.Last.txt,2019-12-26 04:34:00,8735.5,8735.5,6
00_mnq_03_20.Last.txt,2019-12-26 04:37:00,8735.75,8735.75,2
00_mnq_03_20.Last.txt,2019-12-26 04:43:00,8735.25,8735.25,2
00_mnq_03_20.Last.txt,2019-12-26 04:51:00,8736.25,8736.25,5
00_mnq_03_20.Last.txt,2019-12-26 04:54:00,8735.5,8735.5,3
00_mnq_03_20.Last.txt,2019-12-26 04:57:00,8736.25,8736.25,2
00_mnq_03_20.Last.txt,2019-12-26 04:58:00,8735.75,8735.75,2
00_mnq_03_20.Last.txt,2019-12-26 05:03:00,8736.25,8736.25,3
00_mnq_03_20.Last.txt,2019-12-26 05:04:00,8736.25,8736.25,2
00_mnq_03_20.Last.txt,2019-12-26 05:07:00,8736.5,8736.5,3
00_mnq_03_20.Last.txt,2019-12-26 05:08:00,8736.25,8736.25,4
00_mnq_03_20.Last.txt,2019-12-26 05:10:00,8736.25,8736.25,1
00_mnq_03_20.Last.txt,2019-12-26 05:11:00,8736.5,8736.5,1
00_mnq_03_20.Last.txt,2019-12-26 05:12:00,8736.75,8736.75,5
00_mnq_03_20.Last.txt,2019-12-26 05:14:00,8737.0,8737.0,1
00_mnq_03_20.Last.txt,2019-12-26 05:21:00,8737.0,8737.0,1
00_mnq_03_20.Last.txt,2019-12-26 05:22:00,8736.75,8736.75,3
00_mnq_03_20.Last.txt,2019-12-26 05:24:00,8737.0,8737.0,1
00_mnq_03_20.Last.txt,2019-12-26 05:33:00,8736.25,8736.25,4
00_mnq_03_20.Last.txt,2019-12-26 05:34:00,8736.25,8736.25,5
00_mnq_03_20.Last.txt,2019-12-26 05:37:00,8736.75,8736.75,1
00_mnq_03_20.Last.txt,2019-12-26 05:44:00,8737.25,8737.25,4
00_mnq_03_20.Last.txt,2019-12-26 05:47:00,8737.0,8737.0,2
00_mnq_03_20.Last.txt,2019-12-26 05:52:00,8737.25,8737.25,3
00_mnq_03_20.Last.txt,2019-12-26 05:56:00,8737.25,8737.25,2
00_mnq_03_20.Last.txt,2019-12-26 05:58:00,8737.0,8737.0,1
00_mnq_03_20.Last.txt,2019-12-26 05:59:00,8737.25,8737.25,1
00_mnq_03_20.Last.txt,2019-12-26 06:00:00,8737.25,8737.25,2
00_mnq_03_20.Last.txt,2019-12-26 06:04:00,8737.25,8737.25,3
00_mnq_03_20.Last.txt,2019-12-26 06:07:00,8737.25,8737.25,2
00_mnq_03_20.Last.txt,2019-12-26 06:17:00,8737.25,8737.25,2
00_mnq_03_20.Last.txt,2019-12-26 06:20:00,8737.0,8737.0,5
00_mnq_03_20.Last.txt,2019-12-26 06:22:00,8736.75,8736.75,1
00_mnq_03_20.Last.txt,2019-12-26 06:23:00,8736.75,8736.75,2
00_mnq_03_20.Last.txt,2019-12-26 06:25:00,8736.75,8736.75,9
00_mnq_03_20.Last.txt,2019-12-26 06:26:00,8737.0,8737.0,1
00_mnq_03_20.Last.txt,2019-12-26 06:27:00,8737.0,8737.0,2
00_mnq_03_20.Last.txt,2019-12-26 06:28:00,8737.0,8737.0,3
00_mnq_03_20.Last.txt,2019-12-26 06:29:00,8737.0,8737.0,1
00_mnq_03_20.Last.txt,2019-12-26 06:31:00,8737.0,8737.0,2
00_mnq_03_20.Last.txt,2019-12-26 06:32:00,8737.0,8737.0,4
00_mnq_03_20.Last.txt,2019-12-26 06:33:00,8737.25,8737.25,1
00_mnq_03_20.Last.txt,2019-12-26 06:34:00,8737.0,8737.0,2
00_mnq_03_20.Last.txt,2019-12-26 06:35:00,8737.25,8737.25,1
00_mnq_03_20.Last.txt,2019-12-26 06:36:00,8737.25,8737.25,3
00_mnq_03_20.Last.txt,2019-12-26 06:37:00,8737.5,8737.5,2
00_mnq_03_20.Last.txt,2019-12-26 06:38:00,8737.5,8737.5,4
00_mnq_03_20.Last.txt,2019-12-26 06:40:00,8738.0,8738.0,2
00_mnq_03_20.Last.txt,2019-12-26 06:42:00,8738.0,8738.0,1
00_mnq_03_20.Last.txt,2019-12-26 06:43:00,8738.0,8738.0,1
00_mnq_03_20.Last.txt,2019-12-26 06:45:00,8738.0,8738.0,3
00_mnq_03_20.Last.txt,2019-12-26 06:50:00,8738.0,8738.0,1
00_mnq_03_20.Last.txt,2019-12-26 06:53:00,8738.0,8738.0,4
00_mnq_03_20.Last.txt,2019-12-26 06:56:00,8738.0,8738.0,5
00_mnq_03_20.Last.txt,2019-12-26 06:57:00,8737.75,8737.75,2
00_mnq_03_20.Last.txt,2019-12-26 06:58:00,8737.75,8737.75,1
00_mnq_03_20.Last.txt,2019-12-26 06:59:00,8737.75,8737.75,1
00_mnq_03_20.Last.txt,2019-12-26 07:01:00,8738.0,8738.0,3
00_mnq_03_20.Last.txt,2019-12-26 07:08:00,8738.5,8738.5,1
00_mnq_03_20.Last.txt,2019-12-26 07:25:00,8740.5,8740.5,4
00_mnq_03_20.Last.txt,2019-12-26 07:26:00,8741.0,8741.0,2
00_mnq_03_20.Last.txt,2019-12-26 07:32:00,8740.5,8740.5,6
00_mnq_03_20.Last.txt,2019-12-26 07:35:00,8740.75,8740.75,1
00_mnq_03_20.Last.txt,2019-12-26 07:43:00,8740.25,8740.25,1
00_mnq_03_20.Last.txt,2019-12-26 07:45:00,8740.25,8740.25,1
00_mnq_03_20.Last.txt,2019-12-26 07:46:00,8740.5,8740.5,1
00_mnq_03_20.Last.txt,2019-12-26 07:57:00,8741.5,8741.5,2
00_mnq_03_20.Last.txt,2019-12-26 07:58:00,8741.25,8741.25,3
00_mnq_03_20.Last.txt,2019-12-26 08:06:00,8740.0,8740.0,6
00_mnq_03_20.Last.txt,2019-12-26 08:11:00,8739.25,8739.25,1
00_mnq_03_20.Last.txt,2019-12-26 08:22:00,8737.75,8737.75,2
00_mnq_03_20.Last.txt,2019-12-26 08:36:00,8737.0,8737.0,6
00_mnq_03_20.Last.txt,2019-12-26 08:38:00,8737.0,8737.0,5
00_mnq_03_20.Last.txt,2019-12-26 08:39:00,8736.5,8736.5,6
00_mnq_03_20.Last.txt,2019-12-26 08:42:00,8736.75,8736.75,1
00_mnq_03_20.Last.txt,2019-12-26 08:44:00,8737.0,8737.0,2
00_mnq_03_20.Last.txt,2019-12-26 08:47:00,8737.5,8737.5,1
00_mnq_03_20.Last.txt,2019-12-26 08:52:00,8737.75,8737.75,3
00_mnq_03_20.Last.txt,2019-12-26 08:53:00,8738.0,8738.0,1
00_mnq_03_20.Last.txt,2019-12-26 08:58:00,8738.0,8738.0,1
00_mnq_03_20.Last.txt,2019-12-26 08:59:00,8738.0,8738.0,2
00_mnq_03_20.Last.txt,2019-12-26 09:01:00,8737.75,8737.75,2
00_mnq_03_20.Last.txt,2019-12-26 09:09:00,8739.5,8739.5,6
00_mnq_03_20.Last.txt,2019-12-26 09:13:00,8739.0,8739.0,3
00_mnq_03_20.Last.txt,2019-12-26 09:14:00,8739.25,8739.25,2
00_mnq_03_20.Last.txt,2019-12-26 09:17:00,8740.25,8740.25,2
00_mnq_03_20.Last.txt,2019-12-26 09:26:00,8740.5,8740.5,3
00_mnq_03_20.Last.txt,2019-12-26 09:27:00,8740.75,8740.75,2
00_mnq_03_20.Last.txt,2019-12-26 09:29:00,8741.0,8741.0,2
00_mnq_03_20.Last.txt,2019-12-26 09:30:00,8741.25,8741.25,2
00_mnq_03_20.Last.txt,2019-12-26 09:32:00,8741.25,8741.25,3
00_mnq_03_20.Last.txt,2019-12-26 09:33:00,8741.25,8741.25,1
00_mnq_03_20.Last.txt,2019-12-26 09:38:00,8740.25,8740.25,5
00_mnq_03_20.Last.txt,2019-12-26 09:44:00,8740.25,8740.25,1
00_mnq_03_20.Last.txt,2019-12-26 09:45:00,8740.0,8740.0,1
00_mnq_03_20.Last.txt,2019-12-26 09:47:00,8740.5,8740.5,2
00_mnq_03_20.Last.txt,2019-12-26 09:50:00,8740.0,8740.0,3
00_mnq_03_20.Last.txt,2019-12-26 09:51:00,8740.0,8740.0,5
00_mnq_03_20.Last.txt,2019-12-26 10:05:00,8741.0,8741.0,5
00_mnq_03_20.Last.txt,2019-12-26 10:06:00,8741.0,8741.0,3
00_mnq_03_20.Last.txt,2019-12-26 10:15:00,8741.5,8741.5,2
00_mnq_03_20.Last.txt,2019-12-26 10:16:00,8741.25,8741.25,3
00_mnq_03_20.Last.txt,2019-12-26 10:20:00,8740.5,8740.5,6
00_mnq_03_20.Last.txt,2019-12-26 10:21:00,8740.25,8740.25,4
00_mnq_03_20.Last.txt,2019-12-26 10:24:00,8741.0,8741.0,1
00_mnq_03_20.Last.txt,2019-12-26 10:25:00,8740.75,8740.75,3
00_mnq_03_20.Last.txt,2019-12-26 10:29:00,8740.5,8740.5,2
00_mnq_03_20.Last.txt,2019-12-26 10:30:00,8740.5,8740.5,4
00_mnq_03_20.Last.txt,2019-12-26 10:31:00,8740.5,8740.5,1
00_mnq_03_20.Last.txt,2019-12-26 10:37:00,8740.25,8740.25,4
00_mnq_03_20.Last.txt,2019-12-26 10:38:00,8740.0,8740.0,1
00_mnq_03_20.Last.txt,2019-12-26 10:43:00,8739.75,8739.75,4
00_mnq_03_20.Last.txt,2019-12-26 10:44:00,8740.0,8740.0,1
00_mnq_03_20.Last.txt,2019-12-26 10:45:00,8740.25,8740.25,16
00_mnq_03_20.Last.txt,2019-12-26 10:48:00,8740.5,8740.5,8
00_mnq_03_20.Last.txt,2019-12-26 10:51:00,8740.75,8740.75,2
00_mnq_03_20.Last.txt,2019-12-26 10:54:00,8740.75,8740.75,6
00_mnq_03_20.Last.txt,2019-12-26 10:55:00,8740.25,8740.25,1
00_mnq_03_20.Last.txt,2019-12-26 10:58:00,8740.75,8740.75,3
00_mnq_03_20.Last.txt,2019-12-26 10:59:00,8740.25,8740.25,6
00_mnq_03_20.Last.txt,2019-12-26 11:00:00,8740.25,8740.25,1
00_mnq_03_20.Last.txt,2019-12-26 11:01:00,8740.75,8740.75,4
00_mnq_03_20.Last.txt,2019-12-26 11:02:00,8740.75,8740.75,2
00_mnq_03_20.Last.txt,2019-12-26 11:06:00,8740.25,8740.25,4
00_mnq_03_20.Last.txt,2019-12-26 11:08:00,8741.0,8741.0,3
00_mnq_03_20.Last.txt,2019-12-26 11:10:00,8741.25,8741.25,3
00_mnq_03_20.Last.txt,2019-12-26 11:11:00,8741.5,8741.5,1
00_mnq_03_20.Last.txt,2019-12-26 11:14:00,8741.75,8741.75,6
00_mnq_03_20.Last.txt,2019-12-26 11:21:00,8741.0,8741.0,2
00_mnq_03_20.Last.txt,2019-12-26 11:23:00,8741.5,8741.5,2
00_mnq_03_20.Last.txt,2019-12-26 11:25:00,8742.0,8742.0,1
00_mnq_03_20.Last.txt,2019-12-26 11:32:00,8740.25,8740.25,2
00_mnq_03_20.Last.txt,2019-12-26 11:36:00,8740.0,8740.0,1
00_mnq_03_20.Last.txt,2019-12-26 11:38:00,8740.0,8740.0,2
00_mnq_03_20.Last.txt,2019-12-26 11:40:00,8739.75,8739.75,1
00_mnq_03_20.Last.txt,2019-12-26 11:46:00,8740.75,8740.75,1
00_mnq_03_20.Last.txt,2019-12-26 11:53:00,8740.5,8740.5,1
00_mnq_03_20.Last.txt,2019-12-26 11:57:00,8740.0,8740.0,1
00_mnq_03_20.Last.txt,2019-12-26 11:58:00,8740.25,8740.25,1
00_mnq_03_20.Last.txt,2019-12-26 12:00:00,8740.0,8740.0,1
00_mnq_03_20.Last.txt,2019-12-26 12:01:00,8740.0,8740.0,1
00_mnq_03_20.Last.txt,2019-12-26 12:06:00,8740.5,8740.5,1
00_mnq_03_20.Last.txt,2019-12-26 12:09:00,8740.5,8740.5,1
00_mnq_03_20.Last.txt,2019-12-26 12:13:00,8739.75,8739.75,3
00_mnq_03_20.Last.txt,2019-12-26 12:15:00,8740.0,8740.0,1
00_mnq_03_20.Last.txt,2019-12-26 12:32:00,8739.0,8739.0,1
00_mnq_03_20.Last.txt,2019-12-26 12:38:00,8739.0,8739.0,3
00_mnq_03_20.Last.txt,2019-12-26 12:42:00,8737.5,8737.5,4
00_mnq_03_20.Last.txt,2019-12-26 12:44:00,8737.75,8737.75,5
00_mnq_03_20.Last.txt,2019-12-26 12:47:00,8738.5,8738.5,1
00_mnq_03_20.Last.txt,2019-12-26 12:49:00,8739.25,8739.25,2
00_mnq_03_20.Last.txt,2019-12-26 12:54:00,8739.5,8739.5,5
00_mnq_03_20.Last.txt,2019-12-26 12:55:00,8739.5,8739.5,1
00_mnq_03_20.Last.txt,2019-12-26 12:56:00,8739.25,8739.25,2
00_mnq_03_20.Last.txt,2019-12-26 12:58:00,8740.0,8740.0,1
00_mnq_03_20.Last.txt,2019-12-26 13:00:00,8740.25,8740.25,2
00_mnq_03_20.Last.txt,2019-12-26 13:50:00,8744.0,8744.0,20
00_mnq_03_20.Last.txt,2019-12-26 13:53:00,8744.75,8744.75,6
00_mnq_03_20.Last.txt,2019-12-26 14:09:00,8744.75,8744.75,3
00_mnq_03_20.Last.txt,2019-12-26 21:44:00,8803.25,8803.25,4
00_mnq_03_20.Last.txt,2019-12-26 23:42:00,8807.0,8807.0,5
00_mnq_03_20.Last.txt,2019-12-26 23:48:00,8807.0,8807.0,5
00_mnq_03_20.Last.txt,2019-12-26 23:49:00,8806.75,8806.75,2
00_mnq_03_20.Last.txt,2019-12-27 02:14:00,8829.5,8829.5,14
00_mnq_03_20.Last.txt,2019-12-27 02:36:00,8831.25,8831.25,5
00_mnq_03_20.Last.txt,2019-12-27 02:53:00,8830.75,8830.75,16
00_mnq_03_20.Last.txt,2019-12-27 02:56:00,8831.0,8831.0,1
00_mnq_03_20.Last.txt,2019-12-27 03:09:00,8830.25,8830.25,2
00_mnq_03_20.Last.txt,2019-12-27 03:38:00,8833.25,8833.25,4
00_mnq_03_20.Last.txt,2019-12-27 03:47:00,8831.75,8831.75,8
00_mnq_03_20.Last.txt,2019-12-27 03:51:00,8831.5,8831.5,2
00_mnq_03_20.Last.txt,2019-12-27 03:52:00,8831.5,8831.5,5
00_mnq_03_20.Last.txt,2019-12-27 03:56:00,8831.25,8831.25,1
00_mnq_03_20.Last.txt,2019-12-27 03:59:00,8831.25,8831.25,4
00_mnq_03_20.Last.txt,2019-12-27 04:24:00,8831.0,8831.0,6
00_mnq_03_20.Last.txt,2019-12-27 04:25:00,8831.0,8831.0,2
00_mnq_03_20.Last.txt,2019-12-27 04:26:00,8831.0,8831.0,2
00_mnq_03_20.Last.txt,2019-12-27 04:29:00,8830.75,8830.75,1
00_mnq_03_20.Last.txt,2019-12-27 04:31:00,8831.25,8831.25,2
00_mnq_03_20.Last.txt,2019-12-27 04:47:00,8828.5,8828.5,2
00_mnq_03_20.Last.txt,2019-12-27 04:48:00,8828.5,8828.5,4
00_mnq_03_20.Last.txt,2019-12-27 04:54:00,8827.0,8827.0,4
00_mnq_03_20.Last.txt,2019-12-27 04:58:00,8827.25,8827.25,5
00_mnq_03_20.Last.txt,2019-12-27 04:59:00,8827.25,8827.25,1
00_mnq_03_20.Last.txt,2019-12-27 05:10:00,8827.5,8827.5,8
00_mnq_03_20.Last.txt,2019-12-27 05:24:00,8826.75,8826.75,6
00_mnq_03_20.Last.txt,2019-12-27 05:27:00,8826.0,8826.0,2
00_mnq_03_20.Last.txt,2019-12-27 05:46:00,8823.75,8823.75,6
00_mnq_03_20.Last.txt,2019-12-27 05:49:00,8824.5,8824.5,3
00_mnq_03_20.Last.txt,2019-12-27 06:16:00,8824.0,8824.0,5
00_mnq_03_20.Last.txt,2019-12-27 06:36:00,8826.25,8826.25,4
00_mnq_03_20.Last.txt,2019-12-27 06:38:00,8826.0,8826.0,4
00_mnq_03_20.Last.txt,2019-12-27 06:49:00,8823.75,8823.75,4
00_mnq_03_20.Last.txt,2019-12-27 07:04:00,8823.5,8823.5,6
00_mnq_03_20.Last.txt,2019-12-27 07:21:00,8823.0,8823.0,2
00_mnq_03_20.Last.txt,2019-12-27 07:22:00,8823.5,8823.5,1
00_mnq_03_20.Last.txt,2019-12-27 07:30:00,8824.75,8824.75,8
00_mnq_03_20.Last.txt,2019-12-27 07:34:00,8825.0,8825.0,9
00_mnq_03_20.Last.txt,2019-12-27 07:44:00,8826.0,8826.0,3
00_mnq_03_20.Last.txt,2019-12-27 07:55:00,8825.75,8825.75,14
00_mnq_03_20.Last.txt,2019-12-27 08:50:00,8829.0,8829.0,11
00_mnq_03_20.Last.txt,2019-12-27 09:27:00,8826.5,8826.5,4
00_mnq_03_20.Last.txt,2019-12-27 09:55:00,8826.25,8826.25,1
00_mnq_03_20.Last.txt,2019-12-27 09:58:00,8826.5,8826.5,4
00_mnq_03_20.Last.txt,2019-12-27 10:08:00,8826.5,8826.5,2
00_mnq_03_20.Last.txt,2019-12-27 11:54:00,8836.25,8836.25,3
00_mnq_03_20.Last.txt,2019-12-27 12:43:00,8837.0,8837.0,7
00_mnq_03_20.Last.txt,2019-12-27 12:53:00,8835.75,8835.75,5
00_mnq_03_20.Last.txt,2019-12-27 21:52:00,8780.25,8780.25,15
00_mnq_03_20.Last.txt,2019-12-28 19:46:00,8778.75,8778.75,1
00_mnq_03_20.Last.txt,2019-12-30 01:03:00,8796.25,8796.25,3
00_mnq_03_20.Last.txt,2019-12-30 02:09:00,8803.0,8803.0,51
00_mnq_03_20.Last.txt,2019-12-30 03:19:00,8807.25,8807.25,8
00_mnq_03_20.Last.txt,2019-12-30 03:37:00,8808.75,8808.75,15
00_mnq_03_20.Last.txt,2019-12-30 03:44:00,8808.75,8808.75,2
00_mnq_03_20.Last.txt,2019-12-30 03:50:00,8808.0,8808.0,2
00_mnq_03_20.Last.txt,2019-12-30 03:54:00,8807.75,8807.75,7
00_mnq_03_20.Last.txt,2019-12-30 03:56:00,8807.5,8807.5,9
00_mnq_03_20.Last.txt,2019-12-30 04:02:00,8806.75,8806.75,1
00_mnq_03_20.Last.txt,2019-12-30 04:10:00,8805.25,8805.25,2
00_mnq_03_20.Last.txt,2019-12-30 04:12:00,8806.25,8806.25,7
00_mnq_03_20.Last.txt,2019-12-30 04:15:00,8806.5,8806.5,3
00_mnq_03_20.Last.txt,2019-12-30 04:22:00,8806.75,8806.75,7
00_mnq_03_20.Last.txt,2019-12-30 04:26:00,8806.25,8806.25,3
00_mnq_03_20.Last.txt,2019-12-30 04:35:00,8808.25,8808.25,6
00_mnq_03_20.Last.txt,2019-12-30 04:49:00,8809.5,8809.5,8
00_mnq_03_20.Last.txt,2019-12-30 04:52:00,8809.0,8809.0,6
00_mnq_03_20.Last.txt,2019-12-30 04:58:00,8808.75,8808.75,1
00_mnq_03_20.Last.txt,2019-12-30 04:59:00,8809.0,8809.0,4
00_mnq_03_20.Last.txt,2019-12-30 05:07:00,8809.0,8809.0,1
00_mnq_03_20.Last.txt,2019-12-30 05:38:00,8806.0,8806.0,30
00_mnq_03_20.Last.txt,2019-12-30 06:18:00,8803.25,8803.25,2
00_mnq_03_20.Last.txt,2019-12-30 06:23:00,8802.75,8802.75,2
00_mnq_03_20.Last.txt,2019-12-30 06:41:00,8802.0,8802.0,2
00_mnq_03_20.Last.txt,2019-12-30 06:44:00,8802.0,8802.0,4
00_mnq_03_20.Last.txt,2019-12-30 06:45:00,8801.75,8801.75,4
00_mnq_03_20.Last.txt,2019-12-30 06:49:00,8802.0,8802.0,4
00_mnq_03_20.Last.txt,2019-12-30 06:52:00,8802.0,8802.0,2
00_mnq_03_20.Last.txt,2019-12-30 06:56:00,8802.5,8802.5,27
00_mnq_03_20.Last.txt,2019-12-30 07:27:00,8802.5,8802.5,1
00_mnq_03_20.Last.txt,2019-12-30 08:39:00,8802.5,8802.5,13
00_mnq_03_20.Last.txt,2019-12-30 09:10:00,8801.0,8801.0,4
00_mnq_03_20.Last.txt,2019-12-30 09:30:00,8797.5,8797.5,6
00_mnq_03_20.Last.txt,2019-12-30 12:32:00,8789.0,8789.0,5
00_mnq_03_20.Last.txt,2019-12-30 23:10:00,8734.75,8734.75,8
00_mnq_03_20.Last.txt,2019-12-30 23:18:00,8734.25,8734.25,1
00_mnq_03_20.Last.txt,2019-12-30 23:23:00,8735.0,8735.0,1
00_mnq_03_20.Last.txt,2019-12-30 23:49:00,8731.25,8731.25,6
00_mnq_03_20.Last.txt,2019-12-30 23:53:00,8731.5,8731.5,4
00_mnq_03_20.Last.txt,2019-12-31 00:19:00,8735.5,8735.5,4
00_mnq_03_20.Last.txt,2019-12-31 00:29:00,8736.5,8736.5,1
00_mnq_03_20.Last.txt,2019-12-31 00:31:00,8735.75,8735.75,1
00_mnq_03_20.Last.txt,2019-12-31 00:34:00,8736.25,8736.25,7
00_mnq_03_20.Last.txt,2019-12-31 00:45:00,8739.0,8739.0,1
00_mnq_03_20.Last.txt,2019-12-31 01:14:00,8741.0,8741.0,11
00_mnq_03_20.Last.txt,2019-12-31 02:09:00,8746.0,8746.0,6
00_mnq_03_20.Last.txt,2019-12-31 02:10:00,8746.0,8746.0,3
00_mnq_03_20.Last.txt,2019-12-31 02:39:00,8748.0,8748.0,14
00_mnq_03_20.Last.txt,2019-12-31 02:44:00,8748.5,8748.5,3
00_mnq_03_20.Last.txt,2019-12-31 03:00:00,8748.5,8748.5,2
00_mnq_03_20.Last.txt,2019-12-31 03:24:00,8746.75,8746.75,7
00_mnq_03_20.Last.txt,2019-12-31 03:33:00,8746.25,8746.25,10
00_mnq_03_20.Last.txt,2019-12-31 03:38:00,8745.5,8745.5,3
00_mnq_03_20.Last.txt,2019-12-31 03:46:00,8746.25,8746.25,2
00_mnq_03_20.Last.txt,2019-12-31 03:57:00,8747.25,8747.25,1
00_mnq_03_20.Last.txt,2019-12-31 03:58:00,8747.5,8747.5,6
00_mnq_03_20.Last.txt,2019-12-31 03:59:00,8747.25,8747.25,3
00_mnq_03_20.Last.txt,2019-12-31 04:00:00,8747.25,8747.25,5
00_mnq_03_20.Last.txt,2019-12-31 04:13:00,8747.75,8747.75,7
00_mnq_03_20.Last.txt,2019-12-31 04:15:00,8747.0,8747.0,1
00_mnq_03_20.Last.txt,2019-12-31 04:18:00,8747.0,8747.0,1
00_mnq_03_20.Last.txt,2019-12-31 04:22:00,8747.75,8747.75,5
00_mnq_03_20.Last.txt,2019-12-31 04:25:00,8747.5,8747.5,2
00_mnq_03_20.Last.txt,2019-12-31 04:32:00,8748.25,8748.25,1
00_mnq_03_20.Last.txt,2019-12-31 04:45:00,8747.0,8747.0,2
00_mnq_03_20.Last.txt,2019-12-31 04:46:00,8747.5,8747.5,1
00_mnq_03_20.Last.txt,2019-12-31 04:47:00,8747.5,8747.5,1
00_mnq_03_20.Last.txt,2019-12-31 04:48:00,8747.25,8747.25,1
00_mnq_03_20.Last.txt,2019-12-31 04:53:00,8747.75,8747.75,1
00_mnq_03_20.Last.txt,2019-12-31 04:54:00,8747.75,8747.75,1
00_mnq_03_20.Last.txt,2019-12-31 04:56:00,8747.25,8747.25,1
00_mnq_03_20.Last.txt,2019-12-31 04:59:00,8747.0,8747.0,1
00_mnq_03_20.Last.txt,2019-12-31 05:01:00,8747.0,8747.0,10
00_mnq_03_20.Last.txt,2019-12-31 05:05:00,8746.75,8746.75,9
00_mnq_03_20.Last.txt,2019-12-31 05:07:00,8746.75,8746.75,3
00_mnq_03_20.Last.txt,2019-12-31 05:12:00,8746.5,8746.5,3
00_mnq_03_20.Last.txt,2019-12-31 05:15:00,8746.75,8746.75,4
00_mnq_03_20.Last.txt,2019-12-31 05:17:00,8747.0,8747.0,7
00_mnq_03_20.Last.txt,2019-12-31 05:18:00,8747.0,8747.0,7
00_mnq_03_20.Last.txt,2019-12-31 05:27:00,8746.75,8746.75,3
00_mnq_03_20.Last.txt,2019-12-31 05:28:00,8746.75,8746.75,2
00_mnq_03_20.Last.txt,2019-12-31 05:37:00,8746.25,8746.25,2
00_mnq_03_20.Last.txt,2019-12-31 05:39:00,8746.25,8746.25,3
00_mnq_03_20.Last.txt,2019-12-31 05:40:00,8746.5,8746.5,1
00_mnq_03_20.Last.txt,2019-12-31 05:42:00,8746.75,8746.75,5
00_mnq_03_20.Last.txt,2019-12-31 05:43:00,8747.0,8747.0,14
00_mnq_03_20.Last.txt,2019-12-31 05:46:00,8746.5,8746.5,3
00_mnq_03_20.Last.txt,2019-12-31 05:48:00,8746.5,8746.5,1
00_mnq_03_20.Last.txt,2019-12-31 05:50:00,8746.75,8746.75,1
00_mnq_03_20.Last.txt,2019-12-31 05:52:00,8746.75,8746.75,4
00_mnq_03_20.Last.txt,2019-12-31 05:54:00,8746.75,8746.75,1
00_mnq_03_20.Last.txt,2019-12-31 05:59:00,8747.0,8747.0,4
00_mnq_03_20.Last.txt,2019-12-31 06:00:00,8747.0,8747.0,2
00_mnq_03_20.Last.txt,2019-12-31 06:07:00,8747.5,8747.5,1
00_mnq_03_20.Last.txt,2019-12-31 06:09:00,8747.75,8747.75,7
00_mnq_03_20.Last.txt,2019-12-31 06:11:00,8747.75,8747.75,1
00_mnq_03_20.Last.txt,2019-12-31 06:12:00,8747.75,8747.75,4
00_mnq_03_20.Last.txt,2019-12-31 06:13:00,8747.75,8747.75,2
00_mnq_03_20.Last.txt,2019-12-31 06:26:00,8748.0,8748.0,1
00_mnq_03_20.Last.txt,2019-12-31 06:27:00,8748.0,8748.0,1
00_mnq_03_20.Last.txt,2019-12-31 06:30:00,8748.0,8748.0,6
00_mnq_03_20.Last.txt,2019-12-31 06:34:00,8748.0,8748.0,3
00_mnq_03_20.Last.txt,2019-12-31 06:35:00,8748.0,8748.0,5
00_mnq_03_20.Last.txt,2019-12-31 06:37:00,8748.5,8748.5,1
00_mnq_03_20.Last.txt,2019-12-31 06:41:00,8748.25,8748.25,1
00_mnq_03_20.Last.txt,2019-12-31 06:45:00,8748.75,8748.75,1
00_mnq_03_20.Last.txt,2019-12-31 06:46:00,8749.0,8749.0,7
00_mnq_03_20.Last.txt,2019-12-31 06:47:00,8749.25,8749.25,1
00_mnq_03_20.Last.txt,2019-12-31 06:49:00,8749.25,8749.25,1
00_mnq_03_20.Last.txt,2019-12-31 06:50:00,8749.0,8749.0,2
00_mnq_03_20.Last.txt,2019-12-31 06:52:00,8748.75,8748.75,1
00_mnq_03_20.Last.txt,2019-12-31 06:53:00,8748.25,8748.25,2
00_mnq_03_20.Last.txt,2019-12-31 06:57:00,8748.0,8748.0,2
00_mnq_03_20.Last.txt,2019-12-31 06:58:00,8748.0,8748.0,3
00_mnq_03_20.Last.txt,2019-12-31 07:00:00,8747.75,8747.75,9
00_mnq_03_20.Last.txt,2019-12-31 07:01:00,8747.75,8747.75,13
00_mnq_03_20.Last.txt,2019-12-31 07:03:00,8747.75,8747.75,2
00_mnq_03_20.Last.txt,2019-12-31 07:04:00,8747.75,8747.75,1
00_mnq_03_20.Last.txt,2019-12-31 07:05:00,8747.75,8747.75,2
00_mnq_03_20.Last.txt,2019-12-31 07:08:00,8747.0,8747.0,2
00_mnq_03_20.Last.txt,2019-12-31 07:19:00,8742.0,8742.0,12
00_mnq_03_20.Last.txt,2019-12-31 07:54:00,8738.25,8738.25,1
00_mnq_03_20.Last.txt,2019-12-31 08:00:00,8739.0,8739.0,1
00_mnq_03_20.Last.txt,2019-12-31 08:49:00,8741.0,8741.0,1
00_mnq_03_20.Last.txt,2019-12-31 09:00:00,8742.25,8742.25,3
00_mnq_03_20.Last.txt,2019-12-31 09:11:00,8740.0,8740.0,1
00_mnq_03_20.Last.txt,2019-12-31 09:12:00,8739.75,8739.75,8
00_mnq_03_20.Last.txt,2019-12-31 09:16:00,8740.0,8740.0,8
00_mnq_03_20.Last.txt,2019-12-31 09:18:00,8740.0,8740.0,2
00_mnq_03_20.Last.txt,2019-12-31 09:22:00,8738.25,8738.25,5
00_mnq_03_20.Last.txt,2019-12-31 09:29:00,8739.25,8739.25,4
00_mnq_03_20.Last.txt,2019-12-31 09:42:00,8736.75,8736.75,4
00_mnq_03_20.Last.txt,2019-12-31 09:50:00,8738.5,8738.5,1
00_mnq_03_20.Last.txt,2019-12-31 09:53:00,8738.5,8738.5,6
00_mnq_03_20.Last.txt,2019-12-31 09:54:00,8739.0,8739.0,3
00_mnq_03_20.Last.txt,2019-12-31 09:58:00,8739.0,8739.0,5
00_mnq_03_20.Last.txt,2019-12-31 09:59:00,8739.0,8739.0,4
00_mnq_03_20.Last.txt,2019-12-31 10:08:00,8739.0,8739.0,2
00_mnq_03_20.Last.txt,2019-12-31 10:12:00,8739.0,8739.0,4
00_mnq_03_20.Last.txt,2019-12-31 10:14:00,8739.0,8739.0,1
00_mnq_03_20.Last.txt,2019-12-31 10:16:00,8738.75,8738.75,4
00_mnq_03_20.Last.txt,2019-12-31 10:26:00,8742.25,8742.25,8
00_mnq_03_20.Last.txt,2019-12-31 10:30:00,8741.25,8741.25,8
00_mnq_03_20.Last.txt,2019-12-31 10:47:00,8742.5,8742.5,4
00_mnq_03_20.Last.txt,2019-12-31 11:37:00,8738.0,8738.0,9
00_mnq_03_20.Last.txt,2019-12-31 11:39:00,8737.75,8737.75,3
00_mnq_03_20.Last.txt,2019-12-31 21:51:00,8768.75,8768.75,7
00_mnq_03_20.Last.txt,2020-01-02 00:08:00,8775.75,8775.75,3
00_mnq_03_20.Last.txt,2020-01-02 00:27:00,8777.0,8777.0,5
00_mnq_03_20.Last.txt,2020-01-02 01:00:00,8781.75,8781.75,2
00_mnq_03_20.Last.txt,2020-01-02 01:47:00,8779.0,8779.0,2
00_mnq_03_20.Last.txt,2020-01-02 02:50:00,8785.0,8785.0,4
00_mnq_03_20.Last.txt,2020-01-02 02:52:00,8785.25,8785.25,4
00_mnq_03_20.Last.txt,2020-01-02 03:17:00,8787.5,8787.5,3
00_mnq_03_20.Last.txt,2020-01-02 04:03:00,8790.25,8790.25,5
00_mnq_03_20.Last.txt,2020-01-02 04:06:00,8790.25,8790.25,5
00_mnq_03_20.Last.txt,2020-01-02 04:07:00,8790.25,8790.25,4
00_mnq_03_20.Last.txt,2020-01-02 04:08:00,8790.25,8790.25,2
00_mnq_03_20.Last.txt,2020-01-02 04:18:00,8788.75,8788.75,2
00_mnq_03_20.Last.txt,2020-01-02 04:20:00,8789.0,8789.0,1
00_mnq_03_20.Last.txt,2020-01-02 04:23:00,8788.5,8788.5,17
00_mnq_03_20.Last.txt,2020-01-02 04:24:00,8788.5,8788.5,11
00_mnq_03_20.Last.txt,2020-01-02 04:26:00,8788.25,8788.25,4
00_mnq_03_20.Last.txt,2020-01-02 04:28:00,8788.75,8788.75,2
00_mnq_03_20.Last.txt,2020-01-02 04:30:00,8789.0,8789.0,1
00_mnq_03_20.Last.txt,2020-01-02 04:31:00,8789.0,8789.0,1
00_mnq_03_20.Last.txt,2020-01-02 04:32:00,8789.25,8789.25,13
00_mnq_03_20.Last.txt,2020-01-02 04:33:00,8789.0,8789.0,7
00_mnq_03_20.Last.txt,2020-01-02 04:35:00,8789.5,8789.5,1
00_mnq_03_20.Last.txt,2020-01-02 04:36:00,8789.75,8789.75,1
00_mnq_03_20.Last.txt,2020-01-02 04:37:00,8789.5,8789.5,1
00_mnq_03_20.Last.txt,2020-01-02 04:39:00,8789.5,8789.5,16
00_mnq_03_20.Last.txt,2020-01-02 04:46:00,8789.25,8789.25,3
00_mnq_03_20.Last.txt,2020-01-02 04:49:00,8788.75,8788.75,4
00_mnq_03_20.Last.txt,2020-01-02 04:54:00,8788.0,8788.0,1
00_mnq_03_20.Last.txt,2020-01-02 04:58:00,8787.75,8787.75,8
00_mnq_03_20.Last.txt,2020-01-02 05:06:00,8787.5,8787.5,1
00_mnq_03_20.Last.txt,2020-01-02 05:07:00,8787.25,8787.25,7
00_mnq_03_20.Last.txt,2020-01-02 05:18:00,8786.0,8786.0,6
00_mnq_03_20.Last.txt,2020-01-02 05:28:00,8784.25,8784.25,12
00_mnq_03_20.Last.txt,2020-01-02 05:34:00,8784.25,8784.25,11
00_mnq_03_20.Last.txt,2020-01-02 06:13:00,8786.5,8786.5,6
00_mnq_03_20.Last.txt,2020-01-02 06:16:00,8785.5,8785.5,12
00_mnq_03_20.Last.txt,2020-01-02 06:17:00,8786.0,8786.0,13
00_mnq_03_20.Last.txt,2020-01-02 06:22:00,8786.75,8786.75,11
00_mnq_03_20.Last.txt,2020-01-02 06:46:00,8786.0,8786.0,19
00_mnq_03_20.Last.txt,2020-01-02 06:48:00,8786.5,8786.5,1
00_mnq_03_20.Last.txt,2020-01-02 06:50:00,8785.75,8785.75,13
00_mnq_03_20.Last.txt,2020-01-02 06:51:00,8786.0,8786.0,2
00_mnq_03_20.Last.txt,2020-01-02 10:22:00,8816.0,8816.0,4
00_mnq_03_20.Last.txt,2020-01-02 11:29:00,8812.25,8812.25,4
00_mnq_03_20.Last.txt,2020-01-02 12:17:00,8811.5,8811.5,13
00_mnq_03_20.Last.txt,2020-01-02 23:51:00,8901.0,8901.0,1
00_mnq_03_20.Last.txt,2020-01-03 00:37:00,8901.25,8901.25,2
00_mnq_03_20.Last.txt,2020-01-04 16:54:00,8810.25,8810.25,1
00_mnq_03_20.Last.txt,2020-01-06 03:39:00,8769.25,8769.25,4
00_mnq_03_20.Last.txt,2020-01-06 04:09:00,8777.75,8777.75,5
00_mnq_03_20.Last.txt,2020-01-06 05:13:00,8783.75,8783.75,1
00_mnq_03_20.Last.txt,2020-01-06 05:28:00,8784.0,8784.0,5
00_mnq_03_20.Last.txt,2020-01-07 00:42:00,8862.75,8862.75,7
00_mnq_03_20.Last.txt,2020-01-07 03:42:00,8871.5,8871.5,3
00_mnq_03_20.Last.txt,2020-01-07 03:47:00,8871.75,8871.75,4
00_mnq_03_20.Last.txt,2020-01-07 04:10:00,8874.0,8874.0,1
00_mnq_03_20.Last.txt,2020-01-09 04:09:00,8947.75,8947.75,6
00_mnq_03_20.Last.txt,2020-01-09 11:42:00,8983.5,8983.5,10
00_mnq_03_20.Last.txt,2020-01-09 21:44:00,9008.0,9008.0,7
00_mnq_03_20.Last.txt,2020-01-09 21:53:00,9008.25,9008.25,4
00_mnq_03_20.Last.txt,2020-01-09 21:58:00,9008.0,9008.0,11
00_mnq_03_20.Last.txt,2020-01-09 23:13:00,9009.5,9009.5,2
00_mnq_03_20.Last.txt,2020-01-09 23:57:00,9017.0,9017.0,11
00_mnq_03_20.Last.txt,2020-01-10 02:35:00,9026.25,9026.25,6
00_mnq_03_20.Last.txt,2020-01-10 03:36:00,9031.25,9031.25,2
00_mnq_03_20.Last.txt,2020-01-10 04:50:00,9037.75,9037.75,7
00_mnq_03_20.Last.txt,2020-01-10 05:59:00,9039.0,9039.0,5
00_mnq_03_20.Last.txt,2020-01-10 07:22:00,9039.5,9039.5,2
00_mnq_03_20.Last.txt,2020-01-10 10:10:00,9039.25,9039.25,6
00_mnq_03_20.Last.txt,2020-01-11 16:31:00,8978.25,8978.25,1
00_mnq_03_20.Last.txt,2020-01-13 03:47:00,9011.5,9011.5,8
00_mnq_03_20.Last.txt,2020-01-13 03:48:00,9011.5,9011.5,7
00_mnq_03_20.Last.txt,2020-01-13 04:15:00,9011.25,9011.25,3
00_mnq_03_20.Last.txt,2020-01-13 04:22:00,9011.0,9011.0,2
00_mnq_03_20.Last.txt,2020-01-13 04:25:00,9010.5,9010.5,24
00_mnq_03_20.Last.txt,2020-01-13 04:26:00,9010.25,9010.25,1
00_mnq_03_20.Last.txt,2020-01-13 04:27:00,9010.5,9010.5,1
00_mnq_03_20.Last.txt,2020-01-13 04:28:00,9010.5,9010.5,2
00_mnq_03_20.Last.txt,2020-01-13 04:29:00,9010.5,9010.5,1
00_mnq_03_20.Last.txt,2020-01-13 04:35:00,9009.25,9009.25,2
00_mnq_03_20.Last.txt,2020-01-13 04:36:00,9009.0,9009.0,2
00_mnq_03_20.Last.txt,2020-01-13 04:41:00,9009.0,9009.0,2
00_mnq_03_20.Last.txt,2020-01-13 04:46:00,9010.0,9010.0,4
00_mnq_03_20.Last.txt,2020-01-13 04:49:00,9009.75,9009.75,2
00_mnq_03_20.Last.txt,2020-01-13 04:51:00,9010.25,9010.25,2
00_mnq_03_20.Last.txt,2020-01-13 04:58:00,9010.0,9010.0,6
00_mnq_03_20.Last.txt,2020-01-13 04:59:00,9010.0,9010.0,1
00_mnq_03_20.Last.txt,2020-01-13 05:00:00,9010.0,9010.0,5
00_mnq_03_20.Last.txt,2020-01-13 05:04:00,9010.5,9010.5,8
00_mnq_03_20.Last.txt,2020-01-13 05:05:00,9010.5,9010.5,6
00_mnq_03_20.Last.txt,2020-01-13 05:13:00,9011.75,9011.75,1
00_mnq_03_20.Last.txt,2020-01-13 05:30:00,9014.0,9014.0,3
00_mnq_03_20.Last.txt,2020-01-13 05:47:00,9014.0,9014.0,6
00_mnq_03_20.Last.txt,2020-01-13 05:48:00,9014.75,9014.75,3
00_mnq_03_20.Last.txt,2020-01-13 05:58:00,9013.75,9013.75,1
00_mnq_03_20.Last.txt,2020-01-13 06:02:00,9015.5,9015.5,4
00_mnq_03_20.Last.txt,2020-01-13 06:19:00,9015.5,9015.5,3
00_mnq_03_20.Last.txt,2020-01-13 07:44:00,9007.5,9007.5,1
00_mnq_03_20.Last.txt,2020-01-13 07:45:00,9007.25,9007.25,12
00_mnq_03_20.Last.txt,2020-01-14 04:05:00,9085.0,9085.0,17
00_mnq_03_20.Last.txt,2020-01-14 06:33:00,9085.25,9085.25,3
00_mnq_03_20.Last.txt,2020-01-15 04:17:00,9035.0,9035.0,2
00_mnq_03_20.Last.txt,2020-01-15 04:44:00,9036.75,9036.75,1
00_mnq_03_20.Last.txt,2020-01-15 05:38:00,9036.75,9036.75,1
00_mnq_03_20.Last.txt,2020-01-15 11:39:00,9057.0,9057.0,2
00_mnq_03_20.Last.txt,2020-01-16 01:14:00,9069.5,9069.5,3
00_mnq_03_20.Last.txt,2020-01-16 03:29:00,9068.5,9068.5,10
00_mnq_03_20.Last.txt,2020-01-16 04:05:00,9068.5,9068.5,7
00_mnq_03_20.Last.txt,2020-01-16 04:11:00,9069.5,9069.5,1
00_mnq_03_20.Last.txt,2020-01-16 04:20:00,9070.75,9070.75,5
00_mnq_03_20.Last.txt,2020-01-16 04:39:00,9072.75,9072.75,3
00_mnq_03_20.Last.txt,2020-01-16 04:45:00,9071.25,9071.25,4
00_mnq_03_20.Last.txt,2020-01-16 04:55:00,9074.75,9074.75,7
00_mnq_03_20.Last.txt,2020-01-16 04:59:00,9074.5,9074.5,4
00_mnq_03_20.Last.txt,2020-01-16 05:07:00,9075.0,9075.0,13
00_mnq_03_20.Last.txt,2020-01-16 05:40:00,9075.25,9075.25,3
00_mnq_03_20.Last.txt,2020-01-16 07:57:00,9082.0,9082.0,4
00_mnq_03_20.Last.txt,2020-01-16 07:59:00,9081.25,9081.25,7
00_mnq_03_20.Last.txt,2020-01-16 08:00:00,9081.5,9081.5,7
00_mnq_03_20.Last.txt,2020-01-16 11:52:00,9096.0,9096.0,7
00_mnq_03_20.Last.txt,2020-01-17 00:59:00,9145.25,9145.25,7
00_mnq_03_20.Last.txt,2020-01-17 03:43:00,9141.25,9141.25,8
00_mnq_03_20.Last.txt,2020-01-17 03:52:00,9142.25,9142.25,1
00_mnq_03_20.Last.txt,2020-01-17 04:23:00,9138.25,9138.25,5
00_mnq_03_20.Last.txt,2020-01-17 04:29:00,9139.5,9139.5,5
00_mnq_03_20.Last.txt,2020-01-17 04:34:00,9138.5,9138.5,1
00_mnq_03_20.Last.txt,2020-01-17 04:48:00,9138.25,9138.25,16
00_mnq_03_20.Last.txt,2020-01-17 04:57:00,9136.25,9136.25,3
00_mnq_03_20.Last.txt,2020-01-17 06:49:00,9138.5,9138.5,10
00_mnq_03_20.Last.txt,2020-01-17 07:35:00,9144.0,9144.0,3
00_mnq_03_20.Last.txt,2020-01-17 07:54:00,9143.25,9143.25,6
00_mnq_03_20.Last.txt,2020-01-17 12:13:00,9169.0,9169.0,12
00_mnq_03_20.Last.txt,2020-01-19 20:34:00,9171.25,9171.25,1
00_mnq_03_20.Last.txt,2020-01-19 20:52:00,9171.25,9171.25,1
00_mnq_03_20.Last.txt,2020-01-20 00:23:00,9185.5,9185.5,4
00_mnq_03_20.Last.txt,2020-01-20 01:12:00,9179.75,9179.75,1
00_mnq_03_20.Last.txt,2020-01-20 02:17:00,9180.75,9180.75,3
00_mnq_03_20.Last.txt,2020-01-20 02:29:00,9180.75,9180.75,1
00_mnq_03_20.Last.txt,2020-01-20 02:57:00,9179.0,9179.0,2
00_mnq_03_20.Last.txt,2020-01-20 03:00:00,9179.0,9179.0,3
00_mnq_03_20.Last.txt,2020-01-20 03:28:00,9181.0,9181.0,3
00_mnq_03_20.Last.txt,2020-01-20 03:39:00,9181.0,9181.0,2
00_mnq_03_20.Last.txt,2020-01-20 03:44:00,9180.5,9180.5,1
00_mnq_03_20.Last.txt,2020-01-20 03:47:00,9180.5,9180.5,4
00_mnq_03_20.Last.txt,2020-01-20 03:52:00,9180.75,9180.75,3
00_mnq_03_20.Last.txt,2020-01-20 03:53:00,9180.5,9180.5,2
00_mnq_03_20.Last.txt,2020-01-20 03:54:00,9180.5,9180.5,2
00_mnq_03_20.Last.txt,2020-01-20 03:55:00,9181.0,9181.0,5
00_mnq_03_20.Last.txt,2020-01-20 03:56:00,9180.5,9180.5,1
00_mnq_03_20.Last.txt,2020-01-20 03:57:00,9180.75,9180.75,6
00_mnq_03_20.Last.txt,2020-01-20 03:58:00,9180.75,9180.75,2
00_mnq_03_20.Last.txt,2020-01-20 04:01:00,9180.75,9180.75,2
00_mnq_03_20.Last.txt,2020-01-20 04:02:00,9181.0,9181.0,2
00_mnq_03_20.Last.txt,2020-01-20 04:08:00,9180.75,9180.75,3
00_mnq_03_20.Last.txt,2020-01-20 04:11:00,9180.25,9180.25,2
00_mnq_03_20.Last.txt,2020-01-20 04:12:00,9180.5,9180.5,1
00_mnq_03_20.Last.txt,2020-01-20 04:13:00,9180.5,9180.5,3
00_mnq_03_20.Last.txt,2020-01-20 04:16:00,9180.5,9180.5,2
00_mnq_03_20.Last.txt,2020-01-20 04:18:00,9180.0,9180.0,3
00_mnq_03_20.Last.txt,2020-01-20 04:19:00,9180.0,9180.0,4
00_mnq_03_20.Last.txt,2020-01-20 04:20:00,9180.0,9180.0,2
00_mnq_03_20.Last.txt,2020-01-20 04:22:00,9179.75,9179.75,2
00_mnq_03_20.Last.txt,2020-01-20 04:23:00,9179.75,9179.75,7
00_mnq_03_20.Last.txt,2020-01-20 04:24:00,9180.0,9180.0,5
00_mnq_03_20.Last.txt,2020-01-20 04:25:00,9180.0,9180.0,2
00_mnq_03_20.Last.txt,2020-01-20 04:26:00,9180.25,9180.25,2
00_mnq_03_20.Last.txt,2020-01-20 04:27:00,9180.25,9180.25,1
00_mnq_03_20.Last.txt,2020-01-20 04:29:00,9180.5,9180.5,1
00_mnq_03_20.Last.txt,2020-01-20 04:34:00,9180.5,9180.5,3
00_mnq_03_20.Last.txt,2020-01-20 04:35:00,9180.75,9180.75,3
00_mnq_03_20.Last.txt,2020-01-20 04:45:00,9179.75,9179.75,2
00_mnq_03_20.Last.txt,2020-01-20 04:46:00,9179.5,9179.5,1
00_mnq_03_20.Last.txt,2020-01-20 04:50:00,9179.5,9179.5,2
00_mnq_03_20.Last.txt,2020-01-20 04:52:00,9179.5,9179.5,1
00_mnq_03_20.Last.txt,2020-01-20 04:59:00,9179.25,9179.25,3
00_mnq_03_20.Last.txt,2020-01-20 05:00:00,9179.25,9179.25,1
00_mnq_03_20.Last.txt,2020-01-20 05:02:00,9179.25,9179.25,1
00_mnq_03_20.Last.txt,2020-01-20 05:05:00,9180.0,9180.0,3
00_mnq_03_20.Last.txt,2020-01-20 05:09:00,9180.0,9180.0,1
00_mnq_03_20.Last.txt,2020-01-20 05:12:00,9179.75,9179.75,12
00_mnq_03_20.Last.txt,2020-01-20 05:13:00,9179.5,9179.5,3
00_mnq_03_20.Last.txt,2020-01-20 05:14:00,9179.5,9179.5,1
00_mnq_03_20.Last.txt,2020-01-20 05:17:00,9180.0,9180.0,10
00_mnq_03_20.Last.txt,2020-01-20 05:19:00,9180.25,9180.25,3
00_mnq_03_20.Last.txt,2020-01-20 05:22:00,9180.0,9180.0,3
00_mnq_03_20.Last.txt,2020-01-20 05:23:00,9180.0,9180.0,3
00_mnq_03_20.Last.txt,2020-01-20 05:30:00,9179.25,9179.25,8
00_mnq_03_20.Last.txt,2020-01-20 05:33:00,9179.75,9179.75,9
00_mnq_03_20.Last.txt,2020-01-20 05:40:00,9179.5,9179.5,2
00_mnq_03_20.Last.txt,2020-01-20 05:44:00,9179.5,9179.5,2
00_mnq_03_20.Last.txt,2020-01-20 05:47:00,9179.0,9179.0,2
00_mnq_03_20.Last.txt,2020-01-20 06:09:00,9179.0,9179.0,1
00_mnq_03_20.Last.txt,2020-01-20 06:25:00,9179.25,9179.25,2
00_mnq_03_20.Last.txt,2020-01-20 06:29:00,9179.0,9179.0,1
00_mnq_03_20.Last.txt,2020-01-20 06:32:00,9179.5,9179.5,4
00_mnq_03_20.Last.txt,2020-01-20 06:38:00,9179.5,9179.5,8
00_mnq_03_20.Last.txt,2020-01-20 06:39:00,9179.5,9179.5,9
00_mnq_03_20.Last.txt,2020-01-20 06:41:00,9179.5,9179.5,1
00_mnq_03_20.Last.txt,2020-01-20 06:44:00,9179.5,9179.5,1
00_mnq_03_20.Last.txt,2020-01-20 06:46:00,9180.0,9180.0,4
00_mnq_03_20.Last.txt,2020-01-20 06:48:00,9180.5,9180.5,3
00_mnq_03_20.Last.txt,2020-01-20 06:53:00,9180.5,9180.5,1
00_mnq_03_20.Last.txt,2020-01-20 06:54:00,9180.75,9180.75,3
00_mnq_03_20.Last.txt,2020-01-20 07:00:00,9180.25,9180.25,2
00_mnq_03_20.Last.txt,2020-01-20 07:03:00,9180.0,9180.0,1
00_mnq_03_20.Last.txt,2020-01-20 07:08:00,9176.75,9176.75,12
00_mnq_03_20.Last.txt,2020-01-20 08:38:00,9164.0,9164.0,9
00_mnq_03_20.Last.txt,2020-01-20 09:25:00,9163.25,9163.25,9
00_mnq_03_20.Last.txt,2020-01-20 10:28:00,9163.75,9163.75,3
00_mnq_03_20.Last.txt,2020-01-20 10:34:00,9164.0,9164.0,4
00_mnq_03_20.Last.txt,2020-01-20 10:36:00,9164.25,9164.25,10
00_mnq_03_20.Last.txt,2020-01-20 10:50:00,9162.25,9162.25,3
00_mnq_03_20.Last.txt,2020-01-20 11:18:00,9166.25,9166.25,7
00_mnq_03_20.Last.txt,2020-01-20 11:23:00,9165.75,9165.75,2
00_mnq_03_20.Last.txt,2020-01-20 11:29:00,9166.0,9166.0,4
00_mnq_03_20.Last.txt,2020-01-20 11:35:00,9166.5,9166.5,5
00_mnq_03_20.Last.txt,2020-01-20 11:40:00,9167.5,9167.5,2
00_mnq_03_20.Last.txt,2020-01-20 11:52:00,9169.0,9169.0,6
00_mnq_03_20.Last.txt,2020-01-20 12:07:00,9170.5,9170.5,4
00_mnq_03_20.Last.txt,2020-01-20 12:19:00,9168.5,9168.5,8
00_mnq_03_20.Last.txt,2020-01-20 12:40:00,9170.0,9170.0,5
00_mnq_03_20.Last.txt,2020-01-20 13:00:00,9166.5,9166.5,1
00_mnq_03_20.Last.txt,2020-01-20 13:14:00,9165.5,9165.5,5
00_mnq_03_20.Last.txt,2020-01-20 13:34:00,9167.0,9167.0,5
00_mnq_03_20.Last.txt,2020-01-20 13:45:00,9164.75,9164.75,3
00_mnq_03_20.Last.txt,2020-01-20 13:52:00,9165.25,9165.25,6
00_mnq_03_20.Last.txt,2020-01-20 14:19:00,9166.5,9166.5,5
00_mnq_03_20.Last.txt,2020-01-20 16:10:00,9167.25,9167.25,5
00_mnq_03_20.Last.txt,2020-01-20 16:57:00,9173.5,9173.5,16
00_mnq_03_20.Last.txt,2020-01-20 16:58:00,9173.5,9173.5,6
00_mnq_03_20.Last.txt,2020-01-20 17:12:00,9175.75,9175.75,2
00_mnq_03_20.Last.txt,2020-01-20 17:26:00,9175.5,9175.5,1
00_mnq_03_20.Last.txt,2020-01-20 17:27:00,9175.25,9175.25,6
00_mnq_03_20.Last.txt,2020-01-20 17:34:00,9175.5,9175.5,2
00_mnq_03_20.Last.txt,2020-01-20 17:36:00,9175.25,9175.25,4
00_mnq_03_20.Last.txt,2020-01-20 17:43:00,9176.0,9176.0,2
00_mnq_03_20.Last.txt,2020-01-20 23:52:00,9171.75,9171.75,3
00_mnq_03_20.Last.txt,2020-01-20 23:54:00,9172.0,9172.0,1
00_mnq_03_20.Last.txt,2020-01-20 23:56:00,9171.5,9171.5,2
00_mnq_03_20.Last.txt,2020-01-21 00:15:00,9170.0,9170.0,1
00_mnq_03_20.Last.txt,2020-01-21 00:30:00,9172.0,9172.0,4
00_mnq_03_20.Last.txt,2020-01-21 00:34:00,9172.0,9172.0,6
00_mnq_03_20.Last.txt,2020-01-21 00:35:00,9171.75,9171.75,2
00_mnq_03_20.Last.txt,2020-01-21 00:36:00,9171.25,9171.25,2
00_mnq_03_20.Last.txt,2020-01-21 00:37:00,9171.75,9171.75,1
00_mnq_03_20.Last.txt,2020-01-21 00:43:00,9172.0,9172.0,3
00_mnq_03_20.Last.txt,2020-01-21 00:44:00,9172.0,9172.0,3
00_mnq_03_20.Last.txt,2020-01-21 00:45:00,9172.0,9172.0,3
00_mnq_03_20.Last.txt,2020-01-21 00:46:00,9171.25,9171.25,1
00_mnq_03_20.Last.txt,2020-01-21 00:48:00,9171.5,9171.5,1
00_mnq_03_20.Last.txt,2020-01-21 00:53:00,9169.75,9169.75,3
00_mnq_03_20.Last.txt,2020-01-21 00:56:00,9170.75,9170.75,6
00_mnq_03_20.Last.txt,2020-01-21 04:45:00,9127.25,9127.25,2
00_mnq_03_20.Last.txt,2020-01-21 04:49:00,9129.5,9129.5,3
00_mnq_03_20.Last.txt,2020-01-21 05:35:00,9128.25,9128.25,2
00_mnq_03_20.Last.txt,2020-01-21 06:20:00,9128.75,9128.75,7
00_mnq_03_20.Last.txt,2020-01-22 00:37:00,9186.5,9186.5,4
00_mnq_03_20.Last.txt,2020-01-22 12:23:00,9234.25,9234.25,6
00_mnq_03_20.Last.txt,2020-01-23 21:16:00,9249.0,9249.0,1
00_mnq_03_20.Last.txt,2020-01-24 02:19:00,9262.5,9262.5,5
00_mnq_03_20.Last.txt,2020-01-24 02:28:00,9263.5,9263.5,2
00_mnq_03_20.Last.txt,2020-01-24 03:35:00,9262.75,9262.75,3
00_mnq_03_20.Last.txt,2020-01-24 03:39:00,9262.75,9262.75,4
00_mnq_03_20.Last.txt,2020-01-24 04:40:00,9268.25,9268.25,8
00_mnq_03_20.Last.txt,2020-01-24 04:54:00,9268.75,9268.75,2
00_mnq_03_20.Last.txt,2020-01-24 05:04:00,9268.5,9268.5,2
00_mnq_03_20.Last.txt,2020-01-24 05:15:00,9267.5,9267.5,1
00_mnq_03_20.Last.txt,2020-01-24 05:28:00,9267.5,9267.5,3
00_mnq_03_20.Last.txt,2020-01-24 05:33:00,9268.75,9268.75,13
00_mnq_03_20.Last.txt,2020-01-24 05:39:00,9266.75,9266.75,5
00_mnq_03_20.Last.txt,2020-01-24 05:44:00,9266.75,9266.75,2
00_mnq_03_20.Last.txt,2020-01-24 05:50:00,9266.25,9266.25,8
00_mnq_03_20.Last.txt,2020-01-24 05:51:00,9266.25,9266.25,2
00_mnq_03_20.Last.txt,2020-01-24 05:56:00,9267.5,9267.5,2
00_mnq_03_20.Last.txt,2020-01-24 05:57:00,9267.75,9267.75,3
00_mnq_03_20.Last.txt,2020-01-24 06:09:00,9267.5,9267.5,1
00_mnq_03_20.Last.txt,2020-01-24 06:15:00,9267.25,9267.25,1
00_mnq_03_20.Last.txt,2020-01-24 06:17:00,9267.5,9267.5,2
00_mnq_03_20.Last.txt,2020-01-24 06:22:00,9269.25,9269.25,2
00_mnq_03_20.Last.txt,2020-01-24 06:26:00,9268.0,9268.0,5
00_mnq_03_20.Last.txt,2020-01-24 06:27:00,9268.25,9268.25,7
00_mnq_03_20.Last.txt,2020-01-24 06:28:00,9268.25,9268.25,6
00_mnq_03_20.Last.txt,2020-01-24 06:33:00,9269.0,9269.0,1
00_mnq_03_20.Last.txt,2020-01-24 06:44:00,9267.75,9267.75,5
00_mnq_03_20.Last.txt,2020-01-24 06:45:00,9267.75,9267.75,1
00_mnq_03_20.Last.txt,2020-01-24 06:48:00,9268.0,9268.0,6
00_mnq_03_20.Last.txt,2020-01-24 06:50:00,9268.0,9268.0,3
00_mnq_03_20.Last.txt,2020-01-24 06:51:00,9267.5,9267.5,1
00_mnq_03_20.Last.txt,2020-01-24 06:53:00,9267.5,9267.5,10
00_mnq_03_20.Last.txt,2020-01-24 06:54:00,9267.5,9267.5,3
00_mnq_03_20.Last.txt,2020-01-24 06:58:00,9266.5,9266.5,9
00_mnq_03_20.Last.txt,2020-01-24 06:59:00,9266.5,9266.5,2
00_mnq_03_20.Last.txt,2020-01-24 07:51:00,9264.5,9264.5,3
00_mnq_03_20.Last.txt,2020-01-26 21:15:00,9137.25,9137.25,2
00_mnq_03_20.Last.txt,2020-01-28 03:13:00,8984.5,8984.5,1
00_mnq_03_20.Last.txt,2020-01-29 04:04:00,9144.0,9144.0,7
00_mnq_03_20.Last.txt,2020-01-29 04:31:00,9140.0,9140.0,13
00_mnq_03_20.Last.txt,2020-01-29 04:54:00,9138.75,9138.75,8
00_mnq_03_20.Last.txt,2020-01-29 04:58:00,9139.75,9139.75,5
00_mnq_03_20.Last.txt,2020-02-02 21:10:00,9012.5,9012.5,1
00_mnq_03_20.Last.txt,2020-02-03 04:27:00,9070.25,9070.25,13
00_mnq_03_20.Last.txt,2020-02-03 21:44:00,9103.5,9103.5,11
00_mnq_03_20.Last.txt,2020-02-05 04:28:00,9338.0,9338.0,1
00_mnq_03_20.Last.txt,2020-02-07 04:22:00,9440.0,9440.0,10
00_mnq_03_20.Last.txt,2020-02-07 04:24:00,9439.75,9439.75,5
00_mnq_03_20.Last.txt,2020-02-09 19:51:00,9400.0,9400.0,1
00_mnq_03_20.Last.txt,2020-02-10 04:32:00,9419.5,9419.5,2
00_mnq_03_20.Last.txt,2020-02-10 21:16:00,9528.5,9528.5,1
00_mnq_03_20.Last.txt,2020-02-10 21:38:00,9524.5,9524.5,4
00_mnq_03_20.Last.txt,2020-02-11 04:24:00,9568.0,9568.0,40
00_mnq_03_20.Last.txt,2020-02-11 04:57:00,9572.0,9572.0,4
00_mnq_03_20.Last.txt,2020-02-12 05:22:00,9561.0,9561.0,6
00_mnq_03_20.Last.txt,2020-02-13 04:08:00,9588.5,9588.5,2
00_mnq_03_20.Last.txt,2020-02-13 21:16:00,9613.0,9613.0,1
00_mnq_03_20.Last.txt,2020-02-14 04:50:00,9648.5,9648.5,5
00_mnq_03_20.Last.txt,2020-02-14 21:41:00,9633.5,9633.5,8
00_mnq_03_20.Last.txt,2020-02-15 20:33:00,9630.75,9630.75,1
00_mnq_03_20.Last.txt,2020-02-17 03:02:00,9671.25,9671.25,10
00_mnq_03_20.Last.txt,2020-02-17 03:48:00,9672.25,9672.25,3
00_mnq_03_20.Last.txt,2020-02-17 03:52:00,9672.0,9672.0,3
00_mnq_03_20.Last.txt,2020-02-17 04:00:00,9672.5,9672.5,2
00_mnq_03_20.Last.txt,2020-02-17 04:04:00,9672.25,9672.25,1
00_mnq_03_20.Last.txt,2020-02-17 04:12:00,9671.0,9671.0,3
00_mnq_03_20.Last.txt,2020-02-17 04:25:00,9670.0,9670.0,1
00_mnq_03_20.Last.txt,2020-02-17 09:17:00,9669.25,9669.25,2
00_mnq_03_20.Last.txt,2020-02-17 09:39:00,9671.0,9671.0,4
00_mnq_03_20.Last.txt,2020-02-17 09:59:00,9673.75,9673.75,6
00_mnq_03_20.Last.txt,2020-02-17 10:02:00,9674.0,9674.0,4
00_mnq_03_20.Last.txt,2020-02-17 10:07:00,9674.0,9674.0,1
00_mnq_03_20.Last.txt,2020-02-17 11:00:00,9672.75,9672.75,4
00_mnq_03_20.Last.txt,2020-02-17 11:09:00,9675.0,9675.0,3
00_mnq_03_20.Last.txt,2020-02-17 11:14:00,9675.0,9675.0,1
00_mnq_03_20.Last.txt,2020-02-17 11:15:00,9674.75,9674.75,3
00_mnq_03_20.Last.txt,2020-02-17 11:28:00,9671.75,9671.75,1
00_mnq_03_20.Last.txt,2020-02-17 12:19:00,9673.75,9673.75,5
00_mnq_03_20.Last.txt,2020-02-17 12:21:00,9674.25,9674.25,6
00_mnq_03_20.Last.txt,2020-02-17 15:20:00,9661.25,9661.25,8
00_mnq_03_20.Last.txt,2020-02-17 15:37:00,9660.25,9660.25,4
00_mnq_03_20.Last.txt,2020-02-17 16:44:00,9667.5,9667.5,5
00_mnq_03_20.Last.txt,2020-02-17 17:07:00,9666.75,9666.75,1
00_mnq_03_20.Last.txt,2020-02-18 04:29:00,9573.75,9573.75,8
00_mnq_03_20.Last.txt,2020-02-18 05:48:00,9575.0,9575.0,9
00_mnq_03_20.Last.txt,2020-02-19 04:34:00,9674.5,9674.5,3
00_mnq_03_20.Last.txt,2020-02-19 04:35:00,9673.75,9673.75,8
00_mnq_03_20.Last.txt,2020-02-19 06:09:00,9666.0,9666.0,7
00_mnq_03_20.Last.txt,2020-02-19 11:48:00,9664.75,9664.75,7
00_mnq_03_20.Last.txt,2020-02-19 21:59:00,9733.25,9733.25,4
00_mnq_03_20.Last.txt,2020-02-20 10:45:00,9718.75,9718.75,3
00_mnq_03_20.Last.txt,2020-02-20 10:46:00,9718.5,9718.5,3
00_mnq_03_20.Last.txt,2020-02-20 21:16:00,9624.75,9624.75,1
00_mnq_03_20.Last.txt,2020-02-21 04:14:00,9589.25,9589.25,3
00_mnq_03_20.Last.txt,2020-02-23 16:59:00,9456.25,9456.25,2
00_mnq_03_20.Last.txt,2020-03-01 17:23:00,8547.5,8547.5,1
00_mnq_03_20.Last.txt,2020-03-08 08:27:00,8503.75,8503.75,1
00_mnq_03_20.Last.txt,2020-03-09 01:53:00,8093.25,8093.25,19
00_mnq_03_20.Last.txt,2020-03-09 01:55:00,8093.25,8093.25,27
00_mnq_03_20.Last.txt,2020-03-09 02:06:00,8093.25,8093.25,6
00_mnq_03_20.Last.txt,2020-03-09 02:07:00,8093.25,8093.25,11
00_mnq_03_20.Last.txt,2020-03-09 02:13:00,8093.25,8093.25,7
00_mnq_03_20.Last.txt,2020-03-09 02:14:00,8093.25,8093.25,7
00_mnq_03_20.Last.txt,2020-03-09 02:16:00,8093.25,8093.25,7
00_mnq_03_20.Last.txt,2020-03-09 02:17:00,8093.25,8093.25,1
00_mnq_03_20.Last.txt,2020-03-09 02:18:00,8093.25,8093.25,3
00_mnq_03_20.Last.txt,2020-03-09 02:19:00,8093.25,8093.25,3
00_mnq_03_20.Last.txt,2020-03-09 02:20:00,8093.25,8093.25,5
00_mnq_03_20.Last.txt,2020-03-09 02:21:00,8093.25,8093.25,4
00_mnq_03_20.Last.txt,2020-03-09 02:22:00,8093.25,8093.25,2
00_mnq_03_20.Last.txt,2020-03-09 02:23:00,8093.25,8093.25,10
00_mnq_03_20.Last.txt,2020-03-09 02:24:00,8093.25,8093.25,6
00_mnq_03_20.Last.txt,2020-03-09 02:25:00,8093.25,8093.25,3
00_mnq_03_20.Last.txt,2020-03-09 02:26:00,8093.25,8093.25,6
00_mnq_03_20.Last.txt,2020-03-09 02:27:00,8093.25,8093.25,2
00_mnq_03_20.Last.txt,2020-03-09 02:28:00,8093.25,8093.25,2
00_mnq_03_20.Last.txt,2020-03-09 02:29:00,8093.25,8093.25,2
00_mnq_03_20.Last.txt,2020-03-09 02:31:00,8093.25,8093.25,1
00_mnq_03_20.Last.txt,2020-03-09 02:32:00,8093.25,8093.25,1
00_mnq_03_20.Last.txt,2020-03-09 02:33:00,8093.25,8093.25,2
00_mnq_03_20.Last.txt,2020-03-09 02:34:00,8093.25,8093.25,1
00_mnq_03_20.Last.txt,2020-03-09 02:35:00,8093.25,8093.25,4
00_mnq_03_20.Last.txt,2020-03-09 02:36:00,8093.25,8093.25,5
00_mnq_03_20.Last.txt,2020-03-09 02:37:00,8093.25,8093.25,1
00_mnq_03_20.Last.txt,2020-03-09 02:38:00,8093.25,8093.25,2
00_mnq_03_20.Last.txt,2020-03-09 02:40:00,8093.25,8093.25,3
00_mnq_03_20.Last.txt,2020-03-09 02:41:00,8093.25,8093.25,2
00_mnq_03_20.Last.txt,2020-03-09 02:42:00,8093.25,8093.25,1
00_mnq_03_20.Last.txt,2020-03-09 02:43:00,8093.25,8093.25,1
00_mnq_03_20.Last.txt,2020-03-09 02:45:00,8093.25,8093.25,1
00_mnq_03_20.Last.txt,2020-03-09 02:46:00,8093.25,8093.25,3
00_mnq_03_20.Last.txt,2020-03-09 02:47:00,8093.25,8093.25,2
00_mnq_03_20.Last.txt,2020-03-09 02:49:00,8093.25,8093.25,2
00_mnq_03_20.Last.txt,2020-03-09 02:50:00,8093.25,8093.25,14
00_mnq_03_20.Last.txt,2020-03-09 02:52:00,8093.25,8093.25,2
00_mnq_03_20.Last.txt,2020-03-09 02:53:00,8093.25,8093.25,1
00_mnq_03_20.Last.txt,2020-03-09 02:54:00,8093.25,8093.25,1
00_mnq_03_20.Last.txt,2020-03-09 02:56:00,8093.25,8093.25,8
00_mnq_03_20.Last.txt,2020-03-09 02:58:00,8093.25,8093.25,9
00_mnq_03_20.Last.txt,2020-03-09 02:59:00,8093.25,8093.25,2
00_mnq_03_20.Last.txt,2020-03-09 03:01:00,8093.25,8093.25,5
00_mnq_03_20.Last.txt,2020-03-09 03:02:00,8093.25,8093.25,5
00_mnq_03_20.Last.txt,2020-03-09 03:05:00,8093.25,8093.25,1
00_mnq_03_20.Last.txt,2020-03-09 03:07:00,8093.25,8093.25,2
00_mnq_03_20.Last.txt,2020-03-09 03:08:00,8093.25,8093.25,4
00_mnq_03_20.Last.txt,2020-03-09 03:09:00,8093.25,8093.25,4
00_mnq_03_20.Last.txt,2020-03-09 03:11:00,8093.25,8093.25,2
00_mnq_03_20.Last.txt,2020-03-09 03:12:00,8093.25,8093.25,6
00_mnq_03_20.Last.txt,2020-03-09 03:13:00,8093.25,8093.25,14
00_mnq_03_20.Last.txt,2020-03-09 03:35:00,8093.25,8093.25,9
00_mnq_03_20.Last.txt,2020-03-09 03:38:00,8093.25,8093.25,6
00_mnq_03_20.Last.txt,2020-03-09 03:39:00,8093.25,8093.25,8
00_mnq_03_20.Last.txt,2020-03-09 03:40:00,8093.25,8093.25,1
00_mnq_03_20.Last.txt,2020-03-09 03:41:00,8093.25,8093.25,6
00_mnq_03_20.Last.txt,2020-03-09 03:42:00,8093.25,8093.25,2
00_mnq_03_20.Last.txt,2020-03-09 03:43:00,8093.25,8093.25,8
00_mnq_03_20.Last.txt,2020-03-09 03:44:00,8093.25,8093.25,30
00_mnq_03_20.Last.txt,2020-03-09 03:45:00,8093.25,8093.25,3
00_mnq_03_20.Last.txt,2020-03-09 03:47:00,8093.25,8093.25,1
00_mnq_03_20.Last.txt,2020-03-09 03:48:00,8093.25,8093.25,8
00_mnq_03_20.Last.txt,2020-03-09 03:49:00,8093.25,8093.25,2
00_mnq_03_20.Last.txt,2020-03-09 03:50:00,8093.25,8093.25,3
00_mnq_03_20.Last.txt,2020-03-09 03:52:00,8093.25,8093.25,1
00_mnq_03_20.Last.txt,2020-03-09 03:53:00,8093.25,8093.25,1
00_mnq_03_20.Last.txt,2020-03-09 03:54:00,8093.25,8093.25,8
00_mnq_03_20.Last.txt,2020-03-09 03:59:00,8093.25,8093.25,8
00_mnq_03_20.Last.txt,2020-03-09 04:00:00,8093.25,8093.25,7
00_mnq_03_20.Last.txt,2020-03-09 04:01:00,8093.25,8093.25,8
00_mnq_03_20.Last.txt,2020-03-09 04:05:00,8093.25,8093.25,1
00_mnq_03_20.Last.txt,2020-03-09 04:07:00,8093.25,8093.25,6
00_mnq_03_20.Last.txt,2020-03-09 04:09:00,8093.25,8093.25,1
00_mnq_03_20.Last.txt,2020-03-09 04:10:00,8093.25,8093.25,3
00_mnq_03_20.Last.txt,2020-03-09 04:11:00,8093.25,8093.25,1
00_mnq_03_20.Last.txt,2020-03-09 04:14:00,8093.25,8093.25,1
00_mnq_03_20.Last.txt,2020-03-09 04:15:00,8093.25,8093.25,4
00_mnq_03_20.Last.txt,2020-03-09 04:16:00,8093.25,8093.25,1
00_mnq_03_20.Last.txt,2020-03-09 04:18:00,8093.25,8093.25,3
00_mnq_03_20.Last.txt,2020-03-09 04:19:00,8093.25,8093.25,1
00_mnq_03_20.Last.txt,2020-03-09 04:20:00,8093.25,8093.25,4
00_mnq_03_20.Last.txt,2020-03-09 04:21:00,8093.25,8093.25,1
00_mnq_03_20.Last.txt,2020-03-09 04:23:00,8093.25,8093.25,4
00_mnq_03_20.Last.txt,2020-03-09 04:24:00,8093.25,8093.25,1
00_mnq_03_20.Last.txt,2020-03-09 04:25:00,8093.25,8093.25,3
00_mnq_03_20.Last.txt,2020-03-09 04:26:00,8093.25,8093.25,3
00_mnq_03_20.Last.txt,2020-03-09 04:27:00,8093.25,8093.25,2
00_mnq_03_20.Last.txt,2020-03-09 04:28:00,8093.25,8093.25,2
00_mnq_03_20.Last.txt,2020-03-09 04:31:00,8093.25,8093.25,5
00_mnq_03_20.Last.txt,2020-03-09 04:32:00,8093.25,8093.25,3
00_mnq_03_20.Last.txt,2020-03-09 04:34:00,8093.25,8093.25,2
00_mnq_03_20.Last.txt,2020-03-09 04:35:00,8093.25,8093.25,2
00_mnq_03_20.Last.txt,2020-03-09 04:36:00,8093.25,8093.25,4
00_mnq_03_20.Last.txt,2020-03-09 04:37:00,8093.25,8093.25,1
00_mnq_03_20.Last.txt,2020-03-09 04:38:00,8093.25,8093.25,1
00_mnq_03_20.Last.txt,2020-03-09 04:39:00,8093.25,8093.25,1
00_mnq_03_20.Last.txt,2020-03-09 04:41:00,8093.25,8093.25,1
00_mnq_03_20.Last.txt,2020-03-09 04:43:00,8093.25,8093.25,4
00_mnq_03_20.Last.txt,2020-03-09 04:44:00,8093.25,8093.25,7
00_mnq_03_20.Last.txt,2020-03-09 04:46:00,8093.25,8093.25,1
00_mnq_03_20.Last.txt,2020-03-09 04:49:00,8093.25,8093.25,1
00_mnq_03_20.Last.txt,2020-03-09 04:50:00,8093.25,8093.25,6
00_mnq_03_20.Last.txt,2020-03-09 04:51:00,8093.25,8093.25,1
00_mnq_03_20.Last.txt,2020-03-09 04:52:00,8093.25,8093.25,2
00_mnq_03_20.Last.txt,2020-03-09 04:53:00,8093.25,8093.25,1
00_mnq_03_20.Last.txt,2020-03-09 04:55:00,8093.25,8093.25,1
00_mnq_03_20.Last.txt,2020-03-09 04:56:00,8093.25,8093.25,9
00_mnq_03_20.Last.txt,2020-03-09 04:57:00,8093.25,8093.25,19
00_mnq_03_20.Last.txt,2020-03-09 04:59:00,8093.25,8093.25,1
00_mnq_03_20.Last.txt,2020-03-09 05:03:00,8093.25,8093.25,3
00_mnq_03_20.Last.txt,2020-03-09 05:05:00,8093.25,8093.25,11
00_mnq_03_20.Last.txt,2020-03-09 05:06:00,8093.25,8093.25,5
00_mnq_03_20.Last.txt,2020-03-09 05:11:00,8093.25,8093.25,5
00_mnq_03_20.Last.txt,2020-03-09 05:12:00,8093.25,8093.25,2
00_mnq_03_20.Last.txt,2020-03-09 05:16:00,8093.25,8093.25,16
00_mnq_03_20.Last.txt,2020-03-09 05:20:00,8093.25,8093.25,1
00_mnq_03_20.Last.txt,2020-03-09 05:22:00,8093.25,8093.25,1
00_mnq_03_20.Last.txt,2020-03-09 05:23:00,8093.25,8093.25,3
00_mnq_03_20.Last.txt,2020-03-09 05:26:00,8093.25,8093.25,1
00_mnq_03_20.Last.txt,2020-03-09 05:29:00,8093.25,8093.25,2
00_mnq_03_20.Last.txt,2020-03-09 05:32:00,8093.25,8093.25,1
00_mnq_03_20.Last.txt,2020-03-09 05:33:00,8093.25,8093.25,1
00_mnq_03_20.Last.txt,2020-03-09 05:34:00,8093.25,8093.25,7
00_mnq_03_20.Last.txt,2020-03-09 05:35:00,8093.25,8093.25,1
00_mnq_03_20.Last.txt,2020-03-09 05:36:00,8093.25,8093.25,1
00_mnq_03_20.Last.txt,2020-03-09 05:38:00,8093.25,8093.25,2
00_mnq_03_20.Last.txt,2020-03-09 05:39:00,8093.25,8093.25,4
00_mnq_03_20.Last.txt,2020-03-09 05:40:00,8093.25,8093.25,2
00_mnq_03_20.Last.txt,2020-03-09 05:41:00,8093.25,8093.25,2
00_mnq_03_20.Last.txt,2020-03-09 05:43:00,8093.25,8093.25,1
00_mnq_03_20.Last.txt,2020-03-09 05:44:00,8093.25,8093.25,2
00_mnq_03_20.Last.txt,2020-03-09 05:48:00,8093.25,8093.25,1
00_mnq_03_20.Last.txt,2020-03-09 05:50:00,8093.25,8093.25,5
00_mnq_03_20.Last.txt,2020-03-09 05:51:00,8093.25,8093.25,1
00_mnq_03_20.Last.txt,2020-03-09 05:52:00,8093.25,8093.25,5
00_mnq_03_20.Last.txt,2020-03-09 05:54:00,8093.25,8093.25,3
00_mnq_03_20.Last.txt,2020-03-09 05:55:00,8093.25,8093.25,2
00_mnq_03_20.Last.txt,2020-03-09 05:58:00,8093.25,8093.25,2
00_mnq_03_20.Last.txt,2020-03-09 05:59:00,8093.25,8093.25,1
00_mnq_03_20.Last.txt,2020-03-09 06:03:00,8093.25,8093.25,5
00_mnq_03_20.Last.txt,2020-03-09 06:04:00,8093.25,8093.25,5
00_mnq_03_20.Last.txt,2020-03-09 06:05:00,8093.5,8093.5,1
00_mnq_03_20.Last.txt,2020-03-09 06:08:00,8093.25,8093.25,1
00_mnq_03_20.Last.txt,2020-03-09 06:10:00,8093.25,8093.25,1
00_mnq_03_20.Last.txt,2020-03-09 06:11:00,8093.25,8093.25,1
00_mnq_03_20.Last.txt,2020-03-09 06:12:00,8093.25,8093.25,1
00_mnq_03_20.Last.txt,2020-03-09 06:14:00,8093.25,8093.25,3
00_mnq_03_20.Last.txt,2020-03-09 06:16:00,8093.25,8093.25,15
00_mnq_03_20.Last.txt,2020-03-09 06:17:00,8093.25,8093.25,1
00_mnq_03_20.Last.txt,2020-03-09 06:19:00,8093.25,8093.25,5
00_mnq_03_20.Last.txt,2020-03-09 06:23:00,8093.25,8093.25,2
00_mnq_03_20.Last.txt,2020-03-09 06:24:00,8093.25,8093.25,2
00_mnq_03_20.Last.txt,2020-03-09 06:28:00,8093.25,8093.25,3
00_mnq_03_20.Last.txt,2020-03-09 06:29:00,8093.25,8093.25,1
00_mnq_03_20.Last.txt,2020-03-09 06:31:00,8093.25,8093.25,2
00_mnq_03_20.Last.txt,2020-03-09 06:36:00,8093.25,8093.25,1
00_mnq_03_20.Last.txt,2020-03-09 06:42:00,8093.25,8093.25,1
00_mnq_03_20.Last.txt,2020-03-09 06:44:00,8093.25,8093.25,1
00_mnq_03_20.Last.txt,2020-03-09 06:46:00,8093.25,8093.25,1
00_mnq_03_20.Last.txt,2020-03-09 06:48:00,8093.25,8093.25,1
00_mnq_03_20.Last.txt,2020-03-09 06:50:00,8093.25,8093.25,1
00_mnq_03_20.Last.txt,2020-03-09 06:52:00,8093.25,8093.25,1
00_mnq_03_20.Last.txt,2020-03-09 06:53:00,8093.25,8093.25,1
00_mnq_03_20.Last.txt,2020-03-09 07:03:00,8093.25,8093.25,1
00_mnq_03_20.Last.txt,2020-03-09 07:10:00,8093.25,8093.25,4
00_mnq_03_20.Last.txt,2020-03-09 07:14:00,8093.25,8093.25,1
00_mnq_03_20.Last.txt,2020-03-09 07:16:00,8093.25,8093.25,1
00_mnq_03_20.Last.txt,2020-03-09 07:17:00,8093.25,8093.25,2
00_mnq_03_20.Last.txt,2020-03-09 07:18:00,8093.25,8093.25,2
00_mnq_03_20.Last.txt,2020-03-09 07:19:00,8093.25,8093.25,1
00_mnq_03_20.Last.txt,2020-03-09 07:24:00,8093.25,8093.25,2
00_mnq_03_20.Last.txt,2020-03-09 07:25:00,8093.25,8093.25,1
00_mnq_03_20.Last.txt,2020-03-09 07:28:00,8093.25,8093.25,1
00_mnq_03_20.Last.txt,2020-03-09 07:29:00,8093.25,8093.25,1
00_mnq_03_20.Last.txt,2020-03-09 07:31:00,8093.25,8093.25,3
00_mnq_03_20.Last.txt,2020-03-09 07:34:00,8093.25,8093.25,4
00_mnq_03_20.Last.txt,2020-03-09 07:36:00,8093.25,8093.25,2
00_mnq_03_20.Last.txt,2020-03-09 07:49:00,8093.25,8093.25,1
00_mnq_03_20.Last.txt,2020-03-09 07:55:00,8093.25,8093.25,4
00_mnq_03_20.Last.txt,2020-03-09 08:01:00,8093.25,8093.25,5
00_mnq_03_20.Last.txt,2020-03-09 08:02:00,8093.25,8093.25,10
00_mnq_03_20.Last.txt,2020-03-09 08:03:00,8093.25,8093.25,2
00_mnq_03_20.Last.txt,2020-03-09 08:05:00,8093.25,8093.25,1
00_mnq_03_20.Last.txt,2020-03-09 08:08:00,8093.25,8093.25,1
00_mnq_03_20.Last.txt,2020-03-09 08:09:00,8093.25,8093.25,3
00_mnq_03_20.Last.txt,2020-03-09 08:11:00,8093.25,8093.25,1
00_mnq_03_20.Last.txt,2020-03-09 08:13:00,8093.25,8093.25,1
00_mnq_03_20.Last.txt,2020-03-09 08:14:00,8093.25,8093.25,2
00_mnq_03_20.Last.txt,2020-03-09 08:24:00,8093.25,8093.25,1
00_mnq_03_20.Last.txt,2020-03-09 08:26:00,8093.25,8093.25,1
00_mnq_03_20.Last.txt,2020-03-09 08:28:00,8093.25,8093.25,1
00_mnq_03_20.Last.txt,2020-03-09 08:32:00,8093.25,8093.25,155
00_mnq_03_20.Last.txt,2020-03-09 08:36:00,8093.25,8093.25,5
00_mnq_03_20.Last.txt,2020-03-09 08:39:00,8093.25,8093.25,2
00_mnq_03_20.Last.txt,2020-03-09 08:41:00,8093.25,8093.25,1
00_mnq_03_20.Last.txt,2020-03-09 08:44:00,8093.25,8093.25,3
00_mnq_03_20.Last.txt,2020-03-09 08:46:00,8093.25,8093.25,1
00_mnq_03_20.Last.txt,2020-03-09 08:49:00,8093.25,8093.25,5
00_mnq_03_20.Last.txt,2020-03-09 08:50:00,8093.25,8093.25,4
00_mnq_03_20.Last.txt,2020-03-09 08:52:00,8093.25,8093.25,1
00_mnq_03_20.Last.txt,2020-03-09 08:54:00,8093.25,8093.25,1
00_mnq_03_20.Last.txt,2020-03-09 08:56:00,8093.25,8093.25,1
00_mnq_03_20.Last.txt,2020-03-09 08:59:00,8093.25,8093.25,1
00_mnq_03_20.Last.txt,2020-03-09 09:01:00,8093.25,8093.25,2
00_mnq_03_20.Last.txt,2020-03-09 09:03:00,8093.25,8093.25,2
00_mnq_03_20.Last.txt,2020-03-09 09:04:00,8093.25,8093.25,1
00_mnq_03_20.Last.txt,2020-03-09 09:07:00,8093.25,8093.25,1
00_mnq_03_20.Last.txt,2020-03-09 09:15:00,8093.25,8093.25,2
00_mnq_03_20.Last.txt,2020-03-09 09:16:00,8093.25,8093.25,1
00_mnq_03_20.Last.txt,2020-03-09 09:17:00,8093.25,8093.25,1
00_mnq_03_20.Last.txt,2020-03-09 09:18:00,8093.25,8093.25,4
00_mnq_03_20.Last.txt,2020-03-09 09:34:00,8093.25,8093.25,10
00_mnq_03_20.Last.txt,2020-03-09 09:41:00,8093.25,8093.25,2
00_mnq_03_20.Last.txt,2020-03-09 09:52:00,8093.25,8093.25,2
00_mnq_03_20.Last.txt,2020-03-09 09:53:00,8093.25,8093.25,2
00_mnq_03_20.Last.txt,2020-03-09 09:56:00,8093.25,8093.25,11
00_mnq_03_20.Last.txt,2020-03-09 09:57:00,8093.25,8093.25,6
00_mnq_03_20.Last.txt,2020-03-09 09:58:00,8093.25,8093.25,3
00_mnq_03_20.Last.txt,2020-03-09 10:03:00,8093.25,8093.25,4
00_mnq_03_20.Last.txt,2020-03-09 10:04:00,8093.25,8093.25,2
00_mnq_03_20.Last.txt,2020-03-09 10:07:00,8093.25,8093.25,1
00_mnq_03_20.Last.txt,2020-03-09 10:08:00,8093.25,8093.25,3
00_mnq_03_20.Last.txt,2020-03-09 10:11:00,8093.25,8093.25,5
00_mnq_03_20.Last.txt,2020-03-09 10:13:00,8093.25,8093.25,3
00_mnq_03_20.Last.txt,2020-03-09 10:15:00,8093.25,8093.25,1
00_mnq_03_20.Last.txt,2020-03-09 10:28:00,8093.25,8093.25,1
00_mnq_03_20.Last.txt,2020-03-09 10:31:00,8093.25,8093.25,1
00_mnq_03_20.Last.txt,2020-03-09 10:32:00,8093.25,8093.25,1
00_mnq_03_20.Last.txt,2020-03-09 10:33:00,8093.25,8093.25,1
00_mnq_03_20.Last.txt,2020-03-09 10:34:00,8093.25,8093.25,1
00_mnq_03_20.Last.txt,2020-03-09 10:35:00,8093.25,8093.25,1
00_mnq_03_20.Last.txt,2020-03-09 11:02:00,8093.25,8093.25,4
00_mnq_03_20.Last.txt,2020-03-09 11:10:00,8093.25,8093.25,1
00_mnq_03_20.Last.txt,2020-03-09 11:13:00,8093.25,8093.25,1
00_mnq_03_20.Last.txt,2020-03-09 11:23:00,8093.25,8093.25,1
00_mnq_03_20.Last.txt,2020-03-09 11:34:00,8093.25,8093.25,1
00_mnq_03_20.Last.txt,2020-03-09 11:35:00,8093.25,8093.25,1
00_mnq_03_20.Last.txt,2020-03-09 11:39:00,8093.25,8093.25,1
00_mnq_03_20.Last.txt,2020-03-09 11:43:00,8093.25,8093.25,2
00_mnq_03_20.Last.txt,2020-03-09 11:51:00,8093.25,8093.25,3
00_mnq_03_20.Last.txt,2020-03-09 11:58:00,8093.25,8093.25,1
00_mnq_03_20.Last.txt,2020-03-09 11:59:00,8093.25,8093.25,7
00_mnq_03_20.Last.txt,2020-03-09 12:07:00,8093.25,8093.25,2
00_mnq_03_20.Last.txt,2020-03-09 12:09:00,8093.25,8093.25,1
00_mnq_03_20.Last.txt,2020-03-09 12:10:00,8093.25,8093.25,1
00_mnq_03_20.Last.txt,2020-03-09 12:15:00,8093.25,8093.25,2
00_mnq_03_20.Last.txt,2020-03-09 12:18:00,8093.25,8093.25,4
00_mnq_03_20.Last.txt,2020-03-09 12:19:00,8093.25,8093.25,2
00_mnq_03_20.Last.txt,2020-03-09 12:21:00,8093.25,8093.25,1
00_mnq_03_20.Last.txt,2020-03-09 12:24:00,8093.25,8093.25,1
00_mnq_03_20.Last.txt,2020-03-09 12:30:00,8093.25,8093.25,12
00_mnq_03_20.Last.txt,2020-03-09 12:31:00,8093.25,8093.25,2
00_mnq_03_20.Last.txt,2020-03-09 12:34:00,8093.25,8093.25,1
00_mnq_03_20.Last.txt,2020-03-09 12:50:00,8093.25,8093.25,5
00_mnq_03_20.Last.txt,2020-03-09 12:54:00,8093.25,8093.25,2
00_mnq_03_20.Last.txt,2020-03-09 12:57:00,8093.25,8093.25,8
00_mnq_03_20.Last.txt,2020-03-09 12:59:00,8093.25,8093.25,1
00_mnq_03_20.Last.txt,2020-03-09 13:02:00,8093.25,8093.25,1
00_mnq_03_20.Last.txt,2020-03-09 13:03:00,8093.25,8093.25,3
00_mnq_03_20.Last.txt,2020-03-09 13:04:00,8093.25,8093.25,1
00_mnq_03_20.Last.txt,2020-03-09 13:08:00,8093.25,8093.25,1
00_mnq_03_20.Last.txt,2020-03-09 13:10:00,8093.25,8093.25,1
00_mnq_03_20.Last.txt,2020-03-09 13:13:00,8093.25,8093.25,1
00_mnq_03_20.Last.txt,2020-03-09 13:33:00,7922.75,7922.75,5
00_mnq_03_20.Last.txt,2020-03-12 09:41:00,7601.5,7601.5,17
00_mnq_03_20.Last.txt,2020-03-12 11:57:00,7601.5,7601.5,12
00_mnq_03_20.Last.txt,2020-03-12 11:58:00,7601.5,7601.5,8
00_mnq_03_20.Last.txt,2020-03-12 11:59:00,7601.5,7601.5,105
00_mnq_03_20.Last.txt,2020-03-12 12:01:00,7601.5,7601.5,21
00_mnq_03_20.Last.txt,2020-03-12 12:02:00,7601.5,7601.5,97
00_mnq_03_20.Last.txt,2020-03-12 12:03:00,7601.5,7601.5,4
00_mnq_03_20.Last.txt,2020-03-12 12:04:00,7601.5,7601.5,5
00_mnq_03_20.Last.txt,2020-03-12 12:05:00,7601.5,7601.5,3
00_mnq_03_20.Last.txt,2020-03-12 12:06:00,7601.5,7601.5,11
00_mnq_03_20.Last.txt,2020-03-12 12:07:00,7601.5,7601.5,13
00_mnq_03_20.Last.txt,2020-03-12 12:08:00,7601.5,7601.5,10
00_mnq_03_20.Last.txt,2020-03-12 12:09:00,7601.5,7601.5,1
00_mnq_03_20.Last.txt,2020-03-12 12:10:00,7601.5,7601.5,1
00_mnq_03_20.Last.txt,2020-03-12 12:11:00,7601.5,7601.5,3
00_mnq_03_20.Last.txt,2020-03-12 12:16:00,7601.5,7601.5,1
00_mnq_03_20.Last.txt,2020-03-12 12:18:00,7601.5,7601.5,1
00_mnq_03_20.Last.txt,2020-03-12 12:19:00,7601.5,7601.5,1
00_mnq_03_20.Last.txt,2020-03-12 12:21:00,7601.5,7601.5,1
00_mnq_03_20.Last.txt,2020-03-12 12:23:00,7601.5,7601.5,3
00_mnq_03_20.Last.txt,2020-03-12 12:28:00,7601.5,7601.5,2
00_mnq_03_20.Last.txt,2020-03-12 12:30:00,7601.5,7601.5,20
00_mnq_03_20.Last.txt,2020-03-12 12:31:00,7601.5,7601.5,92
00_mnq_03_20.Last.txt,2020-03-12 12:32:00,7601.5,7601.5,66
00_mnq_03_20.Last.txt,2020-03-12 12:34:00,7601.5,7601.5,1
00_mnq_03_20.Last.txt,2020-03-12 12:36:00,7601.5,7601.5,1
00_mnq_03_20.Last.txt,2020-03-12 12:37:00,7601.5,7601.5,4
00_mnq_03_20.Last.txt,2020-03-12 12:40:00,7601.5,7601.5,1
00_mnq_03_20.Last.txt,2020-03-12 12:41:00,7601.5,7601.5,1
00_mnq_03_20.Last.txt,2020-03-12 12:42:00,7601.5,7601.5,114
00_mnq_03_20.Last.txt,2020-03-12 12:43:00,7601.5,7601.5,6
00_mnq_03_20.Last.txt,2020-03-12 12:44:00,7601.5,7601.5,1
00_mnq_03_20.Last.txt,2020-03-12 12:45:00,7601.5,7601.5,10
00_mnq_03_20.Last.txt,2020-03-12 12:47:00,7601.5,7601.5,11
00_mnq_03_20.Last.txt,2020-03-12 12:48:00,7601.5,7601.5,2
00_mnq_03_20.Last.txt,2020-03-12 12:50:00,7601.5,7601.5,2
00_mnq_03_20.Last.txt,2020-03-12 12:51:00,7601.5,7601.5,1
00_mnq_03_20.Last.txt,2020-03-12 12:52:00,7601.5,7601.5,10
00_mnq_03_20.Last.txt,2020-03-12 13:01:00,7601.5,7601.5,2
00_mnq_03_20.Last.txt,2020-03-12 13:02:00,7601.5,7601.5,1
00_mnq_03_20.Last.txt,2020-03-12 13:03:00,7601.5,7601.5,1
00_mnq_03_20.Last.txt,2020-03-12 13:04:00,7601.5,7601.5,1
00_mnq_03_20.Last.txt,2020-03-12 13:05:00,7601.5,7601.5,1
00_mnq_03_20.Last.txt,2020-03-12 13:06:00,7601.5,7601.5,5
00_mnq_03_20.Last.txt,2020-03-12 13:07:00,7601.5,7601.5,2
00_mnq_03_20.Last.txt,2020-03-12 13:08:00,7601.5,7601.5,1
00_mnq_03_20.Last.txt,2020-03-12 13:13:00,7601.5,7601.5,4
00_mnq_03_20.Last.txt,2020-03-12 13:14:00,7601.5,7601.5,1
00_mnq_03_20.Last.txt,2020-03-12 13:15:00,7601.5,7601.5,1
00_mnq_03_20.Last.txt,2020-03-12 13:17:00,7601.5,7601.5,3
00_mnq_03_20.Last.txt,2020-03-12 13:20:00,7601.5,7601.5,1
00_mnq_03_20.Last.txt,2020-03-12 13:23:00,7601.5,7601.5,1
00_mnq_03_20.Last.txt,2020-03-12 13:25:00,7601.5,7601.5,1
00_mnq_03_20.Last.txt,2020-03-13 11:14:00,7622.75,7622.75,16
00_mnq_03_20.Last.txt,2020-03-13 11:15:00,7622.75,7622.75,17
00_mnq_03_20.Last.txt,2020-03-13 11:16:00,7622.75,7622.75,15
00_mnq_03_20.Last.txt,2020-03-13 11:17:00,7622.75,7622.75,8
00_mnq_03_20.Last.txt,2020-03-13 11:18:00,7622.75,7622.75,14
00_mnq_03_20.Last.txt,2020-03-13 11:19:00,7622.75,7622.75,2
00_mnq_03_20.Last.txt,2020-03-13 11:21:00,7622.75,7622.75,3
00_mnq_03_20.Last.txt,2020-03-13 11:22:00,7622.75,7622.75,10
00_mnq_03_20.Last.txt,2020-03-13 11:23:00,7622.75,7622.75,6
00_mnq_03_20.Last.txt,2020-03-13 11:24:00,7622.75,7622.75,3
00_mnq_03_20.Last.txt,2020-03-13 11:25:00,7622.75,7622.75,6
00_mnq_03_20.Last.txt,2020-03-13 11:26:00,7622.75,7622.75,2
00_mnq_03_20.Last.txt,2020-03-13 11:27:00,7622.75,7622.75,6
00_mnq_03_20.Last.txt,2020-03-13 11:28:00,7622.75,7622.75,16
00_mnq_03_20.Last.txt,2020-03-13 11:29:00,7622.75,7622.75,3
00_mnq_03_20.Last.txt,2020-03-13 11:30:00,7622.75,7622.75,4
00_mnq_03_20.Last.txt,2020-03-13 11:37:00,7622.75,7622.75,4
00_mnq_03_20.Last.txt,2020-03-13 11:38:00,7622.75,7622.75,3
00_mnq_03_20.Last.txt,2020-03-13 11:39:00,7622.75,7622.75,9
00_mnq_03_20.Last.txt,2020-03-13 11:40:00,7622.75,7622.75,1
00_mnq_03_20.Last.txt,2020-03-13 11:41:00,7622.75,7622.75,8
00_mnq_03_20.Last.txt,2020-03-13 11:42:00,7622.75,7622.75,1
00_mnq_03_20.Last.txt,2020-03-13 11:45:00,7622.75,7622.75,1
00_mnq_03_20.Last.txt,2020-03-13 11:46:00,7622.75,7622.75,1
00_mnq_03_20.Last.txt,2020-03-13 11:48:00,7622.75,7622.75,2
00_mnq_03_20.Last.txt,2020-03-13 11:49:00,7622.75,7622.75,2
00_mnq_03_20.Last.txt,2020-03-13 11:52:00,7622.75,7622.75,2
00_mnq_03_20.Last.txt,2020-03-13 11:57:00,7622.75,7622.75,2
00_mnq_03_20.Last.txt,2020-03-13 12:03:00,7622.75,7622.75,1
00_mnq_03_20.Last.txt,2020-03-13 12:04:00,7622.75,7622.75,1
00_mnq_03_20.Last.txt,2020-03-13 12:05:00,7622.75,7622.75,14
00_mnq_03_20.Last.txt,2020-03-13 12:07:00,7622.75,7622.75,4
00_mnq_03_20.Last.txt,2020-03-13 12:12:00,7622.75,7622.75,2
00_mnq_03_20.Last.txt,2020-03-13 12:14:00,7622.75,7622.75,3
00_mnq_03_20.Last.txt,2020-03-13 12:16:00,7622.75,7622.75,2
00_mnq_03_20.Last.txt,2020-03-13 12:20:00,7622.75,7622.75,1
00_mnq_03_20.Last.txt,2020-03-13 12:21:00,7622.75,7622.75,1
00_mnq_03_20.Last.txt,2020-03-13 12:26:00,7622.75,7622.75,1
00_mnq_03_20.Last.txt,2020-03-13 12:29:00,7622.75,7622.75,1
00_mnq_03_20.Last.txt,2020-03-13 12:36:00,7622.75,7622.75,6
00_mnq_03_20.Last.txt,2020-03-13 12:40:00,7622.75,7622.75,40
00_mnq_03_20.Last.txt,2020-03-13 12:41:00,7622.75,7622.75,1
00_mnq_03_20.Last.txt,2020-03-13 12:52:00,7622.75,7622.75,1
00_mnq_03_20.Last.txt,2020-03-13 12:54:00,7622.75,7622.75,5
00_mnq_03_20.Last.txt,2020-03-13 12:55:00,7622.75,7622.75,1
00_mnq_03_20.Last.txt,2020-03-13 12:57:00,7622.75,7622.75,4
00_mnq_03_20.Last.txt,2020-03-13 13:00:00,7622.75,7622.75,1
00_mnq_03_20.Last.txt,2020-03-13 13:03:00,7622.75,7622.75,7
00_mnq_03_20.Last.txt,2020-03-13 13:07:00,7622.75,7622.75,7
00_mnq_03_20.Last.txt,2020-03-13 13:08:00,7622.75,7622.75,1
00_mnq_03_20.Last.txt,2020-03-13 13:09:00,7622.75,7622.75,1
00_mnq_03_20.Last.txt,2020-03-13 13:12:00,7622.75,7622.75,3
00_mnq_03_20.Last.txt,2020-03-13 13:19:00,7622.75,7622.75,1
00_mnq_03_20.Last.txt,2020-03-13 13:21:00,7622.75,7622.75,1
00_mnq_03_20.Last.txt,2020-03-13 13:23:00,7622.75,7622.75,2
00_mnq_03_20.Last.txt,2020-03-13 13:24:00,7622.75,7622.75,2
00_mnq_03_20.Last.txt,2020-03-13 13:25:00,7622.75,7622.75,3
00_mnq_03_20.Last.txt,2020-03-14 15:48:00,7821.0,7821.0,2
00_mnq_03_20.Last.txt,2020-03-15 22:30:00,7556.0,7556.0,5
00_mnq_03_20.Last.txt,2020-03-15 22:31:00,7556.0,7556.0,14
00_mnq_03_20.Last.txt,2020-03-15 22:32:00,7556.0,7556.0,19
00_mnq_03_20.Last.txt,2020-03-15 22:33:00,7556.0,7556.0,10
00_mnq_03_20.Last.txt,2020-03-15 22:34:00,7556.0,7556.0,9
00_mnq_03_20.Last.txt,2020-03-15 22:35:00,7556.0,7556.0,8
00_mnq_03_20.Last.txt,2020-03-15 22:36:00,7556.0,7556.0,2
00_mnq_03_20.Last.txt,2020-03-15 22:38:00,7556.0,7556.0,3
00_mnq_03_20.Last.txt,2020-03-15 22:39:00,7556.0,7556.0,17
00_mnq_03_20.Last.txt,2020-03-15 22:40:00,7556.0,7556.0,6
00_mnq_03_20.Last.txt,2020-03-15 22:41:00,7556.0,7556.0,2
00_mnq_03_20.Last.txt,2020-03-15 22:43:00,7556.0,7556.0,3
00_mnq_03_20.Last.txt,2020-03-15 22:44:00,7556.0,7556.0,6
00_mnq_03_20.Last.txt,2020-03-15 22:45:00,7556.0,7556.0,1
00_mnq_03_20.Last.txt,2020-03-15 22:46:00,7556.0,7556.0,1
00_mnq_03_20.Last.txt,2020-03-15 22:47:00,7556.0,7556.0,3
00_mnq_03_20.Last.txt,2020-03-15 22:49:00,7556.0,7556.0,1
00_mnq_03_20.Last.txt,2020-03-15 22:55:00,7556.0,7556.0,1
00_mnq_03_20.Last.txt,2020-03-15 22:57:00,7556.0,7556.0,2
00_mnq_03_20.Last.txt,2020-03-15 22:58:00,7556.0,7556.0,1
00_mnq_03_20.Last.txt,2020-03-15 23:00:00,7556.0,7556.0,3
00_mnq_03_20.Last.txt,2020-03-15 23:01:00,7556.0,7556.0,3
00_mnq_03_20.Last.txt,2020-03-15 23:05:00,7556.0,7556.0,2
00_mnq_03_20.Last.txt,2020-03-15 23:06:00,7556.0,7556.0,3
00_mnq_03_20.Last.txt,2020-03-15 23:07:00,7556.0,7556.0,2
00_mnq_03_20.Last.txt,2020-03-15 23:08:00,7556.0,7556.0,3
00_mnq_03_20.Last.txt,2020-03-15 23:09:00,7556.0,7556.0,4
00_mnq_03_20.Last.txt,2020-03-15 23:10:00,7556.0,7556.0,2
00_mnq_03_20.Last.txt,2020-03-15 23:13:00,7556.0,7556.0,1
00_mnq_03_20.Last.txt,2020-03-15 23:14:00,7556.0,7556.0,2
00_mnq_03_20.Last.txt,2020-03-15 23:16:00,7556.0,7556.0,3
00_mnq_03_20.Last.txt,2020-03-15 23:17:00,7556.0,7556.0,1
00_mnq_03_20.Last.txt,2020-03-15 23:18:00,7556.0,7556.0,1
00_mnq_03_20.Last.txt,2020-03-15 23:19:00,7556.0,7556.0,15
00_mnq_03_20.Last.txt,2020-03-15 23:20:00,7556.0,7556.0,5
00_mnq_03_20.Last.txt,2020-03-15 23:22:00,7556.0,7556.0,8
00_mnq_03_20.Last.txt,2020-03-15 23:23:00,7556.0,7556.0,10
00_mnq_03_20.Last.txt,2020-03-15 23:24:00,7556.0,7556.0,1
00_mnq_03_20.Last.txt,2020-03-15 23:30:00,7556.0,7556.0,2
00_mnq_03_20.Last.txt,2020-03-15 23:34:00,7556.0,7556.0,1
00_mnq_03_20.Last.txt,2020-03-15 23:35:00,7556.0,7556.0,15
00_mnq_03_20.Last.txt,2020-03-15 23:36:00,7556.0,7556.0,2
00_mnq_03_20.Last.txt,2020-03-15 23:43:00,7556.0,7556.0,10
00_mnq_03_20.Last.txt,2020-03-15 23:44:00,7556.0,7556.0,1
00_mnq_03_20.Last.txt,2020-03-15 23:46:00,7556.0,7556.0,12
00_mnq_03_20.Last.txt,2020-03-15 23:47:00,7556.0,7556.0,1
00_mnq_03_20.Last.txt,2020-03-15 23:48:00,7556.0,7556.0,1
00_mnq_03_20.Last.txt,2020-03-15 23:49:00,7556.0,7556.0,2
00_mnq_03_20.Last.txt,2020-03-15 23:50:00,7556.0,7556.0,1
00_mnq_03_20.Last.txt,2020-03-15 23:52:00,7556.0,7556.0,1
00_mnq_03_20.Last.txt,2020-03-15 23:53:00,7556.0,7556.0,2
00_mnq_03_20.Last.txt,2020-03-15 23:55:00,7556.0,7556.0,2
00_mnq_03_20.Last.txt,2020-03-15 23:57:00,7556.0,7556.0,2
00_mnq_03_20.Last.txt,2020-03-15 23:58:00,7556.0,7556.0,2
00_mnq_03_20.Last.txt,2020-03-16 00:03:00,7556.0,7556.0,3
00_mnq_03_20.Last.txt,2020-03-16 00:04:00,7556.0,7556.0,7
00_mnq_03_20.Last.txt,2020-03-16 00:05:00,7556.0,7556.0,4
00_mnq_03_20.Last.txt,2020-03-16 00:07:00,7556.0,7556.0,5
00_mnq_03_20.Last.txt,2020-03-16 00:08:00,7556.0,7556.0,3
00_mnq_03_20.Last.txt,2020-03-16 00:09:00,7556.0,7556.0,1
00_mnq_03_20.Last.txt,2020-03-16 00:10:00,7556.0,7556.0,1
00_mnq_03_20.Last.txt,2020-03-16 00:13:00,7556.0,7556.0,1
00_mnq_03_20.Last.txt,2020-03-16 00:18:00,7556.0,7556.0,2
00_mnq_03_20.Last.txt,2020-03-16 00:20:00,7556.0,7556.0,1
00_mnq_03_20.Last.txt,2020-03-16 00:27:00,7556.0,7556.0,4
00_mnq_03_20.Last.txt,2020-03-16 00:29:00,7556.0,7556.0,1
00_mnq_03_20.Last.txt,2020-03-16 00:34:00,7556.0,7556.0,7
00_mnq_03_20.Last.txt,2020-03-16 00:36:00,7556.0,7556.0,2
00_mnq_03_20.Last.txt,2020-03-16 00:37:00,7556.0,7556.0,4
00_mnq_03_20.Last.txt,2020-03-16 00:38:00,7556.0,7556.0,3
00_mnq_03_20.Last.txt,2020-03-16 00:42:00,7556.0,7556.0,2
00_mnq_03_20.Last.txt,2020-03-16 00:43:00,7556.0,7556.0,15
00_mnq_03_20.Last.txt,2020-03-16 00:44:00,7556.0,7556.0,1
00_mnq_03_20.Last.txt,2020-03-16 00:45:00,7556.0,7556.0,1
00_mnq_03_20.Last.txt,2020-03-16 00:48:00,7556.0,7556.0,1
00_mnq_03_20.Last.txt,2020-03-16 00:49:00,7556.0,7556.0,1
00_mnq_03_20.Last.txt,2020-03-16 00:51:00,7556.0,7556.0,1
00_mnq_03_20.Last.txt,2020-03-16 00:52:00,7556.0,7556.0,2
00_mnq_03_20.Last.txt,2020-03-16 00:58:00,7556.0,7556.0,1
00_mnq_03_20.Last.txt,2020-03-16 00:59:00,7556.0,7556.0,1
00_mnq_03_20.Last.txt,2020-03-16 01:00:00,7556.0,7556.0,1
00_mnq_03_20.Last.txt,2020-03-16 01:01:00,7556.0,7556.0,3
00_mnq_03_20.Last.txt,2020-03-16 01:03:00,7556.0,7556.0,1
00_mnq_03_20.Last.txt,2020-03-16 01:04:00,7556.0,7556.0,1
00_mnq_03_20.Last.txt,2020-03-16 01:06:00,7556.0,7556.0,3
00_mnq_03_20.Last.txt,2020-03-16 01:09:00,7556.25,7556.25,2
00_mnq_03_20.Last.txt,2020-03-16 01:10:00,7556.25,7556.25,1
00_mnq_03_20.Last.txt,2020-03-16 01:11:00,7556.0,7556.0,8
00_mnq_03_20.Last.txt,2020-03-16 01:13:00,7556.0,7556.0,3
00_mnq_03_20.Last.txt,2020-03-16 01:15:00,7556.25,7556.25,3
00_mnq_03_20.Last.txt,2020-03-16 01:16:00,7556.25,7556.25,2
00_mnq_03_20.Last.txt,2020-03-16 01:17:00,7556.75,7556.75,1
00_mnq_03_20.Last.txt,2020-03-16 01:21:00,7556.0,7556.0,4
00_mnq_03_20.Last.txt,2020-03-16 01:23:00,7556.0,7556.0,8
00_mnq_03_20.Last.txt,2020-03-16 01:25:00,7557.0,7557.0,1
00_mnq_03_20.Last.txt,2020-03-16 01:29:00,7556.0,7556.0,7
00_mnq_03_20.Last.txt,2020-03-16 01:31:00,7556.0,7556.0,1
00_mnq_03_20.Last.txt,2020-03-16 01:32:00,7556.0,7556.0,4
00_mnq_03_20.Last.txt,2020-03-16 01:36:00,7556.0,7556.0,2
00_mnq_03_20.Last.txt,2020-03-16 01:43:00,7556.0,7556.0,1
00_mnq_03_20.Last.txt,2020-03-16 01:47:00,7556.0,7556.0,1
00_mnq_03_20.Last.txt,2020-03-16 01:49:00,7556.0,7556.0,1
00_mnq_03_20.Last.txt,2020-03-16 01:50:00,7556.0,7556.0,1
00_mnq_03_20.Last.txt,2020-03-16 01:51:00,7556.0,7556.0,1
00_mnq_03_20.Last.txt,2020-03-16 01:52:00,7556.0,7556.0,1
00_mnq_03_20.Last.txt,2020-03-16 01:53:00,7556.0,7556.0,2
00_mnq_03_20.Last.txt,2020-03-16 01:58:00,7556.0,7556.0,1
00_mnq_03_20.Last.txt,2020-03-16 02:04:00,7556.0,7556.0,3
00_mnq_03_20.Last.txt,2020-03-16 02:06:00,7556.0,7556.0,1
00_mnq_03_20.Last.txt,2020-03-16 02:07:00,7556.0,7556.0,1
00_mnq_03_20.Last.txt,2020-03-16 02:12:00,7556.0,7556.0,7
00_mnq_03_20.Last.txt,2020-03-16 02:13:00,7556.0,7556.0,1
00_mnq_03_20.Last.txt,2020-03-16 02:14:00,7556.0,7556.0,3
00_mnq_03_20.Last.txt,2020-03-16 02:15:00,7556.0,7556.0,3
00_mnq_03_20.Last.txt,2020-03-16 02:16:00,7556.0,7556.0,1
00_mnq_03_20.Last.txt,2020-03-16 02:20:00,7556.0,7556.0,1
00_mnq_03_20.Last.txt,2020-03-16 02:55:00,7556.0,7556.0,2
00_mnq_03_20.Last.txt,2020-03-16 03:19:00,7556.0,7556.0,1
00_mnq_03_20.Last.txt,2020-03-16 03:26:00,7556.0,7556.0,2
00_mnq_03_20.Last.txt,2020-03-16 04:12:00,7556.0,7556.0,5
00_mnq_03_20.Last.txt,2020-03-16 04:15:00,7556.0,7556.0,2
00_mnq_03_20.Last.txt,2020-03-16 04:49:00,7556.0,7556.0,1
00_mnq_03_20.Last.txt,2020-03-16 05:11:00,7556.0,7556.0,1
00_mnq_03_20.Last.txt,2020-03-16 05:14:00,7556.0,7556.0,2
00_mnq_03_20.Last.txt,2020-03-16 06:02:00,7556.0,7556.0,20
00_mnq_03_20.Last.txt,2020-03-16 06:36:00,7556.0,7556.0,30
00_mnq_03_20.Last.txt,2020-03-16 07:01:00,7556.0,7556.0,1
00_mnq_03_20.Last.txt,2020-03-16 07:19:00,7556.0,7556.0,1
00_mnq_03_20.Last.txt,2020-03-16 07:31:00,7556.0,7556.0,3
00_mnq_03_20.Last.txt,2020-03-16 07:40:00,7556.0,7556.0,11
00_mnq_03_20.Last.txt,2020-03-16 07:51:00,7556.0,7556.0,1
00_mnq_03_20.Last.txt,2020-03-16 08:08:00,7556.0,7556.0,2
00_mnq_03_20.Last.txt,2020-03-16 08:48:00,7556.0,7556.0,1
00_mnq_03_20.Last.txt,2020-03-16 08:51:00,7556.0,7556.0,4
00_mnq_03_20.Last.txt,2020-03-16 08:59:00,7556.0,7556.0,3
00_mnq_03_20.Last.txt,2020-03-16 09:03:00,7556.0,7556.0,1
00_mnq_03_20.Last.txt,2020-03-16 09:04:00,7556.0,7556.0,1
00_mnq_03_20.Last.txt,2020-03-16 09:41:00,7556.0,7556.0,1
00_mnq_03_20.Last.txt,2020-03-16 11:01:00,7556.0,7556.0,9
00_mnq_03_20.Last.txt,2020-03-16 11:31:00,7556.0,7556.0,1
00_mnq_03_20.Last.txt,2020-03-16 11:32:00,7556.0,7556.0,1
00_mnq_03_20.Last.txt,2020-03-16 12:03:00,7556.0,7556.0,1
00_mnq_03_20.Last.txt,2020-03-16 13:01:00,7556.0,7556.0,1
00_mnq_03_20.Last.txt,2020-03-16 13:11:00,7556.0,7556.0,1
00_mnq_03_20.Last.txt,2020-03-16 13:21:00,7556.0,7556.0,3
00_mnq_03_20.Last.txt,2020-03-16 13:25:00,7556.0,7556.0,3
00_mnq_03_20.Last.txt,2020-03-16 13:31:00,7396.25,7396.25,30
00_mnq_03_20.Last.txt,2020-03-17 01:08:00,7294.25,7294.25,17
00_mnq_03_20.Last.txt,2020-03-17 01:09:00,7294.25,7294.25,35
00_mnq_03_20.Last.txt,2020-03-17 01:13:00,7294.25,7294.25,6
00_mnq_03_20.Last.txt,2020-03-17 01:14:00,7294.25,7294.25,1
00_mnq_03_20.Last.txt,2020-03-17 01:16:00,7294.25,7294.25,1
00_mnq_03_20.Last.txt,2020-03-17 01:17:00,7294.25,7294.25,5
00_mnq_03_20.Last.txt,2020-03-17 01:20:00,7294.25,7294.25,1
00_mnq_03_20.Last.txt,2020-03-17 01:21:00,7294.25,7294.25,4
00_mnq_03_20.Last.txt,2020-03-17 01:22:00,7294.25,7294.25,1
00_mnq_03_20.Last.txt,2020-03-17 01:23:00,7294.25,7294.25,5
00_mnq_03_20.Last.txt,2020-03-17 01:28:00,7294.25,7294.25,4
00_mnq_03_20.Last.txt,2020-03-17 01:34:00,7294.25,7294.25,2
00_mnq_03_20.Last.txt,2020-03-17 01:36:00,7294.25,7294.25,3
00_mnq_03_20.Last.txt,2020-03-17 01:45:00,7294.25,7294.25,2
00_mnq_03_20.Last.txt,2020-03-17 01:51:00,7294.25,7294.25,9
00_mnq_03_20.Last.txt,2020-03-17 01:52:00,7294.25,7294.25,5
00_mnq_03_20.Last.txt,2020-03-17 01:53:00,7294.25,7294.25,2
00_mnq_03_20.Last.txt,2020-03-17 01:54:00,7294.25,7294.25,6
00_mnq_03_20.Last.txt,2020-03-17 01:58:00,7294.25,7294.25,1
00_mnq_03_20.Last.txt,2020-03-17 02:00:00,7294.25,7294.25,1
00_mnq_03_20.Last.txt,2020-03-17 02:01:00,7294.25,7294.25,1
00_mnq_03_20.Last.txt,2020-03-17 02:02:00,7294.25,7294.25,1
00_mnq_03_20.Last.txt,2020-03-17 02:03:00,7294.25,7294.25,2
00_mnq_03_20.Last.txt,2020-03-17 02:04:00,7294.25,7294.25,7
00_mnq_03_20.Last.txt,2020-03-17 02:05:00,7294.25,7294.25,2
00_mnq_03_20.Last.txt,2020-03-17 02:07:00,7294.25,7294.25,8
00_mnq_03_20.Last.txt,2020-03-17 02:11:00,7294.25,7294.25,6
00_mnq_03_20.Last.txt,2020-03-17 02:34:00,7291.75,7291.75,2
00_mnq_03_20.Last.txt,2020-03-17 02:36:00,7294.25,7294.25,1
00_mnq_03_20.Last.txt,2020-03-17 02:39:00,7294.0,7294.0,1
00_mnq_03_20.Last.txt,2020-03-17 02:40:00,7294.25,7294.25,2
00_mnq_03_20.Last.txt,2020-03-17 02:43:00,7294.25,7294.25,1
00_mnq_03_20.Last.txt,2020-03-17 02:45:00,7294.25,7294.25,1
00_mnq_03_20.Last.txt,2020-03-17 02:46:00,7294.25,7294.25,1
00_mnq_03_20.Last.txt,2020-03-17 03:04:00,7294.25,7294.25,1
00_mnq_03_20.Last.txt,2020-03-17 03:05:00,7294.25,7294.25,2
00_mnq_03_20.Last.txt,2020-03-17 03:13:00,7294.25,7294.25,1
00_mnq_03_20.Last.txt,2020-03-17 03:15:00,7294.25,7294.25,5
00_mnq_03_20.Last.txt,2020-03-17 03:19:00,7294.25,7294.25,4
00_mnq_03_20.Last.txt,2020-03-17 03:20:00,7292.0,7292.0,1
00_mnq_03_20.Last.txt,2020-03-17 03:21:00,7292.0,7292.0,2
00_mnq_03_20.Last.txt,2020-03-17 03:27:00,7294.25,7294.25,5
00_mnq_03_20.Last.txt,2020-03-17 03:29:00,7294.0,7294.0,1
00_mnq_03_20.Last.txt,2020-03-17 03:30:00,7294.25,7294.25,2
00_mnq_03_20.Last.txt,2020-03-17 03:46:00,7294.25,7294.25,2
00_mnq_03_20.Last.txt,2020-03-17 03:53:00,7294.25,7294.25,3
00_mnq_03_20.Last.txt,2020-03-17 04:00:00,7294.25,7294.25,1
00_mnq_03_20.Last.txt,2020-03-17 04:01:00,7294.25,7294.25,1
00_mnq_03_20.Last.txt,2020-03-17 04:16:00,7294.25,7294.25,1
00_mnq_03_20.Last.txt,2020-03-17 04:22:00,7294.25,7294.25,1
00_mnq_03_20.Last.txt,2020-03-17 04:29:00,7294.25,7294.25,2
00_mnq_03_20.Last.txt,2020-03-17 04:46:00,7294.25,7294.25,1
00_mnq_03_20.Last.txt,2020-03-17 04:54:00,7294.25,7294.25,1
00_mnq_03_20.Last.txt,2020-03-17 04:56:00,7294.25,7294.25,6
00_mnq_03_20.Last.txt,2020-03-17 05:11:00,7294.25,7294.25,1
00_mnq_03_20.Last.txt,2020-03-17 05:25:00,7294.25,7294.25,1
00_mnq_03_20.Last.txt,2020-03-17 05:32:00,7294.25,7294.25,20
00_mnq_03_20.Last.txt,2020-03-17 05:36:00,7294.25,7294.25,24
00_mnq_03_20.Last.txt,2020-03-17 05:37:00,7294.25,7294.25,6
00_mnq_03_20.Last.txt,2020-03-17 05:38:00,7294.25,7294.25,1
00_mnq_03_20.Last.txt,2020-03-17 05:40:00,7294.25,7294.25,2
00_mnq_03_20.Last.txt,2020-03-17 05:53:00,7294.25,7294.25,2
00_mnq_03_20.Last.txt,2020-03-17 05:54:00,7294.25,7294.25,5
00_mnq_03_20.Last.txt,2020-03-17 05:56:00,7294.25,7294.25,2
00_mnq_03_20.Last.txt,2020-03-17 05:57:00,7294.25,7294.25,3
00_mnq_03_20.Last.txt,2020-03-17 05:59:00,7294.25,7294.25,4
00_mnq_03_20.Last.txt,2020-03-17 06:04:00,7294.25,7294.25,5
00_mnq_03_20.Last.txt,2020-03-17 06:10:00,7294.25,7294.25,1
00_mnq_03_20.Last.txt,2020-03-17 06:28:00,7294.25,7294.25,1
00_mnq_03_20.Last.txt,2020-03-17 06:33:00,7294.25,7294.25,1
00_mnq_03_20.Last.txt,2020-03-17 06:35:00,7294.25,7294.25,1
00_mnq_03_20.Last.txt,2020-03-17 06:36:00,7294.25,7294.25,1
00_mnq_03_20.Last.txt,2020-03-17 06:39:00,7294.25,7294.25,1
00_mnq_03_20.Last.txt,2020-03-17 06:49:00,7294.25,7294.25,3
00_mnq_03_20.Last.txt,2020-03-17 06:54:00,7294.25,7294.25,1
00_mnq_03_20.Last.txt,2020-03-17 06:55:00,7294.25,7294.25,1
00_mnq_03_20.Last.txt,2020-03-17 06:56:00,7294.25,7294.25,3
00_mnq_03_20.Last.txt,2020-03-17 06:57:00,7294.25,7294.25,2
00_mnq_03_20.Last.txt,2020-03-17 07:31:00,7294.25,7294.25,3
00_mnq_03_20.Last.txt,2020-03-17 07:32:00,7294.25,7294.25,1
00_mnq_03_20.Last.txt,2020-03-17 07:47:00,7294.25,7294.25,1
00_mnq_03_20.Last.txt,2020-03-17 08:01:00,7294.25,7294.25,5
00_mnq_03_20.Last.txt,2020-03-17 08:16:00,7294.25,7294.25,1
00_mnq_03_20.Last.txt,2020-03-17 08:19:00,7294.25,7294.25,1
00_mnq_03_20.Last.txt,2020-03-17 08:24:00,7294.25,7294.25,13
00_mnq_03_20.Last.txt,2020-03-17 08:31:00,7294.25,7294.25,1
00_mnq_03_20.Last.txt,2020-03-17 08:32:00,7294.25,7294.25,2
00_mnq_03_20.Last.txt,2020-03-17 08:34:00,7294.25,7294.25,14
00_mnq_03_20.Last.txt,2020-03-18 22:46:00,7204.5,7204.5,2
00_mnq_03_20.Last.txt,2020-03-19 04:27:00,6949.5,6949.5,1
00_mnq_03_20.Last.txt,2020-03-19 04:28:00,6962.0,6962.0,2
00_mnq_03_20.Last.txt,2020-03-19 04:30:00,6986.25,6986.25,1
00_mnq_03_20.Last.txt,2020-03-19 04:48:00,6968.25,6968.25,1
00_mnq_03_20.Last.txt,2020-03-19 05:02:00,6971.25,6971.25,3
00_mnq_03_20.Last.txt,2020-03-19 05:05:00,6974.25,6974.25,1
00_mnq_03_20.Last.txt,2020-03-19 05:06:00,6968.25,6968.25,3
00_mnq_03_20.Last.txt,2020-03-19 05:09:00,6992.25,6992.25,2
00_mnq_03_20.Last.txt,2020-03-19 05:10:00,6986.25,6986.25,1
00_mnq_03_20.Last.txt,2020-03-19 05:11:00,6986.25,6986.25,1
00_mnq_03_20.Last.txt,2020-03-19 05:12:00,6977.25,6977.25,1
00_mnq_03_20.Last.txt,2020-03-19 20:37:00,7248.0,7248.0,1
00_mnq_03_20.Last.txt,2020-03-19 20:50:00,7180.25,7180.25,3
00_mnq_03_20.Last.txt,2020-03-19 20:57:00,7193.0,7193.0,1
00_mnq_03_20.Last.txt,2020-03-19 22:16:00,7223.25,7223.25,1
00_mnq_03_20.Last.txt,2020-03-19 22:18:00,7220.25,7220.25,1
00_mnq_03_20.Last.txt,2020-03-19 22:19:00,7220.25,7220.25,2
00_mnq_03_20.Last.txt,2020-03-19 22:22:00,7238.25,7238.25,1
00_mnq_03_20.Last.txt,2020-03-19 22:24:00,7224.75,7224.75,1
00_mnq_03_20.Last.txt,2020-03-19 22:31:00,7214.25,7214.25,1
00_mnq_03_20.Last.txt,2020-03-19 22:41:00,7193.25,7193.25,1
00_mnq_03_20.Last.txt,2020-03-19 22:48:00,7186.25,7186.25,3
00_mnq_03_20.Last.txt,2020-03-19 22:52:00,7181.25,7181.25,1
00_mnq_03_20.Last.txt,2020-03-19 22:56:00,7185.25,7185.25,5
00_mnq_03_20.Last.txt,2020-03-19 23:06:00,7157.25,7157.25,1
00_mnq_03_20.Last.txt,2020-03-19 23:08:00,7166.25,7166.25,4
00_mnq_03_20.Last.txt,2020-03-19 23:11:00,7154.25,7154.25,1
00_mnq_03_20.Last.txt,2020-03-19 23:14:00,7166.25,7166.25,1
00_mnq_03_20.Last.txt,2020-03-19 23:15:00,7165.25,7165.25,1
00_mnq_03_20.Last.txt,2020-03-19 23:19:00,7185.25,7185.25,1
00_mnq_03_20.Last.txt,2020-03-19 23:21:00,7190.25,7190.25,1
00_mnq_03_20.Last.txt,2020-03-19 23:25:00,7217.25,7217.25,1
00_mnq_03_20.Last.txt,2020-03-19 23:26:00,7208.25,7208.25,1
00_mnq_03_20.Last.txt,2020-03-19 23:27:00,7190.0,7190.0,1
00_mnq_03_20.Last.txt,2020-03-19 23:30:00,7183.5,7183.5,1
00_mnq_03_20.Last.txt,2020-03-19 23:32:00,7182.0,7182.0,1
00_mnq_03_20.Last.txt,2020-03-19 23:34:00,7190.0,7190.0,1
00_mnq_03_20.Last.txt,2020-03-19 23:38:00,7177.25,7177.25,1
00_mnq_03_20.Last.txt,2020-03-19 23:40:00,7188.5,7188.5,1
00_mnq_03_20.Last.txt,2020-03-19 23:43:00,7188.75,7188.75,1
00_mnq_03_20.Last.txt,2020-03-19 23:45:00,7194.0,7194.0,1
00_mnq_03_20.Last.txt,2020-03-19 23:46:00,7198.75,7198.75,1
00_mnq_03_20.Last.txt,2020-03-19 23:47:00,7190.25,7190.25,2
00_mnq_03_20.Last.txt,2020-03-19 23:48:00,7200.0,7200.0,1
00_mnq_03_20.Last.txt,2020-03-19 23:50:00,7204.25,7204.25,1
00_mnq_03_20.Last.txt,2020-03-19 23:54:00,7213.25,7213.25,1
00_mnq_03_20.Last.txt,2020-03-20 00:04:00,7220.25,7220.25,3
00_mnq_03_20.Last.txt,2020-03-20 00:15:00,7210.25,7210.25,1
00_mnq_03_20.Last.txt,2020-03-20 00:16:00,7206.25,7206.25,1
00_mnq_03_20.Last.txt,2020-03-20 00:17:00,7204.0,7204.0,1
00_mnq_03_20.Last.txt,2020-03-20 00:22:00,7236.25,7236.25,1
00_mnq_03_20.Last.txt,2020-03-20 00:32:00,7248.0,7248.0,3
00_mnq_03_20.Last.txt,2020-03-20 00:36:00,7241.25,7241.25,1
00_mnq_03_20.Last.txt,2020-03-20 00:40:00,7252.75,7252.75,1
00_mnq_03_20.Last.txt,2020-03-20 00:48:00,7235.25,7235.25,4
00_mnq_03_20.Last.txt,2020-03-20 00:49:00,7235.25,7235.25,1
00_mnq_03_20.Last.txt,2020-03-20 00:50:00,7235.25,7235.25,3
00_mnq_03_20.Last.txt,2020-03-20 00:54:00,7241.0,7241.0,3
00_mnq_03_20.Last.txt,2020-03-20 01:15:00,7329.75,7329.75,1
00_mnq_03_20.Last.txt,2020-03-20 01:33:00,7306.0,7306.0,1
00_mnq_03_20.Last.txt,2020-03-20 01:35:00,7298.5,7298.5,5
00_mnq_03_20.Last.txt,2020-03-20 01:36:00,7310.25,7310.25,1
00_mnq_03_20.Last.txt,2020-03-20 01:46:00,7226.0,7226.0,1
00_mnq_03_20.Last.txt,2020-03-20 02:05:00,7234.75,7234.75,1
00_mnq_03_20.Last.txt,2020-03-20 02:09:00,7245.25,7245.25,1
00_mnq_03_20.Last.txt,2020-03-20 02:17:00,7301.75,7301.75,1
00_mnq_03_20.Last.txt,2020-03-20 02:18:00,7296.25,7296.25,1
00_mnq_03_20.Last.txt,2020-03-20 02:19:00,7296.25,7296.25,1
00_mnq_03_20.Last.txt,2020-03-20 02:20:00,7310.25,7310.25,1
00_mnq_03_20.Last.txt,2020-03-20 02:21:00,7296.25,7296.25,1
00_mnq_03_20.Last.txt,2020-03-20 02:25:00,7317.5,7317.5,1
00_mnq_03_20.Last.txt,2020-03-20 02:29:00,7271.5,7271.5,1
00_mnq_03_20.Last.txt,2020-03-20 02:36:00,7296.5,7296.5,1
00_mnq_03_20.Last.txt,2020-03-20 02:42:00,7307.25,7307.25,1
00_mnq_03_20.Last.txt,2020-03-20 02:43:00,7307.25,7307.25,2
00_mnq_03_20.Last.txt,2020-03-20 02:56:00,7310.0,7310.0,1
00_mnq_03_20.Last.txt,2020-03-20 03:01:00,7310.25,7310.25,1
00_mnq_03_20.Last.txt,2020-03-20 03:02:00,7295.25,7295.25,1
00_mnq_03_20.Last.txt,2020-03-20 03:04:00,7299.25,7299.25,1
00_mnq_03_20.Last.txt,2020-03-20 03:07:00,7273.0,7273.0,2
00_mnq_03_20.Last.txt,2020-03-20 03:09:00,7283.25,7283.25,1
00_mnq_03_20.Last.txt,2020-03-20 03:10:00,7285.25,7285.25,1
00_mnq_03_20.Last.txt,2020-03-20 03:11:00,7282.25,7282.25,4
00_mnq_03_20.Last.txt,2020-03-20 03:21:00,7300.75,7300.75,2
00_mnq_03_20.Last.txt,2020-03-20 03:23:00,7285.25,7285.25,1
00_mnq_03_20.Last.txt,2020-03-20 03:24:00,7280.0,7280.0,2
00_mnq_03_20.Last.txt,2020-03-20 03:29:00,7294.75,7294.75,2
00_mnq_03_20.Last.txt,2020-03-20 03:31:00,7293.75,7293.75,1
00_mnq_03_20.Last.txt,2020-03-20 03:34:00,7284.75,7284.75,1
00_mnq_03_20.Last.txt,2020-03-20 03:37:00,7282.25,7282.25,1
00_mnq_03_20.Last.txt,2020-03-20 03:39:00,7293.25,7293.25,3
00_mnq_03_20.Last.txt,2020-03-20 03:40:00,7291.25,7291.25,1
00_mnq_03_20.Last.txt,2020-03-20 03:44:00,7295.25,7295.25,1
00_mnq_03_20.Last.txt,2020-03-20 03:45:00,7297.25,7297.25,1
00_mnq_03_20.Last.txt,2020-03-20 03:47:00,7304.25,7304.25,1
00_mnq_03_20.Last.txt,2020-03-20 03:50:00,7308.75,7308.75,1
00_mnq_03_20.Last.txt,2020-03-20 03:53:00,7300.25,7300.25,1
00_mnq_03_20.Last.txt,2020-03-20 03:55:00,7300.25,7300.25,1
00_mnq_03_20.Last.txt,2020-03-20 04:01:00,7300.25,7300.25,1
00_mnq_03_20.Last.txt,2020-03-20 04:03:00,7303.5,7303.5,1
00_mnq_03_20.Last.txt,2020-03-20 04:05:00,7305.0,7305.0,1
00_mnq_03_20.Last.txt,2020-03-20 04:09:00,7298.25,7298.25,4
00_mnq_03_20.Last.txt,2020-03-20 04:11:00,7314.0,7314.0,1
00_mnq_03_20.Last.txt,2020-03-20 04:14:00,7307.25,7307.25,2
00_mnq_03_20.Last.txt,2020-03-20 04:34:00,7348.0,7348.0,2
00_mnq_03_20.Last.txt,2020-03-20 04:48:00,7338.0,7338.0,1
00_mnq_03_20.Last.txt,2020-03-20 04:54:00,7333.5,7333.5,2
00_mnq_03_20.Last.txt,2020-03-20 05:07:00,7308.75,7308.75,1
00_mnq_03_20.Last.txt,2020-03-20 05:14:00,7305.75,7305.75,1
00_mnq_03_20.Last.txt,2020-03-20 05:44:00,7321.5,7321.5,1
00_mnq_03_20.Last.txt,2020-03-20 05:46:00,7324.5,7324.5,1
00_mnq_03_20.Last.txt,2020-03-20 05:50:00,7324.5,7324.5,1
00_mnq_03_20.Last.txt,2020-03-20 05:52:00,7329.0,7329.0,1
00_mnq_03_20.Last.txt,2020-03-20 05:59:00,7323.0,7323.0,1
00_mnq_03_20.Last.txt,2020-03-20 06:00:00,7324.5,7324.5,1
00_mnq_03_20.Last.txt,2020-03-20 06:02:00,7327.5,7327.5,1
00_mnq_03_20.Last.txt,2020-03-20 06:09:00,7349.25,7349.25,1
00_mnq_03_20.Last.txt,2020-03-20 06:22:00,7371.75,7371.75,2
00_mnq_03_20.Last.txt,2020-03-20 06:48:00,7433.25,7433.25,3
00_mnq_03_20.Last.txt,2020-03-20 06:55:00,7459.5,7459.5,3
00_mnq_03_20.Last.txt,2020-03-20 08:09:00,7649.0,7649.0,1
00_mnq_03_20.Last.txt,2020-03-20 08:11:00,7649.0,7649.0,17
00_mnq_03_20.Last.txt,2020-03-20 08:14:00,7648.0,7648.0,1
00_mnq_03_20.Last.txt,2020-03-20 08:16:00,7649.0,7649.0,1
00_mnq_03_20.Last.txt,2020-03-20 08:19:00,7646.0,7646.0,1
00_mnq_03_20.Last.txt,2020-03-20 08:22:00,7646.5,7646.5,1
00_mnq_03_20.Last.txt,2020-03-20 08:23:00,7646.5,7646.5,9
00_mnq_03_20.Last.txt,2020-03-20 08:25:00,7642.25,7642.25,1
00_mnq_03_20.Last.txt,2020-03-20 08:27:00,7642.25,7642.25,1
00_mnq_03_20.Last.txt,2020-03-20 09:04:00,7649.0,7649.0,1
00_mnq_03_20.Last.txt,2020-03-20 09:07:00,7649.0,7649.0,1
00_mnq_03_20.Last.txt,2020-03-20 09:12:00,7646.5,7646.5,1
00_mnq_03_20.Last.txt,2020-03-20 09:14:00,7647.0,7647.0,1
00_mnq_03_20.Last.txt,2020-03-20 09:24:00,7649.0,7649.0,1
00_mnq_03_20.Last.txt,2020-03-20 09:25:00,7649.0,7649.0,1
00_mnq_03_20.Last.txt,2020-03-20 09:30:00,7640.0,7640.0,1
00_mnq_03_20.Last.txt,2020-03-20 09:34:00,7646.25,7646.25,2
00_mnq_03_20.Last.txt,2020-03-20 09:41:00,7642.25,7642.25,1
00_mnq_03_20.Last.txt,2020-03-20 09:44:00,7642.25,7642.25,1
00_mnq_03_20.Last.txt,2020-03-20 09:46:00,7646.5,7646.5,2
00_mnq_03_20.Last.txt,2020-03-20 09:49:00,7646.5,7646.5,1
00_mnq_03_20.Last.txt,2020-03-20 09:50:00,7646.5,7646.5,1
00_mnq_03_20.Last.txt,2020-03-20 09:52:00,7648.0,7648.0,1
00_mnq_03_20.Last.txt,2020-03-20 09:57:00,7646.25,7646.25,8
00_mnq_03_20.Last.txt,2020-03-20 10:01:00,7646.25,7646.25,1
00_mnq_03_20.Last.txt,2020-03-20 10:08:00,7643.0,7643.0,7
00_mnq_03_20.Last.txt,2020-03-20 10:11:00,7643.0,7643.0,1
00_mnq_03_20.Last.txt,2020-03-20 10:19:00,7643.0,7643.0,1
00_mnq_03_20.Last.txt,2020-03-20 10:21:00,7648.0,7648.0,2
00_mnq_03_20.Last.txt,2020-03-20 10:23:00,7643.5,7643.5,1
00_mnq_03_20.Last.txt,2020-03-20 10:42:00,7643.25,7643.25,1
00_mnq_03_20.Last.txt,2020-03-20 10:47:00,7611.75,7611.75,1
00_mnq_03_20.Last.txt,2020-03-20 10:49:00,7620.25,7620.25,2
00_mnq_03_20.Last.txt,2020-03-20 10:50:00,7625.25,7625.25,2
00_mnq_03_20.Last.txt,2020-03-20 10:51:00,7629.25,7629.25,1
00_mnq_03_20.Last.txt,2020-03-20 10:52:00,7630.75,7630.75,1
00_mnq_03_20.Last.txt,2020-03-20 11:00:00,7617.25,7617.25,1
00_mnq_03_20.Last.txt,2020-03-20 11:16:00,7528.25,7528.25,4
00_mnq_03_20.Last.txt,2020-03-20 11:31:00,7540.5,7540.5,1
00_mnq_03_20.Last.txt,2020-03-20 13:12:00,7481.25,7481.25,1
00_mnq_03_20.Last.txt,2020-03-20 13:15:00,7484.25,7484.25,1
00_mnq_03_20.Last.txt,2020-03-20 13:22:00,7449.75,7449.75,1
00_mnq_03_20.Last.txt,2020-03-20 13:24:00,7476.25,7476.25,1
00_mnq_03_20.Last.txt,2020-03-20 13:25:00,7450.0,7450.0,2
00_mnq_03_20.Last.txt,2020-03-20 13:29:00,7400.0,7400.0,1
01_mnq_06_20.Last.txt,2020-03-24 09:49:00,7359.5,7359.5,10
01_mnq_06_20.Last.txt,2020-03-24 09:50:00,7359.5,7359.5,8
01_mnq_06_20.Last.txt,2020-03-24 09:51:00,7359.5,7359.5,13
01_mnq_06_20.Last.txt,2020-03-24 09:52:00,7359.5,7359.5,17
01_mnq_06_20.Last.txt,2020-03-24 09:53:00,7359.5,7359.5,3
01_mnq_06_20.Last.txt,2020-03-24 10:00:00,7359.5,7359.5,3
01_mnq_06_20.Last.txt,2020-03-24 10:01:00,7359.5,7359.5,2
01_mnq_06_20.Last.txt,2020-03-24 10:02:00,7359.5,7359.5,4
01_mnq_06_20.Last.txt,2020-03-24 10:03:00,7359.5,7359.5,1
01_mnq_06_20.Last.txt,2020-03-24 10:04:00,7359.5,7359.5,13
01_mnq_06_20.Last.txt,2020-03-24 10:05:00,7359.5,7359.5,4
01_mnq_06_20.Last.txt,2020-03-24 10:06:00,7359.5,7359.5,7
01_mnq_06_20.Last.txt,2020-03-24 10:08:00,7359.5,7359.5,2
01_mnq_06_20.Last.txt,2020-03-24 10:09:00,7359.5,7359.5,3
01_mnq_06_20.Last.txt,2020-03-24 10:11:00,7359.5,7359.5,19
01_mnq_06_20.Last.txt,2020-03-24 10:12:00,7359.5,7359.5,3
01_mnq_06_20.Last.txt,2020-03-24 10:15:00,7359.5,7359.5,8
01_mnq_06_20.Last.txt,2020-03-24 10:16:00,7359.5,7359.5,1
01_mnq_06_20.Last.txt,2020-03-24 10:17:00,7359.5,7359.5,11
01_mnq_06_20.Last.txt,2020-03-24 10:18:00,7359.5,7359.5,3
01_mnq_06_20.Last.txt,2020-03-24 10:24:00,7359.5,7359.5,1
01_mnq_06_20.Last.txt,2020-03-24 10:25:00,7359.5,7359.5,2
01_mnq_06_20.Last.txt,2020-03-24 10:26:00,7359.5,7359.5,1
01_mnq_06_20.Last.txt,2020-03-24 10:27:00,7359.5,7359.5,2
01_mnq_06_20.Last.txt,2020-03-24 10:28:00,7359.5,7359.5,2
01_mnq_06_20.Last.txt,2020-03-24 10:29:00,7359.5,7359.5,3
01_mnq_06_20.Last.txt,2020-03-24 10:31:00,7359.5,7359.5,1
01_mnq_06_20.Last.txt,2020-03-24 10:32:00,7359.5,7359.5,1
01_mnq_06_20.Last.txt,2020-03-24 10:33:00,7359.5,7359.5,1
01_mnq_06_20.Last.txt,2020-03-24 10:35:00,7359.5,7359.5,1
01_mnq_06_20.Last.txt,2020-03-24 10:38:00,7359.5,7359.5,2
01_mnq_06_20.Last.txt,2020-03-24 10:39:00,7359.5,7359.5,2
01_mnq_06_20.Last.txt,2020-03-24 10:40:00,7359.5,7359.5,3
01_mnq_06_20.Last.txt,2020-03-24 10:41:00,7359.5,7359.5,1
01_mnq_06_20.Last.txt,2020-03-24 10:42:00,7359.5,7359.5,1
01_mnq_06_20.Last.txt,2020-03-24 10:44:00,7359.5,7359.5,2
01_mnq_06_20.Last.txt,2020-03-24 10:45:00,7359.5,7359.5,1
01_mnq_06_20.Last.txt,2020-03-24 10:47:00,7359.5,7359.5,2
01_mnq_06_20.Last.txt,2020-03-24 10:48:00,7359.5,7359.5,1
01_mnq_06_20.Last.txt,2020-03-24 10:49:00,7359.5,7359.5,1
01_mnq_06_20.Last.txt,2020-03-24 10:50:00,7359.5,7359.5,1
01_mnq_06_20.Last.txt,2020-03-24 10:52:00,7359.5,7359.5,3
01_mnq_06_20.Last.txt,2020-03-24 10:55:00,7359.5,7359.5,5
01_mnq_06_20.Last.txt,2020-03-24 10:57:00,7359.5,7359.5,1
01_mnq_06_20.Last.txt,2020-03-24 10:58:00,7359.5,7359.5,1
01_mnq_06_20.Last.txt,2020-03-24 10:59:00,7359.5,7359.5,2
01_mnq_06_20.Last.txt,2020-03-24 11:01:00,7359.5,7359.5,63
01_mnq_06_20.Last.txt,2020-03-24 11:02:00,7359.5,7359.5,53
01_mnq_06_20.Last.txt,2020-03-24 13:18:00,7359.5,7359.5,7
01_mnq_06_20.Last.txt,2020-03-24 13:19:00,7359.5,7359.5,8
01_mnq_06_20.Last.txt,2020-03-24 13:23:00,7359.5,7359.5,10
01_mnq_06_20.Last.txt,2020-03-24 13:24:00,7359.5,7359.5,3
01_mnq_06_20.Last.txt,2020-03-28 19:51:00,7559.25,7559.25,1
01_mnq_06_20.Last.txt,2020-04-05 05:34:00,7524.0,7524.0,1
01_mnq_06_20.Last.txt,2020-04-10 15:12:00,8239.75,8239.75,1
01_mnq_06_20.Last.txt,2020-04-12 13:35:00,8239.75,8239.75,1
01_mnq_06_20.Last.txt,2020-04-19 16:37:00,8808.0,8808.0,1
01_mnq_06_20.Last.txt,2020-05-02 16:32:00,8702.0,8702.0,1
01_mnq_06_20.Last.txt,2020-05-02 16:51:00,8702.0,8702.0,1
01_mnq_06_20.Last.txt,2020-05-03 20:27:00,8702.0,8702.0,1
01_mnq_06_20.Last.txt,2020-05-09 20:51:00,9221.25,9221.25,1
01_mnq_06_20.Last.txt,2020-05-17 00:28:00,9119.75,9119.75,1
01_mnq_06_20.Last.txt,2020-05-24 14:50:00,9422.75,9422.75,2
01_mnq_06_20.Last.txt,2020-05-29 20:16:00,9577.25,9577.25,1
01_mnq_06_20.Last.txt,2020-05-30 13:42:00,9589.0,9589.0,1
01_mnq_06_20.Last.txt,2020-05-31 04:44:00,9589.0,9589.0,1
01_mnq_06_20.Last.txt,2020-06-07 18:20:00,9807.5,9807.5,1
01_mnq_06_20.Last.txt,2020-06-10 20:16:00,10083.5,10083.5,1
01_mnq_06_20.Last.txt,2020-06-13 19:38:00,9642.25,9642.25,1
01_mnq_06_20.Last.txt,2020-06-15 23:05:00,9816.0,9816.0,1
01_mnq_06_20.Last.txt,2020-06-16 09:55:00,9910.5,9910.5,3
01_mnq_06_20.Last.txt,2020-06-16 20:36:00,9967.25,9967.25,1
01_mnq_06_20.Last.txt,2020-06-16 20:37:00,9966.25,9966.25,3
01_mnq_06_20.Last.txt,2020-06-16 20:41:00,9966.0,9966.0,1
01_mnq_06_20.Last.txt,2020-06-16 20:49:00,9967.5,9967.5,1
01_mnq_06_20.Last.txt,2020-06-16 20:50:00,9968.25,9968.25,4
01_mnq_06_20.Last.txt,2020-06-16 20:53:00,9968.75,9968.75,1
01_mnq_06_20.Last.txt,2020-06-16 20:55:00,9970.5,9970.5,1
01_mnq_06_20.Last.txt,2020-06-16 22:25:00,9942.0,9942.0,1
01_mnq_06_20.Last.txt,2020-06-16 22:32:00,9955.5,9955.5,2
01_mnq_06_20.Last.txt,2020-06-16 22:49:00,9958.5,9958.5,1
01_mnq_06_20.Last.txt,2020-06-17 04:46:00,9981.75,9981.75,1
01_mnq_06_20.Last.txt,2020-06-17 05:45:00,9967.75,9967.75,2
01_mnq_06_20.Last.txt,2020-06-17 06:00:00,9972.0,9972.0,4
01_mnq_06_20.Last.txt,2020-06-17 06:56:00,9993.0,9993.0,3
01_mnq_06_20.Last.txt,2020-06-17 07:25:00,9998.25,9998.25,3
01_mnq_06_20.Last.txt,2020-06-17 12:19:00,10027.5,10027.5,1
01_mnq_06_20.Last.txt,2020-06-17 12:25:00,10023.75,10023.75,1
01_mnq_06_20.Last.txt,2020-06-17 12:28:00,10021.5,10021.5,3
01_mnq_06_20.Last.txt,2020-06-17 12:30:00,10022.25,10022.25,3
01_mnq_06_20.Last.txt,2020-06-17 17:10:00,10052.25,10052.25,1
01_mnq_06_20.Last.txt,2020-06-17 17:18:00,10045.5,10045.5,1
01_mnq_06_20.Last.txt,2020-06-17 17:32:00,10052.25,10052.25,9
01_mnq_06_20.Last.txt,2020-06-17 20:36:00,9996.5,9996.5,1
01_mnq_06_20.Last.txt,2020-06-17 20:43:00,9990.75,9990.75,1
01_mnq_06_20.Last.txt,2020-06-17 20:44:00,9990.25,9990.25,1
01_mnq_06_20.Last.txt,2020-06-17 20:54:00,9997.5,9997.5,4
01_mnq_06_20.Last.txt,2020-06-17 20:55:00,9998.0,9998.0,2
01_mnq_06_20.Last.txt,2020-06-17 20:58:00,9997.25,9997.25,1
01_mnq_06_20.Last.txt,2020-06-17 22:10:00,9990.0,9990.0,2
01_mnq_06_20.Last.txt,2020-06-17 22:14:00,9990.75,9990.75,2
01_mnq_06_20.Last.txt,2020-06-17 22:18:00,9978.75,9978.75,2
01_mnq_06_20.Last.txt,2020-06-17 22:25:00,9979.5,9979.5,1
01_mnq_06_20.Last.txt,2020-06-17 22:26:00,9981.0,9981.0,1
01_mnq_06_20.Last.txt,2020-06-17 22:27:00,9981.0,9981.0,1
01_mnq_06_20.Last.txt,2020-06-17 22:28:00,9983.25,9983.25,1
01_mnq_06_20.Last.txt,2020-06-17 22:52:00,10002.75,10002.75,1
01_mnq_06_20.Last.txt,2020-06-17 23:04:00,10002.0,10002.0,1
01_mnq_06_20.Last.txt,2020-06-17 23:05:00,9999.5,9999.5,1
01_mnq_06_20.Last.txt,2020-06-17 23:07:00,9997.5,9997.5,1
01_mnq_06_20.Last.txt,2020-06-17 23:13:00,9996.0,9996.0,1
01_mnq_06_20.Last.txt,2020-06-17 23:14:00,9996.75,9996.75,1
01_mnq_06_20.Last.txt,2020-06-17 23:18:00,9999.0,9999.0,1
01_mnq_06_20.Last.txt,2020-06-18 00:30:00,9945.0,9945.0,1
01_mnq_06_20.Last.txt,2020-06-18 01:00:00,9946.5,9946.5,1
01_mnq_06_20.Last.txt,2020-06-18 01:15:00,9955.5,9955.5,2
01_mnq_06_20.Last.txt,2020-06-18 01:18:00,9957.0,9957.0,5
01_mnq_06_20.Last.txt,2020-06-18 04:01:00,9946.5,9946.5,1
01_mnq_06_20.Last.txt,2020-06-18 04:12:00,9946.5,9946.5,1
01_mnq_06_20.Last.txt,2020-06-18 04:16:00,9943.5,9943.5,2
01_mnq_06_20.Last.txt,2020-06-18 04:21:00,9946.0,9946.0,1
01_mnq_06_20.Last.txt,2020-06-18 04:26:00,9945.5,9945.5,1
01_mnq_06_20.Last.txt,2020-06-18 04:27:00,9943.5,9943.5,2
01_mnq_06_20.Last.txt,2020-06-18 05:08:00,9970.75,9970.75,2
01_mnq_06_20.Last.txt,2020-06-18 05:21:00,9967.0,9967.0,1
01_mnq_06_20.Last.txt,2020-06-18 05:32:00,9959.25,9959.25,3
01_mnq_06_20.Last.txt,2020-06-18 05:34:00,9957.0,9957.0,1
01_mnq_06_20.Last.txt,2020-06-18 05:39:00,9951.0,9951.0,1
01_mnq_06_20.Last.txt,2020-06-18 08:30:00,9996.75,9996.75,1
01_mnq_06_20.Last.txt,2020-06-18 09:10:00,10017.75,10017.75,1
01_mnq_06_20.Last.txt,2020-06-18 09:57:00,10009.5,10009.5,1
01_mnq_06_20.Last.txt,2020-06-18 10:31:00,10005.75,10005.75,1
01_mnq_06_20.Last.txt,2020-06-18 10:36:00,10000.5,10000.5,2
01_mnq_06_20.Last.txt,2020-06-18 10:41:00,9999.0,9999.0,1
01_mnq_06_20.Last.txt,2020-06-18 10:43:00,10002.75,10002.75,1
01_mnq_06_20.Last.txt,2020-06-18 10:44:00,10002.75,10002.75,1
01_mnq_06_20.Last.txt,2020-06-18 10:47:00,10005.75,10005.75,1
01_mnq_06_20.Last.txt,2020-06-18 10:49:00,10003.5,10003.5,1
01_mnq_06_20.Last.txt,2020-06-18 10:56:00,9998.25,9998.25,1
01_mnq_06_20.Last.txt,2020-06-18 10:59:00,9999.75,9999.75,1
01_mnq_06_20.Last.txt,2020-06-18 11:14:00,9987.0,9987.0,2
01_mnq_06_20.Last.txt,2020-06-18 11:29:00,9980.0,9980.0,1
01_mnq_06_20.Last.txt,2020-06-18 11:33:00,9986.25,9986.25,1
01_mnq_06_20.Last.txt,2020-06-18 11:42:00,9976.5,9976.5,1
01_mnq_06_20.Last.txt,2020-06-18 11:43:00,9979.5,9979.5,1
01_mnq_06_20.Last.txt,2020-06-18 13:14:00,9969.75,9969.75,8
01_mnq_06_20.Last.txt,2020-06-18 13:19:00,9974.25,9974.25,1
01_mnq_06_20.Last.txt,2020-06-18 13:28:00,9972.0,9972.0,4
01_mnq_06_20.Last.txt,2020-06-18 16:50:00,9986.75,9986.75,2
01_mnq_06_20.Last.txt,2020-06-18 17:01:00,9988.5,9988.5,6
01_mnq_06_20.Last.txt,2020-06-18 17:02:00,9986.5,9986.5,1
01_mnq_06_20.Last.txt,2020-06-18 17:07:00,9984.5,9984.5,1
01_mnq_06_20.Last.txt,2020-06-18 17:13:00,9988.5,9988.5,5
01_mnq_06_20.Last.txt,2020-06-18 17:14:00,9988.75,9988.75,1
01_mnq_06_20.Last.txt,2020-06-18 17:21:00,9996.25,9996.25,4
01_mnq_06_20.Last.txt,2020-06-18 17:23:00,9990.0,9990.0,11
01_mnq_06_20.Last.txt,2020-06-18 17:45:00,10007.25,10007.25,1
01_mnq_06_20.Last.txt,2020-06-18 17:46:00,10006.0,10006.0,2
01_mnq_06_20.Last.txt,2020-06-18 17:48:00,10003.5,10003.5,3
01_mnq_06_20.Last.txt,2020-06-18 17:55:00,10002.75,10002.75,1
01_mnq_06_20.Last.txt,2020-06-18 18:13:00,9979.25,9979.25,1
01_mnq_06_20.Last.txt,2020-06-18 18:27:00,9982.5,9982.5,2
01_mnq_06_20.Last.txt,2020-06-18 18:37:00,9986.25,9986.25,3
01_mnq_06_20.Last.txt,2020-06-18 18:50:00,9976.25,9976.25,1
01_mnq_06_20.Last.txt,2020-06-18 18:53:00,9979.0,9979.0,1
01_mnq_06_20.Last.txt,2020-06-18 18:55:00,9981.75,9981.75,2
01_mnq_06_20.Last.txt,2020-06-18 18:57:00,9979.5,9979.5,11
01_mnq_06_20.Last.txt,2020-06-18 20:03:00,10009.75,10009.75,1
01_mnq_06_20.Last.txt,2020-06-18 20:12:00,10010.0,10010.0,1
01_mnq_06_20.Last.txt,2020-06-18 20:13:00,10011.75,10011.75,1
01_mnq_06_20.Last.txt,2020-06-18 20:35:00,9993.5,9993.5,5
01_mnq_06_20.Last.txt,2020-06-18 20:39:00,9994.25,9994.25,1
01_mnq_06_20.Last.txt,2020-06-18 20:40:00,9994.5,9994.5,1
01_mnq_06_20.Last.txt,2020-06-18 20:45:00,10003.0,10003.0,1
01_mnq_06_20.Last.txt,2020-06-18 20:47:00,10005.75,10005.75,1
01_mnq_06_20.Last.txt,2020-06-18 20:49:00,10005.0,10005.0,1
01_mnq_06_20.Last.txt,2020-06-18 20:50:00,10005.0,10005.0,1
01_mnq_06_20.Last.txt,2020-06-18 20:52:00,10003.25,10003.25,1
01_mnq_06_20.Last.txt,2020-06-18 20:59:00,10006.0,10006.0,1
01_mnq_06_20.Last.txt,2020-06-18 22:06:00,10002.75,10002.75,1
01_mnq_06_20.Last.txt,2020-06-18 22:07:00,10003.0,10003.0,1
01_mnq_06_20.Last.txt,2020-06-18 22:08:00,10006.0,10006.0,1
01_mnq_06_20.Last.txt,2020-06-18 22:24:00,10013.5,10013.5,1
01_mnq_06_20.Last.txt,2020-06-18 22:27:00,10013.5,10013.5,1
01_mnq_06_20.Last.txt,2020-06-18 22:28:00,10014.0,10014.0,1
01_mnq_06_20.Last.txt,2020-06-18 22:30:00,10012.0,10012.0,2
01_mnq_06_20.Last.txt,2020-06-18 22:32:00,10011.5,10011.5,1
01_mnq_06_20.Last.txt,2020-06-18 22:34:00,10014.5,10014.5,1
01_mnq_06_20.Last.txt,2020-06-18 22:35:00,10015.25,10015.25,1
01_mnq_06_20.Last.txt,2020-06-18 22:43:00,10016.25,10016.25,2
01_mnq_06_20.Last.txt,2020-06-18 22:45:00,10014.75,10014.75,1
01_mnq_06_20.Last.txt,2020-06-18 22:49:00,10015.25,10015.25,1
01_mnq_06_20.Last.txt,2020-06-18 23:15:00,10025.25,10025.25,1
01_mnq_06_20.Last.txt,2020-06-18 23:16:00,10024.5,10024.5,1
01_mnq_06_20.Last.txt,2020-06-18 23:20:00,10032.0,10032.0,1
01_mnq_06_20.Last.txt,2020-06-18 23:21:00,10030.5,10030.5,2
01_mnq_06_20.Last.txt,2020-06-18 23:23:00,10028.75,10028.75,1
01_mnq_06_20.Last.txt,2020-06-18 23:24:00,10027.5,10027.5,1
01_mnq_06_20.Last.txt,2020-06-18 23:30:00,10030.75,10030.75,2
01_mnq_06_20.Last.txt,2020-06-18 23:40:00,10032.75,10032.75,1
01_mnq_06_20.Last.txt,2020-06-18 23:44:00,10032.75,10032.75,2
01_mnq_06_20.Last.txt,2020-06-18 23:45:00,10034.0,10034.0,1
01_mnq_06_20.Last.txt,2020-06-18 23:56:00,10029.0,10029.0,3
01_mnq_06_20.Last.txt,2020-06-19 00:05:00,10026.75,10026.75,1
01_mnq_06_20.Last.txt,2020-06-19 00:07:00,10024.5,10024.5,1
01_mnq_06_20.Last.txt,2020-06-19 00:14:00,10018.25,10018.25,2
01_mnq_06_20.Last.txt,2020-06-19 00:25:00,10022.0,10022.0,1
01_mnq_06_20.Last.txt,2020-06-19 00:30:00,10013.25,10013.25,2
01_mnq_06_20.Last.txt,2020-06-19 00:39:00,10012.5,10012.5,1
01_mnq_06_20.Last.txt,2020-06-19 00:45:00,10012.75,10012.75,1
01_mnq_06_20.Last.txt,2020-06-19 00:47:00,10010.25,10010.25,1
01_mnq_06_20.Last.txt,2020-06-19 00:49:00,10009.5,10009.5,2
01_mnq_06_20.Last.txt,2020-06-19 00:52:00,10012.0,10012.0,1
01_mnq_06_20.Last.txt,2020-06-19 00:58:00,10013.25,10013.25,1
01_mnq_06_20.Last.txt,2020-06-19 00:59:00,10015.0,10015.0,1
01_mnq_06_20.Last.txt,2020-06-19 01:01:00,10011.5,10011.5,4
01_mnq_06_20.Last.txt,2020-06-19 01:06:00,10009.25,10009.25,1
01_mnq_06_20.Last.txt,2020-06-19 01:08:00,10003.25,10003.25,2
01_mnq_06_20.Last.txt,2020-06-19 01:18:00,10004.25,10004.25,1
01_mnq_06_20.Last.txt,2020-06-19 01:19:00,10006.0,10006.0,1
01_mnq_06_20.Last.txt,2020-06-19 01:29:00,10011.75,10011.75,3
01_mnq_06_20.Last.txt,2020-06-19 01:33:00,10015.0,10015.0,1
01_mnq_06_20.Last.txt,2020-06-19 01:45:00,10022.0,10022.0,1
01_mnq_06_20.Last.txt,2020-06-19 01:49:00,10025.25,10025.25,1
01_mnq_06_20.Last.txt,2020-06-19 01:50:00,10022.5,10022.5,1
01_mnq_06_20.Last.txt,2020-06-19 01:54:00,10017.75,10017.75,1
01_mnq_06_20.Last.txt,2020-06-19 01:56:00,10017.75,10017.75,1
01_mnq_06_20.Last.txt,2020-06-19 02:00:00,10008.75,10008.75,1
01_mnq_06_20.Last.txt,2020-06-19 02:04:00,10010.5,10010.5,1
01_mnq_06_20.Last.txt,2020-06-19 02:06:00,10011.25,10011.25,1
01_mnq_06_20.Last.txt,2020-06-19 02:13:00,10012.5,10012.5,1
01_mnq_06_20.Last.txt,2020-06-19 02:33:00,10020.5,10020.5,1
01_mnq_06_20.Last.txt,2020-06-19 02:40:00,10021.5,10021.5,1
01_mnq_06_20.Last.txt,2020-06-19 02:42:00,10021.25,10021.25,1
01_mnq_06_20.Last.txt,2020-06-19 02:43:00,10020.0,10020.0,1
01_mnq_06_20.Last.txt,2020-06-19 02:44:00,10020.0,10020.0,1
01_mnq_06_20.Last.txt,2020-06-19 02:45:00,10020.0,10020.0,1
01_mnq_06_20.Last.txt,2020-06-19 02:47:00,10020.0,10020.0,1
01_mnq_06_20.Last.txt,2020-06-19 02:48:00,10021.25,10021.25,1
01_mnq_06_20.Last.txt,2020-06-19 02:49:00,10022.25,10022.25,2
01_mnq_06_20.Last.txt,2020-06-19 02:50:00,10023.25,10023.25,1
01_mnq_06_20.Last.txt,2020-06-19 02:52:00,10022.25,10022.25,2
01_mnq_06_20.Last.txt,2020-06-19 03:00:00,10022.0,10022.0,2
01_mnq_06_20.Last.txt,2020-06-19 03:04:00,10019.5,10019.5,1
01_mnq_06_20.Last.txt,2020-06-19 03:06:00,10019.25,10019.25,1
01_mnq_06_20.Last.txt,2020-06-19 03:07:00,10019.25,10019.25,1
01_mnq_06_20.Last.txt,2020-06-19 03:12:00,10021.5,10021.5,5
01_mnq_06_20.Last.txt,2020-06-19 03:16:00,10024.0,10024.0,1
01_mnq_06_20.Last.txt,2020-06-19 03:21:00,10023.0,10023.0,1
01_mnq_06_20.Last.txt,2020-06-19 03:25:00,10020.75,10020.75,1
01_mnq_06_20.Last.txt,2020-06-19 03:27:00,10018.5,10018.5,1
01_mnq_06_20.Last.txt,2020-06-19 03:30:00,10014.25,10014.25,1
01_mnq_06_20.Last.txt,2020-06-19 03:32:00,10017.0,10017.0,1
01_mnq_06_20.Last.txt,2020-06-19 03:33:00,10013.0,10013.0,8
01_mnq_06_20.Last.txt,2020-06-19 03:38:00,10015.75,10015.75,3
01_mnq_06_20.Last.txt,2020-06-19 03:49:00,10019.5,10019.5,2
01_mnq_06_20.Last.txt,2020-06-19 03:52:00,10020.0,10020.0,1
01_mnq_06_20.Last.txt,2020-06-19 03:55:00,10022.5,10022.5,2
01_mnq_06_20.Last.txt,2020-06-19 03:59:00,10023.75,10023.75,2
01_mnq_06_20.Last.txt,2020-06-19 04:05:00,10032.0,10032.0,2
01_mnq_06_20.Last.txt,2020-06-19 04:11:00,10029.25,10029.25,1
01_mnq_06_20.Last.txt,2020-06-19 04:13:00,10030.75,10030.75,1
01_mnq_06_20.Last.txt,2020-06-19 04:16:00,10029.75,10029.75,1
01_mnq_06_20.Last.txt,2020-06-19 04:17:00,10029.75,10029.75,1
01_mnq_06_20.Last.txt,2020-06-19 04:18:00,10030.0,10030.0,2
01_mnq_06_20.Last.txt,2020-06-19 04:22:00,10032.0,10032.0,1
01_mnq_06_20.Last.txt,2020-06-19 04:24:00,10032.0,10032.0,4
01_mnq_06_20.Last.txt,2020-06-19 04:31:00,10028.0,10028.0,1
01_mnq_06_20.Last.txt,2020-06-19 04:32:00,10027.5,10027.5,1
01_mnq_06_20.Last.txt,2020-06-19 04:37:00,10026.5,10026.5,5
01_mnq_06_20.Last.txt,2020-06-19 04:43:00,10028.25,10028.25,1
01_mnq_06_20.Last.txt,2020-06-19 04:47:00,10028.25,10028.25,1
01_mnq_06_20.Last.txt,2020-06-19 04:51:00,10025.25,10025.25,1
01_mnq_06_20.Last.txt,2020-06-19 04:54:00,10023.75,10023.75,1
01_mnq_06_20.Last.txt,2020-06-19 04:59:00,10020.0,10020.0,1
01_mnq_06_20.Last.txt,2020-06-19 05:00:00,10020.0,10020.0,3
01_mnq_06_20.Last.txt,2020-06-19 05:01:00,10018.5,10018.5,1
01_mnq_06_20.Last.txt,2020-06-19 05:05:00,10020.75,10020.75,1
01_mnq_06_20.Last.txt,2020-06-19 05:15:00,10022.75,10022.75,1
01_mnq_06_20.Last.txt,2020-06-19 05:21:00,10022.0,10022.0,1
01_mnq_06_20.Last.txt,2020-06-19 05:23:00,10023.75,10023.75,1
01_mnq_06_20.Last.txt,2020-06-19 05:25:00,10027.25,10027.25,1
01_mnq_06_20.Last.txt,2020-06-19 05:32:00,10026.0,10026.0,1
01_mnq_06_20.Last.txt,2020-06-19 05:34:00,10029.0,10029.0,3
01_mnq_06_20.Last.txt,2020-06-19 05:48:00,10031.25,10031.25,1
01_mnq_06_20.Last.txt,2020-06-19 05:49:00,10033.5,10033.5,1
01_mnq_06_20.Last.txt,2020-06-19 06:03:00,10041.75,10041.75,2
01_mnq_06_20.Last.txt,2020-06-19 06:08:00,10047.5,10047.5,1
01_mnq_06_20.Last.txt,2020-06-19 06:11:00,10050.0,10050.0,1
01_mnq_06_20.Last.txt,2020-06-19 06:19:00,10050.0,10050.0,2
01_mnq_06_20.Last.txt,2020-06-19 06:27:00,10069.5,10069.5,1
01_mnq_06_20.Last.txt,2020-06-19 06:37:00,10081.5,10081.5,2
01_mnq_06_20.Last.txt,2020-06-19 06:40:00,10075.5,10075.5,1
01_mnq_06_20.Last.txt,2020-06-19 06:43:00,10077.0,10077.0,2
01_mnq_06_20.Last.txt,2020-06-19 06:59:00,10066.5,10066.5,1
01_mnq_06_20.Last.txt,2020-06-19 07:03:00,10065.0,10065.0,1
01_mnq_06_20.Last.txt,2020-06-19 07:09:00,10060.5,10060.5,1
01_mnq_06_20.Last.txt,2020-06-19 07:10:00,10059.5,10059.5,2
01_mnq_06_20.Last.txt,2020-06-19 07:12:00,10057.0,10057.0,2
01_mnq_06_20.Last.txt,2020-06-19 07:13:00,10060.0,10060.0,2
01_mnq_06_20.Last.txt,2020-06-19 07:19:00,10068.75,10068.75,1
01_mnq_06_20.Last.txt,2020-06-19 07:20:00,10068.0,10068.0,1
01_mnq_06_20.Last.txt,2020-06-19 07:22:00,10071.5,10071.5,1
01_mnq_06_20.Last.txt,2020-06-19 07:26:00,10067.25,10067.25,1
01_mnq_06_20.Last.txt,2020-06-19 07:27:00,10065.75,10065.75,1
01_mnq_06_20.Last.txt,2020-06-19 07:36:00,10062.75,10062.75,1
01_mnq_06_20.Last.txt,2020-06-19 07:40:00,10065.0,10065.0,1
01_mnq_06_20.Last.txt,2020-06-19 07:41:00,10064.5,10064.5,5
01_mnq_06_20.Last.txt,2020-06-19 07:44:00,10074.0,10074.0,2
01_mnq_06_20.Last.txt,2020-06-19 07:45:00,10071.75,10071.75,1
01_mnq_06_20.Last.txt,2020-06-19 07:47:00,10069.0,10069.0,12
01_mnq_06_20.Last.txt,2020-06-19 07:48:00,10068.0,10068.0,3
01_mnq_06_20.Last.txt,2020-06-19 07:49:00,10070.0,10070.0,2
01_mnq_06_20.Last.txt,2020-06-19 07:50:00,10069.75,10069.75,1
01_mnq_06_20.Last.txt,2020-06-19 07:52:00,10073.25,10073.25,1
01_mnq_06_20.Last.txt,2020-06-19 07:53:00,10072.0,10072.0,3
01_mnq_06_20.Last.txt,2020-06-19 07:55:00,10071.0,10071.0,1
01_mnq_06_20.Last.txt,2020-06-19 08:00:00,10081.25,10081.25,1
01_mnq_06_20.Last.txt,2020-06-19 08:02:00,10076.5,10076.5,6
01_mnq_06_20.Last.txt,2020-06-19 08:04:00,10075.0,10075.0,1
01_mnq_06_20.Last.txt,2020-06-19 08:05:00,10074.75,10074.75,1
01_mnq_06_20.Last.txt,2020-06-19 08:13:00,10060.25,10060.25,1
01_mnq_06_20.Last.txt,2020-06-19 08:18:00,10059.75,10059.75,1
01_mnq_06_20.Last.txt,2020-06-19 08:26:00,10062.0,10062.0,1
01_mnq_06_20.Last.txt,2020-06-19 08:29:00,10060.5,10060.5,1
01_mnq_06_20.Last.txt,2020-06-19 08:37:00,10065.0,10065.0,2
01_mnq_06_20.Last.txt,2020-06-19 08:38:00,10064.5,10064.5,2
01_mnq_06_20.Last.txt,2020-06-19 08:41:00,10058.25,10058.25,2
01_mnq_06_20.Last.txt,2020-06-19 08:47:00,10065.0,10065.0,2
01_mnq_06_20.Last.txt,2020-06-19 08:49:00,10071.75,10071.75,1
01_mnq_06_20.Last.txt,2020-06-19 08:50:00,10068.0,10068.0,2
01_mnq_06_20.Last.txt,2020-06-19 08:51:00,10069.5,10069.5,1
01_mnq_06_20.Last.txt,2020-06-19 08:57:00,10069.25,10069.25,5
01_mnq_06_20.Last.txt,2020-06-19 09:00:00,10073.0,10073.0,1
01_mnq_06_20.Last.txt,2020-06-19 09:02:00,10071.5,10071.5,1
01_mnq_06_20.Last.txt,2020-06-19 09:03:00,10072.5,10072.5,2
01_mnq_06_20.Last.txt,2020-06-19 09:05:00,10072.5,10072.5,1
01_mnq_06_20.Last.txt,2020-06-19 09:08:00,10070.75,10070.75,2
01_mnq_06_20.Last.txt,2020-06-19 09:10:00,10068.0,10068.0,1
01_mnq_06_20.Last.txt,2020-06-19 09:14:00,10073.25,10073.25,1
01_mnq_06_20.Last.txt,2020-06-19 09:19:00,10078.5,10078.5,10
01_mnq_06_20.Last.txt,2020-06-19 09:23:00,10073.75,10073.75,1
01_mnq_06_20.Last.txt,2020-06-19 09:27:00,10075.5,10075.5,1
01_mnq_06_20.Last.txt,2020-06-19 09:29:00,10074.75,10074.75,1
01_mnq_06_20.Last.txt,2020-06-19 09:31:00,10072.75,10072.75,10
01_mnq_06_20.Last.txt,2020-06-19 09:35:00,10076.5,10076.5,2
01_mnq_06_20.Last.txt,2020-06-19 09:36:00,10077.5,10077.5,1
01_mnq_06_20.Last.txt,2020-06-19 09:39:00,10079.25,10079.25,1
01_mnq_06_20.Last.txt,2020-06-19 09:40:00,10077.75,10077.75,1
01_mnq_06_20.Last.txt,2020-06-19 09:44:00,10076.5,10076.5,1
01_mnq_06_20.Last.txt,2020-06-19 09:47:00,10074.0,10074.0,2
01_mnq_06_20.Last.txt,2020-06-19 09:49:00,10073.25,10073.25,1
01_mnq_06_20.Last.txt,2020-06-19 09:52:00,10080.0,10080.0,1
01_mnq_06_20.Last.txt,2020-06-19 09:55:00,10075.0,10075.0,1
01_mnq_06_20.Last.txt,2020-06-19 09:57:00,10073.25,10073.25,1
01_mnq_06_20.Last.txt,2020-06-19 10:05:00,10080.0,10080.0,1
01_mnq_06_20.Last.txt,2020-06-19 10:06:00,10082.0,10082.0,2
01_mnq_06_20.Last.txt,2020-06-19 10:07:00,10081.5,10081.5,1
01_mnq_06_20.Last.txt,2020-06-19 10:13:00,10085.0,10085.0,1
01_mnq_06_20.Last.txt,2020-06-19 10:14:00,10085.0,10085.0,1
01_mnq_06_20.Last.txt,2020-06-19 10:20:00,10080.0,10080.0,1
01_mnq_06_20.Last.txt,2020-06-19 10:24:00,10080.25,10080.25,2
01_mnq_06_20.Last.txt,2020-06-19 10:25:00,10078.5,10078.5,1
01_mnq_06_20.Last.txt,2020-06-19 10:29:00,10076.25,10076.25,1
01_mnq_06_20.Last.txt,2020-06-19 10:33:00,10075.75,10075.75,1
01_mnq_06_20.Last.txt,2020-06-19 10:34:00,10074.5,10074.5,1
01_mnq_06_20.Last.txt,2020-06-19 10:36:00,10076.0,10076.0,2
01_mnq_06_20.Last.txt,2020-06-19 10:37:00,10075.5,10075.5,1
01_mnq_06_20.Last.txt,2020-06-19 10:38:00,10076.25,10076.25,2
01_mnq_06_20.Last.txt,2020-06-19 10:44:00,10077.25,10077.25,1
01_mnq_06_20.Last.txt,2020-06-19 10:47:00,10074.5,10074.5,2
01_mnq_06_20.Last.txt,2020-06-19 10:50:00,10074.5,10074.5,1
01_mnq_06_20.Last.txt,2020-06-19 10:59:00,10080.75,10080.75,1
01_mnq_06_20.Last.txt,2020-06-19 11:01:00,10080.5,10080.5,1
01_mnq_06_20.Last.txt,2020-06-19 11:03:00,10079.25,10079.25,2
01_mnq_06_20.Last.txt,2020-06-19 11:04:00,10081.25,10081.25,1
01_mnq_06_20.Last.txt,2020-06-19 11:08:00,10080.75,10080.75,2
01_mnq_06_20.Last.txt,2020-06-19 11:17:00,10075.75,10075.75,1
01_mnq_06_20.Last.txt,2020-06-19 11:18:00,10077.0,10077.0,1
01_mnq_06_20.Last.txt,2020-06-19 11:19:00,10077.5,10077.5,1
01_mnq_06_20.Last.txt,2020-06-19 11:21:00,10073.5,10073.5,2
01_mnq_06_20.Last.txt,2020-06-19 11:23:00,10074.75,10074.75,1
01_mnq_06_20.Last.txt,2020-06-19 11:27:00,10076.5,10076.5,1
01_mnq_06_20.Last.txt,2020-06-19 11:28:00,10078.25,10078.25,1
01_mnq_06_20.Last.txt,2020-06-19 11:38:00,10085.0,10085.0,1
01_mnq_06_20.Last.txt,2020-06-19 11:41:00,10081.5,10081.5,1
01_mnq_06_20.Last.txt,2020-06-19 11:42:00,10083.0,10083.0,1
01_mnq_06_20.Last.txt,2020-06-19 11:45:00,10081.5,10081.5,1
01_mnq_06_20.Last.txt,2020-06-19 11:50:00,10083.5,10083.5,2
01_mnq_06_20.Last.txt,2020-06-19 11:51:00,10081.0,10081.0,1
01_mnq_06_20.Last.txt,2020-06-19 11:52:00,10083.25,10083.25,1
01_mnq_06_20.Last.txt,2020-06-19 11:54:00,10085.75,10085.75,1
01_mnq_06_20.Last.txt,2020-06-19 12:04:00,10095.0,10095.0,1
01_mnq_06_20.Last.txt,2020-06-19 12:11:00,10097.5,10097.5,1
01_mnq_06_20.Last.txt,2020-06-19 12:18:00,10098.0,10098.0,1
01_mnq_06_20.Last.txt,2020-06-19 12:19:00,10097.0,10097.0,2
01_mnq_06_20.Last.txt,2020-06-19 12:23:00,10093.75,10093.75,1
01_mnq_06_20.Last.txt,2020-06-19 12:35:00,10100.0,10100.0,4
01_mnq_06_20.Last.txt,2020-06-19 12:47:00,10105.5,10105.5,2
01_mnq_06_20.Last.txt,2020-06-19 12:49:00,10101.75,10101.75,4
01_mnq_06_20.Last.txt,2020-06-19 13:05:00,10097.25,10097.25,1
02_mnq_09_20.Last.txt,2020-06-28 03:01:00,9844.0,9844.0,1
02_mnq_09_20.Last.txt,2020-06-28 05:09:00,9844.0,9844.0,1
02_mnq_09_20.Last.txt,2020-06-28 16:03:00,9844.0,9844.0,1
02_mnq_09_20.Last.txt,2020-06-28 16:16:00,9844.0,9844.0,1
02_mnq_09_20.Last.txt,2020-07-01 04:24:00,10140.25,10140.25,4
02_mnq_09_20.Last.txt,2020-07-11 17:19:00,10842.75,10842.75,1
02_mnq_09_20.Last.txt,2020-07-18 19:45:00,10623.5,10623.5,1
02_mnq_09_20.Last.txt,2020-07-25 22:30:00,10463.0,10463.0,1
02_mnq_09_20.Last.txt,2020-08-01 16:12:00,10915.5,10915.5,1
02_mnq_09_20.Last.txt,2020-08-09 14:56:00,11131.0,11131.0,1
02_mnq_09_20.Last.txt,2020-08-16 14:06:00,11145.75,11145.75,1
02_mnq_09_20.Last.txt,2020-08-17 21:01:00,11287.25,11287.25,1
02_mnq_09_20.Last.txt,2020-08-17 22:54:00,11293.0,11293.0,17
02_mnq_09_20.Last.txt,2020-08-19 22:57:00,11324.25,11324.25,6
02_mnq_09_20.Last.txt,2020-08-22 21:26:00,11563.0,11563.0,1
02_mnq_09_20.Last.txt,2020-08-23 04:09:00,11563.0,11563.0,1
02_mnq_09_20.Last.txt,2020-08-24 05:06:00,11605.0,11605.0,2
02_mnq_09_20.Last.txt,2020-08-24 22:53:00,11640.0,11640.0,3
02_mnq_09_20.Last.txt,2020-08-26 04:23:00,11739.0,11739.0,1
02_mnq_09_20.Last.txt,2020-08-26 04:28:00,11738.75,11738.75,6
02_mnq_09_20.Last.txt,2020-08-26 05:00:00,11739.0,11739.0,5
02_mnq_09_20.Last.txt,2020-08-30 16:04:00,12003.75,12003.75,2
02_mnq_09_20.Last.txt,2020-08-30 19:09:00,12003.75,12003.75,2
02_mnq_09_20.Last.txt,2020-08-30 20:58:00,12003.75,12003.75,1
02_mnq_09_20.Last.txt,2020-09-02 20:16:00,12411.25,12411.25,1
02_mnq_09_20.Last.txt,2020-09-03 03:48:00,12393.75,12393.75,3
02_mnq_09_20.Last.txt,2020-09-13 17:31:00,11073.0,11073.0,2
02_mnq_09_20.Last.txt,2020-09-13 21:25:00,11073.0,11073.0,1
02_mnq_09_20.Last.txt,2020-09-13 21:27:00,11073.0,11073.0,1
02_mnq_09_20.Last.txt,2020-09-14 04:22:00,11224.0,11224.0,3
02_mnq_09_20.Last.txt,2020-09-14 04:55:00,11223.75,11223.75,10
02_mnq_09_20.Last.txt,2020-09-15 03:43:00,11301.0,11301.0,1
02_mnq_09_20.Last.txt,2020-09-15 03:59:00,11302.0,11302.0,2
02_mnq_09_20.Last.txt,2020-09-15 04:03:00,11298.75,11298.75,1
02_mnq_09_20.Last.txt,2020-09-15 04:10:00,11300.75,11300.75,1
02_mnq_09_20.Last.txt,2020-09-15 04:11:00,11300.25,11300.25,6
02_mnq_09_20.Last.txt,2020-09-15 04:21:00,11305.0,11305.0,2
02_mnq_09_20.Last.txt,2020-09-15 06:30:00,11336.25,11336.25,1
02_mnq_09_20.Last.txt,2020-09-15 22:26:00,11473.25,11473.25,1
02_mnq_09_20.Last.txt,2020-09-15 22:29:00,11473.75,11473.75,5
02_mnq_09_20.Last.txt,2020-09-15 22:34:00,11473.5,11473.5,4
02_mnq_09_20.Last.txt,2020-09-15 22:46:00,11465.5,11465.5,2
02_mnq_09_20.Last.txt,2020-09-15 22:50:00,11468.0,11468.0,3
02_mnq_09_20.Last.txt,2020-09-15 23:04:00,11470.0,11470.0,3
02_mnq_09_20.Last.txt,2020-09-16 04:13:00,11498.25,11498.25,4
02_mnq_09_20.Last.txt,2020-09-16 04:22:00,11499.0,11499.0,3
02_mnq_09_20.Last.txt,2020-09-16 04:53:00,11491.75,11491.75,1
02_mnq_09_20.Last.txt,2020-09-16 04:56:00,11492.0,11492.0,1
02_mnq_09_20.Last.txt,2020-09-16 05:10:00,11485.0,11485.0,3
02_mnq_09_20.Last.txt,2020-09-16 05:25:00,11486.0,11486.0,1
02_mnq_09_20.Last.txt,2020-09-16 23:02:00,11292.25,11292.25,2
02_mnq_09_20.Last.txt,2020-09-16 23:17:00,11296.0,11296.0,2
02_mnq_09_20.Last.txt,2020-09-16 23:35:00,11292.25,11292.25,2
02_mnq_09_20.Last.txt,2020-09-16 23:36:00,11291.5,11291.5,1
02_mnq_09_20.Last.txt,2020-09-16 23:57:00,11285.0,11285.0,1
02_mnq_09_20.Last.txt,2020-09-17 03:51:00,11122.5,11122.5,4
02_mnq_09_20.Last.txt,2020-09-17 04:46:00,11127.25,11127.25,1
02_mnq_09_20.Last.txt,2020-09-17 20:33:00,11089.5,11089.5,2
02_mnq_09_20.Last.txt,2020-09-17 20:52:00,11081.25,11081.25,1
02_mnq_09_20.Last.txt,2020-09-17 20:53:00,11084.5,11084.5,1
02_mnq_09_20.Last.txt,2020-09-17 20:54:00,11083.0,11083.0,1
02_mnq_09_20.Last.txt,2020-09-17 20:55:00,11082.75,11082.75,1
02_mnq_09_20.Last.txt,2020-09-17 22:04:00,11076.25,11076.25,3
02_mnq_09_20.Last.txt,2020-09-17 22:06:00,11077.0,11077.0,1
02_mnq_09_20.Last.txt,2020-09-17 22:15:00,11084.0,11084.0,2
02_mnq_09_20.Last.txt,2020-09-17 22:21:00,11086.75,11086.75,1
02_mnq_09_20.Last.txt,2020-09-17 22:22:00,11088.75,11088.75,1
02_mnq_09_20.Last.txt,2020-09-17 22:29:00,11095.25,11095.25,3
02_mnq_09_20.Last.txt,2020-09-17 22:35:00,11094.0,11094.0,2
02_mnq_09_20.Last.txt,2020-09-17 22:36:00,11093.0,11093.0,1
02_mnq_09_20.Last.txt,2020-09-17 22:39:00,11094.0,11094.0,2
02_mnq_09_20.Last.txt,2020-09-17 22:43:00,11102.25,11102.25,1
02_mnq_09_20.Last.txt,2020-09-17 22:49:00,11106.0,11106.0,3
02_mnq_09_20.Last.txt,2020-09-17 22:53:00,11109.75,11109.75,1
02_mnq_09_20.Last.txt,2020-09-17 22:56:00,11113.25,11113.25,1
02_mnq_09_20.Last.txt,2020-09-17 23:00:00,11110.0,11110.0,1
02_mnq_09_20.Last.txt,2020-09-17 23:07:00,11125.5,11125.5,2
02_mnq_09_20.Last.txt,2020-09-17 23:08:00,11125.0,11125.0,1
02_mnq_09_20.Last.txt,2020-09-17 23:12:00,11124.0,11124.0,3
02_mnq_09_20.Last.txt,2020-09-17 23:17:00,11121.5,11121.5,1
02_mnq_09_20.Last.txt,2020-09-17 23:21:00,11122.25,11122.25,1
02_mnq_09_20.Last.txt,2020-09-17 23:23:00,11121.0,11121.0,2
02_mnq_09_20.Last.txt,2020-09-17 23:30:00,11121.0,11121.0,2
02_mnq_09_20.Last.txt,2020-09-17 23:31:00,11122.5,11122.5,1
02_mnq_09_20.Last.txt,2020-09-17 23:32:00,11119.5,11119.5,1
02_mnq_09_20.Last.txt,2020-09-17 23:34:00,11119.25,11119.25,2
02_mnq_09_20.Last.txt,2020-09-17 23:35:00,11119.5,11119.5,1
02_mnq_09_20.Last.txt,2020-09-18 00:06:00,11087.5,11087.5,1
02_mnq_09_20.Last.txt,2020-09-18 00:26:00,11097.75,11097.75,1
02_mnq_09_20.Last.txt,2020-09-18 00:37:00,11105.25,11105.25,5
02_mnq_09_20.Last.txt,2020-09-18 00:41:00,11095.5,11095.5,2
02_mnq_09_20.Last.txt,2020-09-18 00:48:00,11087.25,11087.25,2
02_mnq_09_20.Last.txt,2020-09-18 00:54:00,11070.25,11070.25,8
02_mnq_09_20.Last.txt,2020-09-18 01:27:00,11059.5,11059.5,2
02_mnq_09_20.Last.txt,2020-09-18 01:57:00,11081.75,11081.75,1
02_mnq_09_20.Last.txt,2020-09-18 02:34:00,11094.5,11094.5,2
02_mnq_09_20.Last.txt,2020-09-18 02:39:00,11094.75,11094.75,2
02_mnq_09_20.Last.txt,2020-09-18 02:41:00,11096.0,11096.0,1
02_mnq_09_20.Last.txt,2020-09-18 02:43:00,11096.25,11096.25,1
02_mnq_09_20.Last.txt,2020-09-18 02:47:00,11103.0,11103.0,1
02_mnq_09_20.Last.txt,2020-09-18 02:49:00,11097.25,11097.25,1
02_mnq_09_20.Last.txt,2020-09-18 02:51:00,11094.75,11094.75,3
02_mnq_09_20.Last.txt,2020-09-18 02:52:00,11094.75,11094.75,2
02_mnq_09_20.Last.txt,2020-09-18 02:58:00,11101.5,11101.5,1
02_mnq_09_20.Last.txt,2020-09-18 03:45:00,11107.5,11107.5,1
02_mnq_09_20.Last.txt,2020-09-18 03:47:00,11110.75,11110.75,1
02_mnq_09_20.Last.txt,2020-09-18 03:50:00,11106.75,11106.75,1
02_mnq_09_20.Last.txt,2020-09-18 03:54:00,11111.0,11111.0,2
02_mnq_09_20.Last.txt,2020-09-18 04:16:00,11089.25,11089.25,4
02_mnq_09_20.Last.txt,2020-09-18 04:19:00,11091.75,11091.75,2
02_mnq_09_20.Last.txt,2020-09-18 04:28:00,11099.25,11099.25,1
02_mnq_09_20.Last.txt,2020-09-18 04:30:00,11096.25,11096.25,1
02_mnq_09_20.Last.txt,2020-09-18 04:38:00,11109.75,11109.75,2
02_mnq_09_20.Last.txt,2020-09-18 04:53:00,11117.25,11117.25,8
02_mnq_09_20.Last.txt,2020-09-18 05:00:00,11115.0,11115.0,3
02_mnq_09_20.Last.txt,2020-09-18 05:07:00,11124.0,11124.0,2
02_mnq_09_20.Last.txt,2020-09-18 05:09:00,11110.5,11110.5,7
02_mnq_09_20.Last.txt,2020-09-18 05:41:00,11119.5,11119.5,2
02_mnq_09_20.Last.txt,2020-09-18 05:54:00,11112.75,11112.75,3
02_mnq_09_20.Last.txt,2020-09-18 06:21:00,11145.0,11145.0,2
02_mnq_09_20.Last.txt,2020-09-18 06:25:00,11143.0,11143.0,4
02_mnq_09_20.Last.txt,2020-09-18 06:34:00,11145.0,11145.0,1
02_mnq_09_20.Last.txt,2020-09-18 07:05:00,11127.0,11127.0,2
02_mnq_09_20.Last.txt,2020-09-18 07:15:00,11121.75,11121.75,1
02_mnq_09_20.Last.txt,2020-09-18 07:21:00,11133.75,11133.75,5
02_mnq_09_20.Last.txt,2020-09-18 07:29:00,11142.0,11142.0,1
02_mnq_09_20.Last.txt,2020-09-18 08:29:00,11129.25,11129.25,2
02_mnq_09_20.Last.txt,2020-09-18 08:41:00,11124.0,11124.0,4
02_mnq_09_20.Last.txt,2020-09-18 08:43:00,11125.0,11125.0,1
02_mnq_09_20.Last.txt,2020-09-18 08:49:00,11121.75,11121.75,1
02_mnq_09_20.Last.txt,2020-09-18 08:56:00,11124.0,11124.0,1
02_mnq_09_20.Last.txt,2020-09-18 08:57:00,11126.5,11126.5,1
02_mnq_09_20.Last.txt,2020-09-18 09:00:00,11121.75,11121.75,1
02_mnq_09_20.Last.txt,2020-09-18 09:01:00,11121.0,11121.0,1
02_mnq_09_20.Last.txt,2020-09-18 09:02:00,11125.5,11125.5,2
02_mnq_09_20.Last.txt,2020-09-18 09:09:00,11118.0,11118.0,1
02_mnq_09_20.Last.txt,2020-09-18 09:11:00,11126.25,11126.25,1
02_mnq_09_20.Last.txt,2020-09-18 09:13:00,11131.0,11131.0,3
02_mnq_09_20.Last.txt,2020-09-18 09:24:00,11136.0,11136.0,2
02_mnq_09_20.Last.txt,2020-09-18 09:25:00,11136.0,11136.0,7
02_mnq_09_20.Last.txt,2020-09-18 09:45:00,11150.0,11150.0,2
02_mnq_09_20.Last.txt,2020-09-18 10:03:00,11125.5,11125.5,1
02_mnq_09_20.Last.txt,2020-09-18 10:16:00,11129.25,11129.25,2
02_mnq_09_20.Last.txt,2020-09-18 10:27:00,11140.25,11140.25,8
02_mnq_09_20.Last.txt,2020-09-18 10:45:00,11127.0,11127.0,2
02_mnq_09_20.Last.txt,2020-09-18 10:46:00,11129.25,11129.25,2
02_mnq_09_20.Last.txt,2020-09-18 10:56:00,11121.75,11121.75,1
02_mnq_09_20.Last.txt,2020-09-18 11:00:00,11127.75,11127.75,2
02_mnq_09_20.Last.txt,2020-09-18 11:06:00,11140.0,11140.0,3
02_mnq_09_20.Last.txt,2020-09-18 11:08:00,11138.25,11138.25,1
02_mnq_09_20.Last.txt,2020-09-18 11:10:00,11136.75,11136.75,2
02_mnq_09_20.Last.txt,2020-09-18 11:13:00,11141.25,11141.25,1
02_mnq_09_20.Last.txt,2020-09-18 11:48:00,11144.5,11144.5,17
02_mnq_09_20.Last.txt,2020-09-18 12:11:00,11133.75,11133.75,2
02_mnq_09_20.Last.txt,2020-09-18 12:33:00,11138.75,11138.75,1
02_mnq_09_20.Last.txt,2020-09-18 12:41:00,11152.5,11152.5,2
02_mnq_09_20.Last.txt,2020-09-18 12:42:00,11151.25,11151.25,7
02_mnq_09_20.Last.txt,2020-09-18 12:53:00,11145.5,11145.5,1
02_mnq_09_20.Last.txt,2020-09-18 13:04:00,11155.5,11155.5,4
03_mnq_12_20.Last.txt,2020-10-11 13:39:00,11724.25,11724.25,2
03_mnq_12_20.Last.txt,2020-10-11 15:44:00,11724.25,11724.25,1
03_mnq_12_20.Last.txt,2020-10-11 21:25:00,11724.25,11724.25,1
03_mnq_12_20.Last.txt,2020-10-17 18:02:00,11793.25,11793.25,2
03_mnq_12_20.Last.txt,2020-10-17 18:08:00,11793.25,11793.25,1
03_mnq_12_20.Last.txt,2020-10-17 20:49:00,11793.25,11793.25,1
03_mnq_12_20.Last.txt,2020-10-17 20:52:00,11793.25,11793.25,1
03_mnq_12_20.Last.txt,2020-10-17 23:24:00,11793.25,11793.25,1
03_mnq_12_20.Last.txt,2020-10-18 09:02:00,11793.25,11793.25,1
03_mnq_12_20.Last.txt,2020-10-25 14:55:00,11669.5,11669.5,3
03_mnq_12_20.Last.txt,2020-10-31 19:42:00,11087.25,11087.25,2
03_mnq_12_20.Last.txt,2020-10-31 23:15:00,11087.25,11087.25,1
03_mnq_12_20.Last.txt,2020-11-15 14:41:00,11947.0,11947.0,2
03_mnq_12_20.Last.txt,2020-11-29 15:56:00,12274.5,12274.5,2
03_mnq_12_20.Last.txt,2020-12-06 15:02:00,12511.0,12511.0,1
03_mnq_12_20.Last.txt,2020-12-08 04:29:00,12565.5,12565.5,5
03_mnq_12_20.Last.txt,2020-12-08 04:30:00,12565.5,12565.5,7
03_mnq_12_20.Last.txt,2020-12-08 04:39:00,12567.5,12567.5,12
03_mnq_12_20.Last.txt,2020-12-09 04:27:00,12646.5,12646.5,7
03_mnq_12_20.Last.txt,2020-12-12 03:15:00,12368.25,12368.25,1
03_mnq_12_20.Last.txt,2020-12-12 20:04:00,12368.25,12368.25,1
03_mnq_12_20.Last.txt,2020-12-14 03:06:00,12417.25,12417.25,3
03_mnq_12_20.Last.txt,2020-12-14 04:13:00,12419.5,12419.5,6
03_mnq_12_20.Last.txt,2020-12-14 04:32:00,12419.25,12419.25,5
03_mnq_12_20.Last.txt,2020-12-14 11:13:00,12421.0,12421.0,3
03_mnq_12_20.Last.txt,2020-12-15 23:12:00,12601.0,12601.0,1
03_mnq_12_20.Last.txt,2020-12-15 23:59:00,12591.0,12591.0,1
03_mnq_12_20.Last.txt,2020-12-16 00:42:00,12589.5,12589.5,2
03_mnq_12_20.Last.txt,2020-12-16 01:20:00,12586.75,12586.75,2
03_mnq_12_20.Last.txt,2020-12-16 01:57:00,12587.25,12587.25,2
03_mnq_12_20.Last.txt,2020-12-16 04:14:00,12605.5,12605.5,1
03_mnq_12_20.Last.txt,2020-12-16 04:46:00,12608.75,12608.75,10
03_mnq_12_20.Last.txt,2020-12-16 05:52:00,12612.5,12612.5,4
03_mnq_12_20.Last.txt,2020-12-16 06:22:00,12610.25,12610.25,1
03_mnq_12_20.Last.txt,2020-12-16 06:28:00,12609.0,12609.0,2
03_mnq_12_20.Last.txt,2020-12-16 06:29:00,12609.0,12609.0,2
03_mnq_12_20.Last.txt,2020-12-16 06:32:00,12609.75,12609.75,1
03_mnq_12_20.Last.txt,2020-12-16 07:50:00,12612.0,12612.0,4
03_mnq_12_20.Last.txt,2020-12-16 21:50:00,12672.75,12672.75,3
03_mnq_12_20.Last.txt,2020-12-16 23:17:00,12684.25,12684.25,6
03_mnq_12_20.Last.txt,2020-12-16 23:34:00,12679.25,12679.25,2
03_mnq_12_20.Last.txt,2020-12-16 23:49:00,12680.75,12680.75,3
03_mnq_12_20.Last.txt,2020-12-16 23:52:00,12679.75,12679.75,13
03_mnq_12_20.Last.txt,2020-12-17 00:26:00,12674.5,12674.5,1
03_mnq_12_20.Last.txt,2020-12-17 00:32:00,12677.5,12677.5,13
03_mnq_12_20.Last.txt,2020-12-17 00:57:00,12675.5,12675.5,3
03_mnq_12_20.Last.txt,2020-12-17 00:58:00,12675.5,12675.5,3
03_mnq_12_20.Last.txt,2020-12-17 01:51:00,12675.0,12675.0,2
03_mnq_12_20.Last.txt,2020-12-17 02:04:00,12675.25,12675.25,4
03_mnq_12_20.Last.txt,2020-12-17 03:03:00,12678.0,12678.0,5
03_mnq_12_20.Last.txt,2020-12-17 03:05:00,12679.5,12679.5,2
03_mnq_12_20.Last.txt,2020-12-17 03:40:00,12688.5,12688.5,5
03_mnq_12_20.Last.txt,2020-12-17 03:47:00,12688.25,12688.25,3
03_mnq_12_20.Last.txt,2020-12-17 03:50:00,12687.25,12687.25,1
03_mnq_12_20.Last.txt,2020-12-17 03:51:00,12687.75,12687.75,1
03_mnq_12_20.Last.txt,2020-12-17 03:55:00,12688.25,12688.25,6
03_mnq_12_20.Last.txt,2020-12-17 03:56:00,12688.25,12688.25,2
03_mnq_12_20.Last.txt,2020-12-17 04:00:00,12688.0,12688.0,3
03_mnq_12_20.Last.txt,2020-12-17 04:02:00,12687.5,12687.5,2
03_mnq_12_20.Last.txt,2020-12-17 04:42:00,12700.75,12700.75,4
03_mnq_12_20.Last.txt,2020-12-17 04:43:00,12700.25,12700.25,1
03_mnq_12_20.Last.txt,2020-12-17 04:48:00,12701.25,12701.25,1
03_mnq_12_20.Last.txt,2020-12-17 05:17:00,12700.0,12700.0,1
03_mnq_12_20.Last.txt,2020-12-17 05:22:00,12700.75,12700.75,1
03_mnq_12_20.Last.txt,2020-12-17 05:26:00,12700.0,12700.0,1
03_mnq_12_20.Last.txt,2020-12-17 05:36:00,12706.25,12706.25,2
03_mnq_12_20.Last.txt,2020-12-17 05:42:00,12706.5,12706.5,3
03_mnq_12_20.Last.txt,2020-12-17 05:52:00,12707.75,12707.75,2
03_mnq_12_20.Last.txt,2020-12-17 06:04:00,12708.5,12708.5,20
03_mnq_12_20.Last.txt,2020-12-17 06:15:00,12706.75,12706.75,1
03_mnq_12_20.Last.txt,2020-12-17 06:32:00,12708.75,12708.75,1
03_mnq_12_20.Last.txt,2020-12-17 06:33:00,12708.0,12708.0,12
03_mnq_12_20.Last.txt,2020-12-17 06:45:00,12708.75,12708.75,1
03_mnq_12_20.Last.txt,2020-12-17 07:09:00,12711.75,12711.75,5
03_mnq_12_20.Last.txt,2020-12-17 08:42:00,12737.5,12737.5,3
03_mnq_12_20.Last.txt,2020-12-17 10:16:00,12729.25,12729.25,3
03_mnq_12_20.Last.txt,2020-12-17 10:18:00,12729.25,12729.25,1
03_mnq_12_20.Last.txt,2020-12-17 10:19:00,12728.75,12728.75,1
03_mnq_12_20.Last.txt,2020-12-17 10:33:00,12733.25,12733.25,3
03_mnq_12_20.Last.txt,2020-12-17 11:09:00,12730.75,12730.75,1
03_mnq_12_20.Last.txt,2020-12-17 11:15:00,12730.75,12730.75,5
03_mnq_12_20.Last.txt,2020-12-17 11:16:00,12730.75,12730.75,2
03_mnq_12_20.Last.txt,2020-12-17 11:21:00,12731.5,12731.5,4
03_mnq_12_20.Last.txt,2020-12-17 11:23:00,12732.25,12732.25,1
03_mnq_12_20.Last.txt,2020-12-17 11:39:00,12732.25,12732.25,6
03_mnq_12_20.Last.txt,2020-12-17 12:51:00,12727.25,12727.25,1
03_mnq_12_20.Last.txt,2020-12-17 21:40:00,12755.25,12755.25,1
03_mnq_12_20.Last.txt,2020-12-17 23:06:00,12746.5,12746.5,1
03_mnq_12_20.Last.txt,2020-12-17 23:09:00,12747.5,12747.5,1
03_mnq_12_20.Last.txt,2020-12-17 23:12:00,12747.0,12747.0,1
03_mnq_12_20.Last.txt,2020-12-17 23:18:00,12749.0,12749.0,2
03_mnq_12_20.Last.txt,2020-12-17 23:32:00,12751.0,12751.0,1
03_mnq_12_20.Last.txt,2020-12-17 23:35:00,12752.0,12752.0,8
03_mnq_12_20.Last.txt,2020-12-17 23:39:00,12750.75,12750.75,2
03_mnq_12_20.Last.txt,2020-12-17 23:46:00,12751.25,12751.25,2
03_mnq_12_20.Last.txt,2020-12-17 23:53:00,12752.0,12752.0,7
03_mnq_12_20.Last.txt,2020-12-17 23:59:00,12750.5,12750.5,1
03_mnq_12_20.Last.txt,2020-12-18 00:00:00,12750.75,12750.75,1
03_mnq_12_20.Last.txt,2020-12-18 00:02:00,12750.5,12750.5,3
03_mnq_12_20.Last.txt,2020-12-18 00:03:00,12750.5,12750.5,4
03_mnq_12_20.Last.txt,2020-12-18 00:05:00,12749.0,12749.0,5
03_mnq_12_20.Last.txt,2020-12-18 00:06:00,12749.0,12749.0,1
03_mnq_12_20.Last.txt,2020-12-18 00:07:00,12749.5,12749.5,1
03_mnq_12_20.Last.txt,2020-12-18 00:08:00,12750.0,12750.0,1
03_mnq_12_20.Last.txt,2020-12-18 00:10:00,12750.75,12750.75,5
03_mnq_12_20.Last.txt,2020-12-18 00:18:00,12745.25,12745.25,2
03_mnq_12_20.Last.txt,2020-12-18 00:37:00,12741.75,12741.75,1
03_mnq_12_20.Last.txt,2020-12-18 00:41:00,12741.0,12741.0,1
03_mnq_12_20.Last.txt,2020-12-18 00:46:00,12740.25,12740.25,2
03_mnq_12_20.Last.txt,2020-12-18 00:47:00,12741.0,12741.0,1
03_mnq_12_20.Last.txt,2020-12-18 00:50:00,12742.5,12742.5,2
03_mnq_12_20.Last.txt,2020-12-18 00:58:00,12736.75,12736.75,2
03_mnq_12_20.Last.txt,2020-12-18 01:03:00,12736.25,12736.25,6
03_mnq_12_20.Last.txt,2020-12-18 01:09:00,12733.75,12733.75,1
03_mnq_12_20.Last.txt,2020-12-18 01:15:00,12736.0,12736.0,3
03_mnq_12_20.Last.txt,2020-12-18 01:16:00,12736.75,12736.75,3
03_mnq_12_20.Last.txt,2020-12-18 01:20:00,12741.0,12741.0,4
03_mnq_12_20.Last.txt,2020-12-18 01:27:00,12738.75,12738.75,4
03_mnq_12_20.Last.txt,2020-12-18 01:28:00,12737.25,12737.25,1
03_mnq_12_20.Last.txt,2020-12-18 01:30:00,12739.5,12739.5,1
03_mnq_12_20.Last.txt,2020-12-18 01:32:00,12740.0,12740.0,2
03_mnq_12_20.Last.txt,2020-12-18 01:34:00,12741.5,12741.5,1
03_mnq_12_20.Last.txt,2020-12-18 01:40:00,12732.5,12732.5,1
03_mnq_12_20.Last.txt,2020-12-18 01:43:00,12729.0,12729.0,1
03_mnq_12_20.Last.txt,2020-12-18 01:47:00,12729.25,12729.25,1
03_mnq_12_20.Last.txt,2020-12-18 01:52:00,12728.0,12728.0,1
03_mnq_12_20.Last.txt,2020-12-18 01:54:00,12726.5,12726.5,1
03_mnq_12_20.Last.txt,2020-12-18 02:05:00,12726.5,12726.5,2
03_mnq_12_20.Last.txt,2020-12-18 02:09:00,12726.75,12726.75,1
03_mnq_12_20.Last.txt,2020-12-18 02:10:00,12728.0,12728.0,1
03_mnq_12_20.Last.txt,2020-12-18 02:14:00,12729.5,12729.5,1
03_mnq_12_20.Last.txt,2020-12-18 02:15:00,12728.25,12728.25,2
03_mnq_12_20.Last.txt,2020-12-18 02:16:00,12726.75,12726.75,1
03_mnq_12_20.Last.txt,2020-12-18 02:20:00,12728.75,12728.75,1
03_mnq_12_20.Last.txt,2020-12-18 02:21:00,12728.25,12728.25,2
03_mnq_12_20.Last.txt,2020-12-18 02:22:00,12729.25,12729.25,1
03_mnq_12_20.Last.txt,2020-12-18 02:25:00,12728.0,12728.0,1
03_mnq_12_20.Last.txt,2020-12-18 02:35:00,12728.25,12728.25,1
03_mnq_12_20.Last.txt,2020-12-18 02:36:00,12729.25,12729.25,2
03_mnq_12_20.Last.txt,2020-12-18 02:39:00,12728.75,12728.75,1
03_mnq_12_20.Last.txt,2020-12-18 02:40:00,12728.25,12728.25,1
03_mnq_12_20.Last.txt,2020-12-18 02:42:00,12730.5,12730.5,4
03_mnq_12_20.Last.txt,2020-12-18 02:43:00,12730.5,12730.5,1
03_mnq_12_20.Last.txt,2020-12-18 02:58:00,12723.25,12723.25,2
03_mnq_12_20.Last.txt,2020-12-18 03:00:00,12723.75,12723.75,1
04_mnq_03_21.Last.txt,2020-12-24 10:44:00,12670.25,12670.25,6
04_mnq_03_21.Last.txt,2020-12-24 11:56:00,12670.5,12670.5,2
04_mnq_03_21.Last.txt,2020-12-27 03:16:00,12704.75,12704.75,2
04_mnq_03_21.Last.txt,2020-12-30 06:55:00,12886.0,12886.0,9
04_mnq_03_21.Last.txt,2020-12-30 23:51:00,12851.0,12851.0,4
04_mnq_03_21.Last.txt,2020-12-31 05:01:00,12841.5,12841.5,6
04_mnq_03_21.Last.txt,2020-12-31 05:37:00,12845.75,12845.75,6
04_mnq_03_21.Last.txt,2020-12-31 05:46:00,12846.5,12846.5,27
04_mnq_03_21.Last.txt,2020-12-31 05:59:00,12848.25,12848.25,1
04_mnq_03_21.Last.txt,2020-12-31 06:44:00,12851.0,12851.0,2
04_mnq_03_21.Last.txt,2020-12-31 06:45:00,12851.0,12851.0,7
04_mnq_03_21.Last.txt,2020-12-31 06:56:00,12848.5,12848.5,7
04_mnq_03_21.Last.txt,2020-12-31 07:35:00,12851.5,12851.5,1
04_mnq_03_21.Last.txt,2020-12-31 10:27:00,12844.75,12844.75,16
04_mnq_03_21.Last.txt,2020-12-31 10:39:00,12849.0,12849.0,4
04_mnq_03_21.Last.txt,2021-01-09 20:54:00,13125.25,13125.25,1
04_mnq_03_21.Last.txt,2021-01-16 17:52:00,12764.5,12764.5,1
04_mnq_03_21.Last.txt,2021-01-23 21:53:00,13352.5,13352.5,1
04_mnq_03_21.Last.txt,2021-01-31 14:39:00,12871.5,12871.5,1
04_mnq_03_21.Last.txt,2021-02-06 20:30:00,13603.75,13603.75,1
04_mnq_03_21.Last.txt,2021-02-08 22:09:00,13685.0,13685.0,1
04_mnq_03_21.Last.txt,2021-02-12 11:17:00,13703.0,13703.0,2
04_mnq_03_21.Last.txt,2021-02-14 14:59:00,13821.75,13821.75,1
04_mnq_03_21.Last.txt,2021-02-15 04:26:00,13850.0,13850.0,6
04_mnq_03_21.Last.txt,2021-02-15 04:42:00,13852.75,13852.75,2
04_mnq_03_21.Last.txt,2021-02-15 12:23:00,13843.5,13843.5,3
04_mnq_03_21.Last.txt,2021-02-16 04:41:00,13895.25,13895.25,4
04_mnq_03_21.Last.txt,2021-02-17 22:28:00,13699.0,13699.0,1
04_mnq_03_21.Last.txt,2021-02-20 21:41:00,13572.0,13572.0,1
04_mnq_03_21.Last.txt,2021-03-14 13:50:00,12934.25,12934.25,1
04_mnq_03_21.Last.txt,2021-03-16 22:20:00,13178.5,13178.5,1
04_mnq_03_21.Last.txt,2021-03-16 22:36:00,13170.75,13170.75,1
04_mnq_03_21.Last.txt,2021-03-17 03:00:00,13144.0,13144.0,1
04_mnq_03_21.Last.txt,2021-03-17 04:30:00,13130.0,13130.0,4
04_mnq_03_21.Last.txt,2021-03-17 22:13:00,13215.75,13215.75,3
04_mnq_03_21.Last.txt,2021-03-17 23:43:00,13220.5,13220.5,2
04_mnq_03_21.Last.txt,2021-03-18 00:50:00,13264.5,13264.5,2
04_mnq_03_21.Last.txt,2021-03-18 10:51:00,13063.75,13063.75,1
04_mnq_03_21.Last.txt,2021-03-18 22:16:00,12828.5,12828.5,1
04_mnq_03_21.Last.txt,2021-03-18 22:20:00,12833.25,12833.25,1
04_mnq_03_21.Last.txt,2021-03-18 22:34:00,12815.5,12815.5,1
04_mnq_03_21.Last.txt,2021-03-18 22:35:00,12816.75,12816.75,1
04_mnq_03_21.Last.txt,2021-03-18 22:36:00,12819.0,12819.0,1
04_mnq_03_21.Last.txt,2021-03-18 22:43:00,12814.0,12814.0,1
04_mnq_03_21.Last.txt,2021-03-18 22:55:00,12810.75,12810.75,1
04_mnq_03_21.Last.txt,2021-03-18 23:00:00,12799.5,12799.5,1
04_mnq_03_21.Last.txt,2021-03-18 23:03:00,12805.5,12805.5,1
04_mnq_03_21.Last.txt,2021-03-18 23:05:00,12807.0,12807.0,6
04_mnq_03_21.Last.txt,2021-03-18 23:17:00,12800.0,12800.0,1
04_mnq_03_21.Last.txt,2021-03-18 23:25:00,12799.5,12799.5,1
04_mnq_03_21.Last.txt,2021-03-18 23:34:00,12806.0,12806.0,2
04_mnq_03_21.Last.txt,2021-03-18 23:52:00,12805.5,12805.5,1
04_mnq_03_21.Last.txt,2021-03-18 23:53:00,12805.5,12805.5,2
04_mnq_03_21.Last.txt,2021-03-18 23:55:00,12804.0,12804.0,1
04_mnq_03_21.Last.txt,2021-03-19 00:00:00,12802.0,12802.0,1
04_mnq_03_21.Last.txt,2021-03-19 00:14:00,12816.0,12816.0,1
04_mnq_03_21.Last.txt,2021-03-19 00:17:00,12820.5,12820.5,2
04_mnq_03_21.Last.txt,2021-03-19 00:21:00,12818.25,12818.25,6
04_mnq_03_21.Last.txt,2021-03-19 00:22:00,12814.25,12814.25,1
04_mnq_03_21.Last.txt,2021-03-19 00:23:00,12814.25,12814.25,2
04_mnq_03_21.Last.txt,2021-03-19 00:25:00,12817.0,12817.0,1
04_mnq_03_21.Last.txt,2021-03-19 00:26:00,12813.75,12813.75,3
04_mnq_03_21.Last.txt,2021-03-19 00:43:00,12826.0,12826.0,1
04_mnq_03_21.Last.txt,2021-03-19 00:46:00,12824.25,12824.25,1
04_mnq_03_21.Last.txt,2021-03-19 00:49:00,12826.0,12826.0,1
04_mnq_03_21.Last.txt,2021-03-19 00:52:00,12834.0,12834.0,7
04_mnq_03_21.Last.txt,2021-03-19 00:53:00,12832.0,12832.0,1
04_mnq_03_21.Last.txt,2021-03-19 00:55:00,12833.0,12833.0,1
04_mnq_03_21.Last.txt,2021-03-19 00:56:00,12833.25,12833.25,3
04_mnq_03_21.Last.txt,2021-03-19 00:59:00,12829.5,12829.5,2
04_mnq_03_21.Last.txt,2021-03-19 01:00:00,12825.75,12825.75,1
04_mnq_03_21.Last.txt,2021-03-19 01:11:00,12820.5,12820.5,1
04_mnq_03_21.Last.txt,2021-03-19 01:15:00,12815.25,12815.25,4
04_mnq_03_21.Last.txt,2021-03-19 01:45:00,12832.0,12832.0,1
04_mnq_03_21.Last.txt,2021-03-19 01:54:00,12828.5,12828.5,1
04_mnq_03_21.Last.txt,2021-03-19 01:56:00,12830.25,12830.25,1
04_mnq_03_21.Last.txt,2021-03-19 02:00:00,12832.5,12832.5,1
04_mnq_03_21.Last.txt,2021-03-19 02:50:00,12787.0,12787.0,1
04_mnq_03_21.Last.txt,2021-03-19 02:59:00,12788.25,12788.25,1
04_mnq_03_21.Last.txt,2021-03-19 03:00:00,12787.5,12787.5,6
04_mnq_03_21.Last.txt,2021-03-19 03:07:00,12785.0,12785.0,1
04_mnq_03_21.Last.txt,2021-03-19 03:10:00,12783.75,12783.75,1
04_mnq_03_21.Last.txt,2021-03-19 03:13:00,12784.0,12784.0,4
04_mnq_03_21.Last.txt,2021-03-19 03:18:00,12786.5,12786.5,1
04_mnq_03_21.Last.txt,2021-03-19 03:19:00,12786.5,12786.5,21
04_mnq_03_21.Last.txt,2021-03-19 03:36:00,12805.75,12805.75,2
04_mnq_03_21.Last.txt,2021-03-19 03:40:00,12804.5,12804.5,1
04_mnq_03_21.Last.txt,2021-03-19 03:45:00,12813.75,12813.75,1
04_mnq_03_21.Last.txt,2021-03-19 03:46:00,12816.5,12816.5,1
04_mnq_03_21.Last.txt,2021-03-19 03:56:00,12791.5,12791.5,2
04_mnq_03_21.Last.txt,2021-03-19 04:00:00,12790.5,12790.5,1
04_mnq_03_21.Last.txt,2021-03-19 04:02:00,12793.5,12793.5,1
04_mnq_03_21.Last.txt,2021-03-19 04:04:00,12793.5,12793.5,1
04_mnq_03_21.Last.txt,2021-03-19 04:18:00,12803.75,12803.75,1
04_mnq_03_21.Last.txt,2021-03-19 04:21:00,12808.75,12808.75,1
04_mnq_03_21.Last.txt,2021-03-19 04:22:00,12808.25,12808.25,8
04_mnq_03_21.Last.txt,2021-03-19 04:23:00,12810.75,12810.75,1
04_mnq_03_21.Last.txt,2021-03-19 04:24:00,12810.75,12810.75,1
04_mnq_03_21.Last.txt,2021-03-19 04:32:00,12813.75,12813.75,1
04_mnq_03_21.Last.txt,2021-03-19 04:36:00,12811.75,12811.75,1
04_mnq_03_21.Last.txt,2021-03-19 04:44:00,12811.75,12811.75,1
04_mnq_03_21.Last.txt,2021-03-19 04:49:00,12811.75,12811.75,3
04_mnq_03_21.Last.txt,2021-03-19 04:50:00,12813.0,12813.0,2
04_mnq_03_21.Last.txt,2021-03-19 04:55:00,12814.75,12814.75,1
04_mnq_03_21.Last.txt,2021-03-19 05:00:00,12811.75,12811.75,1
04_mnq_03_21.Last.txt,2021-03-19 05:07:00,12813.0,12813.0,1
04_mnq_03_21.Last.txt,2021-03-19 05:12:00,12813.75,12813.75,1
04_mnq_03_21.Last.txt,2021-03-19 05:20:00,12798.75,12798.75,1
04_mnq_03_21.Last.txt,2021-03-19 05:23:00,12786.75,12786.75,1
04_mnq_03_21.Last.txt,2021-03-19 05:30:00,12788.25,12788.25,1
04_mnq_03_21.Last.txt,2021-03-19 05:36:00,12794.0,12794.0,2
04_mnq_03_21.Last.txt,2021-03-19 05:39:00,12786.75,12786.75,1
04_mnq_03_21.Last.txt,2021-03-19 05:40:00,12788.0,12788.0,1
04_mnq_03_21.Last.txt,2021-03-19 05:51:00,12794.25,12794.25,3
04_mnq_03_21.Last.txt,2021-03-19 05:54:00,12796.0,12796.0,3
04_mnq_03_21.Last.txt,2021-03-19 06:00:00,12796.0,12796.0,1
04_mnq_03_21.Last.txt,2021-03-19 06:33:00,12765.5,12765.5,3
04_mnq_03_21.Last.txt,2021-03-19 06:40:00,12759.25,12759.25,1
04_mnq_03_21.Last.txt,2021-03-19 06:42:00,12756.0,12756.0,2
04_mnq_03_21.Last.txt,2021-03-19 06:59:00,12826.5,12826.5,1
04_mnq_03_21.Last.txt,2021-03-19 07:00:00,12821.25,12821.25,1
04_mnq_03_21.Last.txt,2021-03-19 07:30:00,12854.25,12854.25,2
04_mnq_03_21.Last.txt,2021-03-19 07:39:00,12873.75,12873.75,2
04_mnq_03_21.Last.txt,2021-03-19 07:52:00,12866.25,12866.25,1
04_mnq_03_21.Last.txt,2021-03-19 08:00:00,12875.75,12875.75,3
04_mnq_03_21.Last.txt,2021-03-19 08:56:00,12898.25,12898.25,1
04_mnq_03_21.Last.txt,2021-03-19 09:12:00,12897.0,12897.0,1
04_mnq_03_21.Last.txt,2021-03-19 09:15:00,12902.25,12902.25,2
04_mnq_03_21.Last.txt,2021-03-19 09:18:00,12908.0,12908.0,3
04_mnq_03_21.Last.txt,2021-03-19 09:29:00,12894.75,12894.75,1
04_mnq_03_21.Last.txt,2021-03-19 09:30:00,12895.5,12895.5,1
04_mnq_03_21.Last.txt,2021-03-19 09:41:00,12885.25,12885.25,1
04_mnq_03_21.Last.txt,2021-03-19 09:44:00,12887.75,12887.75,5
04_mnq_03_21.Last.txt,2021-03-19 09:56:00,12884.25,12884.25,1
04_mnq_03_21.Last.txt,2021-03-19 10:00:00,12886.0,12886.0,1
04_mnq_03_21.Last.txt,2021-03-19 10:08:00,12886.0,12886.0,1
04_mnq_03_21.Last.txt,2021-03-19 10:34:00,12872.25,12872.25,11
04_mnq_03_21.Last.txt,2021-03-19 10:44:00,12867.25,12867.25,5
04_mnq_03_21.Last.txt,2021-03-19 10:45:00,12867.25,12867.25,2
04_mnq_03_21.Last.txt,2021-03-19 10:47:00,12872.25,12872.25,4
04_mnq_03_21.Last.txt,2021-03-19 10:54:00,12877.5,12877.5,1
04_mnq_03_21.Last.txt,2021-03-19 10:58:00,12870.0,12870.0,4
04_mnq_03_21.Last.txt,2021-03-19 11:02:00,12870.0,12870.0,1
04_mnq_03_21.Last.txt,2021-03-19 11:04:00,12876.25,12876.25,2
04_mnq_03_21.Last.txt,2021-03-19 11:08:00,12873.0,12873.0,1
04_mnq_03_21.Last.txt,2021-03-19 11:14:00,12866.5,12866.5,2
04_mnq_03_21.Last.txt,2021-03-19 11:20:00,12869.75,12869.75,1
04_mnq_03_21.Last.txt,2021-03-19 11:21:00,12863.5,12863.5,1
04_mnq_03_21.Last.txt,2021-03-19 11:35:00,12858.0,12858.0,1
04_mnq_03_21.Last.txt,2021-03-19 11:46:00,12876.75,12876.75,2
04_mnq_03_21.Last.txt,2021-03-19 11:59:00,12870.25,12870.25,1
04_mnq_03_21.Last.txt,2021-03-19 12:05:00,12863.25,12863.25,3
04_mnq_03_21.Last.txt,2021-03-19 12:07:00,12856.5,12856.5,1
04_mnq_03_21.Last.txt,2021-03-19 12:12:00,12856.25,12856.25,1
04_mnq_03_21.Last.txt,2021-03-19 12:32:00,12884.25,12884.25,1
04_mnq_03_21.Last.txt,2021-03-19 12:34:00,12883.5,12883.5,2
04_mnq_03_21.Last.txt,2021-03-19 12:59:00,12866.5,12866.5,1
05_mnq_06_21.Last.txt,2021-03-28 13:31:00,12961.25,12961.25,1
05_mnq_06_21.Last.txt,2021-04-01 21:01:00,13327.5,13327.5,1
05_mnq_06_21.Last.txt,2021-04-01 22:46:00,13328.75,13328.75,6
05_mnq_06_21.Last.txt,2021-04-02 09:42:00,13362.25,13362.25,5
05_mnq_06_21.Last.txt,2021-04-02 09:47:00,13361.5,13361.5,5
05_mnq_06_21.Last.txt,2021-04-02 10:15:00,13362.0,13362.0,5
05_mnq_06_21.Last.txt,2021-04-03 16:22:00,13349.25,13349.25,2
05_mnq_06_21.Last.txt,2021-04-04 03:47:00,13349.25,13349.25,2
05_mnq_06_21.Last.txt,2021-04-04 19:12:00,13349.25,13349.25,2
05_mnq_06_21.Last.txt,2021-04-07 04:43:00,13561.75,13561.75,1
05_mnq_06_21.Last.txt,2021-04-14 20:16:00,13824.25,13824.25,1
05_mnq_06_21.Last.txt,2021-04-17 17:13:00,14022.25,14022.25,1
05_mnq_06_21.Last.txt,2021-04-18 14:23:00,14022.25,14022.25,1
05_mnq_06_21.Last.txt,2021-04-18 20:42:00,14022.25,14022.25,1
05_mnq_06_21.Last.txt,2021-04-28 03:53:00,13973.75,13973.75,3
05_mnq_06_21.Last.txt,2021-04-28 04:29:00,13973.5,13973.5,1
05_mnq_06_21.Last.txt,2021-04-29 04:48:00,14018.25,14018.25,3
05_mnq_06_21.Last.txt,2021-05-01 18:08:00,13865.75,13865.75,1
05_mnq_06_21.Last.txt,2021-05-02 17:05:00,13865.75,13865.75,1
05_mnq_06_21.Last.txt,2021-05-03 21:30:00,13786.25,13786.25,1
05_mnq_06_21.Last.txt,2021-05-08 19:55:00,13717.5,13717.5,1
05_mnq_06_21.Last.txt,2021-05-15 23:05:00,13400.0,13400.0,2
05_mnq_06_21.Last.txt,2021-05-30 05:45:00,13684.5,13684.5,1
05_mnq_06_21.Last.txt,2021-06-03 03:45:00,13689.0,13689.0,8
05_mnq_06_21.Last.txt,2021-06-03 04:38:00,13689.5,13689.5,7
05_mnq_06_21.Last.txt,2021-06-11 03:32:00,13974.75,13974.75,5
05_mnq_06_21.Last.txt,2021-06-11 03:37:00,13975.5,13975.5,2
05_mnq_06_21.Last.txt,2021-06-11 03:56:00,13976.75,13976.75,11
05_mnq_06_21.Last.txt,2021-06-11 04:23:00,13978.0,13978.0,3
05_mnq_06_21.Last.txt,2021-06-11 04:34:00,13978.25,13978.25,1
05_mnq_06_21.Last.txt,2021-06-11 04:46:00,13978.5,13978.5,3
05_mnq_06_21.Last.txt,2021-06-11 05:52:00,13975.0,13975.0,3
05_mnq_06_21.Last.txt,2021-06-11 05:57:00,13975.0,13975.0,10
05_mnq_06_21.Last.txt,2021-06-12 14:13:00,13993.25,13993.25,4
05_mnq_06_21.Last.txt,2021-06-13 22:38:00,14018.75,14018.75,2
05_mnq_06_21.Last.txt,2021-06-13 23:48:00,14019.25,14019.25,2
05_mnq_06_21.Last.txt,2021-06-14 01:41:00,14019.5,14019.5,2
05_mnq_06_21.Last.txt,2021-06-14 02:45:00,14024.0,14024.0,1
05_mnq_06_21.Last.txt,2021-06-14 02:53:00,14024.25,14024.25,2
05_mnq_06_21.Last.txt,2021-06-14 03:06:00,14024.25,14024.25,2
05_mnq_06_21.Last.txt,2021-06-14 03:15:00,14022.75,14022.75,4
05_mnq_06_21.Last.txt,2021-06-14 04:00:00,14019.0,14019.0,2
05_mnq_06_21.Last.txt,2021-06-14 04:24:00,14019.75,14019.75,2
05_mnq_06_21.Last.txt,2021-06-14 04:34:00,14021.0,14021.0,1
05_mnq_06_21.Last.txt,2021-06-14 04:35:00,14021.25,14021.25,1
05_mnq_06_21.Last.txt,2021-06-14 04:42:00,14020.0,14020.0,1
05_mnq_06_21.Last.txt,2021-06-14 04:43:00,14019.75,14019.75,1
05_mnq_06_21.Last.txt,2021-06-14 04:44:00,14019.75,14019.75,2
05_mnq_06_21.Last.txt,2021-06-14 04:45:00,14020.0,14020.0,3
05_mnq_06_21.Last.txt,2021-06-14 04:47:00,14019.5,14019.5,1
05_mnq_06_21.Last.txt,2021-06-14 04:55:00,14017.25,14017.25,1
05_mnq_06_21.Last.txt,2021-06-14 05:23:00,14018.25,14018.25,2
05_mnq_06_21.Last.txt,2021-06-14 05:25:00,14018.0,14018.0,1
05_mnq_06_21.Last.txt,2021-06-14 05:26:00,14018.25,14018.25,3
05_mnq_06_21.Last.txt,2021-06-14 05:49:00,14019.5,14019.5,2
05_mnq_06_21.Last.txt,2021-06-14 22:16:00,14112.5,14112.5,2
05_mnq_06_21.Last.txt,2021-06-14 22:20:00,14112.5,14112.5,1
05_mnq_06_21.Last.txt,2021-06-14 22:28:00,14113.25,14113.25,1
05_mnq_06_21.Last.txt,2021-06-14 22:29:00,14114.0,14114.0,2
05_mnq_06_21.Last.txt,2021-06-14 22:43:00,14115.25,14115.25,2
05_mnq_06_21.Last.txt,2021-06-14 22:56:00,14116.0,14116.0,3
05_mnq_06_21.Last.txt,2021-06-14 23:00:00,14116.75,14116.75,1
05_mnq_06_21.Last.txt,2021-06-14 23:05:00,14118.5,14118.5,1
05_mnq_06_21.Last.txt,2021-06-14 23:17:00,14116.75,14116.75,9
05_mnq_06_21.Last.txt,2021-06-14 23:20:00,14119.0,14119.0,1
05_mnq_06_21.Last.txt,2021-06-14 23:22:00,14118.5,14118.5,1
05_mnq_06_21.Last.txt,2021-06-14 23:27:00,14118.5,14118.5,2
05_mnq_06_21.Last.txt,2021-06-14 23:29:00,14118.0,14118.0,2
05_mnq_06_21.Last.txt,2021-06-14 23:33:00,14118.75,14118.75,1
05_mnq_06_21.Last.txt,2021-06-14 23:34:00,14118.5,14118.5,4
05_mnq_06_21.Last.txt,2021-06-14 23:35:00,14118.5,14118.5,3
05_mnq_06_21.Last.txt,2021-06-14 23:37:00,14118.25,14118.25,1
05_mnq_06_21.Last.txt,2021-06-15 03:19:00,14141.25,14141.25,1
05_mnq_06_21.Last.txt,2021-06-15 03:23:00,14141.5,14141.5,2
05_mnq_06_21.Last.txt,2021-06-15 04:13:00,14142.5,14142.5,2
05_mnq_06_21.Last.txt,2021-06-15 04:15:00,14143.0,14143.0,2
05_mnq_06_21.Last.txt,2021-06-15 04:25:00,14143.75,14143.75,2
05_mnq_06_21.Last.txt,2021-06-15 04:44:00,14138.25,14138.25,6
05_mnq_06_21.Last.txt,2021-06-15 04:51:00,14140.25,14140.25,5
05_mnq_06_21.Last.txt,2021-06-15 05:18:00,14136.5,14136.5,1
05_mnq_06_21.Last.txt,2021-06-15 05:28:00,14137.5,14137.5,2
05_mnq_06_21.Last.txt,2021-06-15 05:29:00,14137.0,14137.0,2
05_mnq_06_21.Last.txt,2021-06-15 07:47:00,14152.25,14152.25,3
05_mnq_06_21.Last.txt,2021-06-15 22:10:00,14047.5,14047.5,1
05_mnq_06_21.Last.txt,2021-06-15 22:12:00,14048.75,14048.75,2
05_mnq_06_21.Last.txt,2021-06-15 22:27:00,14049.0,14049.0,3
05_mnq_06_21.Last.txt,2021-06-15 22:37:00,14046.75,14046.75,2
05_mnq_06_21.Last.txt,2021-06-15 22:46:00,14045.0,14045.0,3
05_mnq_06_21.Last.txt,2021-06-15 22:56:00,14042.5,14042.5,1
05_mnq_06_21.Last.txt,2021-06-15 22:58:00,14042.0,14042.0,1
05_mnq_06_21.Last.txt,2021-06-15 23:14:00,14042.25,14042.25,1
05_mnq_06_21.Last.txt,2021-06-15 23:19:00,14042.5,14042.5,1
05_mnq_06_21.Last.txt,2021-06-15 23:27:00,14038.5,14038.5,2
05_mnq_06_21.Last.txt,2021-06-15 23:33:00,14036.5,14036.5,1
05_mnq_06_21.Last.txt,2021-06-15 23:49:00,14037.75,14037.75,1
05_mnq_06_21.Last.txt,2021-06-16 00:26:00,14043.25,14043.25,1
05_mnq_06_21.Last.txt,2021-06-16 00:27:00,14042.5,14042.5,1
05_mnq_06_21.Last.txt,2021-06-16 00:53:00,14041.0,14041.0,2
05_mnq_06_21.Last.txt,2021-06-16 01:15:00,14041.0,14041.0,2
05_mnq_06_21.Last.txt,2021-06-16 01:24:00,14041.25,14041.25,7
05_mnq_06_21.Last.txt,2021-06-16 01:37:00,14042.5,14042.5,1
05_mnq_06_21.Last.txt,2021-06-16 01:54:00,14040.5,14040.5,10
05_mnq_06_21.Last.txt,2021-06-16 02:35:00,14037.25,14037.25,3
05_mnq_06_21.Last.txt,2021-06-16 03:03:00,14036.5,14036.5,3
05_mnq_06_21.Last.txt,2021-06-16 03:13:00,14035.5,14035.5,1
05_mnq_06_21.Last.txt,2021-06-16 03:44:00,14041.75,14041.75,3
05_mnq_06_21.Last.txt,2021-06-16 03:47:00,14042.0,14042.0,1
05_mnq_06_21.Last.txt,2021-06-16 03:58:00,14043.0,14043.0,8
05_mnq_06_21.Last.txt,2021-06-16 04:07:00,14044.5,14044.5,1
05_mnq_06_21.Last.txt,2021-06-16 04:16:00,14043.25,14043.25,2
05_mnq_06_21.Last.txt,2021-06-16 04:23:00,14044.75,14044.75,2
05_mnq_06_21.Last.txt,2021-06-16 04:27:00,14047.5,14047.5,1
05_mnq_06_21.Last.txt,2021-06-16 04:43:00,14043.25,14043.25,2
05_mnq_06_21.Last.txt,2021-06-16 05:14:00,14046.5,14046.5,3
05_mnq_06_21.Last.txt,2021-06-16 05:27:00,14045.0,14045.0,1
05_mnq_06_21.Last.txt,2021-06-16 05:44:00,14043.75,14043.75,4
05_mnq_06_21.Last.txt,2021-06-16 06:04:00,14041.25,14041.25,6
05_mnq_06_21.Last.txt,2021-06-16 10:12:00,14043.25,14043.25,16
05_mnq_06_21.Last.txt,2021-06-16 10:50:00,14048.0,14048.0,3
05_mnq_06_21.Last.txt,2021-06-16 11:42:00,14044.25,14044.25,3
05_mnq_06_21.Last.txt,2021-06-16 22:19:00,13932.75,13932.75,1
05_mnq_06_21.Last.txt,2021-06-16 22:21:00,13933.5,13933.5,1
05_mnq_06_21.Last.txt,2021-06-16 22:45:00,13941.5,13941.5,1
05_mnq_06_21.Last.txt,2021-06-16 22:50:00,13938.0,13938.0,1
05_mnq_06_21.Last.txt,2021-06-16 23:21:00,13915.25,13915.25,1
05_mnq_06_21.Last.txt,2021-06-17 02:52:00,13911.75,13911.75,3
05_mnq_06_21.Last.txt,2021-06-17 02:54:00,13912.5,13912.5,1
05_mnq_06_21.Last.txt,2021-06-17 03:41:00,13913.0,13913.0,2
05_mnq_06_21.Last.txt,2021-06-17 03:42:00,13912.75,13912.75,1
05_mnq_06_21.Last.txt,2021-06-17 03:52:00,13915.25,13915.25,1
05_mnq_06_21.Last.txt,2021-06-17 04:30:00,13913.0,13913.0,3
05_mnq_06_21.Last.txt,2021-06-17 04:36:00,13912.75,13912.75,1
05_mnq_06_21.Last.txt,2021-06-17 04:38:00,13909.0,13909.0,2
05_mnq_06_21.Last.txt,2021-06-17 04:39:00,13911.0,13911.0,3
05_mnq_06_21.Last.txt,2021-06-17 04:43:00,13914.25,13914.25,1
05_mnq_06_21.Last.txt,2021-06-17 04:47:00,13915.0,13915.0,8
05_mnq_06_21.Last.txt,2021-06-17 04:58:00,13916.75,13916.75,1
05_mnq_06_21.Last.txt,2021-06-17 20:45:00,14189.5,14189.5,1
05_mnq_06_21.Last.txt,2021-06-17 20:54:00,14185.5,14185.5,1
05_mnq_06_21.Last.txt,2021-06-17 20:59:00,14185.5,14185.5,1
05_mnq_06_21.Last.txt,2021-06-17 22:02:00,14176.5,14176.5,1
05_mnq_06_21.Last.txt,2021-06-17 22:05:00,14184.0,14184.0,1
05_mnq_06_21.Last.txt,2021-06-17 22:06:00,14184.25,14184.25,1
05_mnq_06_21.Last.txt,2021-06-17 22:07:00,14184.0,14184.0,7
05_mnq_06_21.Last.txt,2021-06-17 22:09:00,14188.0,14188.0,2
05_mnq_06_21.Last.txt,2021-06-17 22:13:00,14188.0,14188.0,2
05_mnq_06_21.Last.txt,2021-06-17 22:16:00,14191.0,14191.0,1
05_mnq_06_21.Last.txt,2021-06-17 22:18:00,14189.0,14189.0,1
05_mnq_06_21.Last.txt,2021-06-17 22:23:00,14194.75,14194.75,2
05_mnq_06_21.Last.txt,2021-06-17 22:34:00,14194.25,14194.25,1
05_mnq_06_21.Last.txt,2021-06-17 22:35:00,14195.25,14195.25,4
05_mnq_06_21.Last.txt,2021-06-17 22:38:00,14195.0,14195.0,1
05_mnq_06_21.Last.txt,2021-06-17 22:42:00,14192.25,14192.25,1
05_mnq_06_21.Last.txt,2021-06-17 22:43:00,14193.5,14193.5,1
05_mnq_06_21.Last.txt,2021-06-17 22:52:00,14201.0,14201.0,1
05_mnq_06_21.Last.txt,2021-06-17 22:54:00,14200.75,14200.75,1
05_mnq_06_21.Last.txt,2021-06-17 22:56:00,14197.75,14197.75,1
05_mnq_06_21.Last.txt,2021-06-17 22:58:00,14197.75,14197.75,3
05_mnq_06_21.Last.txt,2021-06-17 23:00:00,14198.5,14198.5,24
05_mnq_06_21.Last.txt,2021-06-17 23:01:00,14198.5,14198.5,8
05_mnq_06_21.Last.txt,2021-06-17 23:05:00,14195.25,14195.25,1
05_mnq_06_21.Last.txt,2021-06-17 23:10:00,14196.0,14196.0,10
05_mnq_06_21.Last.txt,2021-06-17 23:13:00,14196.0,14196.0,1
05_mnq_06_21.Last.txt,2021-06-17 23:18:00,14195.0,14195.0,1
05_mnq_06_21.Last.txt,2021-06-17 23:21:00,14194.0,14194.0,1
05_mnq_06_21.Last.txt,2021-06-17 23:22:00,14193.0,14193.0,1
05_mnq_06_21.Last.txt,2021-06-17 23:23:00,14193.0,14193.0,3
05_mnq_06_21.Last.txt,2021-06-17 23:26:00,14194.5,14194.5,3
05_mnq_06_21.Last.txt,2021-06-17 23:32:00,14190.0,14190.0,13
05_mnq_06_21.Last.txt,2021-06-17 23:33:00,14191.0,14191.0,6
05_mnq_06_21.Last.txt,2021-06-17 23:36:00,14187.0,14187.0,2
05_mnq_06_21.Last.txt,2021-06-17 23:39:00,14190.75,14190.75,3
05_mnq_06_21.Last.txt,2021-06-17 23:47:00,14190.75,14190.75,2
05_mnq_06_21.Last.txt,2021-06-17 23:48:00,14194.25,14194.25,1
05_mnq_06_21.Last.txt,2021-06-17 23:55:00,14185.0,14185.0,1
05_mnq_06_21.Last.txt,2021-06-18 00:07:00,14180.0,14180.0,1
05_mnq_06_21.Last.txt,2021-06-18 00:09:00,14176.75,14176.75,2
05_mnq_06_21.Last.txt,2021-06-18 00:20:00,14180.25,14180.25,1
05_mnq_06_21.Last.txt,2021-06-18 00:22:00,14181.0,14181.0,1
05_mnq_06_21.Last.txt,2021-06-18 00:38:00,14186.0,14186.0,2
05_mnq_06_21.Last.txt,2021-06-18 00:39:00,14188.25,14188.25,1
05_mnq_06_21.Last.txt,2021-06-18 00:41:00,14188.5,14188.5,2
05_mnq_06_21.Last.txt,2021-06-18 00:44:00,14190.75,14190.75,2
05_mnq_06_21.Last.txt,2021-06-18 00:48:00,14191.5,14191.5,1
05_mnq_06_21.Last.txt,2021-06-18 00:50:00,14190.0,14190.0,3
05_mnq_06_21.Last.txt,2021-06-18 00:51:00,14189.75,14189.75,1
05_mnq_06_21.Last.txt,2021-06-18 01:00:00,14190.25,14190.25,1
05_mnq_06_21.Last.txt,2021-06-18 01:06:00,14190.0,14190.0,1
05_mnq_06_21.Last.txt,2021-06-18 01:08:00,14189.75,14189.75,1
05_mnq_06_21.Last.txt,2021-06-18 01:11:00,14190.25,14190.25,1
05_mnq_06_21.Last.txt,2021-06-18 01:15:00,14190.0,14190.0,1
05_mnq_06_21.Last.txt,2021-06-18 01:21:00,14187.75,14187.75,1
05_mnq_06_21.Last.txt,2021-06-18 01:24:00,14184.0,14184.0,1
05_mnq_06_21.Last.txt,2021-06-18 01:26:00,14187.5,14187.5,4
05_mnq_06_21.Last.txt,2021-06-18 01:27:00,14188.0,14188.0,2
05_mnq_06_21.Last.txt,2021-06-18 01:29:00,14190.75,14190.75,8
05_mnq_06_21.Last.txt,2021-06-18 01:32:00,14191.5,14191.5,1
05_mnq_06_21.Last.txt,2021-06-18 01:36:00,14196.25,14196.25,2
05_mnq_06_21.Last.txt,2021-06-18 01:37:00,14196.25,14196.25,1
05_mnq_06_21.Last.txt,2021-06-18 01:45:00,14204.25,14204.25,1
05_mnq_06_21.Last.txt,2021-06-18 01:52:00,14209.25,14209.25,1
05_mnq_06_21.Last.txt,2021-06-18 01:53:00,14206.75,14206.75,1
05_mnq_06_21.Last.txt,2021-06-18 02:02:00,14205.0,14205.0,1
05_mnq_06_21.Last.txt,2021-06-18 02:03:00,14203.5,14203.5,2
05_mnq_06_21.Last.txt,2021-06-18 02:11:00,14203.5,14203.5,1
05_mnq_06_21.Last.txt,2021-06-18 02:14:00,14200.5,14200.5,4
05_mnq_06_21.Last.txt,2021-06-18 02:15:00,14200.5,14200.5,1
05_mnq_06_21.Last.txt,2021-06-18 02:16:00,14200.5,14200.5,2
05_mnq_06_21.Last.txt,2021-06-18 02:17:00,14200.5,14200.5,1
05_mnq_06_21.Last.txt,2021-06-18 02:23:00,14202.75,14202.75,3
05_mnq_06_21.Last.txt,2021-06-18 02:28:00,14202.25,14202.25,1
05_mnq_06_21.Last.txt,2021-06-18 02:29:00,14202.0,14202.0,1
05_mnq_06_21.Last.txt,2021-06-18 02:31:00,14200.0,14200.0,2
05_mnq_06_21.Last.txt,2021-06-18 02:33:00,14203.5,14203.5,1
05_mnq_06_21.Last.txt,2021-06-18 02:37:00,14202.75,14202.75,3
05_mnq_06_21.Last.txt,2021-06-18 02:39:00,14202.75,14202.75,1
05_mnq_06_21.Last.txt,2021-06-18 02:40:00,14202.75,14202.75,1
05_mnq_06_21.Last.txt,2021-06-18 02:41:00,14200.5,14200.5,3
05_mnq_06_21.Last.txt,2021-06-18 02:53:00,14199.0,14199.0,1
05_mnq_06_21.Last.txt,2021-06-18 02:54:00,14200.5,14200.5,1
05_mnq_06_21.Last.txt,2021-06-18 02:55:00,14201.0,14201.0,1
05_mnq_06_21.Last.txt,2021-06-18 02:59:00,14201.25,14201.25,1
05_mnq_06_21.Last.txt,2021-06-18 03:02:00,14199.5,14199.5,1
05_mnq_06_21.Last.txt,2021-06-18 03:08:00,14199.75,14199.75,2
05_mnq_06_21.Last.txt,2021-06-18 03:09:00,14198.25,14198.25,1
05_mnq_06_21.Last.txt,2021-06-18 03:11:00,14199.75,14199.75,1
05_mnq_06_21.Last.txt,2021-06-18 03:13:00,14202.0,14202.0,1
05_mnq_06_21.Last.txt,2021-06-18 03:14:00,14202.5,14202.5,1
05_mnq_06_21.Last.txt,2021-06-18 03:19:00,14202.75,14202.75,4
05_mnq_06_21.Last.txt,2021-06-18 03:22:00,14202.75,14202.75,1
05_mnq_06_21.Last.txt,2021-06-18 03:26:00,14202.0,14202.0,2
05_mnq_06_21.Last.txt,2021-06-18 03:28:00,14202.75,14202.75,3
05_mnq_06_21.Last.txt,2021-06-18 03:31:00,14202.0,14202.0,1
05_mnq_06_21.Last.txt,2021-06-18 03:35:00,14204.25,14204.25,1
05_mnq_06_21.Last.txt,2021-06-18 03:56:00,14206.75,14206.75,1
05_mnq_06_21.Last.txt,2021-06-18 04:06:00,14196.0,14196.0,8
05_mnq_06_21.Last.txt,2021-06-18 04:11:00,14197.0,14197.0,1
05_mnq_06_21.Last.txt,2021-06-18 04:15:00,14195.0,14195.0,2
05_mnq_06_21.Last.txt,2021-06-18 04:19:00,14195.25,14195.25,2
05_mnq_06_21.Last.txt,2021-06-18 04:20:00,14196.75,14196.75,2
05_mnq_06_21.Last.txt,2021-06-18 04:23:00,14198.25,14198.25,2
05_mnq_06_21.Last.txt,2021-06-18 04:25:00,14198.25,14198.25,1
05_mnq_06_21.Last.txt,2021-06-18 04:28:00,14197.25,14197.25,2
05_mnq_06_21.Last.txt,2021-06-18 04:34:00,14196.0,14196.0,1
05_mnq_06_21.Last.txt,2021-06-18 04:37:00,14195.25,14195.25,1
05_mnq_06_21.Last.txt,2021-06-18 04:49:00,14199.0,14199.0,1
05_mnq_06_21.Last.txt,2021-06-18 04:56:00,14200.0,14200.0,1
05_mnq_06_21.Last.txt,2021-06-18 04:57:00,14199.0,14199.0,1
05_mnq_06_21.Last.txt,2021-06-18 05:04:00,14196.0,14196.0,1
05_mnq_06_21.Last.txt,2021-06-18 05:09:00,14197.25,14197.25,1
05_mnq_06_21.Last.txt,2021-06-18 05:12:00,14200.25,14200.25,6
05_mnq_06_21.Last.txt,2021-06-18 05:13:00,14200.5,14200.5,1
05_mnq_06_21.Last.txt,2021-06-18 05:17:00,14200.0,14200.0,5
05_mnq_06_21.Last.txt,2021-06-18 05:23:00,14199.25,14199.25,1
05_mnq_06_21.Last.txt,2021-06-18 05:24:00,14200.5,14200.5,1
05_mnq_06_21.Last.txt,2021-06-18 05:25:00,14200.5,14200.5,2
05_mnq_06_21.Last.txt,2021-06-18 05:26:00,14200.5,14200.5,6
05_mnq_06_21.Last.txt,2021-06-18 05:27:00,14201.5,14201.5,1
05_mnq_06_21.Last.txt,2021-06-18 05:29:00,14200.5,14200.5,1
05_mnq_06_21.Last.txt,2021-06-18 05:30:00,14199.0,14199.0,1
05_mnq_06_21.Last.txt,2021-06-18 05:33:00,14199.75,14199.75,1
05_mnq_06_21.Last.txt,2021-06-18 05:39:00,14197.0,14197.0,1
05_mnq_06_21.Last.txt,2021-06-18 05:49:00,14203.25,14203.25,2
05_mnq_06_21.Last.txt,2021-06-18 06:04:00,14209.5,14209.5,1
05_mnq_06_21.Last.txt,2021-06-18 06:08:00,14207.25,14207.25,2
05_mnq_06_21.Last.txt,2021-06-18 06:09:00,14206.75,14206.75,1
05_mnq_06_21.Last.txt,2021-06-18 06:15:00,14206.5,14206.5,1
05_mnq_06_21.Last.txt,2021-06-18 06:16:00,14203.5,14203.5,2
05_mnq_06_21.Last.txt,2021-06-18 06:26:00,14205.75,14205.75,1
05_mnq_06_21.Last.txt,2021-06-18 06:27:00,14202.0,14202.0,1
05_mnq_06_21.Last.txt,2021-06-18 06:28:00,14204.0,14204.0,2
05_mnq_06_21.Last.txt,2021-06-18 06:29:00,14203.5,14203.5,3
05_mnq_06_21.Last.txt,2021-06-18 06:31:00,14204.25,14204.25,2
05_mnq_06_21.Last.txt,2021-06-18 06:36:00,14204.5,14204.5,1
05_mnq_06_21.Last.txt,2021-06-18 06:43:00,14200.5,14200.5,4
05_mnq_06_21.Last.txt,2021-06-18 06:51:00,14198.25,14198.25,4
05_mnq_06_21.Last.txt,2021-06-18 06:54:00,14203.5,14203.5,5
05_mnq_06_21.Last.txt,2021-06-18 06:57:00,14205.0,14205.0,1
05_mnq_06_21.Last.txt,2021-06-18 06:59:00,14204.0,14204.0,2
05_mnq_06_21.Last.txt,2021-06-18 07:03:00,14204.0,14204.0,1
05_mnq_06_21.Last.txt,2021-06-18 07:06:00,14204.25,14204.25,5
05_mnq_06_21.Last.txt,2021-06-18 07:15:00,14204.25,14204.25,1
05_mnq_06_21.Last.txt,2021-06-18 07:18:00,14205.0,14205.0,1
05_mnq_06_21.Last.txt,2021-06-18 07:26:00,14202.75,14202.75,1
05_mnq_06_21.Last.txt,2021-06-18 07:28:00,14201.25,14201.25,4
05_mnq_06_21.Last.txt,2021-06-18 07:30:00,14201.25,14201.25,1
05_mnq_06_21.Last.txt,2021-06-18 07:34:00,14202.0,14202.0,1
05_mnq_06_21.Last.txt,2021-06-18 07:48:00,14182.5,14182.5,1
05_mnq_06_21.Last.txt,2021-06-18 07:51:00,14185.75,14185.75,1
05_mnq_06_21.Last.txt,2021-06-18 08:13:00,14190.75,14190.75,1
05_mnq_06_21.Last.txt,2021-06-18 08:18:00,14191.0,14191.0,1
05_mnq_06_21.Last.txt,2021-06-18 08:20:00,14191.5,14191.5,1
05_mnq_06_21.Last.txt,2021-06-18 08:22:00,14189.25,14189.25,1
05_mnq_06_21.Last.txt,2021-06-18 08:27:00,14192.0,14192.0,2
05_mnq_06_21.Last.txt,2021-06-18 08:29:00,14193.5,14193.5,2
05_mnq_06_21.Last.txt,2021-06-18 08:38:00,14195.0,14195.0,1
05_mnq_06_21.Last.txt,2021-06-18 08:41:00,14199.25,14199.25,1
05_mnq_06_21.Last.txt,2021-06-18 08:47:00,14197.5,14197.5,1
05_mnq_06_21.Last.txt,2021-06-18 08:49:00,14196.75,14196.75,2
05_mnq_06_21.Last.txt,2021-06-18 08:50:00,14197.0,14197.0,1
05_mnq_06_21.Last.txt,2021-06-18 08:51:00,14197.0,14197.0,1
05_mnq_06_21.Last.txt,2021-06-18 08:52:00,14197.5,14197.5,1
05_mnq_06_21.Last.txt,2021-06-18 08:55:00,14196.5,14196.5,1
05_mnq_06_21.Last.txt,2021-06-18 09:01:00,14194.25,14194.25,1
05_mnq_06_21.Last.txt,2021-06-18 09:06:00,14190.75,14190.75,2
05_mnq_06_21.Last.txt,2021-06-18 09:09:00,14189.75,14189.75,1
05_mnq_06_21.Last.txt,2021-06-18 09:15:00,14197.25,14197.25,2
05_mnq_06_21.Last.txt,2021-06-18 09:20:00,14199.0,14199.0,1
05_mnq_06_21.Last.txt,2021-06-18 09:21:00,14198.75,14198.75,1
05_mnq_06_21.Last.txt,2021-06-18 09:22:00,14199.0,14199.0,1
05_mnq_06_21.Last.txt,2021-06-18 09:26:00,14196.0,14196.0,3
05_mnq_06_21.Last.txt,2021-06-18 09:27:00,14195.0,14195.0,1
05_mnq_06_21.Last.txt,2021-06-18 09:32:00,14194.5,14194.5,1
05_mnq_06_21.Last.txt,2021-06-18 09:33:00,14194.0,14194.0,1
05_mnq_06_21.Last.txt,2021-06-18 09:34:00,14193.25,14193.25,1
05_mnq_06_21.Last.txt,2021-06-18 09:36:00,14193.5,14193.5,3
05_mnq_06_21.Last.txt,2021-06-18 09:45:00,14199.25,14199.25,1
05_mnq_06_21.Last.txt,2021-06-18 09:46:00,14196.75,14196.75,1
05_mnq_06_21.Last.txt,2021-06-18 09:55:00,14201.0,14201.0,5
05_mnq_06_21.Last.txt,2021-06-18 09:58:00,14198.5,14198.5,1
05_mnq_06_21.Last.txt,2021-06-18 09:59:00,14198.5,14198.5,1
05_mnq_06_21.Last.txt,2021-06-18 10:03:00,14197.0,14197.0,1
05_mnq_06_21.Last.txt,2021-06-18 10:14:00,14185.0,14185.0,34
05_mnq_06_21.Last.txt,2021-06-18 10:25:00,14194.0,14194.0,1
05_mnq_06_21.Last.txt,2021-06-18 10:28:00,14192.5,14192.5,1
05_mnq_06_21.Last.txt,2021-06-18 10:35:00,14191.5,14191.5,1
05_mnq_06_21.Last.txt,2021-06-18 10:36:00,14192.25,14192.25,3
05_mnq_06_21.Last.txt,2021-06-18 10:42:00,14191.5,14191.5,1
05_mnq_06_21.Last.txt,2021-06-18 10:53:00,14193.75,14193.75,1
05_mnq_06_21.Last.txt,2021-06-18 11:00:00,14192.25,14192.25,3
05_mnq_06_21.Last.txt,2021-06-18 11:01:00,14188.75,14188.75,1
05_mnq_06_21.Last.txt,2021-06-18 11:03:00,14188.0,14188.0,1
05_mnq_06_21.Last.txt,2021-06-18 11:06:00,14185.0,14185.0,10
05_mnq_06_21.Last.txt,2021-06-18 11:08:00,14185.0,14185.0,1
05_mnq_06_21.Last.txt,2021-06-18 11:15:00,14175.0,14175.0,2
05_mnq_06_21.Last.txt,2021-06-18 11:35:00,14169.75,14169.75,4
05_mnq_06_21.Last.txt,2021-06-18 12:14:00,14118.25,14118.25,2
06_mnq_09_21.Last.txt,2021-06-22 22:58:00,14268.25,14268.25,4
06_mnq_09_21.Last.txt,2021-06-23 23:07:00,14280.25,14280.25,3
06_mnq_09_21.Last.txt,2021-06-23 23:35:00,14281.0,14281.0,5
06_mnq_09_21.Last.txt,2021-06-24 02:48:00,14299.0,14299.0,5
06_mnq_09_21.Last.txt,2021-06-26 19:06:00,14331.25,14331.25,2
06_mnq_09_21.Last.txt,2021-06-28 23:13:00,14492.5,14492.5,4
06_mnq_09_21.Last.txt,2021-06-29 22:22:00,14579.0,14579.0,1
06_mnq_09_21.Last.txt,2021-06-30 04:06:00,14579.25,14579.25,3
06_mnq_09_21.Last.txt,2021-06-30 04:09:00,14579.75,14579.75,4
06_mnq_09_21.Last.txt,2021-06-30 04:15:00,14580.75,14580.75,4
06_mnq_09_21.Last.txt,2021-06-30 23:00:00,14559.5,14559.5,1
06_mnq_09_21.Last.txt,2021-06-30 23:07:00,14557.0,14557.0,3
06_mnq_09_21.Last.txt,2021-06-30 23:18:00,14559.0,14559.0,1
06_mnq_09_21.Last.txt,2021-07-01 04:20:00,14559.75,14559.75,29
06_mnq_09_21.Last.txt,2021-07-01 22:48:00,14536.5,14536.5,9
06_mnq_09_21.Last.txt,2021-07-01 23:22:00,14538.75,14538.75,3
06_mnq_09_21.Last.txt,2021-07-02 04:52:00,14526.25,14526.25,1
06_mnq_09_21.Last.txt,2021-07-05 04:15:00,14702.75,14702.75,1
06_mnq_09_21.Last.txt,2021-07-05 23:33:00,14711.0,14711.0,2
06_mnq_09_21.Last.txt,2021-07-06 23:03:00,14767.0,14767.0,9
06_mnq_09_21.Last.txt,2021-07-07 22:20:00,14809.0,14809.0,2
06_mnq_09_21.Last.txt,2021-07-10 07:43:00,14814.5,14814.5,2
06_mnq_09_21.Last.txt,2021-07-11 05:21:00,14814.5,14814.5,2
06_mnq_09_21.Last.txt,2021-07-13 05:44:00,14876.5,14876.5,7
06_mnq_09_21.Last.txt,2021-07-14 22:47:00,14899.5,14899.5,2
06_mnq_09_21.Last.txt,2021-07-14 22:55:00,14899.0,14899.0,3
06_mnq_09_21.Last.txt,2021-07-18 16:40:00,14670.75,14670.75,1
06_mnq_09_21.Last.txt,2021-07-22 03:54:00,14843.0,14843.0,9
06_mnq_09_21.Last.txt,2021-07-22 04:20:00,14843.25,14843.25,3
06_mnq_09_21.Last.txt,2021-07-25 19:21:00,15093.0,15093.0,1
06_mnq_09_21.Last.txt,2021-07-27 04:10:00,15098.25,15098.25,1
06_mnq_09_21.Last.txt,2021-08-01 19:10:00,14967.25,14967.25,1
06_mnq_09_21.Last.txt,2021-08-04 04:07:00,15042.75,15042.75,11
06_mnq_09_21.Last.txt,2021-08-05 04:14:00,15090.5,15090.5,8
06_mnq_09_21.Last.txt,2021-08-05 23:14:00,15163.5,15163.5,2
06_mnq_09_21.Last.txt,2021-08-05 23:35:00,15161.25,15161.25,11
06_mnq_09_21.Last.txt,2021-08-06 04:30:00,15166.25,15166.25,1
06_mnq_09_21.Last.txt,2021-08-06 04:36:00,15165.5,15165.5,1
06_mnq_09_21.Last.txt,2021-08-06 04:43:00,15165.5,15165.5,9
06_mnq_09_21.Last.txt,2021-08-06 04:55:00,15164.5,15164.5,13
06_mnq_09_21.Last.txt,2021-08-06 04:58:00,15164.75,15164.75,11
06_mnq_09_21.Last.txt,2021-08-08 02:17:00,15092.75,15092.75,1
06_mnq_09_21.Last.txt,2021-08-09 23:12:00,15119.75,15119.75,5
06_mnq_09_21.Last.txt,2021-08-10 23:27:00,15036.25,15036.25,5
06_mnq_09_21.Last.txt,2021-08-11 04:22:00,15043.5,15043.5,10
06_mnq_09_21.Last.txt,2021-08-12 04:10:00,15007.5,15007.5,7
06_mnq_09_21.Last.txt,2021-08-12 22:37:00,15070.5,15070.5,13
06_mnq_09_21.Last.txt,2021-08-12 22:58:00,15073.0,15073.0,5
06_mnq_09_21.Last.txt,2021-08-12 23:28:00,15072.75,15072.75,4
06_mnq_09_21.Last.txt,2021-08-12 23:29:00,15072.75,15072.75,11
06_mnq_09_21.Last.txt,2021-08-13 03:53:00,15073.25,15073.25,8
06_mnq_09_21.Last.txt,2021-08-13 04:09:00,15072.5,15072.5,3
06_mnq_09_21.Last.txt,2021-08-13 04:18:00,15072.25,15072.25,2
06_mnq_09_21.Last.txt,2021-08-13 04:22:00,15072.0,15072.0,2
06_mnq_09_21.Last.txt,2021-08-13 04:36:00,15073.5,15073.5,4
06_mnq_09_21.Last.txt,2021-08-14 20:33:00,15123.75,15123.75,1
06_mnq_09_21.Last.txt,2021-08-14 21:07:00,15123.75,15123.75,1
06_mnq_09_21.Last.txt,2021-08-16 03:56:00,15107.25,15107.25,8
06_mnq_09_21.Last.txt,2021-08-16 04:24:00,15107.75,15107.75,7
06_mnq_09_21.Last.txt,2021-08-18 05:27:00,15015.5,15015.5,3
06_mnq_09_21.Last.txt,2021-08-21 15:40:00,15095.0,15095.0,2
06_mnq_09_21.Last.txt,2021-08-23 22:54:00,15328.5,15328.5,5
06_mnq_09_21.Last.txt,2021-08-23 23:11:00,15327.75,15327.75,4
06_mnq_09_21.Last.txt,2021-08-24 03:36:00,15324.5,15324.5,13
06_mnq_09_21.Last.txt,2021-08-24 04:17:00,15324.75,15324.75,5
06_mnq_09_21.Last.txt,2021-08-24 04:21:00,15325.75,15325.75,9
06_mnq_09_21.Last.txt,2021-08-24 04:39:00,15325.75,15325.75,3
06_mnq_09_21.Last.txt,2021-08-24 21:27:00,15362.25,15362.25,2
06_mnq_09_21.Last.txt,2021-08-24 22:17:00,15361.5,15361.5,7
06_mnq_09_21.Last.txt,2021-08-24 22:29:00,15361.0,15361.0,3
06_mnq_09_21.Last.txt,2021-08-25 04:20:00,15349.5,15349.5,2
06_mnq_09_21.Last.txt,2021-08-26 23:29:00,15285.0,15285.0,6
06_mnq_09_21.Last.txt,2021-08-27 04:43:00,15327.25,15327.25,5
06_mnq_09_21.Last.txt,2021-08-28 18:19:00,15428.0,15428.0,1
06_mnq_09_21.Last.txt,2021-08-30 03:37:00,15434.75,15434.75,8
06_mnq_09_21.Last.txt,2021-08-30 22:45:00,15607.0,15607.0,1
06_mnq_09_21.Last.txt,2021-08-30 22:52:00,15606.25,15606.25,9
06_mnq_09_21.Last.txt,2021-09-01 04:57:00,15613.25,15613.25,7
06_mnq_09_21.Last.txt,2021-09-01 22:54:00,15615.25,15615.25,9
06_mnq_09_21.Last.txt,2021-09-02 04:06:00,15612.75,15612.75,3
06_mnq_09_21.Last.txt,2021-09-02 04:53:00,15611.25,15611.25,3
06_mnq_09_21.Last.txt,2021-09-02 04:54:00,15610.75,15610.75,6
06_mnq_09_21.Last.txt,2021-09-02 04:59:00,15610.5,15610.5,10
06_mnq_09_21.Last.txt,2021-09-04 17:34:00,15653.5,15653.5,1
06_mnq_09_21.Last.txt,2021-09-05 23:09:00,15659.5,15659.5,2
06_mnq_09_21.Last.txt,2021-09-05 23:18:00,15659.25,15659.25,7
06_mnq_09_21.Last.txt,2021-09-05 23:20:00,15659.0,15659.0,5
06_mnq_09_21.Last.txt,2021-09-06 04:09:00,15660.0,15660.0,7
06_mnq_09_21.Last.txt,2021-09-06 04:17:00,15660.0,15660.0,4
06_mnq_09_21.Last.txt,2021-09-06 04:30:00,15661.25,15661.25,5
06_mnq_09_21.Last.txt,2021-09-06 04:43:00,15663.5,15663.5,2
06_mnq_09_21.Last.txt,2021-09-06 15:40:00,15701.25,15701.25,27
06_mnq_09_21.Last.txt,2021-09-06 16:08:00,15698.0,15698.0,28
06_mnq_09_21.Last.txt,2021-09-06 16:54:00,15699.0,15699.0,6
06_mnq_09_21.Last.txt,2021-09-06 23:06:00,15693.5,15693.5,6
06_mnq_09_21.Last.txt,2021-09-06 23:08:00,15693.5,15693.5,4
06_mnq_09_21.Last.txt,2021-09-06 23:20:00,15694.75,15694.75,11
06_mnq_09_21.Last.txt,2021-09-07 04:52:00,15674.0,15674.0,10
06_mnq_09_21.Last.txt,2021-09-07 05:48:00,15685.0,15685.0,27
06_mnq_09_21.Last.txt,2021-09-08 04:42:00,15678.0,15678.0,9
06_mnq_09_21.Last.txt,2021-09-08 04:47:00,15676.0,15676.0,10
06_mnq_09_21.Last.txt,2021-09-09 23:25:00,15562.0,15562.0,2
06_mnq_09_21.Last.txt,2021-09-10 03:52:00,15582.25,15582.25,3
06_mnq_09_21.Last.txt,2021-09-10 04:12:00,15581.5,15581.5,7
06_mnq_09_21.Last.txt,2021-09-10 04:27:00,15582.75,15582.75,4
06_mnq_09_21.Last.txt,2021-09-13 03:43:00,15457.0,15457.0,2
06_mnq_09_21.Last.txt,2021-09-13 03:45:00,15456.0,15456.0,5
06_mnq_09_21.Last.txt,2021-09-14 00:48:00,15449.5,15449.5,23
06_mnq_09_21.Last.txt,2021-09-14 01:00:00,15448.75,15448.75,1
06_mnq_09_21.Last.txt,2021-09-14 02:48:00,15456.0,15456.0,7
06_mnq_09_21.Last.txt,2021-09-14 04:19:00,15456.5,15456.5,2
06_mnq_09_21.Last.txt,2021-09-14 04:24:00,15457.25,15457.25,1
06_mnq_09_21.Last.txt,2021-09-14 04:26:00,15458.0,15458.0,7
06_mnq_09_21.Last.txt,2021-09-14 04:28:00,15457.25,15457.25,4
06_mnq_09_21.Last.txt,2021-09-14 04:29:00,15457.25,15457.25,2
06_mnq_09_21.Last.txt,2021-09-14 05:00:00,15457.75,15457.75,2
06_mnq_09_21.Last.txt,2021-09-14 23:55:00,15411.25,15411.25,6
06_mnq_09_21.Last.txt,2021-09-15 03:09:00,15399.0,15399.0,3
06_mnq_09_21.Last.txt,2021-09-15 03:47:00,15404.0,15404.0,1
06_mnq_09_21.Last.txt,2021-09-15 09:05:00,15436.5,15436.5,3
06_mnq_09_21.Last.txt,2021-09-15 09:09:00,15436.0,15436.0,7
06_mnq_09_21.Last.txt,2021-09-15 09:18:00,15435.75,15435.75,1
06_mnq_09_21.Last.txt,2021-09-15 09:57:00,15434.25,15434.25,5
06_mnq_09_21.Last.txt,2021-09-15 20:26:00,15506.25,15506.25,5
06_mnq_09_21.Last.txt,2021-09-15 20:28:00,15507.0,15507.0,1
06_mnq_09_21.Last.txt,2021-09-15 20:29:00,15507.5,15507.5,10
06_mnq_09_21.Last.txt,2021-09-15 20:37:00,15507.25,15507.25,5
06_mnq_09_21.Last.txt,2021-09-15 20:57:00,15512.75,15512.75,3
06_mnq_09_21.Last.txt,2021-09-15 22:10:00,15515.0,15515.0,5
06_mnq_09_21.Last.txt,2021-09-15 22:24:00,15516.0,15516.0,3
06_mnq_09_21.Last.txt,2021-09-15 22:28:00,15515.5,15515.5,3
06_mnq_09_21.Last.txt,2021-09-15 22:30:00,15516.0,15516.0,3
06_mnq_09_21.Last.txt,2021-09-15 22:36:00,15512.5,15512.5,1
06_mnq_09_21.Last.txt,2021-09-15 22:43:00,15512.5,15512.5,1
06_mnq_09_21.Last.txt,2021-09-15 22:52:00,15513.75,15513.75,1
06_mnq_09_21.Last.txt,2021-09-15 22:57:00,15513.0,15513.0,1
06_mnq_09_21.Last.txt,2021-09-15 22:58:00,15513.75,15513.75,1
06_mnq_09_21.Last.txt,2021-09-15 23:05:00,15507.5,15507.5,2
06_mnq_09_21.Last.txt,2021-09-15 23:07:00,15507.5,15507.5,5
06_mnq_09_21.Last.txt,2021-09-15 23:12:00,15508.75,15508.75,1
06_mnq_09_21.Last.txt,2021-09-15 23:14:00,15507.5,15507.5,2
06_mnq_09_21.Last.txt,2021-09-15 23:15:00,15506.5,15506.5,4
06_mnq_09_21.Last.txt,2021-09-15 23:21:00,15511.25,15511.25,1
06_mnq_09_21.Last.txt,2021-09-15 23:25:00,15510.0,15510.0,1
06_mnq_09_21.Last.txt,2021-09-15 23:27:00,15510.0,15510.0,3
06_mnq_09_21.Last.txt,2021-09-15 23:30:00,15509.5,15509.5,2
06_mnq_09_21.Last.txt,2021-09-15 23:33:00,15509.5,15509.5,1
06_mnq_09_21.Last.txt,2021-09-15 23:38:00,15507.0,15507.0,1
06_mnq_09_21.Last.txt,2021-09-15 23:52:00,15511.0,15511.0,2
06_mnq_09_21.Last.txt,2021-09-16 00:37:00,15508.5,15508.5,2
06_mnq_09_21.Last.txt,2021-09-16 00:46:00,15512.5,15512.5,1
06_mnq_09_21.Last.txt,2021-09-16 03:19:00,15505.5,15505.5,1
06_mnq_09_21.Last.txt,2021-09-16 03:27:00,15505.25,15505.25,1
06_mnq_09_21.Last.txt,2021-09-16 03:33:00,15504.75,15504.75,2
06_mnq_09_21.Last.txt,2021-09-16 04:20:00,15491.0,15491.0,9
06_mnq_09_21.Last.txt,2021-09-16 04:22:00,15491.5,15491.5,1
06_mnq_09_21.Last.txt,2021-09-16 04:37:00,15497.25,15497.25,2
06_mnq_09_21.Last.txt,2021-09-16 04:44:00,15497.75,15497.75,1
06_mnq_09_21.Last.txt,2021-09-16 06:21:00,15495.25,15495.25,1
06_mnq_09_21.Last.txt,2021-09-16 10:24:00,15475.25,15475.25,4
06_mnq_09_21.Last.txt,2021-09-16 10:48:00,15475.25,15475.25,3
06_mnq_09_21.Last.txt,2021-09-16 11:19:00,15481.25,15481.25,2
06_mnq_09_21.Last.txt,2021-09-16 20:24:00,15504.75,15504.75,1
06_mnq_09_21.Last.txt,2021-09-16 20:25:00,15504.5,15504.5,2
06_mnq_09_21.Last.txt,2021-09-16 20:27:00,15505.0,15505.0,1
06_mnq_09_21.Last.txt,2021-09-16 20:28:00,15505.25,15505.25,1
06_mnq_09_21.Last.txt,2021-09-16 20:32:00,15506.0,15506.0,1
06_mnq_09_21.Last.txt,2021-09-16 20:46:00,15503.75,15503.75,1
06_mnq_09_21.Last.txt,2021-09-16 20:50:00,15505.0,15505.0,1
06_mnq_09_21.Last.txt,2021-09-16 22:07:00,15501.25,15501.25,1
06_mnq_09_21.Last.txt,2021-09-16 22:11:00,15500.0,15500.0,1
06_mnq_09_21.Last.txt,2021-09-16 22:12:00,15501.0,15501.0,1
06_mnq_09_21.Last.txt,2021-09-16 22:13:00,15508.75,15508.75,1
06_mnq_09_21.Last.txt,2021-09-16 22:15:00,15508.75,15508.75,1
06_mnq_09_21.Last.txt,2021-09-16 22:22:00,15505.0,15505.0,1
06_mnq_09_21.Last.txt,2021-09-16 22:33:00,15505.5,15505.5,1
06_mnq_09_21.Last.txt,2021-09-16 22:35:00,15505.25,15505.25,1
06_mnq_09_21.Last.txt,2021-09-16 22:38:00,15505.75,15505.75,1
06_mnq_09_21.Last.txt,2021-09-16 22:40:00,15506.75,15506.75,2
06_mnq_09_21.Last.txt,2021-09-16 22:41:00,15504.0,15504.0,1
06_mnq_09_21.Last.txt,2021-09-16 22:44:00,15505.0,15505.0,1
06_mnq_09_21.Last.txt,2021-09-16 22:57:00,15506.25,15506.25,3
06_mnq_09_21.Last.txt,2021-09-16 22:58:00,15506.25,15506.25,1
06_mnq_09_21.Last.txt,2021-09-16 23:03:00,15504.75,15504.75,3
06_mnq_09_21.Last.txt,2021-09-16 23:04:00,15504.75,15504.75,1
06_mnq_09_21.Last.txt,2021-09-16 23:05:00,15505.0,15505.0,22
06_mnq_09_21.Last.txt,2021-09-16 23:06:00,15505.0,15505.0,8
06_mnq_09_21.Last.txt,2021-09-16 23:08:00,15504.0,15504.0,1
06_mnq_09_21.Last.txt,2021-09-16 23:10:00,15504.0,15504.0,1
06_mnq_09_21.Last.txt,2021-09-16 23:12:00,15505.25,15505.25,1
06_mnq_09_21.Last.txt,2021-09-16 23:13:00,15505.5,15505.5,3
06_mnq_09_21.Last.txt,2021-09-16 23:14:00,15506.25,15506.25,1
06_mnq_09_21.Last.txt,2021-09-16 23:17:00,15506.75,15506.75,1
06_mnq_09_21.Last.txt,2021-09-16 23:23:00,15505.0,15505.0,3
06_mnq_09_21.Last.txt,2021-09-16 23:27:00,15508.5,15508.5,1
06_mnq_09_21.Last.txt,2021-09-16 23:30:00,15507.25,15507.25,1
06_mnq_09_21.Last.txt,2021-09-16 23:35:00,15503.25,15503.25,1
06_mnq_09_21.Last.txt,2021-09-16 23:36:00,15503.25,15503.25,1
06_mnq_09_21.Last.txt,2021-09-16 23:37:00,15503.25,15503.25,1
06_mnq_09_21.Last.txt,2021-09-16 23:58:00,15492.0,15492.0,1
06_mnq_09_21.Last.txt,2021-09-17 00:03:00,15491.25,15491.25,1
06_mnq_09_21.Last.txt,2021-09-17 00:10:00,15493.5,15493.5,1
06_mnq_09_21.Last.txt,2021-09-17 00:13:00,15491.75,15491.75,1
06_mnq_09_21.Last.txt,2021-09-17 00:14:00,15491.25,15491.25,7
06_mnq_09_21.Last.txt,2021-09-17 00:23:00,15484.5,15484.5,1
06_mnq_09_21.Last.txt,2021-09-17 00:24:00,15486.0,15486.0,2
06_mnq_09_21.Last.txt,2021-09-17 00:27:00,15490.0,15490.0,1
06_mnq_09_21.Last.txt,2021-09-17 00:29:00,15490.0,15490.0,1
06_mnq_09_21.Last.txt,2021-09-17 00:31:00,15491.25,15491.25,1
06_mnq_09_21.Last.txt,2021-09-17 00:33:00,15492.0,15492.0,1
06_mnq_09_21.Last.txt,2021-09-17 00:36:00,15490.5,15490.5,1
06_mnq_09_21.Last.txt,2021-09-17 00:38:00,15490.5,15490.5,1
06_mnq_09_21.Last.txt,2021-09-17 00:48:00,15489.75,15489.75,1
06_mnq_09_21.Last.txt,2021-09-17 01:04:00,15494.25,15494.25,1
06_mnq_09_21.Last.txt,2021-09-17 01:07:00,15492.75,15492.75,3
06_mnq_09_21.Last.txt,2021-09-17 01:12:00,15498.0,15498.0,1
06_mnq_09_21.Last.txt,2021-09-17 01:13:00,15495.25,15495.25,1
06_mnq_09_21.Last.txt,2021-09-17 01:17:00,15498.75,15498.75,2
06_mnq_09_21.Last.txt,2021-09-17 01:20:00,15492.75,15492.75,1
06_mnq_09_21.Last.txt,2021-09-17 01:22:00,15495.5,15495.5,2
06_mnq_09_21.Last.txt,2021-09-17 01:23:00,15495.0,15495.0,1
06_mnq_09_21.Last.txt,2021-09-17 01:24:00,15495.0,15495.0,6
06_mnq_09_21.Last.txt,2021-09-17 01:25:00,15496.25,15496.25,1
06_mnq_09_21.Last.txt,2021-09-17 01:30:00,15495.0,15495.0,1
06_mnq_09_21.Last.txt,2021-09-17 01:45:00,15493.5,15493.5,1
06_mnq_09_21.Last.txt,2021-09-17 01:49:00,15501.0,15501.0,1
06_mnq_09_21.Last.txt,2021-09-17 01:53:00,15499.5,15499.5,4
06_mnq_09_21.Last.txt,2021-09-17 01:54:00,15499.5,15499.5,4
06_mnq_09_21.Last.txt,2021-09-17 02:18:00,15502.75,15502.75,1
06_mnq_09_21.Last.txt,2021-09-17 02:19:00,15501.75,15501.75,1
06_mnq_09_21.Last.txt,2021-09-17 02:25:00,15505.5,15505.5,2
06_mnq_09_21.Last.txt,2021-09-17 02:26:00,15504.25,15504.25,1
06_mnq_09_21.Last.txt,2021-09-17 02:28:00,15505.0,15505.0,19
06_mnq_09_21.Last.txt,2021-09-17 02:29:00,15502.5,15502.5,1
06_mnq_09_21.Last.txt,2021-09-17 02:32:00,15500.0,15500.0,1
06_mnq_09_21.Last.txt,2021-09-17 02:35:00,15498.0,15498.0,1
06_mnq_09_21.Last.txt,2021-09-17 02:43:00,15504.0,15504.0,1
06_mnq_09_21.Last.txt,2021-09-17 02:45:00,15505.25,15505.25,2
06_mnq_09_21.Last.txt,2021-09-17 02:48:00,15505.75,15505.75,1
06_mnq_09_21.Last.txt,2021-09-17 02:49:00,15504.5,15504.5,1
06_mnq_09_21.Last.txt,2021-09-17 02:50:00,15504.25,15504.25,9
06_mnq_09_21.Last.txt,2021-09-17 02:53:00,15501.0,15501.0,1
06_mnq_09_21.Last.txt,2021-09-17 02:55:00,15503.25,15503.25,1
06_mnq_09_21.Last.txt,2021-09-17 02:57:00,15504.0,15504.0,1
06_mnq_09_21.Last.txt,2021-09-17 03:03:00,15507.75,15507.75,2
06_mnq_09_21.Last.txt,2021-09-17 03:04:00,15508.5,15508.5,3
06_mnq_09_21.Last.txt,2021-09-17 03:05:00,15509.25,15509.25,2
06_mnq_09_21.Last.txt,2021-09-17 03:09:00,15512.25,15512.25,2
06_mnq_09_21.Last.txt,2021-09-17 03:10:00,15513.0,15513.0,3
06_mnq_09_21.Last.txt,2021-09-17 03:14:00,15513.75,15513.75,3
06_mnq_09_21.Last.txt,2021-09-17 03:27:00,15526.5,15526.5,1
06_mnq_09_21.Last.txt,2021-09-17 03:28:00,15525.75,15525.75,2
06_mnq_09_21.Last.txt,2021-09-17 03:37:00,15523.0,15523.0,1
06_mnq_09_21.Last.txt,2021-09-17 03:38:00,15524.25,15524.25,1
06_mnq_09_21.Last.txt,2021-09-17 03:42:00,15523.5,15523.5,1
06_mnq_09_21.Last.txt,2021-09-17 03:49:00,15523.25,15523.25,1
06_mnq_09_21.Last.txt,2021-09-17 03:50:00,15523.5,15523.5,1
06_mnq_09_21.Last.txt,2021-09-17 03:51:00,15523.5,15523.5,1
06_mnq_09_21.Last.txt,2021-09-17 03:53:00,15524.25,15524.25,5
06_mnq_09_21.Last.txt,2021-09-17 03:54:00,15524.25,15524.25,1
06_mnq_09_21.Last.txt,2021-09-17 03:59:00,15525.0,15525.0,1
06_mnq_09_21.Last.txt,2021-09-17 04:00:00,15522.25,15522.25,5
06_mnq_09_21.Last.txt,2021-09-17 04:03:00,15523.0,15523.0,1
06_mnq_09_21.Last.txt,2021-09-17 04:05:00,15525.0,15525.0,1
06_mnq_09_21.Last.txt,2021-09-17 04:11:00,15525.0,15525.0,4
06_mnq_09_21.Last.txt,2021-09-17 04:13:00,15524.75,15524.75,2
06_mnq_09_21.Last.txt,2021-09-17 04:23:00,15530.0,15530.0,12
06_mnq_09_21.Last.txt,2021-09-17 04:34:00,15525.75,15525.75,5
06_mnq_09_21.Last.txt,2021-09-17 04:38:00,15525.75,15525.75,1
06_mnq_09_21.Last.txt,2021-09-17 04:50:00,15530.0,15530.0,1
06_mnq_09_21.Last.txt,2021-09-17 04:51:00,15528.0,15528.0,1
06_mnq_09_21.Last.txt,2021-09-17 04:52:00,15526.5,15526.5,5
06_mnq_09_21.Last.txt,2021-09-17 04:53:00,15526.5,15526.5,6
06_mnq_09_21.Last.txt,2021-09-17 04:55:00,15530.0,15530.0,2
06_mnq_09_21.Last.txt,2021-09-17 04:58:00,15531.0,15531.0,1
06_mnq_09_21.Last.txt,2021-09-17 04:59:00,15531.0,15531.0,1
06_mnq_09_21.Last.txt,2021-09-17 05:00:00,15531.0,15531.0,3
06_mnq_09_21.Last.txt,2021-09-17 05:03:00,15528.0,15528.0,1
06_mnq_09_21.Last.txt,2021-09-17 05:05:00,15528.0,15528.0,1
06_mnq_09_21.Last.txt,2021-09-17 05:09:00,15532.5,15532.5,4
06_mnq_09_21.Last.txt,2021-09-17 05:13:00,15529.5,15529.5,1
06_mnq_09_21.Last.txt,2021-09-17 05:16:00,15527.75,15527.75,1
06_mnq_09_21.Last.txt,2021-09-17 05:19:00,15528.75,15528.75,5
06_mnq_09_21.Last.txt,2021-09-17 05:20:00,15530.75,15530.75,1
06_mnq_09_21.Last.txt,2021-09-17 05:28:00,15531.0,15531.0,1
06_mnq_09_21.Last.txt,2021-09-17 05:29:00,15531.0,15531.0,2
06_mnq_09_21.Last.txt,2021-09-17 05:32:00,15529.75,15529.75,1
06_mnq_09_21.Last.txt,2021-09-17 05:36:00,15531.0,15531.0,3
06_mnq_09_21.Last.txt,2021-09-17 05:39:00,15530.25,15530.25,1
06_mnq_09_21.Last.txt,2021-09-17 05:42:00,15530.0,15530.0,1
06_mnq_09_21.Last.txt,2021-09-17 05:43:00,15531.5,15531.5,1
06_mnq_09_21.Last.txt,2021-09-17 05:45:00,15529.0,15529.0,1
06_mnq_09_21.Last.txt,2021-09-17 05:47:00,15529.0,15529.0,1
06_mnq_09_21.Last.txt,2021-09-17 05:48:00,15529.0,15529.0,5
06_mnq_09_21.Last.txt,2021-09-17 05:50:00,15529.0,15529.0,1
06_mnq_09_21.Last.txt,2021-09-17 05:52:00,15529.5,15529.5,2
06_mnq_09_21.Last.txt,2021-09-17 05:53:00,15531.75,15531.75,3
06_mnq_09_21.Last.txt,2021-09-17 05:54:00,15531.75,15531.75,1
06_mnq_09_21.Last.txt,2021-09-17 06:02:00,15534.0,15534.0,1
06_mnq_09_21.Last.txt,2021-09-17 06:14:00,15535.0,15535.0,1
06_mnq_09_21.Last.txt,2021-09-17 06:15:00,15536.25,15536.25,1
06_mnq_09_21.Last.txt,2021-09-17 06:20:00,15536.25,15536.25,1
06_mnq_09_21.Last.txt,2021-09-17 06:22:00,15535.5,15535.5,1
06_mnq_09_21.Last.txt,2021-09-17 06:23:00,15537.5,15537.5,2
06_mnq_09_21.Last.txt,2021-09-17 06:27:00,15537.75,15537.75,9
06_mnq_09_21.Last.txt,2021-09-17 06:29:00,15538.5,15538.5,1
06_mnq_09_21.Last.txt,2021-09-17 06:45:00,15535.5,15535.5,2
06_mnq_09_21.Last.txt,2021-09-17 06:46:00,15533.5,15533.5,2
06_mnq_09_21.Last.txt,2021-09-17 06:47:00,15533.25,15533.25,1
06_mnq_09_21.Last.txt,2021-09-17 06:49:00,15534.25,15534.25,3
06_mnq_09_21.Last.txt,2021-09-17 06:50:00,15533.25,15533.25,1
06_mnq_09_21.Last.txt,2021-09-17 06:53:00,15532.0,15532.0,1
06_mnq_09_21.Last.txt,2021-09-17 06:54:00,15531.5,15531.5,2
06_mnq_09_21.Last.txt,2021-09-17 06:55:00,15531.0,15531.0,1
06_mnq_09_21.Last.txt,2021-09-17 06:57:00,15530.5,15530.5,1
06_mnq_09_21.Last.txt,2021-09-17 07:00:00,15530.25,15530.25,1
06_mnq_09_21.Last.txt,2021-09-17 07:01:00,15531.75,15531.75,11
06_mnq_09_21.Last.txt,2021-09-17 07:04:00,15535.0,15535.0,1
06_mnq_09_21.Last.txt,2021-09-17 07:06:00,15535.0,15535.0,1
06_mnq_09_21.Last.txt,2021-09-17 07:07:00,15534.0,15534.0,1
06_mnq_09_21.Last.txt,2021-09-17 07:16:00,15524.5,15524.5,4
06_mnq_09_21.Last.txt,2021-09-17 07:24:00,15518.0,15518.0,1
06_mnq_09_21.Last.txt,2021-09-17 07:29:00,15518.25,15518.25,1
06_mnq_09_21.Last.txt,2021-09-17 07:34:00,15522.5,15522.5,1
06_mnq_09_21.Last.txt,2021-09-17 07:42:00,15515.0,15515.0,2
06_mnq_09_21.Last.txt,2021-09-17 07:50:00,15510.0,15510.0,1
06_mnq_09_21.Last.txt,2021-09-17 07:53:00,15517.0,15517.0,1
06_mnq_09_21.Last.txt,2021-09-17 07:54:00,15518.25,15518.25,2
06_mnq_09_21.Last.txt,2021-09-17 07:56:00,15518.25,15518.25,1
06_mnq_09_21.Last.txt,2021-09-17 07:58:00,15521.25,15521.25,2
06_mnq_09_21.Last.txt,2021-09-17 08:01:00,15520.0,15520.0,12
06_mnq_09_21.Last.txt,2021-09-17 08:05:00,15519.5,15519.5,2
06_mnq_09_21.Last.txt,2021-09-17 08:10:00,15516.25,15516.25,1
06_mnq_09_21.Last.txt,2021-09-17 08:17:00,15518.0,15518.0,1
06_mnq_09_21.Last.txt,2021-09-17 08:21:00,15519.75,15519.75,1
06_mnq_09_21.Last.txt,2021-09-17 08:22:00,15519.25,15519.25,1
06_mnq_09_21.Last.txt,2021-09-17 08:25:00,15518.0,15518.0,5
06_mnq_09_21.Last.txt,2021-09-17 08:30:00,15514.5,15514.5,2
06_mnq_09_21.Last.txt,2021-09-17 08:33:00,15510.0,15510.0,1
06_mnq_09_21.Last.txt,2021-09-17 08:40:00,15512.25,15512.25,2
06_mnq_09_21.Last.txt,2021-09-17 08:42:00,15511.75,15511.75,2
06_mnq_09_21.Last.txt,2021-09-17 08:44:00,15513.25,15513.25,1
06_mnq_09_21.Last.txt,2021-09-17 08:46:00,15514.5,15514.5,2
06_mnq_09_21.Last.txt,2021-09-17 08:48:00,15514.5,15514.5,1
06_mnq_09_21.Last.txt,2021-09-17 08:51:00,15513.75,15513.75,2
06_mnq_09_21.Last.txt,2021-09-17 08:53:00,15514.5,15514.5,1
06_mnq_09_21.Last.txt,2021-09-17 08:55:00,15514.0,15514.0,1
06_mnq_09_21.Last.txt,2021-09-17 08:57:00,15517.5,15517.5,1
06_mnq_09_21.Last.txt,2021-09-17 09:00:00,15518.5,15518.5,1
06_mnq_09_21.Last.txt,2021-09-17 09:01:00,15518.5,15518.5,1
06_mnq_09_21.Last.txt,2021-09-17 09:03:00,15516.0,15516.0,2
06_mnq_09_21.Last.txt,2021-09-17 09:18:00,15500.25,15500.25,1
06_mnq_09_21.Last.txt,2021-09-17 09:29:00,15501.0,15501.0,1
06_mnq_09_21.Last.txt,2021-09-17 09:30:00,15498.75,15498.75,1
06_mnq_09_21.Last.txt,2021-09-17 09:32:00,15497.25,15497.25,2
06_mnq_09_21.Last.txt,2021-09-17 09:36:00,15496.5,15496.5,1
06_mnq_09_21.Last.txt,2021-09-17 09:38:00,15497.0,15497.0,1
06_mnq_09_21.Last.txt,2021-09-17 09:39:00,15496.0,15496.0,3
06_mnq_09_21.Last.txt,2021-09-17 09:45:00,15489.0,15489.0,1
06_mnq_09_21.Last.txt,2021-09-17 09:49:00,15492.25,15492.25,1
06_mnq_09_21.Last.txt,2021-09-17 10:19:00,15498.5,15498.5,1
06_mnq_09_21.Last.txt,2021-09-17 10:20:00,15497.25,15497.25,2
06_mnq_09_21.Last.txt,2021-09-17 10:32:00,15482.5,15482.5,1
06_mnq_09_21.Last.txt,2021-09-17 10:43:00,15483.0,15483.0,1
06_mnq_09_21.Last.txt,2021-09-17 10:44:00,15478.0,15478.0,3
06_mnq_09_21.Last.txt,2021-09-17 10:50:00,15486.0,15486.0,2
06_mnq_09_21.Last.txt,2021-09-17 10:51:00,15486.5,15486.5,1
06_mnq_09_21.Last.txt,2021-09-17 10:52:00,15486.75,15486.75,1
06_mnq_09_21.Last.txt,2021-09-17 11:01:00,15487.0,15487.0,1
06_mnq_09_21.Last.txt,2021-09-17 11:07:00,15488.25,15488.25,1
06_mnq_09_21.Last.txt,2021-09-17 11:08:00,15488.25,15488.25,1
06_mnq_09_21.Last.txt,2021-09-17 11:11:00,15486.0,15486.0,11
06_mnq_09_21.Last.txt,2021-09-17 11:25:00,15485.0,15485.0,1
06_mnq_09_21.Last.txt,2021-09-17 11:32:00,15482.75,15482.75,5
06_mnq_09_21.Last.txt,2021-09-17 11:36:00,15483.0,15483.0,2
06_mnq_09_21.Last.txt,2021-09-17 11:43:00,15488.0,15488.0,1
06_mnq_09_21.Last.txt,2021-09-17 11:45:00,15488.25,15488.25,1
06_mnq_09_21.Last.txt,2021-09-17 11:50:00,15489.0,15489.0,3
06_mnq_09_21.Last.txt,2021-09-17 11:54:00,15491.0,15491.0,1
06_mnq_09_21.Last.txt,2021-09-17 11:59:00,15491.5,15491.5,1
06_mnq_09_21.Last.txt,2021-09-17 12:06:00,15500.0,15500.0,1
06_mnq_09_21.Last.txt,2021-09-17 12:46:00,15516.0,15516.0,5
06_mnq_09_21.Last.txt,2021-09-17 12:47:00,15516.0,15516.0,1
07_mnq_12_21.Last.txt,2021-09-23 03:47:00,15188.25,15188.25,8
07_mnq_12_21.Last.txt,2021-09-26 06:02:00,15317.25,15317.25,2
07_mnq_12_21.Last.txt,2021-10-02 21:09:00,14779.5,14779.5,1
07_mnq_12_21.Last.txt,2021-10-05 22:41:00,14669.25,14669.25,5
07_mnq_12_21.Last.txt,2021-10-10 20:10:00,14804.5,14804.5,12
07_mnq_12_21.Last.txt,2021-10-24 17:49:00,15324.0,15324.0,2
07_mnq_12_21.Last.txt,2021-10-24 20:09:00,15324.0,15324.0,1
07_mnq_12_21.Last.txt,2021-10-31 17:14:00,15869.0,15869.0,2
07_mnq_12_21.Last.txt,2021-10-31 20:00:00,15869.0,15869.0,1
07_mnq_12_21.Last.txt,2021-10-31 20:48:00,15869.0,15869.0,1
07_mnq_12_21.Last.txt,2021-11-01 04:45:00,15875.25,15875.25,12
07_mnq_12_21.Last.txt,2021-11-03 04:45:00,15959.75,15959.75,5
07_mnq_12_21.Last.txt,2021-11-03 06:42:00,15958.0,15958.0,6
07_mnq_12_21.Last.txt,2021-11-13 19:22:00,16201.75,16201.75,2
07_mnq_12_21.Last.txt,2021-11-13 22:07:00,16201.75,16201.75,1
07_mnq_12_21.Last.txt,2021-11-13 22:31:00,16201.75,16201.75,1
07_mnq_12_21.Last.txt,2021-11-14 06:28:00,16201.75,16201.75,1
07_mnq_12_21.Last.txt,2021-11-16 04:00:00,16216.25,16216.25,3
07_mnq_12_21.Last.txt,2021-11-18 04:30:00,16342.75,16342.75,2
07_mnq_12_21.Last.txt,2021-11-21 18:27:00,16588.25,16588.25,2
07_mnq_12_21.Last.txt,2021-11-21 19:05:00,16588.25,16588.25,1
07_mnq_12_21.Last.txt,2021-12-10 21:28:00,16314.75,16314.75,10
07_mnq_12_21.Last.txt,2021-12-13 04:27:00,16389.0,16389.0,1
07_mnq_12_21.Last.txt,2021-12-13 23:47:00,16095.5,16095.5,3
07_mnq_12_21.Last.txt,2021-12-14 04:17:00,16098.0,16098.0,1
07_mnq_12_21.Last.txt,2021-12-14 04:27:00,16096.75,16096.75,2
07_mnq_12_21.Last.txt,2021-12-14 05:09:00,16100.75,16100.75,4
07_mnq_12_21.Last.txt,2021-12-14 06:27:00,16099.75,16099.75,1
07_mnq_12_21.Last.txt,2021-12-14 21:39:00,15930.0,15930.0,1
07_mnq_12_21.Last.txt,2021-12-14 21:48:00,15928.0,15928.0,2
07_mnq_12_21.Last.txt,2021-12-14 21:58:00,15930.75,15930.75,3
07_mnq_12_21.Last.txt,2021-12-15 04:08:00,15934.5,15934.5,1
07_mnq_12_21.Last.txt,2021-12-15 04:49:00,15936.25,15936.25,2
07_mnq_12_21.Last.txt,2021-12-15 21:57:00,16289.0,16289.0,24
07_mnq_12_21.Last.txt,2021-12-15 21:59:00,16289.25,16289.25,1
07_mnq_12_21.Last.txt,2021-12-16 04:41:00,16328.0,16328.0,2
07_mnq_12_21.Last.txt,2021-12-16 21:40:00,15878.0,15878.0,5
07_mnq_12_21.Last.txt,2021-12-16 21:42:00,15880.0,15880.0,1
07_mnq_12_21.Last.txt,2021-12-16 21:48:00,15878.0,15878.0,1
07_mnq_12_21.Last.txt,2021-12-16 21:57:00,15881.0,15881.0,1
07_mnq_12_21.Last.txt,2021-12-16 23:43:00,15835.5,15835.5,1
07_mnq_12_21.Last.txt,2021-12-16 23:53:00,15838.0,15838.0,1
07_mnq_12_21.Last.txt,2021-12-16 23:54:00,15834.75,15834.75,1
07_mnq_12_21.Last.txt,2021-12-16 23:57:00,15837.0,15837.0,1
07_mnq_12_21.Last.txt,2021-12-17 00:08:00,15848.0,15848.0,1
07_mnq_12_21.Last.txt,2021-12-17 00:09:00,15853.5,15853.5,1
07_mnq_12_21.Last.txt,2021-12-17 00:10:00,15851.25,15851.25,1
07_mnq_12_21.Last.txt,2021-12-17 00:15:00,15858.0,15858.0,7
07_mnq_12_21.Last.txt,2021-12-17 00:28:00,15852.0,15852.0,1
07_mnq_12_21.Last.txt,2021-12-17 00:31:00,15852.75,15852.75,1
07_mnq_12_21.Last.txt,2021-12-17 00:36:00,15861.25,15861.25,1
07_mnq_12_21.Last.txt,2021-12-17 00:38:00,15864.0,15864.0,3
07_mnq_12_21.Last.txt,2021-12-17 00:51:00,15871.5,15871.5,1
07_mnq_12_21.Last.txt,2021-12-17 00:55:00,15870.5,15870.5,11
07_mnq_12_21.Last.txt,2021-12-17 00:57:00,15871.5,15871.5,2
07_mnq_12_21.Last.txt,2021-12-17 01:14:00,15888.0,15888.0,1
07_mnq_12_21.Last.txt,2021-12-17 01:24:00,15900.0,15900.0,3
07_mnq_12_21.Last.txt,2021-12-17 01:25:00,15901.5,15901.5,1
07_mnq_12_21.Last.txt,2021-12-17 01:36:00,15891.75,15891.75,1
07_mnq_12_21.Last.txt,2021-12-17 01:44:00,15883.0,15883.0,2
07_mnq_12_21.Last.txt,2021-12-17 01:45:00,15886.75,15886.75,1
07_mnq_12_21.Last.txt,2021-12-17 01:49:00,15890.0,15890.0,1
07_mnq_12_21.Last.txt,2021-12-17 01:52:00,15896.75,15896.75,1
07_mnq_12_21.Last.txt,2021-12-17 02:00:00,15894.75,15894.75,2
07_mnq_12_21.Last.txt,2021-12-17 02:02:00,15888.0,15888.0,2
07_mnq_12_21.Last.txt,2021-12-17 02:06:00,15889.0,15889.0,1
07_mnq_12_21.Last.txt,2021-12-17 02:12:00,15896.0,15896.0,1
07_mnq_12_21.Last.txt,2021-12-17 02:16:00,15894.0,15894.0,7
07_mnq_12_21.Last.txt,2021-12-17 02:24:00,15890.5,15890.5,1
07_mnq_12_21.Last.txt,2021-12-17 02:26:00,15889.25,15889.25,1
07_mnq_12_21.Last.txt,2021-12-17 02:30:00,15882.75,15882.75,1
07_mnq_12_21.Last.txt,2021-12-17 02:31:00,15882.75,15882.75,1
07_mnq_12_21.Last.txt,2021-12-17 02:39:00,15880.5,15880.5,1
07_mnq_12_21.Last.txt,2021-12-17 02:40:00,15877.0,15877.0,1
07_mnq_12_21.Last.txt,2021-12-17 02:45:00,15883.5,15883.5,2
07_mnq_12_21.Last.txt,2021-12-17 02:49:00,15881.0,15881.0,1
07_mnq_12_21.Last.txt,2021-12-17 02:50:00,15881.0,15881.0,1
07_mnq_12_21.Last.txt,2021-12-17 02:55:00,15873.0,15873.0,3
07_mnq_12_21.Last.txt,2021-12-17 03:02:00,15875.0,15875.0,2
07_mnq_12_21.Last.txt,2021-12-17 03:28:00,15846.5,15846.5,1
07_mnq_12_21.Last.txt,2021-12-17 03:29:00,15850.0,15850.0,5
07_mnq_12_21.Last.txt,2021-12-17 03:30:00,15850.5,15850.5,1
07_mnq_12_21.Last.txt,2021-12-17 03:43:00,15818.0,15818.0,1
07_mnq_12_21.Last.txt,2021-12-17 03:44:00,15820.75,15820.75,1
07_mnq_12_21.Last.txt,2021-12-17 03:52:00,15819.0,15819.0,1
07_mnq_12_21.Last.txt,2021-12-17 03:55:00,15818.25,15818.25,1
07_mnq_12_21.Last.txt,2021-12-17 04:03:00,15788.25,15788.25,1
07_mnq_12_21.Last.txt,2021-12-17 04:22:00,15801.0,15801.0,1
07_mnq_12_21.Last.txt,2021-12-17 04:23:00,15803.25,15803.25,1
07_mnq_12_21.Last.txt,2021-12-17 04:24:00,15807.0,15807.0,1
07_mnq_12_21.Last.txt,2021-12-17 04:30:00,15803.25,15803.25,1
07_mnq_12_21.Last.txt,2021-12-17 04:31:00,15800.0,15800.0,4
07_mnq_12_21.Last.txt,2021-12-17 04:35:00,15813.75,15813.75,1
07_mnq_12_21.Last.txt,2021-12-17 04:47:00,15831.75,15831.75,1
07_mnq_12_21.Last.txt,2021-12-17 04:57:00,15840.25,15840.25,1
07_mnq_12_21.Last.txt,2021-12-17 05:19:00,15817.5,15817.5,1
07_mnq_12_21.Last.txt,2021-12-17 05:23:00,15826.5,15826.5,2
07_mnq_12_21.Last.txt,2021-12-17 05:26:00,15829.5,15829.5,1
07_mnq_12_21.Last.txt,2021-12-17 05:27:00,15834.0,15834.0,5
07_mnq_12_21.Last.txt,2021-12-17 05:31:00,15835.0,15835.0,1
07_mnq_12_21.Last.txt,2021-12-17 05:32:00,15836.25,15836.25,1
07_mnq_12_21.Last.txt,2021-12-17 05:42:00,15840.0,15840.0,1
07_mnq_12_21.Last.txt,2021-12-17 05:46:00,15850.0,15850.0,3
07_mnq_12_21.Last.txt,2021-12-17 05:51:00,15844.5,15844.5,1
07_mnq_12_21.Last.txt,2021-12-17 05:52:00,15839.25,15839.25,1
07_mnq_12_21.Last.txt,2021-12-17 05:54:00,15838.5,15838.5,2
07_mnq_12_21.Last.txt,2021-12-17 05:57:00,15841.5,15841.5,1
07_mnq_12_21.Last.txt,2021-12-17 06:07:00,15843.75,15843.75,1
07_mnq_12_21.Last.txt,2021-12-17 06:13:00,15846.75,15846.75,2
07_mnq_12_21.Last.txt,2021-12-17 06:14:00,15843.5,15843.5,1
07_mnq_12_21.Last.txt,2021-12-17 06:16:00,15851.75,15851.75,1
07_mnq_12_21.Last.txt,2021-12-17 06:22:00,15851.0,15851.0,1
07_mnq_12_21.Last.txt,2021-12-17 06:25:00,15843.75,15843.75,1
07_mnq_12_21.Last.txt,2021-12-17 06:27:00,15843.75,15843.75,3
07_mnq_12_21.Last.txt,2021-12-17 06:29:00,15841.5,15841.5,1
07_mnq_12_21.Last.txt,2021-12-17 06:33:00,15835.25,15835.25,2
07_mnq_12_21.Last.txt,2021-12-17 06:35:00,15832.5,15832.5,1
07_mnq_12_21.Last.txt,2021-12-17 06:39:00,15837.0,15837.0,1
07_mnq_12_21.Last.txt,2021-12-17 06:44:00,15842.5,15842.5,3
07_mnq_12_21.Last.txt,2021-12-17 06:48:00,15844.0,15844.0,1
07_mnq_12_21.Last.txt,2021-12-17 07:03:00,15834.75,15834.75,2
07_mnq_12_21.Last.txt,2021-12-17 07:09:00,15847.0,15847.0,1
07_mnq_12_21.Last.txt,2021-12-17 07:10:00,15846.25,15846.25,2
07_mnq_12_21.Last.txt,2021-12-17 07:12:00,15849.75,15849.75,2
07_mnq_12_21.Last.txt,2021-12-17 07:24:00,15870.0,15870.0,10
07_mnq_12_21.Last.txt,2021-12-17 07:29:00,15865.25,15865.25,6
07_mnq_12_21.Last.txt,2021-12-17 07:41:00,15861.0,15861.0,1
07_mnq_12_21.Last.txt,2021-12-17 07:49:00,15860.5,15860.5,1
07_mnq_12_21.Last.txt,2021-12-17 07:51:00,15863.25,15863.25,1
07_mnq_12_21.Last.txt,2021-12-17 07:54:00,15868.25,15868.25,1
07_mnq_12_21.Last.txt,2021-12-17 07:56:00,15864.75,15864.75,1
07_mnq_12_21.Last.txt,2021-12-17 07:57:00,15862.0,15862.0,1
07_mnq_12_21.Last.txt,2021-12-17 07:58:00,15862.0,15862.0,10
07_mnq_12_21.Last.txt,2021-12-17 08:30:00,15849.5,15849.5,1
07_mnq_12_21.Last.txt,2021-12-17 08:32:00,15848.75,15848.75,1
07_mnq_12_21.Last.txt,2021-12-17 08:33:00,15840.0,15840.0,1
07_mnq_12_21.Last.txt,2021-12-17 08:40:00,15832.25,15832.25,1
07_mnq_12_21.Last.txt,2021-12-17 08:51:00,15801.0,15801.0,1
07_mnq_12_21.Last.txt,2021-12-17 09:27:00,15770.0,15770.0,1
07_mnq_12_21.Last.txt,2021-12-17 09:35:00,15755.25,15755.25,4
07_mnq_12_21.Last.txt,2021-12-17 09:36:00,15762.0,15762.0,2
07_mnq_12_21.Last.txt,2021-12-17 10:06:00,15775.0,15775.0,1
07_mnq_12_21.Last.txt,2021-12-17 10:10:00,15765.75,15765.75,3
07_mnq_12_21.Last.txt,2021-12-17 10:14:00,15766.0,15766.0,1
07_mnq_12_21.Last.txt,2021-12-17 10:15:00,15767.75,15767.75,2
07_mnq_12_21.Last.txt,2021-12-17 10:18:00,15768.25,15768.25,1
07_mnq_12_21.Last.txt,2021-12-17 10:19:00,15768.0,15768.0,1
07_mnq_12_21.Last.txt,2021-12-17 10:20:00,15760.75,15760.75,1
07_mnq_12_21.Last.txt,2021-12-17 10:21:00,15764.75,15764.75,1
07_mnq_12_21.Last.txt,2021-12-17 10:22:00,15771.0,15771.0,1
07_mnq_12_21.Last.txt,2021-12-17 10:23:00,15768.75,15768.75,1
07_mnq_12_21.Last.txt,2021-12-17 11:04:00,15731.25,15731.25,3
07_mnq_12_21.Last.txt,2021-12-17 11:20:00,15739.5,15739.5,1
07_mnq_12_21.Last.txt,2021-12-17 11:24:00,15752.0,15752.0,11
07_mnq_12_21.Last.txt,2021-12-17 11:31:00,15770.0,15770.0,1
07_mnq_12_21.Last.txt,2021-12-17 11:35:00,15753.75,15753.75,3
07_mnq_12_21.Last.txt,2021-12-17 11:37:00,15756.25,15756.25,3
07_mnq_12_21.Last.txt,2021-12-17 11:41:00,15763.0,15763.0,1
07_mnq_12_21.Last.txt,2021-12-17 11:46:00,15768.0,15768.0,1
07_mnq_12_21.Last.txt,2021-12-17 11:55:00,15754.0,15754.0,3
07_mnq_12_21.Last.txt,2021-12-17 12:23:00,15747.0,15747.0,1
07_mnq_12_21.Last.txt,2021-12-17 12:43:00,15722.75,15722.75,1
07_mnq_12_21.Last.txt,2021-12-17 13:13:00,15693.0,15693.0,1
08_mnq_03_22.Last.txt,2021-12-30 04:38:00,16481.0,16481.0,5
08_mnq_03_22.Last.txt,2022-01-09 00:49:00,15572.75,15572.75,1
08_mnq_03_22.Last.txt,2022-01-09 01:58:00,15572.75,15572.75,1
08_mnq_03_22.Last.txt,2022-01-09 06:34:00,15572.75,15572.75,2
08_mnq_03_22.Last.txt,2022-01-23 18:08:00,14412.5,14412.5,2
08_mnq_03_22.Last.txt,2022-01-23 19:07:00,14412.5,14412.5,2
08_mnq_03_22.Last.txt,2022-01-30 13:58:00,14429.5,14429.5,16
08_mnq_03_22.Last.txt,2022-01-30 19:55:00,14429.5,14429.5,8
08_mnq_03_22.Last.txt,2022-02-20 16:12:00,13993.75,13993.75,2
08_mnq_03_22.Last.txt,2022-02-20 18:22:00,13993.75,13993.75,1
08_mnq_03_22.Last.txt,2022-02-20 19:11:00,13993.75,13993.75,1
08_mnq_03_22.Last.txt,2022-02-21 18:01:00,13734.25,13734.25,4
08_mnq_03_22.Last.txt,2022-03-06 19:28:00,13802.75,13802.75,2
08_mnq_03_22.Last.txt,2022-03-13 15:14:00,13306.75,13306.75,2
08_mnq_03_22.Last.txt,2022-03-14 23:30:00,13106.25,13106.25,3
08_mnq_03_22.Last.txt,2022-03-15 22:06:00,13448.75,13448.75,1
08_mnq_03_22.Last.txt,2022-03-15 23:04:00,13443.75,13443.75,1
08_mnq_03_22.Last.txt,2022-03-16 04:23:00,13459.5,13459.5,2
08_mnq_03_22.Last.txt,2022-03-16 23:21:00,13956.25,13956.25,1
08_mnq_03_22.Last.txt,2022-03-16 23:26:00,13961.0,13961.0,1
08_mnq_03_22.Last.txt,2022-03-17 20:21:00,14102.5,14102.5,2
08_mnq_03_22.Last.txt,2022-03-17 22:26:00,14052.5,14052.5,1
08_mnq_03_22.Last.txt,2022-03-17 22:28:00,14049.5,14049.5,1
08_mnq_03_22.Last.txt,2022-03-17 22:36:00,14042.0,14042.0,1
08_mnq_03_22.Last.txt,2022-03-17 22:40:00,14045.25,14045.25,1
08_mnq_03_22.Last.txt,2022-03-17 23:04:00,14031.5,14031.5,2
08_mnq_03_22.Last.txt,2022-03-17 23:05:00,14029.5,14029.5,1
08_mnq_03_22.Last.txt,2022-03-17 23:15:00,14028.0,14028.0,2
08_mnq_03_22.Last.txt,2022-03-17 23:21:00,14028.0,14028.0,1
08_mnq_03_22.Last.txt,2022-03-17 23:29:00,14029.5,14029.5,1
08_mnq_03_22.Last.txt,2022-03-17 23:38:00,14030.0,14030.0,1
08_mnq_03_22.Last.txt,2022-03-17 23:39:00,14032.75,14032.75,1
08_mnq_03_22.Last.txt,2022-03-17 23:47:00,14027.25,14027.25,1
08_mnq_03_22.Last.txt,2022-03-18 00:22:00,14035.0,14035.0,1
08_mnq_03_22.Last.txt,2022-03-18 00:26:00,14040.0,14040.0,2
08_mnq_03_22.Last.txt,2022-03-18 00:29:00,14039.25,14039.25,2
08_mnq_03_22.Last.txt,2022-03-18 00:30:00,14034.0,14034.0,1
08_mnq_03_22.Last.txt,2022-03-18 00:34:00,14033.5,14033.5,1
08_mnq_03_22.Last.txt,2022-03-18 00:37:00,14033.25,14033.25,1
08_mnq_03_22.Last.txt,2022-03-18 01:21:00,13989.25,13989.25,1
08_mnq_03_22.Last.txt,2022-03-18 01:23:00,13989.0,13989.0,2
08_mnq_03_22.Last.txt,2022-03-18 01:46:00,13984.5,13984.5,1
08_mnq_03_22.Last.txt,2022-03-18 01:47:00,13985.5,13985.5,1
08_mnq_03_22.Last.txt,2022-03-18 01:55:00,13992.0,13992.0,1
08_mnq_03_22.Last.txt,2022-03-18 02:00:00,13998.0,13998.0,1
08_mnq_03_22.Last.txt,2022-03-18 02:16:00,13986.75,13986.75,1
08_mnq_03_22.Last.txt,2022-03-18 02:30:00,13994.0,13994.0,1
08_mnq_03_22.Last.txt,2022-03-18 02:37:00,13995.0,13995.0,1
08_mnq_03_22.Last.txt,2022-03-18 02:38:00,13991.25,13991.25,1
08_mnq_03_22.Last.txt,2022-03-18 02:49:00,13986.75,13986.75,1
08_mnq_03_22.Last.txt,2022-03-18 02:51:00,13986.0,13986.0,2
08_mnq_03_22.Last.txt,2022-03-18 02:58:00,13986.75,13986.75,1
08_mnq_03_22.Last.txt,2022-03-18 03:18:00,13988.5,13988.5,1
08_mnq_03_22.Last.txt,2022-03-18 03:20:00,13987.5,13987.5,1
08_mnq_03_22.Last.txt,2022-03-18 03:23:00,13989.0,13989.0,1
08_mnq_03_22.Last.txt,2022-03-18 03:32:00,13983.0,13983.0,2
08_mnq_03_22.Last.txt,2022-03-18 03:51:00,13991.25,13991.25,2
08_mnq_03_22.Last.txt,2022-03-18 03:55:00,13990.5,13990.5,1
08_mnq_03_22.Last.txt,2022-03-18 03:57:00,13989.0,13989.0,21
08_mnq_03_22.Last.txt,2022-03-18 04:03:00,13995.0,13995.0,1
08_mnq_03_22.Last.txt,2022-03-18 04:09:00,13993.5,13993.5,1
08_mnq_03_22.Last.txt,2022-03-18 04:11:00,13995.0,13995.0,1
08_mnq_03_22.Last.txt,2022-03-18 04:12:00,13993.5,13993.5,1
08_mnq_03_22.Last.txt,2022-03-18 04:15:00,13992.0,13992.0,1
08_mnq_03_22.Last.txt,2022-03-18 04:24:00,13991.75,13991.75,2
08_mnq_03_22.Last.txt,2022-03-18 04:33:00,13994.75,13994.75,1
08_mnq_03_22.Last.txt,2022-03-18 04:36:00,13991.0,13991.0,1
08_mnq_03_22.Last.txt,2022-03-18 04:37:00,13992.0,13992.0,1
08_mnq_03_22.Last.txt,2022-03-18 04:42:00,13994.5,13994.5,4
08_mnq_03_22.Last.txt,2022-03-18 04:43:00,13993.5,13993.5,1
08_mnq_03_22.Last.txt,2022-03-18 04:44:00,13993.0,13993.0,4
08_mnq_03_22.Last.txt,2022-03-18 04:48:00,13993.75,13993.75,10
08_mnq_03_22.Last.txt,2022-03-18 04:50:00,13993.5,13993.5,1
08_mnq_03_22.Last.txt,2022-03-18 04:52:00,13992.0,13992.0,1
08_mnq_03_22.Last.txt,2022-03-18 04:58:00,13991.25,13991.25,2
08_mnq_03_22.Last.txt,2022-03-18 05:16:00,13995.0,13995.0,2
08_mnq_03_22.Last.txt,2022-03-18 05:20:00,13995.0,13995.0,2
08_mnq_03_22.Last.txt,2022-03-18 05:34:00,13992.75,13992.75,1
08_mnq_03_22.Last.txt,2022-03-18 05:40:00,13995.0,13995.0,2
08_mnq_03_22.Last.txt,2022-03-18 05:43:00,13995.25,13995.25,3
08_mnq_03_22.Last.txt,2022-03-18 05:59:00,14000.0,14000.0,3
08_mnq_03_22.Last.txt,2022-03-18 06:00:00,14002.0,14002.0,3
08_mnq_03_22.Last.txt,2022-03-18 06:21:00,14042.5,14042.5,2
08_mnq_03_22.Last.txt,2022-03-18 06:49:00,14035.5,14035.5,1
08_mnq_03_22.Last.txt,2022-03-18 06:55:00,14030.25,14030.25,1
08_mnq_03_22.Last.txt,2022-03-18 07:00:00,14029.0,14029.0,5
08_mnq_03_22.Last.txt,2022-03-18 07:14:00,14015.5,14015.5,2
08_mnq_03_22.Last.txt,2022-03-18 07:50:00,14037.75,14037.75,1
08_mnq_03_22.Last.txt,2022-03-18 08:17:00,14047.5,14047.5,1
08_mnq_03_22.Last.txt,2022-03-18 08:22:00,14045.0,14045.0,5
08_mnq_03_22.Last.txt,2022-03-18 08:29:00,14052.0,14052.0,1
08_mnq_03_22.Last.txt,2022-03-18 08:43:00,14037.5,14037.5,1
08_mnq_03_22.Last.txt,2022-03-18 08:48:00,14024.25,14024.25,1
08_mnq_03_22.Last.txt,2022-03-18 08:55:00,14022.75,14022.75,2
08_mnq_03_22.Last.txt,2022-03-18 09:25:00,14020.0,14020.0,3
08_mnq_03_22.Last.txt,2022-03-18 09:44:00,14018.5,14018.5,1
08_mnq_03_22.Last.txt,2022-03-18 09:45:00,14019.5,14019.5,1
08_mnq_03_22.Last.txt,2022-03-18 09:48:00,14025.5,14025.5,1
08_mnq_03_22.Last.txt,2022-03-18 09:55:00,14032.25,14032.25,1
08_mnq_03_22.Last.txt,2022-03-18 10:00:00,14030.0,14030.0,1
08_mnq_03_22.Last.txt,2022-03-18 10:01:00,14029.5,14029.5,2
08_mnq_03_22.Last.txt,2022-03-18 10:34:00,14021.25,14021.25,3
08_mnq_03_22.Last.txt,2022-03-18 10:36:00,14025.5,14025.5,1
08_mnq_03_22.Last.txt,2022-03-18 10:37:00,14027.5,14027.5,1
08_mnq_03_22.Last.txt,2022-03-18 10:39:00,14021.75,14021.75,1
08_mnq_03_22.Last.txt,2022-03-18 10:40:00,14021.0,14021.0,1
08_mnq_03_22.Last.txt,2022-03-18 10:42:00,14022.0,14022.0,1
08_mnq_03_22.Last.txt,2022-03-18 10:48:00,14010.75,14010.75,2
08_mnq_03_22.Last.txt,2022-03-18 10:49:00,14006.0,14006.0,1
08_mnq_03_22.Last.txt,2022-03-18 11:00:00,14012.25,14012.25,2
08_mnq_03_22.Last.txt,2022-03-18 11:49:00,14009.25,14009.25,1
08_mnq_03_22.Last.txt,2022-03-18 12:20:00,14000.25,14000.25,1
08_mnq_03_22.Last.txt,2022-03-18 12:35:00,14015.25,14015.25,2
08_mnq_03_22.Last.txt,2022-03-18 12:56:00,13998.75,13998.75,4
08_mnq_03_22.Last.txt,2022-03-18 13:03:00,14004.5,14004.5,1
09_mnq_06_22.Last.txt,2022-03-27 19:44:00,14752.5,14752.5,2
09_mnq_06_22.Last.txt,2022-03-27 19:57:00,14752.5,14752.5,2
09_mnq_06_22.Last.txt,2022-04-03 05:44:00,14853.25,14853.25,4
09_mnq_06_22.Last.txt,2022-04-10 18:28:00,14328.25,14328.25,1
09_mnq_06_22.Last.txt,2022-04-10 21:01:00,14328.25,14328.25,1
09_mnq_06_22.Last.txt,2022-04-16 13:05:00,13894.0,13894.0,2
09_mnq_06_22.Last.txt,2022-04-17 02:20:00,13894.0,13894.0,1
09_mnq_06_22.Last.txt,2022-04-29 21:19:00,12892.5,12892.5,1
09_mnq_06_22.Last.txt,2022-05-01 19:00:00,12892.5,12892.5,2
09_mnq_06_22.Last.txt,2022-05-01 19:13:00,12892.5,12892.5,1
09_mnq_06_22.Last.txt,2022-05-07 13:30:00,12663.5,12663.5,2
09_mnq_06_22.Last.txt,2022-05-07 14:40:00,12663.5,12663.5,1
09_mnq_06_22.Last.txt,2022-05-08 19:32:00,12663.5,12663.5,1
09_mnq_06_22.Last.txt,2022-05-08 20:33:00,12663.5,12663.5,1
09_mnq_06_22.Last.txt,2022-05-22 05:49:00,11841.0,11841.0,1
09_mnq_06_22.Last.txt,2022-05-22 11:58:00,11841.0,11841.0,1
09_mnq_06_22.Last.txt,2022-05-29 15:34:00,12723.0,12723.0,2
09_mnq_06_22.Last.txt,2022-06-04 13:57:00,12550.0,12550.0,1
09_mnq_06_22.Last.txt,2022-06-11 15:31:00,11861.75,11861.75,2
09_mnq_06_22.Last.txt,2022-06-16 22:09:00,11169.25,11169.25,5
09_mnq_06_22.Last.txt,2022-06-16 22:14:00,11157.0,11157.0,3
09_mnq_06_22.Last.txt,2022-06-16 22:17:00,11162.0,11162.0,1
09_mnq_06_22.Last.txt,2022-06-16 22:26:00,11173.0,11173.0,3
09_mnq_06_22.Last.txt,2022-06-16 22:29:00,11173.25,11173.25,1
09_mnq_06_22.Last.txt,2022-06-16 22:31:00,11179.0,11179.0,1
09_mnq_06_22.Last.txt,2022-06-16 22:35:00,11174.25,11174.25,3
09_mnq_06_22.Last.txt,2022-06-16 22:37:00,11168.0,11168.0,1
09_mnq_06_22.Last.txt,2022-06-16 22:38:00,11168.5,11168.5,1
09_mnq_06_22.Last.txt,2022-06-16 22:41:00,11176.5,11176.5,1
09_mnq_06_22.Last.txt,2022-06-16 22:47:00,11168.25,11168.25,1
09_mnq_06_22.Last.txt,2022-06-16 23:04:00,11157.25,11157.25,1
09_mnq_06_22.Last.txt,2022-06-16 23:46:00,11150.0,11150.0,1
09_mnq_06_22.Last.txt,2022-06-16 23:52:00,11164.25,11164.25,1
09_mnq_06_22.Last.txt,2022-06-16 23:53:00,11160.0,11160.0,2
09_mnq_06_22.Last.txt,2022-06-17 00:51:00,11162.25,11162.25,2
09_mnq_06_22.Last.txt,2022-06-17 00:52:00,11162.5,11162.5,1
09_mnq_06_22.Last.txt,2022-06-17 01:04:00,11170.75,11170.75,1
09_mnq_06_22.Last.txt,2022-06-17 01:29:00,11166.25,11166.25,1
09_mnq_06_22.Last.txt,2022-06-17 01:32:00,11164.0,11164.0,1
09_mnq_06_22.Last.txt,2022-06-17 02:18:00,11202.0,11202.0,1
09_mnq_06_22.Last.txt,2022-06-17 02:39:00,11192.0,11192.0,4
09_mnq_06_22.Last.txt,2022-06-17 02:40:00,11193.0,11193.0,3
09_mnq_06_22.Last.txt,2022-06-17 03:33:00,11214.0,11214.0,1
09_mnq_06_22.Last.txt,2022-06-17 03:51:00,11198.5,11198.5,1
09_mnq_06_22.Last.txt,2022-06-17 04:02:00,11192.5,11192.5,1
09_mnq_06_22.Last.txt,2022-06-17 04:42:00,11232.0,11232.0,1
09_mnq_06_22.Last.txt,2022-06-17 04:58:00,11245.75,11245.75,1
09_mnq_06_22.Last.txt,2022-06-17 05:28:00,11243.0,11243.0,1
09_mnq_06_22.Last.txt,2022-06-17 05:37:00,11245.0,11245.0,2
09_mnq_06_22.Last.txt,2022-06-17 06:43:00,11190.75,11190.75,1
09_mnq_06_22.Last.txt,2022-06-17 08:00:00,11229.0,11229.0,3
09_mnq_06_22.Last.txt,2022-06-17 09:10:00,11241.75,11241.75,1
09_mnq_06_22.Last.txt,2022-06-17 09:11:00,11243.5,11243.5,1
09_mnq_06_22.Last.txt,2022-06-17 09:58:00,11250.0,11250.0,3
09_mnq_06_22.Last.txt,2022-06-17 10:06:00,11245.5,11245.5,8
09_mnq_06_22.Last.txt,2022-06-17 10:26:00,11254.5,11254.5,1
09_mnq_06_22.Last.txt,2022-06-17 10:27:00,11255.25,11255.25,2
09_mnq_06_22.Last.txt,2022-06-17 11:02:00,11247.0,11247.0,2
09_mnq_06_22.Last.txt,2022-06-17 11:06:00,11247.0,11247.0,2
09_mnq_06_22.Last.txt,2022-06-17 12:29:00,11252.25,11252.25,3
10_mnq_09_22.Last.txt,2022-07-16 00:12:00,12019.5,12019.5,15
10_mnq_09_22.Last.txt,2022-07-16 00:37:00,12019.5,12019.5,15
10_mnq_09_22.Last.txt,2022-07-16 11:58:00,12019.5,12019.5,15
10_mnq_09_22.Last.txt,2022-07-16 21:51:00,12019.5,12019.5,15
10_mnq_09_22.Last.txt,2022-07-17 12:02:00,12019.5,12019.5,15
10_mnq_09_22.Last.txt,2022-07-17 12:56:00,12019.5,12019.5,15
10_mnq_09_22.Last.txt,2022-07-17 17:17:00,12019.5,12019.5,15
10_mnq_09_22.Last.txt,2022-07-17 20:13:00,12019.5,12019.5,15
10_mnq_09_22.Last.txt,2022-07-30 16:07:00,12974.5,12974.5,1
10_mnq_09_22.Last.txt,2022-07-31 16:53:00,12974.5,12974.5,1
10_mnq_09_22.Last.txt,2022-08-06 05:58:00,13214.75,13214.75,1
10_mnq_09_22.Last.txt,2022-08-07 04:38:00,13214.75,13214.75,2
10_mnq_09_22.Last.txt,2022-08-07 21:05:00,13214.75,13214.75,1
10_mnq_09_22.Last.txt,2022-08-28 06:27:00,12558.25,12558.25,1
10_mnq_09_22.Last.txt,2022-08-28 10:55:00,12558.25,12558.25,1
10_mnq_09_22.Last.txt,2022-08-28 18:14:00,12558.25,12558.25,1
10_mnq_09_22.Last.txt,2022-09-03 17:11:00,12129.75,12129.75,1
10_mnq_09_22.Last.txt,2022-09-03 22:42:00,12129.75,12129.75,1
10_mnq_09_22.Last.txt,2022-09-04 02:30:00,12129.75,12129.75,1
10_mnq_09_22.Last.txt,2022-09-04 10:50:00,12129.75,12129.75,1
10_mnq_09_22.Last.txt,2022-09-04 18:36:00,12129.75,12129.75,2
10_mnq_09_22.Last.txt,2022-09-04 19:54:00,12129.75,12129.75,1
10_mnq_09_22.Last.txt,2022-09-14 22:30:00,12164.5,12164.5,1
10_mnq_09_22.Last.txt,2022-09-14 22:57:00,12178.25,12178.25,1
10_mnq_09_22.Last.txt,2022-09-14 23:40:00,12164.25,12164.25,1
10_mnq_09_22.Last.txt,2022-09-15 20:24:00,11941.5,11941.5,2
10_mnq_09_22.Last.txt,2022-09-15 22:39:00,11853.0,11853.0,1
10_mnq_09_22.Last.txt,2022-09-15 23:28:00,11835.5,11835.5,1
10_mnq_09_22.Last.txt,2022-09-15 23:40:00,11845.0,11845.0,2
10_mnq_09_22.Last.txt,2022-09-15 23:53:00,11841.25,11841.25,1
10_mnq_09_22.Last.txt,2022-09-15 23:58:00,11843.75,11843.75,4
10_mnq_09_22.Last.txt,2022-09-15 23:59:00,11843.25,11843.25,1
10_mnq_09_22.Last.txt,2022-09-16 00:08:00,11851.5,11851.5,1
10_mnq_09_22.Last.txt,2022-09-16 00:25:00,11860.5,11860.5,1
10_mnq_09_22.Last.txt,2022-09-16 01:00:00,11836.5,11836.5,1
10_mnq_09_22.Last.txt,2022-09-16 01:14:00,11843.0,11843.0,3
10_mnq_09_22.Last.txt,2022-09-16 01:58:00,11839.75,11839.75,1
10_mnq_09_22.Last.txt,2022-09-16 01:59:00,11839.0,11839.0,3
10_mnq_09_22.Last.txt,2022-09-16 02:00:00,11840.25,11840.25,1
10_mnq_09_22.Last.txt,2022-09-16 02:15:00,11840.25,11840.25,1
10_mnq_09_22.Last.txt,2022-09-16 02:16:00,11840.25,11840.25,1
10_mnq_09_22.Last.txt,2022-09-16 02:17:00,11842.0,11842.0,4
10_mnq_09_22.Last.txt,2022-09-16 02:20:00,11842.5,11842.5,1
10_mnq_09_22.Last.txt,2022-09-16 02:26:00,11840.5,11840.5,1
10_mnq_09_22.Last.txt,2022-09-16 02:41:00,11837.75,11837.75,1
10_mnq_09_22.Last.txt,2022-09-16 02:50:00,11835.25,11835.25,1
10_mnq_09_22.Last.txt,2022-09-16 02:53:00,11839.0,11839.0,2
10_mnq_09_22.Last.txt,2022-09-16 02:54:00,11837.5,11837.5,1
10_mnq_09_22.Last.txt,2022-09-16 02:58:00,11840.25,11840.25,2
10_mnq_09_22.Last.txt,2022-09-16 02:59:00,11842.0,11842.0,1
10_mnq_09_22.Last.txt,2022-09-16 03:01:00,11841.75,11841.75,5
10_mnq_09_22.Last.txt,2022-09-16 03:06:00,11839.0,11839.0,1
10_mnq_09_22.Last.txt,2022-09-16 03:11:00,11837.5,11837.5,1
10_mnq_09_22.Last.txt,2022-09-16 03:12:00,11837.25,11837.25,1
10_mnq_09_22.Last.txt,2022-09-16 03:19:00,11834.5,11834.5,2
10_mnq_09_22.Last.txt,2022-09-16 03:22:00,11835.0,11835.0,2
10_mnq_09_22.Last.txt,2022-09-16 03:23:00,11835.0,11835.0,3
10_mnq_09_22.Last.txt,2022-09-16 03:25:00,11835.5,11835.5,2
10_mnq_09_22.Last.txt,2022-09-16 03:28:00,11836.25,11836.25,1
10_mnq_09_22.Last.txt,2022-09-16 03:33:00,11836.0,11836.0,1
10_mnq_09_22.Last.txt,2022-09-16 03:42:00,11836.0,11836.0,1
10_mnq_09_22.Last.txt,2022-09-16 03:46:00,11834.5,11834.5,2
10_mnq_09_22.Last.txt,2022-09-16 03:49:00,11830.5,11830.5,1
10_mnq_09_22.Last.txt,2022-09-16 03:51:00,11832.0,11832.0,5
10_mnq_09_22.Last.txt,2022-09-16 03:52:00,11832.0,11832.0,1
10_mnq_09_22.Last.txt,2022-09-16 04:00:00,11830.5,11830.5,2
10_mnq_09_22.Last.txt,2022-09-16 04:05:00,11834.0,11834.0,1
10_mnq_09_22.Last.txt,2022-09-16 04:06:00,11834.5,11834.5,3
10_mnq_09_22.Last.txt,2022-09-16 04:08:00,11835.0,11835.0,3
10_mnq_09_22.Last.txt,2022-09-16 04:09:00,11833.0,11833.0,1
10_mnq_09_22.Last.txt,2022-09-16 04:24:00,11827.75,11827.75,4
10_mnq_09_22.Last.txt,2022-09-16 04:33:00,11827.5,11827.5,1
10_mnq_09_22.Last.txt,2022-09-16 04:34:00,11828.25,11828.25,1
10_mnq_09_22.Last.txt,2022-09-16 04:35:00,11828.25,11828.25,4
10_mnq_09_22.Last.txt,2022-09-16 04:37:00,11830.25,11830.25,2
10_mnq_09_22.Last.txt,2022-09-16 04:39:00,11830.5,11830.5,1
10_mnq_09_22.Last.txt,2022-09-16 04:40:00,11832.25,11832.25,1
10_mnq_09_22.Last.txt,2022-09-16 04:41:00,11829.75,11829.75,5
10_mnq_09_22.Last.txt,2022-09-16 04:48:00,11829.25,11829.25,2
10_mnq_09_22.Last.txt,2022-09-16 04:49:00,11829.5,11829.5,3
10_mnq_09_22.Last.txt,2022-09-16 04:56:00,11829.75,11829.75,4
10_mnq_09_22.Last.txt,2022-09-16 04:58:00,11828.25,11828.25,1
10_mnq_09_22.Last.txt,2022-09-16 05:09:00,11835.0,11835.0,5
10_mnq_09_22.Last.txt,2022-09-16 05:21:00,11833.5,11833.5,1
10_mnq_09_22.Last.txt,2022-09-16 05:22:00,11831.5,11831.5,1
10_mnq_09_22.Last.txt,2022-09-16 05:33:00,11832.25,11832.25,3
10_mnq_09_22.Last.txt,2022-09-16 05:34:00,11832.25,11832.25,1
10_mnq_09_22.Last.txt,2022-09-16 05:39:00,11828.5,11828.5,6
10_mnq_09_22.Last.txt,2022-09-16 05:40:00,11828.5,11828.5,1
10_mnq_09_22.Last.txt,2022-09-16 05:44:00,11827.5,11827.5,1
10_mnq_09_22.Last.txt,2022-09-16 05:46:00,11826.0,11826.0,4
10_mnq_09_22.Last.txt,2022-09-16 05:47:00,11823.0,11823.0,2
10_mnq_09_22.Last.txt,2022-09-16 06:43:00,11812.75,11812.75,2
10_mnq_09_22.Last.txt,2022-09-16 07:07:00,11819.75,11819.75,1
10_mnq_09_22.Last.txt,2022-09-16 07:17:00,11824.0,11824.0,1
10_mnq_09_22.Last.txt,2022-09-16 07:24:00,11819.0,11819.0,4
10_mnq_09_22.Last.txt,2022-09-16 07:36:00,11817.5,11817.5,2
10_mnq_09_22.Last.txt,2022-09-16 08:02:00,11822.5,11822.5,1
10_mnq_09_22.Last.txt,2022-09-16 08:11:00,11822.0,11822.0,4
10_mnq_09_22.Last.txt,2022-09-16 08:49:00,11785.5,11785.5,3
10_mnq_09_22.Last.txt,2022-09-16 09:05:00,11809.75,11809.75,11
10_mnq_09_22.Last.txt,2022-09-16 09:32:00,11799.75,11799.75,1
10_mnq_09_22.Last.txt,2022-09-16 09:33:00,11799.5,11799.5,1
10_mnq_09_22.Last.txt,2022-09-16 09:43:00,11802.75,11802.75,1
10_mnq_09_22.Last.txt,2022-09-16 09:45:00,11803.0,11803.0,3
10_mnq_09_22.Last.txt,2022-09-16 10:14:00,11789.0,11789.0,1
10_mnq_09_22.Last.txt,2022-09-16 10:22:00,11796.75,11796.75,3
10_mnq_09_22.Last.txt,2022-09-16 10:33:00,11806.0,11806.0,1
10_mnq_09_22.Last.txt,2022-09-16 10:53:00,11825.5,11825.5,1
10_mnq_09_22.Last.txt,2022-09-16 11:05:00,11824.25,11824.25,1
10_mnq_09_22.Last.txt,2022-09-16 11:29:00,11816.25,11816.25,1
10_mnq_09_22.Last.txt,2022-09-16 11:52:00,11824.0,11824.0,1
10_mnq_09_22.Last.txt,2022-09-16 11:59:00,11828.5,11828.5,2
10_mnq_09_22.Last.txt,2022-09-16 13:55:00,11777.5,11777.5,4
11_mnq_12_22.Last.txt,2022-10-09 18:20:00,11096.25,11096.25,2
11_mnq_12_22.Last.txt,2022-10-11 21:01:00,10881.0,10881.0,1
11_mnq_12_22.Last.txt,2022-10-16 04:59:00,10748.75,10748.75,1
11_mnq_12_22.Last.txt,2022-10-16 21:07:00,10748.75,10748.75,1
11_mnq_12_22.Last.txt,2022-10-23 14:09:00,11379.25,11379.25,20
11_mnq_12_22.Last.txt,2022-10-23 19:28:00,11379.25,11379.25,10
11_mnq_12_22.Last.txt,2022-10-30 19:55:00,11626.75,11626.75,2
11_mnq_12_22.Last.txt,2022-11-06 04:05:00,10874.75,10874.75,2
11_mnq_12_22.Last.txt,2022-11-06 10:28:00,10874.75,10874.75,1
11_mnq_12_22.Last.txt,2022-11-06 10:38:00,10874.75,10874.75,1
11_mnq_12_22.Last.txt,2022-11-06 13:20:00,10874.75,10874.75,1
11_mnq_12_22.Last.txt,2022-11-06 14:47:00,10874.75,10874.75,1
11_mnq_12_22.Last.txt,2022-11-06 16:44:00,10874.75,10874.75,2
11_mnq_12_22.Last.txt,2022-11-06 19:14:00,10874.75,10874.75,1
11_mnq_12_22.Last.txt,2022-11-06 19:41:00,10874.75,10874.75,1
11_mnq_12_22.Last.txt,2022-11-13 04:29:00,11835.25,11835.25,2
11_mnq_12_22.Last.txt,2022-11-13 12:12:00,11835.25,11835.25,1
11_mnq_12_22.Last.txt,2022-11-13 16:09:00,11835.25,11835.25,1
11_mnq_12_22.Last.txt,2022-11-19 00:12:00,11709.5,11709.5,1
11_mnq_12_22.Last.txt,2022-11-19 01:06:00,11709.5,11709.5,2
11_mnq_12_22.Last.txt,2022-11-19 21:54:00,11709.5,11709.5,1
11_mnq_12_22.Last.txt,2022-11-20 22:15:00,11709.5,11709.5,2
11_mnq_12_22.Last.txt,2022-11-26 15:27:00,11784.0,11784.0,8
11_mnq_12_22.Last.txt,2022-12-09 22:44:00,11553.0,11553.0,40
11_mnq_12_22.Last.txt,2022-12-13 05:22:00,11698.5,11698.5,1
11_mnq_12_22.Last.txt,2022-12-14 04:47:00,11878.75,11878.75,4
11_mnq_12_22.Last.txt,2022-12-14 04:54:00,11878.0,11878.0,9
11_mnq_12_22.Last.txt,2022-12-15 03:14:00,11730.25,11730.25,5
11_mnq_12_22.Last.txt,2022-12-15 04:09:00,11730.5,11730.5,5
11_mnq_12_22.Last.txt,2022-12-15 04:41:00,11735.25,11735.25,1
11_mnq_12_22.Last.txt,2022-12-15 05:09:00,11736.0,11736.0,1
11_mnq_12_22.Last.txt,2022-12-15 21:33:00,11333.75,11333.75,1
11_mnq_12_22.Last.txt,2022-12-15 21:54:00,11344.5,11344.5,1
11_mnq_12_22.Last.txt,2022-12-15 23:22:00,11350.0,11350.0,3
11_mnq_12_22.Last.txt,2022-12-15 23:27:00,11349.5,11349.5,2
11_mnq_12_22.Last.txt,2022-12-15 23:28:00,11348.0,11348.0,1
11_mnq_12_22.Last.txt,2022-12-15 23:48:00,11349.25,11349.25,2
11_mnq_12_22.Last.txt,2022-12-15 23:56:00,11347.25,11347.25,3
11_mnq_12_22.Last.txt,2022-12-16 00:08:00,11354.5,11354.5,1
11_mnq_12_22.Last.txt,2022-12-16 00:23:00,11353.5,11353.5,1
11_mnq_12_22.Last.txt,2022-12-16 00:40:00,11356.0,11356.0,1
11_mnq_12_22.Last.txt,2022-12-16 00:54:00,11354.25,11354.25,1
11_mnq_12_22.Last.txt,2022-12-16 00:56:00,11350.0,11350.0,5
11_mnq_12_22.Last.txt,2022-12-16 01:25:00,11346.75,11346.75,1
11_mnq_12_22.Last.txt,2022-12-16 01:26:00,11347.5,11347.5,1
11_mnq_12_22.Last.txt,2022-12-16 01:27:00,11350.0,11350.0,1
11_mnq_12_22.Last.txt,2022-12-16 01:45:00,11354.75,11354.75,2
11_mnq_12_22.Last.txt,2022-12-16 01:47:00,11354.0,11354.0,1
11_mnq_12_22.Last.txt,2022-12-16 01:53:00,11354.5,11354.5,1
11_mnq_12_22.Last.txt,2022-12-16 01:58:00,11349.75,11349.75,4
11_mnq_12_22.Last.txt,2022-12-16 02:02:00,11352.75,11352.75,2
11_mnq_12_22.Last.txt,2022-12-16 02:05:00,11354.75,11354.75,2
11_mnq_12_22.Last.txt,2022-12-16 02:16:00,11359.0,11359.0,1
11_mnq_12_22.Last.txt,2022-12-16 02:24:00,11358.75,11358.75,3
11_mnq_12_22.Last.txt,2022-12-16 02:25:00,11359.5,11359.5,1
11_mnq_12_22.Last.txt,2022-12-16 02:48:00,11377.5,11377.5,1
11_mnq_12_22.Last.txt,2022-12-16 02:50:00,11380.0,11380.0,1
11_mnq_12_22.Last.txt,2022-12-16 02:54:00,11377.25,11377.25,2
11_mnq_12_22.Last.txt,2022-12-16 02:55:00,11377.0,11377.0,2
11_mnq_12_22.Last.txt,2022-12-16 03:06:00,11377.0,11377.0,3
11_mnq_12_22.Last.txt,2022-12-16 03:07:00,11374.75,11374.75,10
11_mnq_12_22.Last.txt,2022-12-16 03:23:00,11374.25,11374.25,2
11_mnq_12_22.Last.txt,2022-12-16 03:31:00,11369.0,11369.0,1
11_mnq_12_22.Last.txt,2022-12-16 03:43:00,11367.0,11367.0,1
11_mnq_12_22.Last.txt,2022-12-16 03:52:00,11363.0,11363.0,2
11_mnq_12_22.Last.txt,2022-12-16 04:01:00,11361.75,11361.75,1
11_mnq_12_22.Last.txt,2022-12-16 04:07:00,11360.5,11360.5,1
11_mnq_12_22.Last.txt,2022-12-16 04:15:00,11360.0,11360.0,1
11_mnq_12_22.Last.txt,2022-12-16 04:36:00,11352.5,11352.5,1
11_mnq_12_22.Last.txt,2022-12-16 04:39:00,11350.75,11350.75,1
11_mnq_12_22.Last.txt,2022-12-16 04:40:00,11350.75,11350.75,2
11_mnq_12_22.Last.txt,2022-12-16 04:41:00,11351.5,11351.5,1
11_mnq_12_22.Last.txt,2022-12-16 04:42:00,11352.25,11352.25,4
11_mnq_12_22.Last.txt,2022-12-16 04:45:00,11350.0,11350.0,1
11_mnq_12_22.Last.txt,2022-12-16 04:47:00,11349.75,11349.75,2
11_mnq_12_22.Last.txt,2022-12-16 04:50:00,11348.5,11348.5,1
11_mnq_12_22.Last.txt,2022-12-16 05:05:00,11341.5,11341.5,1
11_mnq_12_22.Last.txt,2022-12-16 05:08:00,11347.5,11347.5,2
11_mnq_12_22.Last.txt,2022-12-16 05:09:00,11347.5,11347.5,7
11_mnq_12_22.Last.txt,2022-12-16 05:11:00,11346.75,11346.75,1
11_mnq_12_22.Last.txt,2022-12-16 05:18:00,11338.0,11338.0,1
11_mnq_12_22.Last.txt,2022-12-16 05:19:00,11339.25,11339.25,6
11_mnq_12_22.Last.txt,2022-12-16 05:30:00,11337.75,11337.75,3
11_mnq_12_22.Last.txt,2022-12-16 05:34:00,11334.5,11334.5,1
11_mnq_12_22.Last.txt,2022-12-16 05:48:00,11340.0,11340.0,1
11_mnq_12_22.Last.txt,2022-12-16 05:49:00,11341.5,11341.5,1
11_mnq_12_22.Last.txt,2022-12-16 05:54:00,11346.25,11346.25,1
11_mnq_12_22.Last.txt,2022-12-16 06:12:00,11343.5,11343.5,7
11_mnq_12_22.Last.txt,2022-12-16 06:15:00,11343.75,11343.75,1
11_mnq_12_22.Last.txt,2022-12-16 06:16:00,11342.0,11342.0,1
11_mnq_12_22.Last.txt,2022-12-16 06:29:00,11352.0,11352.0,1
11_mnq_12_22.Last.txt,2022-12-16 06:43:00,11356.5,11356.5,2
11_mnq_12_22.Last.txt,2022-12-16 06:48:00,11356.0,11356.0,1
11_mnq_12_22.Last.txt,2022-12-16 07:33:00,11334.75,11334.75,1
11_mnq_12_22.Last.txt,2022-12-16 07:47:00,11327.0,11327.0,2
11_mnq_12_22.Last.txt,2022-12-16 07:56:00,11323.75,11323.75,1
11_mnq_12_22.Last.txt,2022-12-16 09:10:00,11228.0,11228.0,10
11_mnq_12_22.Last.txt,2022-12-16 09:55:00,11236.5,11236.5,1
11_mnq_12_22.Last.txt,2022-12-16 12:24:00,11274.5,11274.5,1
11_mnq_12_22.Last.txt,2022-12-16 12:35:00,11259.75,11259.75,1
12_mnq_03_23.Last.txt,2022-12-25 15:33:00,11066.25,11066.25,2
12_mnq_03_23.Last.txt,2022-12-25 19:16:00,11066.25,11066.25,1
12_mnq_03_23.Last.txt,2022-12-26 02:58:00,11066.25,11066.25,1
12_mnq_03_23.Last.txt,2022-12-26 05:16:00,11066.25,11066.25,1
12_mnq_03_23.Last.txt,2022-12-26 05:42:00,11066.25,11066.25,1
12_mnq_03_23.Last.txt,2022-12-26 14:27:00,11066.25,11066.25,1
12_mnq_03_23.Last.txt,2022-12-26 16:22:00,11066.25,11066.25,2
12_mnq_03_23.Last.txt,2022-12-26 16:29:00,11066.25,11066.25,2
12_mnq_03_23.Last.txt,2022-12-26 18:41:00,11066.25,11066.25,1
12_mnq_03_23.Last.txt,2023-01-01 12:13:00,11040.75,11040.75,2
12_mnq_03_23.Last.txt,2023-01-02 02:14:00,11040.75,11040.75,2
12_mnq_03_23.Last.txt,2023-01-08 05:26:00,11107.75,11107.75,2
12_mnq_03_23.Last.txt,2023-01-08 06:47:00,11107.75,11107.75,1
12_mnq_03_23.Last.txt,2023-02-05 14:55:00,12616.75,12616.75,2
12_mnq_03_23.Last.txt,2023-02-05 18:25:00,12616.75,12616.75,1
12_mnq_03_23.Last.txt,2023-02-12 21:44:00,12336.75,12336.75,2
12_mnq_03_23.Last.txt,2023-02-20 18:15:00,12366.75,12366.75,2
12_mnq_03_23.Last.txt,2023-02-20 18:24:00,12366.75,12366.75,2
12_mnq_03_23.Last.txt,2023-03-04 03:16:00,12326.5,12326.5,4
12_mnq_03_23.Last.txt,2023-03-04 04:16:00,12326.5,12326.5,4
12_mnq_03_23.Last.txt,2023-03-04 20:58:00,12326.5,12326.5,2
12_mnq_03_23.Last.txt,2023-03-05 05:56:00,12326.5,12326.5,4
12_mnq_03_23.Last.txt,2023-03-16 04:27:00,12304.0,12304.0,1
12_mnq_03_23.Last.txt,2023-03-16 05:48:00,12309.0,12309.0,3
12_mnq_03_23.Last.txt,2023-03-16 20:25:00,12590.25,12590.25,1
12_mnq_03_23.Last.txt,2023-03-16 22:11:00,12572.25,12572.25,1
12_mnq_03_23.Last.txt,2023-03-16 22:27:00,12569.0,12569.0,2
12_mnq_03_23.Last.txt,2023-03-16 22:37:00,12568.25,12568.25,1
12_mnq_03_23.Last.txt,2023-03-16 23:00:00,12586.0,12586.0,1
12_mnq_03_23.Last.txt,2023-03-16 23:46:00,12588.0,12588.0,3
12_mnq_03_23.Last.txt,2023-03-16 23:55:00,12590.0,12590.0,1
12_mnq_03_23.Last.txt,2023-03-16 23:56:00,12591.0,12591.0,3
12_mnq_03_23.Last.txt,2023-03-17 00:09:00,12581.25,12581.25,1
12_mnq_03_23.Last.txt,2023-03-17 00:25:00,12575.75,12575.75,7
12_mnq_03_23.Last.txt,2023-03-17 00:27:00,12578.0,12578.0,1
12_mnq_03_23.Last.txt,2023-03-17 00:37:00,12582.0,12582.0,1
12_mnq_03_23.Last.txt,2023-03-17 00:43:00,12580.0,12580.0,9
12_mnq_03_23.Last.txt,2023-03-17 00:47:00,12579.5,12579.5,1
12_mnq_03_23.Last.txt,2023-03-17 00:51:00,12578.5,12578.5,6
12_mnq_03_23.Last.txt,2023-03-17 01:05:00,12575.0,12575.0,1
12_mnq_03_23.Last.txt,2023-03-17 01:09:00,12573.0,12573.0,1
12_mnq_03_23.Last.txt,2023-03-17 01:10:00,12573.0,12573.0,1
12_mnq_03_23.Last.txt,2023-03-17 01:28:00,12581.5,12581.5,1
12_mnq_03_23.Last.txt,2023-03-17 01:43:00,12581.25,12581.25,1
12_mnq_03_23.Last.txt,2023-03-17 01:49:00,12578.75,12578.75,2
12_mnq_03_23.Last.txt,2023-03-17 02:02:00,12579.75,12579.75,3
12_mnq_03_23.Last.txt,2023-03-17 02:12:00,12581.75,12581.75,1
12_mnq_03_23.Last.txt,2023-03-17 02:24:00,12579.75,12579.75,2
12_mnq_03_23.Last.txt,2023-03-17 02:28:00,12579.75,12579.75,1
12_mnq_03_23.Last.txt,2023-03-17 02:36:00,12582.5,12582.5,3
12_mnq_03_23.Last.txt,2023-03-17 02:38:00,12581.5,12581.5,1
12_mnq_03_23.Last.txt,2023-03-17 02:39:00,12579.5,12579.5,1
12_mnq_03_23.Last.txt,2023-03-17 02:41:00,12579.25,12579.25,1
12_mnq_03_23.Last.txt,2023-03-17 02:56:00,12579.0,12579.0,1
12_mnq_03_23.Last.txt,2023-03-17 02:57:00,12577.75,12577.75,1
12_mnq_03_23.Last.txt,2023-03-17 03:08:00,12583.5,12583.5,3
12_mnq_03_23.Last.txt,2023-03-17 03:30:00,12593.0,12593.0,7
12_mnq_03_23.Last.txt,2023-03-17 03:35:00,12592.0,12592.0,3
12_mnq_03_23.Last.txt,2023-03-17 03:38:00,12592.0,12592.0,6
12_mnq_03_23.Last.txt,2023-03-17 03:44:00,12591.0,12591.0,2
12_mnq_03_23.Last.txt,2023-03-17 03:48:00,12590.25,12590.25,2
12_mnq_03_23.Last.txt,2023-03-17 03:50:00,12590.0,12590.0,1
12_mnq_03_23.Last.txt,2023-03-17 03:55:00,12591.0,12591.0,1
12_mnq_03_23.Last.txt,2023-03-17 04:06:00,12593.25,12593.25,1
12_mnq_03_23.Last.txt,2023-03-17 04:21:00,12595.25,12595.25,3
12_mnq_03_23.Last.txt,2023-03-17 04:31:00,12602.5,12602.5,2
12_mnq_03_23.Last.txt,2023-03-17 04:43:00,12603.75,12603.75,1
12_mnq_03_23.Last.txt,2023-03-17 04:48:00,12604.5,12604.5,2
12_mnq_03_23.Last.txt,2023-03-17 04:51:00,12603.0,12603.0,1
12_mnq_03_23.Last.txt,2023-03-17 04:55:00,12604.75,12604.75,2
12_mnq_03_23.Last.txt,2023-03-17 04:58:00,12608.0,12608.0,1
12_mnq_03_23.Last.txt,2023-03-17 05:08:00,12605.0,12605.0,2
12_mnq_03_23.Last.txt,2023-03-17 05:09:00,12605.0,12605.0,1
12_mnq_03_23.Last.txt,2023-03-17 05:11:00,12606.5,12606.5,2
12_mnq_03_23.Last.txt,2023-03-17 05:32:00,12610.5,12610.5,1
12_mnq_03_23.Last.txt,2023-03-17 05:45:00,12609.25,12609.25,2
12_mnq_03_23.Last.txt,2023-03-17 05:48:00,12610.5,12610.5,2
12_mnq_03_23.Last.txt,2023-03-17 05:56:00,12609.75,12609.75,1
12_mnq_03_23.Last.txt,2023-03-17 06:06:00,12606.75,12606.75,1
12_mnq_03_23.Last.txt,2023-03-17 06:27:00,12607.25,12607.25,1
12_mnq_03_23.Last.txt,2023-03-17 06:28:00,12607.5,12607.5,1
12_mnq_03_23.Last.txt,2023-03-17 06:29:00,12607.5,12607.5,1
12_mnq_03_23.Last.txt,2023-03-17 06:37:00,12605.0,12605.0,1
12_mnq_03_23.Last.txt,2023-03-17 06:42:00,12603.25,12603.25,3
12_mnq_03_23.Last.txt,2023-03-17 06:43:00,12604.75,12604.75,1
12_mnq_03_23.Last.txt,2023-03-17 06:47:00,12609.0,12609.0,1
12_mnq_03_23.Last.txt,2023-03-17 07:45:00,12620.25,12620.25,1
12_mnq_03_23.Last.txt,2023-03-17 07:51:00,12618.75,12618.75,1
12_mnq_03_23.Last.txt,2023-03-17 08:25:00,12614.5,12614.5,2
12_mnq_03_23.Last.txt,2023-03-17 08:28:00,12615.25,12615.25,5
12_mnq_03_23.Last.txt,2023-03-17 08:35:00,12614.25,12614.25,4
12_mnq_03_23.Last.txt,2023-03-17 08:50:00,12606.0,12606.0,1
12_mnq_03_23.Last.txt,2023-03-17 09:21:00,12593.0,12593.0,16
12_mnq_03_23.Last.txt,2023-03-17 09:48:00,12588.0,12588.0,1
12_mnq_03_23.Last.txt,2023-03-17 10:10:00,12599.0,12599.0,1
12_mnq_03_23.Last.txt,2023-03-17 10:33:00,12592.25,12592.25,8
12_mnq_03_23.Last.txt,2023-03-17 10:35:00,12596.25,12596.25,1
12_mnq_03_23.Last.txt,2023-03-17 10:38:00,12598.75,12598.75,1
12_mnq_03_23.Last.txt,2023-03-17 10:55:00,12602.75,12602.75,2
12_mnq_03_23.Last.txt,2023-03-17 11:18:00,12592.5,12592.5,1
12_mnq_03_23.Last.txt,2023-03-17 11:48:00,12596.0,12596.0,6
12_mnq_03_23.Last.txt,2023-03-17 12:10:00,12594.5,12594.5,1
13_mnq_06_23.Last.txt,2023-04-04 22:30:00,13228.75,13228.75,5
13_mnq_06_23.Last.txt,2023-04-06 23:34:00,13153.75,13153.75,9
13_mnq_06_23.Last.txt,2023-04-07 02:55:00,13159.75,13159.75,2
13_mnq_06_23.Last.txt,2023-04-07 03:17:00,13160.5,13160.5,1
13_mnq_06_23.Last.txt,2023-04-07 03:37:00,13157.5,13157.5,6
13_mnq_06_23.Last.txt,2023-04-07 04:26:00,13160.5,13160.5,2
13_mnq_06_23.Last.txt,2023-04-07 04:49:00,13161.75,13161.75,6
13_mnq_06_23.Last.txt,2023-04-07 05:25:00,13156.75,13156.75,5
13_mnq_06_23.Last.txt,2023-04-16 14:18:00,13199.25,13199.25,1
13_mnq_06_23.Last.txt,2023-05-03 03:55:00,13187.75,13187.75,1
13_mnq_06_23.Last.txt,2023-05-03 04:07:00,13187.5,13187.5,7
13_mnq_06_23.Last.txt,2023-05-07 19:40:00,13310.5,13310.5,2
13_mnq_06_23.Last.txt,2023-05-07 20:33:00,13310.5,13310.5,1
13_mnq_06_23.Last.txt,2023-05-09 03:56:00,13340.0,13340.0,2
13_mnq_06_23.Last.txt,2023-05-16 02:43:00,13458.5,13458.5,8
13_mnq_06_23.Last.txt,2023-05-16 04:45:00,13457.5,13457.5,1
13_mnq_06_23.Last.txt,2023-05-25 04:37:00,13837.75,13837.75,8
13_mnq_06_23.Last.txt,2023-06-03 16:47:00,14586.75,14586.75,2
13_mnq_06_23.Last.txt,2023-06-04 16:24:00,14586.75,14586.75,2
13_mnq_06_23.Last.txt,2023-06-13 02:48:00,14834.25,14834.25,9
13_mnq_06_23.Last.txt,2023-06-13 22:54:00,14930.75,14930.75,3
13_mnq_06_23.Last.txt,2023-06-13 23:25:00,14921.25,14921.25,4
13_mnq_06_23.Last.txt,2023-06-13 23:29:00,14921.25,14921.25,2
13_mnq_06_23.Last.txt,2023-06-14 01:28:00,14914.0,14914.0,9
13_mnq_06_23.Last.txt,2023-06-14 02:04:00,14923.75,14923.75,1
13_mnq_06_23.Last.txt,2023-06-14 03:45:00,14911.0,14911.0,1
13_mnq_06_23.Last.txt,2023-06-14 04:18:00,14913.25,14913.25,2
13_mnq_06_23.Last.txt,2023-06-14 22:15:00,15039.5,15039.5,2
13_mnq_06_23.Last.txt,2023-06-14 22:25:00,15033.25,15033.25,1
13_mnq_06_23.Last.txt,2023-06-14 22:36:00,15035.0,15035.0,5
13_mnq_06_23.Last.txt,2023-06-14 22:42:00,15036.25,15036.25,1
13_mnq_06_23.Last.txt,2023-06-14 22:57:00,15040.75,15040.75,3
13_mnq_06_23.Last.txt,2023-06-14 23:11:00,15033.25,15033.25,5
13_mnq_06_23.Last.txt,2023-06-14 23:40:00,15035.0,15035.0,1
13_mnq_06_23.Last.txt,2023-06-14 23:45:00,15032.25,15032.25,3
13_mnq_06_23.Last.txt,2023-06-15 04:56:00,15009.25,15009.25,4
13_mnq_06_23.Last.txt,2023-06-15 11:29:00,14913.75,14913.75,12
13_mnq_06_23.Last.txt,2023-06-15 20:44:00,15182.5,15182.5,2
13_mnq_06_23.Last.txt,2023-06-15 22:26:00,15178.0,15178.0,6
13_mnq_06_23.Last.txt,2023-06-15 22:55:00,15169.0,15169.0,5
13_mnq_06_23.Last.txt,2023-06-15 22:57:00,15168.75,15168.75,2
13_mnq_06_23.Last.txt,2023-06-15 22:59:00,15169.0,15169.0,1
13_mnq_06_23.Last.txt,2023-06-15 23:02:00,15171.0,15171.0,1
13_mnq_06_23.Last.txt,2023-06-15 23:03:00,15174.75,15174.75,1
13_mnq_06_23.Last.txt,2023-06-15 23:10:00,15175.0,15175.0,1
13_mnq_06_23.Last.txt,2023-06-15 23:13:00,15175.25,15175.25,1
13_mnq_06_23.Last.txt,2023-06-15 23:16:00,15174.0,15174.0,2
13_mnq_06_23.Last.txt,2023-06-15 23:27:00,15176.75,15176.75,1
13_mnq_06_23.Last.txt,2023-06-15 23:32:00,15174.0,15174.0,2
13_mnq_06_23.Last.txt,2023-06-15 23:36:00,15173.75,15173.75,1
13_mnq_06_23.Last.txt,2023-06-15 23:52:00,15174.75,15174.75,17
13_mnq_06_23.Last.txt,2023-06-15 23:53:00,15175.0,15175.0,1
13_mnq_06_23.Last.txt,2023-06-16 00:28:00,15156.5,15156.5,1
13_mnq_06_23.Last.txt,2023-06-16 01:14:00,15153.75,15153.75,1
13_mnq_06_23.Last.txt,2023-06-16 01:15:00,15153.75,15153.75,1
13_mnq_06_23.Last.txt,2023-06-16 01:19:00,15153.25,15153.25,3
13_mnq_06_23.Last.txt,2023-06-16 03:18:00,15149.75,15149.75,1
13_mnq_06_23.Last.txt,2023-06-16 03:24:00,15147.5,15147.5,1
13_mnq_06_23.Last.txt,2023-06-16 03:44:00,15159.0,15159.0,7
13_mnq_06_23.Last.txt,2023-06-16 04:15:00,15167.25,15167.25,1
13_mnq_06_23.Last.txt,2023-06-16 04:47:00,15168.5,15168.5,5
13_mnq_06_23.Last.txt,2023-06-16 04:51:00,15165.0,15165.0,4
13_mnq_06_23.Last.txt,2023-06-16 05:07:00,15162.25,15162.25,1
13_mnq_06_23.Last.txt,2023-06-16 05:10:00,15160.0,15160.0,1
13_mnq_06_23.Last.txt,2023-06-16 05:19:00,15163.75,15163.75,1
13_mnq_06_23.Last.txt,2023-06-16 05:20:00,15163.5,15163.5,1
13_mnq_06_23.Last.txt,2023-06-16 05:22:00,15166.75,15166.75,1
13_mnq_06_23.Last.txt,2023-06-16 06:43:00,15183.5,15183.5,2
13_mnq_06_23.Last.txt,2023-06-16 08:05:00,15181.75,15181.75,2
13_mnq_06_23.Last.txt,2023-06-16 08:15:00,15182.5,15182.5,1
13_mnq_06_23.Last.txt,2023-06-16 09:22:00,15216.25,15216.25,1
13_mnq_06_23.Last.txt,2023-06-16 10:42:00,15204.25,15204.25,1
13_mnq_06_23.Last.txt,2023-06-16 10:45:00,15203.25,15203.25,1
13_mnq_06_23.Last.txt,2023-06-16 10:46:00,15203.25,15203.25,1
13_mnq_06_23.Last.txt,2023-06-16 12:08:00,15223.5,15223.5,1
14_mnq_09_23.Last.txt,2023-06-20 03:59:00,15237.25,15237.25,5
14_mnq_09_23.Last.txt,2023-06-25 16:01:00,15055.5,15055.5,2
14_mnq_09_23.Last.txt,2023-06-25 17:57:00,15055.5,15055.5,1
14_mnq_09_23.Last.txt,2023-07-05 00:58:00,15340.0,15340.0,8
14_mnq_09_23.Last.txt,2023-07-05 03:57:00,15344.0,15344.0,1
14_mnq_09_23.Last.txt,2023-07-05 04:13:00,15342.5,15342.5,2
14_mnq_09_23.Last.txt,2023-07-05 04:28:00,15341.0,15341.0,1
14_mnq_09_23.Last.txt,2023-07-20 04:20:00,15887.5,15887.5,8
14_mnq_09_23.Last.txt,2023-07-23 08:20:00,15555.0,15555.0,4
14_mnq_09_23.Last.txt,2023-08-19 00:58:00,14744.0,14744.0,1
14_mnq_09_23.Last.txt,2023-08-19 06:26:00,14744.0,14744.0,1
14_mnq_09_23.Last.txt,2023-08-19 08:51:00,14744.0,14744.0,1
14_mnq_09_23.Last.txt,2023-08-19 12:23:00,14744.0,14744.0,1
14_mnq_09_23.Last.txt,2023-08-19 23:40:00,14744.0,14744.0,1
14_mnq_09_23.Last.txt,2023-08-20 05:02:00,14744.0,14744.0,2
14_mnq_09_23.Last.txt,2023-08-27 18:29:00,14971.25,14971.25,2
14_mnq_09_23.Last.txt,2023-08-27 20:07:00,14971.25,14971.25,1
14_mnq_09_23.Last.txt,2023-08-27 21:23:00,14971.25,14971.25,1
14_mnq_09_23.Last.txt,2023-08-31 21:01:00,15536.5,15536.5,1
14_mnq_09_23.Last.txt,2023-09-02 00:32:00,15512.25,15512.25,1
14_mnq_09_23.Last.txt,2023-09-03 23:25:00,15507.75,15507.75,1
14_mnq_09_23.Last.txt,2023-09-04 04:20:00,15532.5,15532.5,1
14_mnq_09_23.Last.txt,2023-09-04 20:21:00,15523.25,15523.25,2
14_mnq_09_23.Last.txt,2023-09-06 23:25:00,15389.5,15389.5,8
14_mnq_09_23.Last.txt,2023-09-09 23:52:00,15314.75,15314.75,2
14_mnq_09_23.Last.txt,2023-09-10 01:25:00,15314.75,15314.75,1
14_mnq_09_23.Last.txt,2023-09-10 01:34:00,15314.75,15314.75,1
14_mnq_09_23.Last.txt,2023-09-10 14:19:00,15314.75,15314.75,1
14_mnq_09_23.Last.txt,2023-09-12 22:18:00,15308.25,15308.25,4
14_mnq_09_23.Last.txt,2023-09-12 23:19:00,15307.75,15307.75,5
14_mnq_09_23.Last.txt,2023-09-12 23:47:00,15312.5,15312.5,2
14_mnq_09_23.Last.txt,2023-09-13 00:45:00,15309.0,15309.0,1
14_mnq_09_23.Last.txt,2023-09-13 20:42:00,15376.5,15376.5,2
14_mnq_09_23.Last.txt,2023-09-13 22:53:00,15368.0,15368.0,1
14_mnq_09_23.Last.txt,2023-09-13 23:56:00,15384.5,15384.5,2
14_mnq_09_23.Last.txt,2023-09-14 04:45:00,15422.5,15422.5,1
14_mnq_09_23.Last.txt,2023-09-14 20:26:00,15495.75,15495.75,2
14_mnq_09_23.Last.txt,2023-09-14 22:44:00,15487.25,15487.25,3
14_mnq_09_23.Last.txt,2023-09-14 23:13:00,15489.5,15489.5,1
14_mnq_09_23.Last.txt,2023-09-14 23:26:00,15488.5,15488.5,3
14_mnq_09_23.Last.txt,2023-09-14 23:28:00,15489.0,15489.0,2
14_mnq_09_23.Last.txt,2023-09-14 23:35:00,15488.0,15488.0,2
14_mnq_09_23.Last.txt,2023-09-14 23:36:00,15487.5,15487.5,1
14_mnq_09_23.Last.txt,2023-09-14 23:47:00,15491.75,15491.75,1
14_mnq_09_23.Last.txt,2023-09-14 23:56:00,15486.5,15486.5,1
14_mnq_09_23.Last.txt,2023-09-15 00:00:00,15484.25,15484.25,1
14_mnq_09_23.Last.txt,2023-09-15 00:03:00,15485.5,15485.5,2
14_mnq_09_23.Last.txt,2023-09-15 02:38:00,15504.75,15504.75,1
14_mnq_09_23.Last.txt,2023-09-15 02:43:00,15506.0,15506.0,1
14_mnq_09_23.Last.txt,2023-09-15 03:02:00,15506.75,15506.75,4
14_mnq_09_23.Last.txt,2023-09-15 03:13:00,15505.5,15505.5,3
14_mnq_09_23.Last.txt,2023-09-15 03:16:00,15509.75,15509.75,2
14_mnq_09_23.Last.txt,2023-09-15 03:28:00,15516.5,15516.5,1
14_mnq_09_23.Last.txt,2023-09-15 03:50:00,15516.0,15516.0,2
14_mnq_09_23.Last.txt,2023-09-15 03:59:00,15513.75,15513.75,1
14_mnq_09_23.Last.txt,2023-09-15 04:00:00,15514.75,15514.75,5
14_mnq_09_23.Last.txt,2023-09-15 04:02:00,15515.0,15515.0,1
14_mnq_09_23.Last.txt,2023-09-15 04:47:00,15522.0,15522.0,1
14_mnq_09_23.Last.txt,2023-09-15 04:50:00,15521.0,15521.0,1
14_mnq_09_23.Last.txt,2023-09-15 05:39:00,15508.5,15508.5,6
14_mnq_09_23.Last.txt,2023-09-15 05:49:00,15510.75,15510.75,1
14_mnq_09_23.Last.txt,2023-09-15 05:57:00,15515.0,15515.0,1
14_mnq_09_23.Last.txt,2023-09-15 06:09:00,15510.0,15510.0,5
14_mnq_09_23.Last.txt,2023-09-15 06:10:00,15508.75,15508.75,1
14_mnq_09_23.Last.txt,2023-09-15 06:13:00,15507.75,15507.75,1
14_mnq_09_23.Last.txt,2023-09-15 06:14:00,15507.25,15507.25,1
14_mnq_09_23.Last.txt,2023-09-15 06:18:00,15508.5,15508.5,4
14_mnq_09_23.Last.txt,2023-09-15 06:34:00,15510.0,15510.0,19
14_mnq_09_23.Last.txt,2023-09-15 06:59:00,15512.0,15512.0,3
14_mnq_09_23.Last.txt,2023-09-15 07:04:00,15509.5,15509.5,3
14_mnq_09_23.Last.txt,2023-09-15 08:25:00,15470.25,15470.25,1
14_mnq_09_23.Last.txt,2023-09-15 08:30:00,15470.0,15470.0,1
14_mnq_09_23.Last.txt,2023-09-15 08:31:00,15467.75,15467.75,1
14_mnq_09_23.Last.txt,2023-09-15 08:59:00,15462.75,15462.75,1
14_mnq_09_23.Last.txt,2023-09-15 10:21:00,15469.5,15469.5,1
14_mnq_09_23.Last.txt,2023-09-15 10:40:00,15469.5,15469.5,1
14_mnq_09_23.Last.txt,2023-09-15 10:47:00,15470.25,15470.25,2
15_mnq_12_23.Last.txt,2023-09-18 22:55:00,15425.5,15425.5,7
15_mnq_12_23.Last.txt,2023-09-19 03:49:00,15413.25,15413.25,6
15_mnq_12_23.Last.txt,2023-10-10 00:19:00,15199.75,15199.75,1
15_mnq_12_23.Last.txt,2023-10-15 04:33:00,15106.75,15106.75,2
15_mnq_12_23.Last.txt,2023-10-15 20:10:00,15106.75,15106.75,1
15_mnq_12_23.Last.txt,2023-10-21 11:27:00,14648.25,14648.25,2
15_mnq_12_23.Last.txt,2023-10-21 14:17:00,14648.25,14648.25,1
15_mnq_12_23.Last.txt,2023-10-21 21:52:00,14648.25,14648.25,1
15_mnq_12_23.Last.txt,2023-10-22 08:56:00,14648.25,14648.25,1
15_mnq_12_23.Last.txt,2023-10-22 10:49:00,14648.25,14648.25,1
15_mnq_12_23.Last.txt,2023-10-22 14:22:00,14648.25,14648.25,1
15_mnq_12_23.Last.txt,2023-11-11 01:43:00,15581.25,15581.25,1
15_mnq_12_23.Last.txt,2023-11-11 17:27:00,15581.25,15581.25,1
15_mnq_12_23.Last.txt,2023-11-11 20:04:00,15581.25,15581.25,2
15_mnq_12_23.Last.txt,2023-11-17 04:53:00,15894.5,15894.5,5
15_mnq_12_23.Last.txt,2023-11-23 04:57:00,16051.5,16051.5,9
15_mnq_12_23.Last.txt,2023-11-23 05:19:00,16050.25,16050.25,10
15_mnq_12_23.Last.txt,2023-11-23 23:27:00,16064.5,16064.5,3
15_mnq_12_23.Last.txt,2023-11-24 04:05:00,16061.5,16061.5,3
15_mnq_12_23.Last.txt,2023-11-24 04:17:00,16062.75,16062.75,8
15_mnq_12_23.Last.txt,2023-11-24 04:30:00,16063.5,16063.5,2
15_mnq_12_23.Last.txt,2023-11-24 04:38:00,16063.0,16063.0,1
15_mnq_12_23.Last.txt,2023-11-24 04:40:00,16063.0,16063.0,2
15_mnq_12_23.Last.txt,2023-11-24 04:44:00,16063.0,16063.0,9
15_mnq_12_23.Last.txt,2023-11-24 04:59:00,16061.5,16061.5,3
15_mnq_12_23.Last.txt,2023-11-24 22:02:00,16010.75,16010.75,2
15_mnq_12_23.Last.txt,2023-11-25 17:27:00,16010.75,16010.75,2
15_mnq_12_23.Last.txt,2023-11-25 18:48:00,16010.75,16010.75,1
15_mnq_12_23.Last.txt,2023-12-01 04:14:00,15952.25,15952.25,7
15_mnq_12_23.Last.txt,2023-12-08 03:11:00,16017.5,16017.5,5
15_mnq_12_23.Last.txt,2023-12-11 04:21:00,16059.0,16059.0,13
15_mnq_12_23.Last.txt,2023-12-12 03:49:00,16258.0,16258.0,1
15_mnq_12_23.Last.txt,2023-12-12 04:07:00,16253.0,16253.0,12
15_mnq_12_23.Last.txt,2023-12-12 04:18:00,16254.5,16254.5,7
15_mnq_12_23.Last.txt,2023-12-12 04:45:00,16253.25,16253.25,4
15_mnq_12_23.Last.txt,2023-12-12 06:40:00,16260.75,16260.75,2
15_mnq_12_23.Last.txt,2023-12-13 02:48:00,16390.0,16390.0,7
15_mnq_12_23.Last.txt,2023-12-13 03:10:00,16389.0,16389.0,5
15_mnq_12_23.Last.txt,2023-12-13 03:15:00,16389.5,16389.5,3
15_mnq_12_23.Last.txt,2023-12-13 03:33:00,16388.25,16388.25,1
15_mnq_12_23.Last.txt,2023-12-13 03:59:00,16390.25,16390.25,4
15_mnq_12_23.Last.txt,2023-12-13 04:02:00,16390.5,16390.5,4
15_mnq_12_23.Last.txt,2023-12-13 04:11:00,16390.0,16390.0,2
15_mnq_12_23.Last.txt,2023-12-13 04:12:00,16390.0,16390.0,2
15_mnq_12_23.Last.txt,2023-12-13 04:15:00,16389.75,16389.75,5
15_mnq_12_23.Last.txt,2023-12-13 04:35:00,16388.5,16388.5,1
15_mnq_12_23.Last.txt,2023-12-13 04:45:00,16391.25,16391.25,1
15_mnq_12_23.Last.txt,2023-12-13 10:42:00,16386.0,16386.0,1
15_mnq_12_23.Last.txt,2023-12-14 03:14:00,16662.75,16662.75,2
15_mnq_12_23.Last.txt,2023-12-14 04:15:00,16655.25,16655.25,5
15_mnq_12_23.Last.txt,2023-12-14 04:59:00,16662.25,16662.25,2
15_mnq_12_23.Last.txt,2023-12-14 05:51:00,16659.25,16659.25,1
15_mnq_12_23.Last.txt,2023-12-14 06:16:00,16662.0,16662.0,4
15_mnq_12_23.Last.txt,2023-12-14 06:29:00,16663.75,16663.75,3
15_mnq_12_23.Last.txt,2023-12-14 21:30:00,16528.75,16528.75,1
15_mnq_12_23.Last.txt,2023-12-14 21:34:00,16532.75,16532.75,1
15_mnq_12_23.Last.txt,2023-12-14 21:38:00,16530.75,16530.75,1
15_mnq_12_23.Last.txt,2023-12-14 21:39:00,16530.75,16530.75,1
15_mnq_12_23.Last.txt,2023-12-14 21:42:00,16535.25,16535.25,1
15_mnq_12_23.Last.txt,2023-12-14 21:49:00,16534.0,16534.0,1
15_mnq_12_23.Last.txt,2023-12-14 21:57:00,16536.75,16536.75,1
15_mnq_12_23.Last.txt,2023-12-14 23:15:00,16527.25,16527.25,1
15_mnq_12_23.Last.txt,2023-12-14 23:44:00,16548.25,16548.25,1
15_mnq_12_23.Last.txt,2023-12-15 00:33:00,16551.25,16551.25,1
15_mnq_12_23.Last.txt,2023-12-15 00:47:00,16549.0,16549.0,3
15_mnq_12_23.Last.txt,2023-12-15 01:59:00,16551.0,16551.0,2
15_mnq_12_23.Last.txt,2023-12-15 02:00:00,16549.75,16549.75,1
15_mnq_12_23.Last.txt,2023-12-15 02:12:00,16553.25,16553.25,2
15_mnq_12_23.Last.txt,2023-12-15 02:19:00,16555.25,16555.25,1
15_mnq_12_23.Last.txt,2023-12-15 02:21:00,16557.5,16557.5,1
15_mnq_12_23.Last.txt,2023-12-15 02:23:00,16555.5,16555.5,1
15_mnq_12_23.Last.txt,2023-12-15 02:24:00,16556.25,16556.25,1
15_mnq_12_23.Last.txt,2023-12-15 02:42:00,16553.75,16553.75,1
15_mnq_12_23.Last.txt,2023-12-15 02:57:00,16550.5,16550.5,1
15_mnq_12_23.Last.txt,2023-12-15 03:07:00,16554.25,16554.25,1
15_mnq_12_23.Last.txt,2023-12-15 03:09:00,16552.75,16552.75,1
15_mnq_12_23.Last.txt,2023-12-15 03:18:00,16551.75,16551.75,2
15_mnq_12_23.Last.txt,2023-12-15 03:21:00,16551.75,16551.75,1
15_mnq_12_23.Last.txt,2023-12-15 03:25:00,16551.0,16551.0,1
15_mnq_12_23.Last.txt,2023-12-15 03:29:00,16553.75,16553.75,1
15_mnq_12_23.Last.txt,2023-12-15 03:56:00,16556.5,16556.5,1
15_mnq_12_23.Last.txt,2023-12-15 04:22:00,16563.25,16563.25,6
15_mnq_12_23.Last.txt,2023-12-15 04:23:00,16563.5,16563.5,1
15_mnq_12_23.Last.txt,2023-12-15 04:27:00,16561.0,16561.0,1
15_mnq_12_23.Last.txt,2023-12-15 04:33:00,16561.25,16561.25,1
15_mnq_12_23.Last.txt,2023-12-15 04:35:00,16561.25,16561.25,1
15_mnq_12_23.Last.txt,2023-12-15 04:38:00,16562.5,16562.5,1
15_mnq_12_23.Last.txt,2023-12-15 04:39:00,16562.75,16562.75,1
15_mnq_12_23.Last.txt,2023-12-15 04:40:00,16561.75,16561.75,5
15_mnq_12_23.Last.txt,2023-12-15 04:42:00,16562.5,16562.5,1
15_mnq_12_23.Last.txt,2023-12-15 04:47:00,16561.0,16561.0,2
15_mnq_12_23.Last.txt,2023-12-15 04:48:00,16561.0,16561.0,1
15_mnq_12_23.Last.txt,2023-12-15 04:54:00,16559.0,16559.0,1
15_mnq_12_23.Last.txt,2023-12-15 05:03:00,16560.75,16560.75,2
15_mnq_12_23.Last.txt,2023-12-15 05:05:00,16559.25,16559.25,1
15_mnq_12_23.Last.txt,2023-12-15 05:06:00,16559.25,16559.25,1
15_mnq_12_23.Last.txt,2023-12-15 05:12:00,16560.75,16560.75,1
15_mnq_12_23.Last.txt,2023-12-15 05:24:00,16555.75,16555.75,1
15_mnq_12_23.Last.txt,2023-12-15 05:27:00,16554.25,16554.25,1
15_mnq_12_23.Last.txt,2023-12-15 05:31:00,16556.0,16556.0,1
15_mnq_12_23.Last.txt,2023-12-15 05:33:00,16555.0,16555.0,3
15_mnq_12_23.Last.txt,2023-12-15 05:46:00,16553.25,16553.25,2
15_mnq_12_23.Last.txt,2023-12-15 05:47:00,16554.0,16554.0,1
15_mnq_12_23.Last.txt,2023-12-15 06:08:00,16559.75,16559.75,1
15_mnq_12_23.Last.txt,2023-12-15 06:12:00,16557.5,16557.5,4
15_mnq_12_23.Last.txt,2023-12-15 06:16:00,16556.5,16556.5,1
15_mnq_12_23.Last.txt,2023-12-15 06:21:00,16554.25,16554.25,1
15_mnq_12_23.Last.txt,2023-12-15 06:24:00,16555.0,16555.0,8
15_mnq_12_23.Last.txt,2023-12-15 06:25:00,16554.75,16554.75,1
15_mnq_12_23.Last.txt,2023-12-15 06:27:00,16555.75,16555.75,2
15_mnq_12_23.Last.txt,2023-12-15 06:28:00,16555.5,16555.5,1
15_mnq_12_23.Last.txt,2023-12-15 06:29:00,16555.5,16555.5,1
15_mnq_12_23.Last.txt,2023-12-15 06:35:00,16558.5,16558.5,2
15_mnq_12_23.Last.txt,2023-12-15 06:36:00,16558.25,16558.25,1
15_mnq_12_23.Last.txt,2023-12-15 06:39:00,16555.75,16555.75,1
15_mnq_12_23.Last.txt,2023-12-15 06:40:00,16555.75,16555.75,3
15_mnq_12_23.Last.txt,2023-12-15 06:43:00,16558.0,16558.0,1
15_mnq_12_23.Last.txt,2023-12-15 06:48:00,16557.0,16557.0,3
15_mnq_12_23.Last.txt,2023-12-15 06:50:00,16556.5,16556.5,1
15_mnq_12_23.Last.txt,2023-12-15 06:53:00,16559.0,16559.0,1
15_mnq_12_23.Last.txt,2023-12-15 07:48:00,16585.0,16585.0,4
15_mnq_12_23.Last.txt,2023-12-15 07:50:00,16586.0,16586.0,5
15_mnq_12_23.Last.txt,2023-12-15 07:51:00,16584.75,16584.75,2
15_mnq_12_23.Last.txt,2023-12-15 07:52:00,16584.75,16584.75,1
15_mnq_12_23.Last.txt,2023-12-15 07:53:00,16584.75,16584.75,2
15_mnq_12_23.Last.txt,2023-12-15 07:54:00,16584.75,16584.75,4
15_mnq_12_23.Last.txt,2023-12-15 08:08:00,16586.0,16586.0,1
15_mnq_12_23.Last.txt,2023-12-15 08:09:00,16585.75,16585.75,4
15_mnq_12_23.Last.txt,2023-12-15 08:19:00,16585.25,16585.25,1
15_mnq_12_23.Last.txt,2023-12-15 08:50:00,16579.25,16579.25,1
15_mnq_12_23.Last.txt,2023-12-15 08:58:00,16587.0,16587.0,4
15_mnq_12_23.Last.txt,2023-12-15 09:30:00,16595.75,16595.75,1
15_mnq_12_23.Last.txt,2023-12-15 09:33:00,16593.75,16593.75,1
15_mnq_12_23.Last.txt,2023-12-15 09:42:00,16594.0,16594.0,1
15_mnq_12_23.Last.txt,2023-12-15 09:48:00,16597.25,16597.25,2
15_mnq_12_23.Last.txt,2023-12-15 09:51:00,16596.5,16596.5,1
15_mnq_12_23.Last.txt,2023-12-15 09:52:00,16596.5,16596.5,2
15_mnq_12_23.Last.txt,2023-12-15 10:16:00,16596.5,16596.5,1
15_mnq_12_23.Last.txt,2023-12-15 10:29:00,16598.25,16598.25,1
15_mnq_12_23.Last.txt,2023-12-15 10:56:00,16590.25,16590.25,1
15_mnq_12_23.Last.txt,2023-12-15 11:27:00,16601.25,16601.25,1
15_mnq_12_23.Last.txt,2023-12-15 11:35:00,16603.0,16603.0,1
15_mnq_12_23.Last.txt,2023-12-15 11:38:00,16602.5,16602.5,1
15_mnq_12_23.Last.txt,2023-12-15 11:40:00,16601.5,16601.5,1
15_mnq_12_23.Last.txt,2023-12-15 11:43:00,16601.25,16601.25,1
15_mnq_12_23.Last.txt,2023-12-15 11:52:00,16604.5,16604.5,1
15_mnq_12_23.Last.txt,2023-12-15 11:55:00,16603.5,16603.5,2
15_mnq_12_23.Last.txt,2023-12-15 11:59:00,16598.75,16598.75,1
15_mnq_12_23.Last.txt,2023-12-15 12:09:00,16599.5,16599.5,1
15_mnq_12_23.Last.txt,2023-12-15 12:12:00,16598.5,16598.5,1
15_mnq_12_23.Last.txt,2023-12-15 12:19:00,16596.25,16596.25,1
15_mnq_12_23.Last.txt,2023-12-15 12:27:00,16600.5,16600.5,2
16_mnq_03_24.Last.txt,2023-12-26 04:18:00,17016.75,17016.75,10
16_mnq_03_24.Last.txt,2023-12-27 04:46:00,17081.5,17081.5,1
16_mnq_03_24.Last.txt,2023-12-31 17:08:00,17004.0,17004.0,1
16_mnq_03_24.Last.txt,2024-01-14 21:33:00,16955.0,16955.0,2
16_mnq_03_24.Last.txt,2024-01-30 05:15:00,17715.0,17715.0,1
16_mnq_03_24.Last.txt,2024-02-03 16:21:00,17686.0,17686.0,2
16_mnq_03_24.Last.txt,2024-02-05 22:01:00,17702.75,17702.75,2
16_mnq_03_24.Last.txt,2024-02-08 04:32:00,17850.5,17850.5,14
16_mnq_03_24.Last.txt,2024-02-08 04:59:00,17850.75,17850.75,9
16_mnq_03_24.Last.txt,2024-02-10 02:55:00,18037.75,18037.75,1
16_mnq_03_24.Last.txt,2024-02-12 02:50:00,18033.75,18033.75,1
16_mnq_03_24.Last.txt,2024-02-12 03:08:00,18033.5,18033.5,3
16_mnq_03_24.Last.txt,2024-02-12 04:25:00,18032.75,18032.75,2
16_mnq_03_24.Last.txt,2024-02-24 22:23:00,17961.0,17961.0,1
16_mnq_03_24.Last.txt,2024-02-24 22:31:00,17961.0,17961.0,1
16_mnq_03_24.Last.txt,2024-02-25 16:28:00,17961.0,17961.0,2
16_mnq_03_24.Last.txt,2024-02-25 16:46:00,17961.0,17961.0,1
16_mnq_03_24.Last.txt,2024-03-09 15:44:00,18055.25,18055.25,1
16_mnq_03_24.Last.txt,2024-03-09 21:14:00,18055.25,18055.25,1
16_mnq_03_24.Last.txt,2024-03-09 21:26:00,18055.25,18055.25,1
16_mnq_03_24.Last.txt,2024-03-09 21:39:00,18055.25,18055.25,1
16_mnq_03_24.Last.txt,2024-03-09 22:08:00,18055.25,18055.25,1
16_mnq_03_24.Last.txt,2024-03-10 00:43:00,18055.25,18055.25,1
16_mnq_03_24.Last.txt,2024-03-10 05:45:00,18055.25,18055.25,1
16_mnq_03_24.Last.txt,2024-03-10 12:10:00,18055.25,18055.25,1
16_mnq_03_24.Last.txt,2024-03-10 12:17:00,18055.25,18055.25,1
16_mnq_03_24.Last.txt,2024-03-10 14:13:00,18055.25,18055.25,1
16_mnq_03_24.Last.txt,2024-03-10 19:21:00,18055.25,18055.25,2
16_mnq_03_24.Last.txt,2024-03-10 19:25:00,18055.25,18055.25,1
16_mnq_03_24.Last.txt,2024-03-10 20:34:00,18055.25,18055.25,2
16_mnq_03_24.Last.txt,2024-03-12 04:20:00,18054.75,18054.75,7
16_mnq_03_24.Last.txt,2024-03-12 04:39:00,18056.5,18056.5,5
16_mnq_03_24.Last.txt,2024-03-13 04:00:00,18208.25,18208.25,2
16_mnq_03_24.Last.txt,2024-03-13 22:17:00,18102.75,18102.75,1
16_mnq_03_24.Last.txt,2024-03-14 00:41:00,18114.5,18114.5,7
16_mnq_03_24.Last.txt,2024-03-14 00:45:00,18113.0,18113.0,3
16_mnq_03_24.Last.txt,2024-03-14 02:45:00,18127.0,18127.0,9
16_mnq_03_24.Last.txt,2024-03-14 02:58:00,18125.0,18125.0,1
16_mnq_03_24.Last.txt,2024-03-14 03:25:00,18118.0,18118.0,1
16_mnq_03_24.Last.txt,2024-03-14 04:12:00,18119.25,18119.25,1
16_mnq_03_24.Last.txt,2024-03-14 04:25:00,18119.25,18119.25,2
16_mnq_03_24.Last.txt,2024-03-14 04:28:00,18118.75,18118.75,2
16_mnq_03_24.Last.txt,2024-03-14 04:30:00,18120.75,18120.75,1
16_mnq_03_24.Last.txt,2024-03-14 04:32:00,18119.5,18119.5,4
16_mnq_03_24.Last.txt,2024-03-14 04:35:00,18119.0,18119.0,3
16_mnq_03_24.Last.txt,2024-03-14 04:43:00,18122.5,18122.5,12
16_mnq_03_24.Last.txt,2024-03-14 05:49:00,18130.25,18130.25,3
16_mnq_03_24.Last.txt,2024-03-14 20:40:00,18014.75,18014.75,1
16_mnq_03_24.Last.txt,2024-03-14 22:58:00,18000.25,18000.25,1
16_mnq_03_24.Last.txt,2024-03-14 23:15:00,17988.0,17988.0,1
16_mnq_03_24.Last.txt,2024-03-14 23:49:00,17979.25,17979.25,1
16_mnq_03_24.Last.txt,2024-03-15 00:08:00,17999.0,17999.0,3
16_mnq_03_24.Last.txt,2024-03-15 00:43:00,18005.25,18005.25,2
16_mnq_03_24.Last.txt,2024-03-15 00:48:00,18004.25,18004.25,1
16_mnq_03_24.Last.txt,2024-03-15 01:53:00,18011.5,18011.5,2
16_mnq_03_24.Last.txt,2024-03-15 02:35:00,17987.0,17987.0,1
16_mnq_03_24.Last.txt,2024-03-15 02:51:00,17986.0,17986.0,1
16_mnq_03_24.Last.txt,2024-03-15 03:21:00,17992.0,17992.0,1
16_mnq_03_24.Last.txt,2024-03-15 03:25:00,17995.0,17995.0,3
16_mnq_03_24.Last.txt,2024-03-15 03:43:00,17997.25,17997.25,4
16_mnq_03_24.Last.txt,2024-03-15 03:44:00,17997.0,17997.0,6
16_mnq_03_24.Last.txt,2024-03-15 03:54:00,17996.5,17996.5,5
16_mnq_03_24.Last.txt,2024-03-15 04:10:00,17995.0,17995.0,1
16_mnq_03_24.Last.txt,2024-03-15 04:52:00,17973.0,17973.0,1
16_mnq_03_24.Last.txt,2024-03-15 05:30:00,17975.75,17975.75,1
16_mnq_03_24.Last.txt,2024-03-15 05:32:00,17972.25,17972.25,1
16_mnq_03_24.Last.txt,2024-03-15 05:38:00,17972.0,17972.0,6
16_mnq_03_24.Last.txt,2024-03-15 06:23:00,17964.75,17964.75,1
16_mnq_03_24.Last.txt,2024-03-15 06:24:00,17966.0,17966.0,2
16_mnq_03_24.Last.txt,2024-03-15 06:47:00,17966.0,17966.0,1
16_mnq_03_24.Last.txt,2024-03-15 08:40:00,17996.75,17996.75,1
16_mnq_03_24.Last.txt,2024-03-15 09:21:00,18017.25,18017.25,1
16_mnq_03_24.Last.txt,2024-03-15 11:38:00,18054.0,18054.0,1
17_mnq_06_24.Last.txt,2024-03-31 20:29:00,18465.25,18465.25,2
17_mnq_06_24.Last.txt,2024-04-04 03:10:00,18447.5,18447.5,8
17_mnq_06_24.Last.txt,2024-04-07 20:02:00,18310.5,18310.5,2
17_mnq_06_24.Last.txt,2024-04-08 22:52:00,18314.0,18314.0,14
17_mnq_06_24.Last.txt,2024-04-21 13:08:00,17180.0,17180.0,2
17_mnq_06_24.Last.txt,2024-05-04 18:56:00,18027.75,18027.75,1
17_mnq_06_24.Last.txt,2024-05-05 01:36:00,18027.75,18027.75,1
17_mnq_06_24.Last.txt,2024-05-12 15:54:00,18239.75,18239.75,2
17_mnq_06_24.Last.txt,2024-05-12 19:22:00,18239.75,18239.75,1
17_mnq_06_24.Last.txt,2024-05-19 20:30:00,18634.0,18634.0,2
17_mnq_06_24.Last.txt,2024-05-19 21:08:00,18634.0,18634.0,1
17_mnq_06_24.Last.txt,2024-05-21 04:58:00,18753.75,18753.75,3
17_mnq_06_24.Last.txt,2024-06-02 17:47:00,18571.75,18571.75,2
17_mnq_06_24.Last.txt,2024-06-02 20:58:00,18571.75,18571.75,1
17_mnq_06_24.Last.txt,2024-06-07 04:59:00,19089.0,19089.0,6
17_mnq_06_24.Last.txt,2024-06-08 18:39:00,19031.0,19031.0,2
17_mnq_06_24.Last.txt,2024-06-15 21:58:00,19696.25,19696.25,2
17_mnq_06_24.Last.txt,2024-06-18 04:10:00,19915.75,19915.75,10
17_mnq_06_24.Last.txt,2024-06-18 22:05:00,19934.25,19934.25,13
17_mnq_06_24.Last.txt,2024-06-18 23:32:00,19943.0,19943.0,2
17_mnq_06_24.Last.txt,2024-06-19 02:09:00,19940.5,19940.5,3
17_mnq_06_24.Last.txt,2024-06-19 02:53:00,19947.0,19947.0,2
17_mnq_06_24.Last.txt,2024-06-19 02:54:00,19946.5,19946.5,1
17_mnq_06_24.Last.txt,2024-06-19 03:09:00,19949.0,19949.0,4
17_mnq_06_24.Last.txt,2024-06-19 03:30:00,19947.75,19947.75,2
17_mnq_06_24.Last.txt,2024-06-19 03:31:00,19947.75,19947.75,1
17_mnq_06_24.Last.txt,2024-06-19 03:41:00,19946.5,19946.5,5
17_mnq_06_24.Last.txt,2024-06-19 03:44:00,19945.5,19945.5,2
17_mnq_06_24.Last.txt,2024-06-19 03:57:00,19944.0,19944.0,3
17_mnq_06_24.Last.txt,2024-06-19 03:59:00,19944.0,19944.0,2
17_mnq_06_24.Last.txt,2024-06-19 04:09:00,19945.5,19945.5,12
17_mnq_06_24.Last.txt,2024-06-19 04:14:00,19944.0,19944.0,1
17_mnq_06_24.Last.txt,2024-06-19 04:15:00,19944.0,19944.0,2
17_mnq_06_24.Last.txt,2024-06-19 04:18:00,19942.25,19942.25,1
17_mnq_06_24.Last.txt,2024-06-19 04:22:00,19941.5,19941.5,1
17_mnq_06_24.Last.txt,2024-06-19 04:29:00,19943.25,19943.25,16
17_mnq_06_24.Last.txt,2024-06-19 04:49:00,19939.25,19939.25,1
17_mnq_06_24.Last.txt,2024-06-19 04:50:00,19939.75,19939.75,2
17_mnq_06_24.Last.txt,2024-06-19 04:51:00,19939.25,19939.25,1
17_mnq_06_24.Last.txt,2024-06-19 05:29:00,19940.0,19940.0,3
17_mnq_06_24.Last.txt,2024-06-19 05:34:00,19942.5,19942.5,7
17_mnq_06_24.Last.txt,2024-06-19 09:44:00,19955.0,19955.0,2
17_mnq_06_24.Last.txt,2024-06-19 09:51:00,19956.5,19956.5,3
17_mnq_06_24.Last.txt,2024-06-19 12:11:00,19959.5,19959.5,7
17_mnq_06_24.Last.txt,2024-06-19 22:27:00,19955.5,19955.5,2
17_mnq_06_24.Last.txt,2024-06-19 22:35:00,19954.0,19954.0,4
17_mnq_06_24.Last.txt,2024-06-19 22:48:00,19954.75,19954.75,3
17_mnq_06_24.Last.txt,2024-06-19 22:49:00,19956.0,19956.0,2
17_mnq_06_24.Last.txt,2024-06-19 22:55:00,19954.5,19954.5,7
17_mnq_06_24.Last.txt,2024-06-19 22:58:00,19954.0,19954.0,2
17_mnq_06_24.Last.txt,2024-06-19 23:20:00,19956.25,19956.25,1
17_mnq_06_24.Last.txt,2024-06-19 23:26:00,19957.0,19957.0,11
17_mnq_06_24.Last.txt,2024-06-19 23:28:00,19956.75,19956.75,3
17_mnq_06_24.Last.txt,2024-06-19 23:42:00,19958.25,19958.25,1
17_mnq_06_24.Last.txt,2024-06-20 20:39:00,19779.75,19779.75,1
17_mnq_06_24.Last.txt,2024-06-20 20:59:00,19783.5,19783.5,2
17_mnq_06_24.Last.txt,2024-06-20 22:09:00,19788.0,19788.0,1
17_mnq_06_24.Last.txt,2024-06-20 22:10:00,19788.25,19788.25,3
17_mnq_06_24.Last.txt,2024-06-20 22:11:00,19788.75,19788.75,1
17_mnq_06_24.Last.txt,2024-06-20 22:20:00,19791.25,19791.25,1
17_mnq_06_24.Last.txt,2024-06-20 22:25:00,19790.0,19790.0,3
17_mnq_06_24.Last.txt,2024-06-20 22:27:00,19788.0,19788.0,2
17_mnq_06_24.Last.txt,2024-06-20 22:29:00,19788.75,19788.75,5
17_mnq_06_24.Last.txt,2024-06-20 22:30:00,19788.75,19788.75,1
17_mnq_06_24.Last.txt,2024-06-20 22:33:00,19790.0,19790.0,1
17_mnq_06_24.Last.txt,2024-06-20 22:35:00,19788.25,19788.25,2
17_mnq_06_24.Last.txt,2024-06-20 22:43:00,19788.0,19788.0,2
17_mnq_06_24.Last.txt,2024-06-20 22:50:00,19788.25,19788.25,1
17_mnq_06_24.Last.txt,2024-06-20 22:59:00,19792.25,19792.25,1
17_mnq_06_24.Last.txt,2024-06-20 23:11:00,19793.25,19793.25,1
17_mnq_06_24.Last.txt,2024-06-20 23:22:00,19805.0,19805.0,3
17_mnq_06_24.Last.txt,2024-06-20 23:38:00,19802.75,19802.75,1
17_mnq_06_24.Last.txt,2024-06-20 23:54:00,19799.5,19799.5,1
17_mnq_06_24.Last.txt,2024-06-21 00:00:00,19802.0,19802.0,8
17_mnq_06_24.Last.txt,2024-06-21 00:02:00,19800.75,19800.75,1
17_mnq_06_24.Last.txt,2024-06-21 00:11:00,19792.0,19792.0,1
17_mnq_06_24.Last.txt,2024-06-21 00:13:00,19793.0,19793.0,4
17_mnq_06_24.Last.txt,2024-06-21 01:15:00,19769.0,19769.0,1
17_mnq_06_24.Last.txt,2024-06-21 01:34:00,19776.0,19776.0,1
17_mnq_06_24.Last.txt,2024-06-21 01:45:00,19778.25,19778.25,1
17_mnq_06_24.Last.txt,2024-06-21 01:48:00,19774.25,19774.25,2
17_mnq_06_24.Last.txt,2024-06-21 01:53:00,19773.5,19773.5,1
17_mnq_06_24.Last.txt,2024-06-21 02:04:00,19776.75,19776.75,1
17_mnq_06_24.Last.txt,2024-06-21 02:15:00,19774.5,19774.5,25
17_mnq_06_24.Last.txt,2024-06-21 02:19:00,19776.0,19776.0,1
17_mnq_06_24.Last.txt,2024-06-21 02:20:00,19774.25,19774.25,4
17_mnq_06_24.Last.txt,2024-06-21 02:23:00,19776.0,19776.0,1
17_mnq_06_24.Last.txt,2024-06-21 02:30:00,19773.5,19773.5,1
17_mnq_06_24.Last.txt,2024-06-21 02:41:00,19785.75,19785.75,2
17_mnq_06_24.Last.txt,2024-06-21 02:45:00,19787.5,19787.5,1
17_mnq_06_24.Last.txt,2024-06-21 03:07:00,19794.5,19794.5,1
17_mnq_06_24.Last.txt,2024-06-21 03:14:00,19792.25,19792.25,1
17_mnq_06_24.Last.txt,2024-06-21 03:19:00,19795.0,19795.0,1
17_mnq_06_24.Last.txt,2024-06-21 03:23:00,19795.75,19795.75,1
17_mnq_06_24.Last.txt,2024-06-21 03:25:00,19794.75,19794.75,2
17_mnq_06_24.Last.txt,2024-06-21 03:26:00,19796.0,19796.0,2
17_mnq_06_24.Last.txt,2024-06-21 03:27:00,19795.0,19795.0,1
17_mnq_06_24.Last.txt,2024-06-21 03:28:00,19796.0,19796.0,1
17_mnq_06_24.Last.txt,2024-06-21 03:29:00,19795.5,19795.5,1
17_mnq_06_24.Last.txt,2024-06-21 03:38:00,19794.0,19794.0,1
17_mnq_06_24.Last.txt,2024-06-21 03:44:00,19791.0,19791.0,1
17_mnq_06_24.Last.txt,2024-06-21 03:45:00,19790.5,19790.5,3
17_mnq_06_24.Last.txt,2024-06-21 03:55:00,19788.0,19788.0,1
17_mnq_06_24.Last.txt,2024-06-21 04:05:00,19787.25,19787.25,4
17_mnq_06_24.Last.txt,2024-06-21 04:09:00,19785.0,19785.0,1
17_mnq_06_24.Last.txt,2024-06-21 04:17:00,19787.5,19787.5,1
17_mnq_06_24.Last.txt,2024-06-21 04:18:00,19789.0,19789.0,1
17_mnq_06_24.Last.txt,2024-06-21 04:30:00,19797.75,19797.75,1
17_mnq_06_24.Last.txt,2024-06-21 04:44:00,19795.0,19795.0,1
17_mnq_06_24.Last.txt,2024-06-21 04:46:00,19794.0,19794.0,8
17_mnq_06_24.Last.txt,2024-06-21 04:47:00,19797.0,19797.0,1
17_mnq_06_24.Last.txt,2024-06-21 04:57:00,19800.25,19800.25,1
17_mnq_06_24.Last.txt,2024-06-21 05:05:00,19801.5,19801.5,2
17_mnq_06_24.Last.txt,2024-06-21 05:09:00,19804.0,19804.0,2
17_mnq_06_24.Last.txt,2024-06-21 05:10:00,19805.75,19805.75,2
17_mnq_06_24.Last.txt,2024-06-21 05:19:00,19805.0,19805.0,5
17_mnq_06_24.Last.txt,2024-06-21 05:20:00,19805.25,19805.25,1
17_mnq_06_24.Last.txt,2024-06-21 05:24:00,19808.25,19808.25,2
17_mnq_06_24.Last.txt,2024-06-21 05:36:00,19808.25,19808.25,1
17_mnq_06_24.Last.txt,2024-06-21 05:37:00,19810.0,19810.0,1
17_mnq_06_24.Last.txt,2024-06-21 06:13:00,19816.5,19816.5,1
17_mnq_06_24.Last.txt,2024-06-21 06:20:00,19817.25,19817.25,1
17_mnq_06_24.Last.txt,2024-06-21 06:49:00,19813.5,19813.5,3
17_mnq_06_24.Last.txt,2024-06-21 06:50:00,19811.25,19811.25,1
17_mnq_06_24.Last.txt,2024-06-21 06:53:00,19801.0,19801.0,1
17_mnq_06_24.Last.txt,2024-06-21 06:59:00,19804.5,19804.5,3
17_mnq_06_24.Last.txt,2024-06-21 07:53:00,19762.25,19762.25,1
17_mnq_06_24.Last.txt,2024-06-21 09:25:00,19735.25,19735.25,1
17_mnq_06_24.Last.txt,2024-06-21 09:55:00,19750.75,19750.75,1
17_mnq_06_24.Last.txt,2024-06-21 09:56:00,19750.75,19750.75,1
17_mnq_06_24.Last.txt,2024-06-21 10:03:00,19750.5,19750.5,2
17_mnq_06_24.Last.txt,2024-06-21 11:38:00,19755.75,19755.75,1
17_mnq_06_24.Last.txt,2024-06-21 12:14:00,19725.5,19725.5,1
18_mnq_09_24.Last.txt,2024-06-30 20:31:00,19967.0,19967.0,2
18_mnq_09_24.Last.txt,2024-07-04 10:23:00,20402.25,20402.25,4
18_mnq_09_24.Last.txt,2024-07-07 14:14:00,20590.25,20590.25,4
18_mnq_09_24.Last.txt,2024-07-16 21:07:00,20587.5,20587.5,20
18_mnq_09_24.Last.txt,2024-07-17 21:26:00,20017.0,20017.0,2
18_mnq_09_24.Last.txt,2024-07-21 17:52:00,19701.5,19701.5,2
18_mnq_09_24.Last.txt,2024-07-26 22:44:00,19175.75,19175.75,2
18_mnq_09_24.Last.txt,2024-07-28 19:56:00,19175.75,19175.75,2
18_mnq_09_24.Last.txt,2024-08-02 22:41:00,18509.75,18509.75,2
18_mnq_09_24.Last.txt,2024-08-02 22:57:00,18509.75,18509.75,2
18_mnq_09_24.Last.txt,2024-08-03 02:01:00,18509.75,18509.75,2
18_mnq_09_24.Last.txt,2024-08-05 21:01:00,18139.5,18139.5,2
18_mnq_09_24.Last.txt,2024-08-11 14:49:00,18602.75,18602.75,2
18_mnq_09_24.Last.txt,2024-08-11 16:40:00,18602.75,18602.75,1
18_mnq_09_24.Last.txt,2024-08-25 13:44:00,19777.75,19777.75,2
18_mnq_09_24.Last.txt,2024-08-31 18:21:00,19594.0,19594.0,2
18_mnq_09_24.Last.txt,2024-09-01 17:35:00,19594.0,19594.0,2
18_mnq_09_24.Last.txt,2024-09-02 18:31:00,19646.75,19646.75,2
18_mnq_09_24.Last.txt,2024-09-02 18:33:00,19646.75,19646.75,2
18_mnq_09_24.Last.txt,2024-09-04 21:01:00,18962.25,18962.25,3
18_mnq_09_24.Last.txt,2024-09-06 21:01:00,18377.5,18377.5,5
18_mnq_09_24.Last.txt,2024-09-15 20:04:00,19504.0,19504.0,1
18_mnq_09_24.Last.txt,2024-09-16 04:42:00,19529.25,19529.25,2
18_mnq_09_24.Last.txt,2024-09-18 02:46:00,19470.5,19470.5,3
18_mnq_09_24.Last.txt,2024-09-18 02:48:00,19471.5,19471.5,1
18_mnq_09_24.Last.txt,2024-09-18 02:50:00,19472.25,19472.25,2
18_mnq_09_24.Last.txt,2024-09-19 04:48:00,19622.25,19622.25,1
18_mnq_09_24.Last.txt,2024-09-19 20:55:00,19822.75,19822.75,3
18_mnq_09_24.Last.txt,2024-09-19 22:09:00,19835.25,19835.25,1
18_mnq_09_24.Last.txt,2024-09-19 22:17:00,19835.0,19835.0,1
18_mnq_09_24.Last.txt,2024-09-19 22:38:00,19817.25,19817.25,1
18_mnq_09_24.Last.txt,2024-09-19 23:15:00,19818.5,19818.5,2
18_mnq_09_24.Last.txt,2024-09-19 23:22:00,19818.0,19818.0,3
18_mnq_09_24.Last.txt,2024-09-19 23:25:00,19818.0,19818.0,1
18_mnq_09_24.Last.txt,2024-09-20 00:35:00,19799.0,19799.0,7
18_mnq_09_24.Last.txt,2024-09-20 00:38:00,19800.5,19800.5,1
18_mnq_09_24.Last.txt,2024-09-20 00:42:00,19801.25,19801.25,1
18_mnq_09_24.Last.txt,2024-09-20 01:24:00,19802.0,19802.0,1
18_mnq_09_24.Last.txt,2024-09-20 01:30:00,19802.0,19802.0,1
18_mnq_09_24.Last.txt,2024-09-20 01:35:00,19804.5,19804.5,1
18_mnq_09_24.Last.txt,2024-09-20 01:38:00,19806.25,19806.25,3
18_mnq_09_24.Last.txt,2024-09-20 01:45:00,19807.0,19807.0,2
18_mnq_09_24.Last.txt,2024-09-20 01:50:00,19812.75,19812.75,1
18_mnq_09_24.Last.txt,2024-09-20 01:53:00,19812.25,19812.25,3
18_mnq_09_24.Last.txt,2024-09-20 02:19:00,19814.0,19814.0,3
18_mnq_09_24.Last.txt,2024-09-20 02:46:00,19803.25,19803.25,1
18_mnq_09_24.Last.txt,2024-09-20 03:14:00,19797.0,19797.0,2
18_mnq_09_24.Last.txt,2024-09-20 03:15:00,19796.25,19796.25,1
18_mnq_09_24.Last.txt,2024-09-20 03:20:00,19807.25,19807.25,1
18_mnq_09_24.Last.txt,2024-09-20 03:28:00,19802.25,19802.25,1
18_mnq_09_24.Last.txt,2024-09-20 03:36:00,19808.75,19808.75,1
18_mnq_09_24.Last.txt,2024-09-20 04:25:00,19817.0,19817.0,1
18_mnq_09_24.Last.txt,2024-09-20 04:37:00,19825.0,19825.0,1
18_mnq_09_24.Last.txt,2024-09-20 04:40:00,19825.25,19825.25,4
18_mnq_09_24.Last.txt,2024-09-20 04:41:00,19825.25,19825.25,1
18_mnq_09_24.Last.txt,2024-09-20 04:42:00,19824.0,19824.0,1
18_mnq_09_24.Last.txt,2024-09-20 04:45:00,19824.75,19824.75,1
18_mnq_09_24.Last.txt,2024-09-20 04:56:00,19824.75,19824.75,1
18_mnq_09_24.Last.txt,2024-09-20 05:01:00,19820.5,19820.5,11
18_mnq_09_24.Last.txt,2024-09-20 05:15:00,19811.75,19811.75,1
18_mnq_09_24.Last.txt,2024-09-20 05:17:00,19805.5,19805.5,1
18_mnq_09_24.Last.txt,2024-09-20 05:21:00,19808.25,19808.25,1
18_mnq_09_24.Last.txt,2024-09-20 05:23:00,19807.25,19807.25,2
18_mnq_09_24.Last.txt,2024-09-20 06:12:00,19812.5,19812.5,1
18_mnq_09_24.Last.txt,2024-09-20 06:17:00,19806.0,19806.0,1
18_mnq_09_24.Last.txt,2024-09-20 06:27:00,19810.5,19810.5,1
18_mnq_09_24.Last.txt,2024-09-20 06:28:00,19810.75,19810.75,1
18_mnq_09_24.Last.txt,2024-09-20 06:36:00,19806.0,19806.0,3
18_mnq_09_24.Last.txt,2024-09-20 06:46:00,19806.0,19806.0,3
18_mnq_09_24.Last.txt,2024-09-20 06:50:00,19802.0,19802.0,1
18_mnq_09_24.Last.txt,2024-09-20 06:52:00,19802.0,19802.0,1
18_mnq_09_24.Last.txt,2024-09-20 07:39:00,19818.0,19818.0,1
18_mnq_09_24.Last.txt,2024-09-20 08:10:00,19820.0,19820.0,1
18_mnq_09_24.Last.txt,2024-09-20 08:17:00,19808.5,19808.5,6
18_mnq_09_24.Last.txt,2024-09-20 09:07:00,19795.5,19795.5,1
18_mnq_09_24.Last.txt,2024-09-20 09:23:00,19796.5,19796.5,2
18_mnq_09_24.Last.txt,2024-09-20 09:36:00,19783.5,19783.5,1
18_mnq_09_24.Last.txt,2024-09-20 09:43:00,19780.0,19780.0,1
18_mnq_09_24.Last.txt,2024-09-20 10:19:00,19777.5,19777.5,1
18_mnq_09_24.Last.txt,2024-09-20 10:21:00,19778.0,19778.0,3
18_mnq_09_24.Last.txt,2024-09-20 10:28:00,19785.0,19785.0,1
18_mnq_09_24.Last.txt,2024-09-20 10:43:00,19777.25,19777.25,1
18_mnq_09_24.Last.txt,2024-09-20 11:08:00,19761.25,19761.25,1
18_mnq_09_24.Last.txt,2024-09-20 22:30:00,19820.5,19820.5,1
18_mnq_09_24.Last.txt,2024-09-21 01:19:00,19820.5,19820.5,1
19_mnq_12_24.Last.txt,2024-09-28 00:00:00,20194.0,20194.0,1
19_mnq_12_24.Last.txt,2024-09-28 07:05:00,20194.0,20194.0,1
19_mnq_12_24.Last.txt,2024-09-28 08:43:00,20194.0,20194.0,1
19_mnq_12_24.Last.txt,2024-09-28 13:59:00,20194.0,20194.0,1
19_mnq_12_24.Last.txt,2024-09-28 18:37:00,20194.0,20194.0,1
19_mnq_12_24.Last.txt,2024-09-28 19:09:00,20194.0,20194.0,2
19_mnq_12_24.Last.txt,2024-09-28 19:16:00,20194.0,20194.0,1
19_mnq_12_24.Last.txt,2024-09-29 07:28:00,20194.0,20194.0,1
19_mnq_12_24.Last.txt,2024-09-29 11:13:00,20194.0,20194.0,1
19_mnq_12_24.Last.txt,2024-10-11 22:22:00,20412.25,20412.25,2
19_mnq_12_24.Last.txt,2024-10-11 22:43:00,20412.25,20412.25,3
19_mnq_12_24.Last.txt,2024-10-12 16:48:00,20412.25,20412.25,1
19_mnq_12_24.Last.txt,2024-10-12 16:55:00,20412.25,20412.25,1
19_mnq_12_24.Last.txt,2024-10-20 19:13:00,20484.25,20484.25,1
19_mnq_12_24.Last.txt,2024-10-27 18:24:00,20477.25,20477.25,1
19_mnq_12_24.Last.txt,2024-11-23 15:36:00,20878.5,20878.5,1
19_mnq_12_24.Last.txt,2024-11-23 22:19:00,20878.5,20878.5,2
19_mnq_12_24.Last.txt,2024-11-23 22:58:00,20878.5,20878.5,2
19_mnq_12_24.Last.txt,2024-11-24 17:19:00,20878.5,20878.5,1
19_mnq_12_24.Last.txt,2024-11-24 18:40:00,20878.5,20878.5,1
19_mnq_12_24.Last.txt,2024-11-30 15:24:00,20991.5,20991.5,1
19_mnq_12_24.Last.txt,2024-12-01 00:20:00,20991.5,20991.5,1
19_mnq_12_24.Last.txt,2024-12-01 01:05:00,20991.5,20991.5,1
19_mnq_12_24.Last.txt,2024-12-01 07:06:00,20991.5,20991.5,1
19_mnq_12_24.Last.txt,2024-12-01 17:10:00,20991.5,20991.5,1
19_mnq_12_24.Last.txt,2024-12-01 21:53:00,20991.5,20991.5,1
19_mnq_12_24.Last.txt,2024-12-08 15:30:00,21634.0,21634.0,1
19_mnq_12_24.Last.txt,2024-12-08 16:40:00,21634.0,21634.0,1
19_mnq_12_24.Last.txt,2024-12-15 21:29:00,21760.5,21760.5,1
19_mnq_12_24.Last.txt,2024-12-18 03:53:00,22013.0,22013.0,3
19_mnq_12_24.Last.txt,2024-12-18 04:15:00,22009.0,22009.0,6
19_mnq_12_24.Last.txt,2024-12-18 05:29:00,22028.5,22028.5,5
19_mnq_12_24.Last.txt,2024-12-19 04:25:00,21213.25,21213.25,1
19_mnq_12_24.Last.txt,2024-12-19 23:13:00,21121.25,21121.25,1
19_mnq_12_24.Last.txt,2024-12-19 23:29:00,21132.0,21132.0,1
19_mnq_12_24.Last.txt,2024-12-20 01:40:00,21024.25,21024.25,1
19_mnq_12_24.Last.txt,2024-12-20 04:11:00,20976.75,20976.75,1
19_mnq_12_24.Last.txt,2024-12-20 04:34:00,20961.25,20961.25,1
19_mnq_12_24.Last.txt,2024-12-20 04:43:00,20961.0,20961.0,1
19_mnq_12_24.Last.txt,2024-12-20 04:46:00,20960.75,20960.75,1
19_mnq_12_24.Last.txt,2024-12-20 04:50:00,20970.25,20970.25,1
19_mnq_12_24.Last.txt,2024-12-20 05:06:00,20982.0,20982.0,1
19_mnq_12_24.Last.txt,2024-12-20 05:28:00,20982.25,20982.25,1
19_mnq_12_24.Last.txt,2024-12-20 05:35:00,20973.25,20973.25,3
19_mnq_12_24.Last.txt,2024-12-20 05:39:00,20976.5,20976.5,1
19_mnq_12_24.Last.txt,2024-12-20 05:42:00,20978.75,20978.75,1
19_mnq_12_24.Last.txt,2024-12-20 05:45:00,20986.75,20986.75,1
19_mnq_12_24.Last.txt,2024-12-20 05:47:00,20984.25,20984.25,2
19_mnq_12_24.Last.txt,2024-12-20 05:49:00,20983.0,20983.0,1
19_mnq_12_24.Last.txt,2024-12-20 05:51:00,20986.75,20986.75,3
19_mnq_12_24.Last.txt,2024-12-20 05:56:00,20991.25,20991.25,1
19_mnq_12_24.Last.txt,2024-12-20 06:05:00,20986.5,20986.5,2
19_mnq_12_24.Last.txt,2024-12-20 07:10:00,21023.5,21023.5,1
19_mnq_12_24.Last.txt,2024-12-20 07:30:00,21014.25,21014.25,1
19_mnq_12_24.Last.txt,2024-12-20 07:40:00,21011.25,21011.25,1
19_mnq_12_24.Last.txt,2024-12-20 21:30:00,20982.0,20982.0,1
20_mnq_03_25.Last.txt,2024-12-12 03:04:00,22027.75,22027.75,1
20_mnq_03_25.Last.txt,2024-12-12 03:05:00,22026.5,22026.5,1
20_mnq_03_25.Last.txt,2024-12-12 03:07:00,22026.75,22026.75,1
20_mnq_03_25.Last.txt,2024-12-12 03:10:00,22027.0,22027.0,1
20_mnq_03_25.Last.txt,2024-12-12 03:11:00,22025.25,22025.25,1
20_mnq_03_25.Last.txt,2024-12-12 03:15:00,22024.5,22024.5,2
20_mnq_03_25.Last.txt,2024-12-12 03:23:00,22027.25,22027.25,1
20_mnq_03_25.Last.txt,2024-12-12 03:24:00,22026.5,22026.5,2
20_mnq_03_25.Last.txt,2024-12-12 03:25:00,22026.25,22026.25,1
20_mnq_03_25.Last.txt,2024-12-12 03:26:00,22027.75,22027.75,1
20_mnq_03_25.Last.txt,2024-12-12 03:28:00,22028.75,22028.75,1
20_mnq_03_25.Last.txt,2024-12-12 03:34:00,22030.75,22030.75,1
20_mnq_03_25.Last.txt,2024-12-12 03:38:00,22030.0,22030.0,1
20_mnq_03_25.Last.txt,2024-12-12 03:39:00,22029.0,22029.0,1
20_mnq_03_25.Last.txt,2024-12-12 03:42:00,22026.0,22026.0,1
20_mnq_03_25.Last.txt,2024-12-12 03:43:00,22027.0,22027.0,6
20_mnq_03_25.Last.txt,2024-12-12 03:45:00,22026.25,22026.25,7
20_mnq_03_25.Last.txt,2024-12-12 03:46:00,22027.25,22027.25,1
20_mnq_03_25.Last.txt,2024-12-12 03:58:00,22028.75,22028.75,3
20_mnq_03_25.Last.txt,2024-12-12 04:00:00,22031.75,22031.75,1
20_mnq_03_25.Last.txt,2024-12-12 04:01:00,22030.0,22030.0,1
20_mnq_03_25.Last.txt,2024-12-12 04:02:00,22028.5,22028.5,1
20_mnq_03_25.Last.txt,2024-12-12 04:07:00,22030.5,22030.5,3
20_mnq_03_25.Last.txt,2024-12-12 04:09:00,22028.5,22028.5,1
20_mnq_03_25.Last.txt,2024-12-12 04:11:00,22030.0,22030.0,2
20_mnq_03_25.Last.txt,2024-12-12 04:13:00,22031.25,22031.25,1
20_mnq_03_25.Last.txt,2024-12-12 04:15:00,22032.0,22032.0,1
20_mnq_03_25.Last.txt,2024-12-12 04:16:00,22031.25,22031.25,1
20_mnq_03_25.Last.txt,2024-12-12 04:18:00,22030.0,22030.0,1
20_mnq_03_25.Last.txt,2024-12-12 04:19:00,22028.25,22028.25,1
20_mnq_03_25.Last.txt,2024-12-12 04:25:00,22031.5,22031.5,2
20_mnq_03_25.Last.txt,2024-12-12 04:26:00,22031.5,22031.5,4
20_mnq_03_25.Last.txt,2024-12-12 04:28:00,22031.5,22031.5,1
20_mnq_03_25.Last.txt,2024-12-12 04:31:00,22031.5,22031.5,2
20_mnq_03_25.Last.txt,2024-12-12 04:33:00,22029.25,22029.25,1
20_mnq_03_25.Last.txt,2024-12-12 04:38:00,22032.5,22032.5,1
20_mnq_03_25.Last.txt,2024-12-12 04:39:00,22031.75,22031.75,1
20_mnq_03_25.Last.txt,2024-12-12 04:40:00,22031.25,22031.25,2
20_mnq_03_25.Last.txt,2024-12-12 04:41:00,22032.75,22032.75,2
20_mnq_03_25.Last.txt,2024-12-12 04:42:00,22031.5,22031.5,2
20_mnq_03_25.Last.txt,2024-12-12 04:45:00,22033.0,22033.0,1
20_mnq_03_25.Last.txt,2024-12-12 05:01:00,22033.0,22033.0,2
20_mnq_03_25.Last.txt,2024-12-12 05:02:00,22033.0,22033.0,1
20_mnq_03_25.Last.txt,2024-12-12 05:04:00,22032.5,22032.5,1
20_mnq_03_25.Last.txt,2024-12-12 05:07:00,22031.0,22031.0,1
20_mnq_03_25.Last.txt,2024-12-12 05:10:00,22029.25,22029.25,1
20_mnq_03_25.Last.txt,2024-12-12 05:12:00,22029.0,22029.0,1
20_mnq_03_25.Last.txt,2024-12-12 05:14:00,22030.5,22030.5,2
20_mnq_03_25.Last.txt,2024-12-12 05:15:00,22030.75,22030.75,1
20_mnq_03_25.Last.txt,2024-12-12 05:16:00,22030.25,22030.25,1
20_mnq_03_25.Last.txt,2024-12-12 05:19:00,22030.0,22030.0,2
20_mnq_03_25.Last.txt,2024-12-12 05:23:00,22030.0,22030.0,2
20_mnq_03_25.Last.txt,2024-12-12 05:27:00,22029.25,22029.25,1
20_mnq_03_25.Last.txt,2024-12-12 05:29:00,22030.0,22030.0,1
20_mnq_03_25.Last.txt,2024-12-12 05:31:00,22030.5,22030.5,2
20_mnq_03_25.Last.txt,2024-12-12 05:33:00,22030.75,22030.75,1
20_mnq_03_25.Last.txt,2024-12-12 05:35:00,22030.75,22030.75,4
20_mnq_03_25.Last.txt,2024-12-12 05:43:00,22028.75,22028.75,2
20_mnq_03_25.Last.txt,2024-12-12 05:44:00,22028.75,22028.75,1
20_mnq_03_25.Last.txt,2024-12-12 05:45:00,22029.5,22029.5,1
20_mnq_03_25.Last.txt,2024-12-12 05:50:00,22031.75,22031.75,1
20_mnq_03_25.Last.txt,2024-12-12 05:52:00,22032.75,22032.75,1
20_mnq_03_25.Last.txt,2024-12-12 05:53:00,22032.75,22032.75,9
20_mnq_03_25.Last.txt,2024-12-12 05:54:00,22032.5,22032.5,1
20_mnq_03_25.Last.txt,2024-12-12 05:57:00,22033.5,22033.5,7
20_mnq_03_25.Last.txt,2024-12-12 06:00:00,22035.0,22035.0,1
20_mnq_03_25.Last.txt,2024-12-12 06:16:00,22031.5,22031.5,2
20_mnq_03_25.Last.txt,2024-12-12 06:18:00,22034.5,22034.5,6
20_mnq_03_25.Last.txt,2024-12-12 06:19:00,22034.5,22034.5,1
20_mnq_03_25.Last.txt,2024-12-12 06:23:00,22031.5,22031.5,2
20_mnq_03_25.Last.txt,2024-12-12 06:27:00,22031.25,22031.25,3
20_mnq_03_25.Last.txt,2024-12-12 06:28:00,22030.0,22030.0,1
20_mnq_03_25.Last.txt,2024-12-12 06:31:00,22031.25,22031.25,1
20_mnq_03_25.Last.txt,2024-12-12 06:38:00,22029.75,22029.75,3
20_mnq_03_25.Last.txt,2024-12-12 06:41:00,22029.75,22029.75,1
20_mnq_03_25.Last.txt,2024-12-12 06:42:00,22030.0,22030.0,2
20_mnq_03_25.Last.txt,2024-12-12 06:44:00,22030.25,22030.25,1
20_mnq_03_25.Last.txt,2024-12-12 06:45:00,22030.25,22030.25,4
20_mnq_03_25.Last.txt,2024-12-12 06:48:00,22030.25,22030.25,2
20_mnq_03_25.Last.txt,2024-12-12 06:52:00,22030.5,22030.5,2
20_mnq_03_25.Last.txt,2024-12-12 06:53:00,22032.75,22032.75,1
20_mnq_03_25.Last.txt,2024-12-12 06:57:00,22031.5,22031.5,1
20_mnq_03_25.Last.txt,2024-12-12 06:58:00,22032.25,22032.25,1
20_mnq_03_25.Last.txt,2024-12-12 06:59:00,22034.25,22034.25,1
20_mnq_03_25.Last.txt,2024-12-12 07:03:00,22028.25,22028.25,4
20_mnq_03_25.Last.txt,2024-12-12 07:04:00,22030.75,22030.75,1
20_mnq_03_25.Last.txt,2024-12-12 07:07:00,22035.0,22035.0,18
20_mnq_03_25.Last.txt,2024-12-12 07:08:00,22034.0,22034.0,5
20_mnq_03_25.Last.txt,2024-12-12 07:11:00,22034.5,22034.5,1
20_mnq_03_25.Last.txt,2024-12-12 07:15:00,22033.0,22033.0,3
20_mnq_03_25.Last.txt,2024-12-12 07:18:00,22033.75,22033.75,1
20_mnq_03_25.Last.txt,2024-12-12 07:23:00,22029.5,22029.5,10
20_mnq_03_25.Last.txt,2024-12-12 07:25:00,22032.5,22032.5,2
20_mnq_03_25.Last.txt,2024-12-12 07:30:00,22031.25,22031.25,1
20_mnq_03_25.Last.txt,2024-12-12 07:41:00,22035.25,22035.25,2
20_mnq_03_25.Last.txt,2024-12-12 07:46:00,22030.5,22030.5,4
20_mnq_03_25.Last.txt,2024-12-12 07:50:00,22031.75,22031.75,1
20_mnq_03_25.Last.txt,2024-12-12 07:52:00,22031.25,22031.25,1
20_mnq_03_25.Last.txt,2024-12-12 07:56:00,22022.0,22022.0,1
20_mnq_03_25.Last.txt,2024-12-12 07:59:00,22022.25,22022.25,1
20_mnq_03_25.Last.txt,2024-12-12 08:00:00,22024.0,22024.0,1
20_mnq_03_25.Last.txt,2024-12-12 08:02:00,22032.5,22032.5,2
20_mnq_03_25.Last.txt,2024-12-12 08:08:00,22028.0,22028.0,2
20_mnq_03_25.Last.txt,2024-12-12 08:11:00,22030.5,22030.5,2
20_mnq_03_25.Last.txt,2024-12-12 08:13:00,22030.0,22030.0,11
20_mnq_03_25.Last.txt,2024-12-12 08:14:00,22028.0,22028.0,2
20_mnq_03_25.Last.txt,2024-12-12 08:16:00,22025.25,22025.25,1
20_mnq_03_25.Last.txt,2024-12-12 08:26:00,22031.75,22031.75,1
20_mnq_03_25.Last.txt,2024-12-12 08:27:00,22027.0,22027.0,1
20_mnq_03_25.Last.txt,2024-12-12 08:29:00,22028.5,22028.5,1
20_mnq_03_25.Last.txt,2024-12-12 08:36:00,22020.0,22020.0,1
20_mnq_03_25.Last.txt,2024-12-12 08:47:00,22023.25,22023.25,1
20_mnq_03_25.Last.txt,2024-12-12 08:48:00,22024.25,22024.25,2
20_mnq_03_25.Last.txt,2024-12-12 08:49:00,22023.75,22023.75,1
20_mnq_03_25.Last.txt,2024-12-12 08:56:00,22025.25,22025.25,1
20_mnq_03_25.Last.txt,2024-12-12 08:57:00,22024.25,22024.25,2
20_mnq_03_25.Last.txt,2024-12-12 08:58:00,22023.75,22023.75,6
20_mnq_03_25.Last.txt,2024-12-12 08:59:00,22024.75,22024.75,1
20_mnq_03_25.Last.txt,2024-12-12 09:00:00,22023.75,22023.75,1
20_mnq_03_25.Last.txt,2024-12-12 09:10:00,22019.5,22019.5,1
20_mnq_03_25.Last.txt,2024-12-12 09:13:00,22022.25,22022.25,1
20_mnq_03_25.Last.txt,2024-12-12 09:15:00,22019.0,22019.0,3
20_mnq_03_25.Last.txt,2024-12-12 09:28:00,22018.0,22018.0,1
20_mnq_03_25.Last.txt,2024-12-12 09:35:00,22011.0,22011.0,1
20_mnq_03_25.Last.txt,2024-12-12 09:40:00,22009.0,22009.0,1
20_mnq_03_25.Last.txt,2024-12-12 09:49:00,22010.25,22010.25,1
20_mnq_03_25.Last.txt,2024-12-12 09:50:00,22012.5,22012.5,3
20_mnq_03_25.Last.txt,2024-12-12 09:56:00,22009.0,22009.0,1
20_mnq_03_25.Last.txt,2024-12-12 10:12:00,22001.5,22001.5,1
20_mnq_03_25.Last.txt,2024-12-12 10:14:00,22002.5,22002.5,1
20_mnq_03_25.Last.txt,2024-12-12 10:15:00,22003.75,22003.75,1
20_mnq_03_25.Last.txt,2024-12-12 10:23:00,22003.5,22003.5,1
20_mnq_03_25.Last.txt,2024-12-12 10:29:00,22014.0,22014.0,1
20_mnq_03_25.Last.txt,2024-12-12 10:34:00,22012.5,22012.5,3
20_mnq_03_25.Last.txt,2024-12-12 10:36:00,22012.5,22012.5,2
20_mnq_03_25.Last.txt,2024-12-12 10:39:00,22010.75,22010.75,2
20_mnq_03_25.Last.txt,2024-12-12 10:42:00,22011.0,22011.0,2
20_mnq_03_25.Last.txt,2024-12-12 10:43:00,22012.5,22012.5,1
20_mnq_03_25.Last.txt,2024-12-12 10:46:00,22015.5,22015.5,2
20_mnq_03_25.Last.txt,2024-12-12 10:53:00,22013.0,22013.0,1
20_mnq_03_25.Last.txt,2024-12-12 10:55:00,22010.75,22010.75,1
20_mnq_03_25.Last.txt,2024-12-12 11:00:00,22013.25,22013.25,1
20_mnq_03_25.Last.txt,2024-12-12 11:02:00,22013.25,22013.25,2
20_mnq_03_25.Last.txt,2024-12-12 11:36:00,22004.5,22004.5,1
20_mnq_03_25.Last.txt,2024-12-12 11:38:00,22004.75,22004.75,1
20_mnq_03_25.Last.txt,2024-12-12 11:39:00,22001.0,22001.0,1
20_mnq_03_25.Last.txt,2024-12-12 11:44:00,22004.0,22004.0,1
20_mnq_03_25.Last.txt,2024-12-12 11:54:00,21995.0,21995.0,1
20_mnq_03_25.Last.txt,2024-12-12 11:56:00,21997.5,21997.5,1
20_mnq_03_25.Last.txt,2024-12-12 11:59:00,21998.5,21998.5,2
20_mnq_03_25.Last.txt,2024-12-12 12:00:00,21996.5,21996.5,1
20_mnq_03_25.Last.txt,2024-12-12 12:02:00,21997.5,21997.5,1
20_mnq_03_25.Last.txt,2024-12-12 12:17:00,21994.0,21994.0,1
20_mnq_03_25.Last.txt,2024-12-12 13:15:00,21983.5,21983.5,3
20_mnq_03_25.Last.txt,2024-12-12 13:27:00,21980.25,21980.25,1
20_mnq_03_25.Last.txt,2024-12-12 13:28:00,21980.25,21980.25,1
20_mnq_03_25.Last.txt,2024-12-12 17:43:00,21967.25,21967.25,2
20_mnq_03_25.Last.txt,2024-12-12 18:12:00,21990.0,21990.0,1
20_mnq_03_25.Last.txt,2024-12-12 18:43:00,21975.75,21975.75,1
20_mnq_03_25.Last.txt,2024-12-12 19:00:00,21965.25,21965.25,1
20_mnq_03_25.Last.txt,2024-12-12 19:20:00,21958.75,21958.75,1
20_mnq_03_25.Last.txt,2024-12-12 19:50:00,21953.25,21953.25,2
20_mnq_03_25.Last.txt,2024-12-12 19:51:00,21955.0,21955.0,2
20_mnq_03_25.Last.txt,2024-12-12 20:44:00,21929.75,21929.75,1
20_mnq_03_25.Last.txt,2024-12-12 21:34:00,21941.0,21941.0,1
20_mnq_03_25.Last.txt,2024-12-12 21:35:00,21934.5,21934.5,1
20_mnq_03_25.Last.txt,2024-12-12 21:51:00,21909.75,21909.75,1
20_mnq_03_25.Last.txt,2024-12-13 00:44:00,22031.25,22031.25,1
20_mnq_03_25.Last.txt,2024-12-13 00:58:00,22025.5,22025.5,1
20_mnq_03_25.Last.txt,2024-12-13 02:52:00,21992.25,21992.25,1
20_mnq_03_25.Last.txt,2024-12-13 03:16:00,21983.25,21983.25,2
20_mnq_03_25.Last.txt,2024-12-13 03:22:00,21981.5,21981.5,1
20_mnq_03_25.Last.txt,2024-12-13 03:47:00,21974.5,21974.5,1
20_mnq_03_25.Last.txt,2024-12-13 03:52:00,21975.25,21975.25,2
20_mnq_03_25.Last.txt,2024-12-13 03:56:00,21976.0,21976.0,1
20_mnq_03_25.Last.txt,2024-12-13 04:26:00,21977.5,21977.5,1
20_mnq_03_25.Last.txt,2024-12-13 04:27:00,21975.75,21975.75,1
20_mnq_03_25.Last.txt,2024-12-13 04:28:00,21976.5,21976.5,1
20_mnq_03_25.Last.txt,2024-12-13 04:33:00,21979.5,21979.5,2
20_mnq_03_25.Last.txt,2024-12-13 04:39:00,21984.25,21984.25,1
20_mnq_03_25.Last.txt,2024-12-13 04:45:00,21980.5,21980.5,1
20_mnq_03_25.Last.txt,2024-12-13 04:46:00,21981.75,21981.75,1
20_mnq_03_25.Last.txt,2024-12-13 04:53:00,21985.25,21985.25,2
20_mnq_03_25.Last.txt,2024-12-13 04:56:00,21985.75,21985.75,1
20_mnq_03_25.Last.txt,2024-12-13 05:17:00,21981.5,21981.5,1
20_mnq_03_25.Last.txt,2024-12-13 05:30:00,21987.75,21987.75,1
20_mnq_03_25.Last.txt,2024-12-13 05:34:00,21987.5,21987.5,5
20_mnq_03_25.Last.txt,2024-12-13 05:36:00,21986.0,21986.0,2
20_mnq_03_25.Last.txt,2024-12-13 05:38:00,21986.5,21986.5,2
20_mnq_03_25.Last.txt,2024-12-13 05:53:00,21990.0,21990.0,3
20_mnq_03_25.Last.txt,2024-12-13 05:58:00,21991.5,21991.5,1
20_mnq_03_25.Last.txt,2024-12-13 07:59:00,22008.5,22008.5,2
20_mnq_03_25.Last.txt,2024-12-13 08:47:00,22023.0,22023.0,1
20_mnq_03_25.Last.txt,2024-12-13 11:15:00,22063.25,22063.25,1
20_mnq_03_25.Last.txt,2024-12-13 11:51:00,22067.75,22067.75,2
20_mnq_03_25.Last.txt,2024-12-13 14:00:00,22094.5,22094.5,1
20_mnq_03_25.Last.txt,2024-12-15 21:30:00,22047.5,22047.5,1
20_mnq_03_25.Last.txt,2024-12-29 20:37:00,21720.25,21720.25,1
20_mnq_03_25.Last.txt,2024-12-29 21:26:00,21720.25,21720.25,1
20_mnq_03_25.Last.txt,2025-01-01 03:09:00,21235.0,21235.0,2
20_mnq_03_25.Last.txt,2025-01-01 15:14:00,21235.0,21235.0,1
20_mnq_03_25.Last.txt,2025-01-05 05:54:00,21490.25,21490.25,1
20_mnq_03_25.Last.txt,2025-01-05 06:53:00,21490.25,21490.25,1
20_mnq_03_25.Last.txt,2025-01-05 07:00:00,21490.25,21490.25,1
20_mnq_03_25.Last.txt,2025-01-05 14:14:00,21490.25,21490.25,1
20_mnq_03_25.Last.txt,2025-01-05 22:26:00,21490.25,21490.25,1
20_mnq_03_25.Last.txt,2025-01-07 22:14:00,21375.25,21375.25,1
20_mnq_03_25.Last.txt,2025-01-11 15:20:00,20996.25,20996.25,1
20_mnq_03_25.Last.txt,2025-01-11 22:51:00,20996.25,20996.25,2
20_mnq_03_25.Last.txt,2025-01-11 22:58:00,20996.25,20996.25,2
20_mnq_03_25.Last.txt,2025-01-11 23:01:00,20996.25,20996.25,2
20_mnq_03_25.Last.txt,2025-01-17 22:58:00,21590.25,21590.25,8
20_mnq_03_25.Last.txt,2025-01-30 22:15:00,21607.0,21607.0,4
20_mnq_03_25.Last.txt,2025-01-30 22:17:00,21607.0,21607.0,2
20_mnq_03_25.Last.txt,2025-02-06 22:01:00,21844.25,21844.25,1
20_mnq_03_25.Last.txt,2025-02-16 16:28:00,22203.0,22203.0,4
20_mnq_03_25.Last.txt,2025-02-16 19:34:00,22203.0,22203.0,2
20_mnq_03_25.Last.txt,2025-02-16 22:30:00,22203.0,22203.0,2
20_mnq_03_25.Last.txt,2025-02-23 16:35:00,21659.5,21659.5,1
20_mnq_03_25.Last.txt,2025-02-23 17:03:00,21659.5,21659.5,1
20_mnq_03_25.Last.txt,2025-02-23 21:46:00,21659.5,21659.5,1
20_mnq_03_25.Last.txt,2025-03-02 17:40:00,20910.0,20910.0,1
20_mnq_03_25.Last.txt,2025-03-09 02:14:00,20207.0,20207.0,1
20_mnq_03_25.Last.txt,2025-03-09 18:20:00,20207.0,20207.0,1
20_mnq_03_25.Last.txt,2025-03-09 18:26:00,20207.0,20207.0,1
20_mnq_03_25.Last.txt,2025-03-15 16:20:00,19666.75,19666.75,1
20_mnq_03_25.Last.txt,2025-03-15 18:11:00,19666.75,19666.75,1
20_mnq_03_25.Last.txt,2025-03-16 00:16:00,19666.75,19666.75,1
20_mnq_03_25.Last.txt,2025-03-16 05:07:00,19666.75,19666.75,1
20_mnq_03_25.Last.txt,2025-03-20 05:34:00,19867.75,19867.75,3
20_mnq_03_25.Last.txt,2025-03-20 06:24:00,19863.5,19863.5,3
20_mnq_03_25.Last.txt,2025-03-20 22:27:00,19690.5,19690.5,1
20_mnq_03_25.Last.txt,2025-03-20 22:33:00,19697.25,19697.25,9
20_mnq_03_25.Last.txt,2025-03-20 22:34:00,19696.5,19696.5,1
20_mnq_03_25.Last.txt,2025-03-21 00:45:00,19710.0,19710.0,1
20_mnq_03_25.Last.txt,2025-03-21 00:51:00,19708.75,19708.75,1
20_mnq_03_25.Last.txt,2025-03-21 01:12:00,19710.75,19710.75,1
20_mnq_03_25.Last.txt,2025-03-21 02:43:00,19697.0,19697.0,1
20_mnq_03_25.Last.txt,2025-03-21 03:07:00,19688.75,19688.75,1
20_mnq_03_25.Last.txt,2025-03-21 03:49:00,19679.0,19679.0,2
20_mnq_03_25.Last.txt,2025-03-21 04:22:00,19687.0,19687.0,2
20_mnq_03_25.Last.txt,2025-03-21 04:29:00,19685.25,19685.25,1
20_mnq_03_25.Last.txt,2025-03-21 04:33:00,19683.25,19683.25,8
20_mnq_03_25.Last.txt,2025-03-21 04:37:00,19684.0,19684.0,1
20_mnq_03_25.Last.txt,2025-03-21 04:51:00,19672.5,19672.5,1
20_mnq_03_25.Last.txt,2025-03-21 06:23:00,19648.25,19648.25,1
20_mnq_03_25.Last.txt,2025-03-21 06:36:00,19652.5,19652.5,1
20_mnq_03_25.Last.txt,2025-03-21 07:57:00,19639.75,19639.75,1
20_mnq_03_25.Last.txt,2025-03-21 10:59:00,19600.25,19600.25,1
20_mnq_03_25.Last.txt,2025-03-21 11:24:00,19607.5,19607.5,2
20_mnq_03_25.Last.txt,2025-03-21 11:44:00,19618.5,19618.5,9
20_mnq_03_25.Last.txt,2025-03-21 21:31:00,19458.0,19458.0,1
20_mnq_03_25.Last.txt,2025-03-22 15:03:00,19458.0,19458.0,1
21_mnq_06_25.Last.txt,2025-03-13 03:15:00,19788.5,19788.5,1
21_mnq_06_25.Last.txt,2025-03-13 03:20:00,19781.5,19781.5,1
21_mnq_06_25.Last.txt,2025-03-13 03:23:00,19785.0,19785.0,1
21_mnq_06_25.Last.txt,2025-03-13 04:04:00,19735.5,19735.5,1
21_mnq_06_25.Last.txt,2025-03-13 04:22:00,19741.5,19741.5,1
21_mnq_06_25.Last.txt,2025-03-13 04:23:00,19741.5,19741.5,1
21_mnq_06_25.Last.txt,2025-03-13 04:28:00,19722.75,19722.75,2
21_mnq_06_25.Last.txt,2025-03-13 05:10:00,19683.5,19683.5,1
21_mnq_06_25.Last.txt,2025-03-13 05:57:00,19672.25,19672.25,3
21_mnq_06_25.Last.txt,2025-03-13 07:49:00,19662.75,19662.75,1
21_mnq_06_25.Last.txt,2025-03-13 08:49:00,19683.25,19683.25,1
21_mnq_06_25.Last.txt,2025-03-13 09:08:00,19674.0,19674.0,1
21_mnq_06_25.Last.txt,2025-03-13 10:43:00,19818.25,19818.25,1
21_mnq_06_25.Last.txt,2025-03-13 11:18:00,19771.0,19771.0,1
21_mnq_06_25.Last.txt,2025-03-13 20:36:00,19508.5,19508.5,1
21_mnq_06_25.Last.txt,2025-03-13 20:51:00,19497.75,19497.75,1
21_mnq_06_25.Last.txt,2025-03-13 20:56:00,19500.75,19500.75,1
21_mnq_06_25.Last.txt,2025-03-13 22:47:00,19568.0,19568.0,1
21_mnq_06_25.Last.txt,2025-03-13 22:50:00,19570.0,19570.0,2
21_mnq_06_25.Last.txt,2025-03-13 23:06:00,19562.0,19562.0,1
21_mnq_06_25.Last.txt,2025-03-13 23:29:00,19577.0,19577.0,1
21_mnq_06_25.Last.txt,2025-03-13 23:53:00,19568.5,19568.5,1
21_mnq_06_25.Last.txt,2025-03-13 23:56:00,19577.0,19577.0,1
21_mnq_06_25.Last.txt,2025-03-13 23:57:00,19576.75,19576.75,1
21_mnq_06_25.Last.txt,2025-03-14 01:39:00,19603.75,19603.75,1
21_mnq_06_25.Last.txt,2025-03-14 03:05:00,19650.5,19650.5,4
21_mnq_06_25.Last.txt,2025-03-14 03:12:00,19650.25,19650.25,2
21_mnq_06_25.Last.txt,2025-03-14 03:24:00,19657.75,19657.75,1
21_mnq_06_25.Last.txt,2025-03-14 03:39:00,19658.0,19658.0,1
21_mnq_06_25.Last.txt,2025-03-14 03:46:00,19655.0,19655.0,5
21_mnq_06_25.Last.txt,2025-03-14 03:47:00,19654.25,19654.25,1
21_mnq_06_25.Last.txt,2025-03-14 03:59:00,19655.75,19655.75,2
21_mnq_06_25.Last.txt,2025-03-14 04:21:00,19658.5,19658.5,2
21_mnq_06_25.Last.txt,2025-03-14 04:29:00,19647.5,19647.5,1
21_mnq_06_25.Last.txt,2025-03-14 04:46:00,19647.75,19647.75,1
21_mnq_06_25.Last.txt,2025-03-14 04:52:00,19642.25,19642.25,3
21_mnq_06_25.Last.txt,2025-03-14 04:55:00,19645.75,19645.75,1
21_mnq_06_25.Last.txt,2025-03-14 05:00:00,19648.75,19648.75,1
21_mnq_06_25.Last.txt,2025-03-14 05:05:00,19649.5,19649.5,1
21_mnq_06_25.Last.txt,2025-03-14 05:30:00,19639.5,19639.5,1
21_mnq_06_25.Last.txt,2025-03-14 05:43:00,19625.25,19625.25,1
21_mnq_06_25.Last.txt,2025-03-14 05:49:00,19627.25,19627.25,1
21_mnq_06_25.Last.txt,2025-03-14 06:11:00,19613.5,19613.5,1
21_mnq_06_25.Last.txt,2025-03-14 06:19:00,19615.0,19615.0,1
21_mnq_06_25.Last.txt,2025-03-14 06:30:00,19605.0,19605.0,1
21_mnq_06_25.Last.txt,2025-03-14 06:55:00,19619.0,19619.0,1
21_mnq_06_25.Last.txt,2025-03-14 06:58:00,19621.0,19621.0,1
21_mnq_06_25.Last.txt,2025-03-14 06:59:00,19618.0,19618.0,1
21_mnq_06_25.Last.txt,2025-03-14 07:20:00,19592.5,19592.5,1
21_mnq_06_25.Last.txt,2025-03-14 07:24:00,19594.25,19594.25,1
21_mnq_06_25.Last.txt,2025-03-14 07:25:00,19596.5,19596.5,1
21_mnq_06_25.Last.txt,2025-03-14 07:48:00,19629.0,19629.0,2
21_mnq_06_25.Last.txt,2025-03-14 07:51:00,19611.5,19611.5,2
21_mnq_06_25.Last.txt,2025-03-14 08:43:00,19626.5,19626.5,1
21_mnq_06_25.Last.txt,2025-03-14 09:04:00,19644.75,19644.75,1
21_mnq_06_25.Last.txt,2025-03-14 09:05:00,19645.0,19645.0,1
21_mnq_06_25.Last.txt,2025-03-14 09:40:00,19647.0,19647.0,1
21_mnq_06_25.Last.txt,2025-03-15 16:20:00,19871.0,19871.0,1
21_mnq_06_25.Last.txt,2025-03-16 19:03:00,19871.0,19871.0,1
21_mnq_06_25.Last.txt,2025-03-16 19:25:00,19871.0,19871.0,1
21_mnq_06_25.Last.txt,2025-03-28 22:43:00,19362.25,19362.25,2
21_mnq_06_25.Last.txt,2025-03-28 22:58:00,19362.25,19362.25,2
21_mnq_06_25.Last.txt,2025-03-29 23:18:00,19362.25,19362.25,1
21_mnq_06_25.Last.txt,2025-03-29 23:39:00,19362.25,19362.25,1
21_mnq_06_25.Last.txt,2025-03-30 01:52:00,19362.25,19362.25,1
21_mnq_06_25.Last.txt,2025-03-30 17:00:00,19362.25,19362.25,1
21_mnq_06_25.Last.txt,2025-03-30 18:14:00,19362.25,19362.25,1
21_mnq_06_25.Last.txt,2025-03-30 21:02:00,19362.25,19362.25,1
21_mnq_06_25.Last.txt,2025-04-05 14:24:00,17486.25,17486.25,1
21_mnq_06_25.Last.txt,2025-04-05 14:27:00,17486.25,17486.25,1
21_mnq_06_25.Last.txt,2025-04-05 18:37:00,17486.25,17486.25,1
21_mnq_06_25.Last.txt,2025-04-06 08:42:00,17486.25,17486.25,1
21_mnq_06_25.Last.txt,2025-04-11 22:45:00,18819.0,18819.0,2
21_mnq_06_25.Last.txt,2025-04-13 14:12:00,18819.0,18819.0,1
21_mnq_06_25.Last.txt,2025-04-13 20:45:00,18819.0,18819.0,1
21_mnq_06_25.Last.txt,2025-04-20 13:56:00,18430.0,18430.0,1
21_mnq_06_25.Last.txt,2025-04-20 16:40:00,18430.0,18430.0,1
21_mnq_06_25.Last.txt,2025-04-20 19:34:00,18430.0,18430.0,1
21_mnq_06_25.Last.txt,2025-04-20 20:44:00,18430.0,18430.0,1
21_mnq_06_25.Last.txt,2025-04-27 14:16:00,19554.75,19554.75,1
21_mnq_06_25.Last.txt,2025-04-27 16:27:00,19554.75,19554.75,1
21_mnq_06_25.Last.txt,2025-05-03 13:41:00,20200.5,20200.5,1
21_mnq_06_25.Last.txt,2025-05-03 13:43:00,20200.5,20200.5,1
21_mnq_06_25.Last.txt,2025-05-05 21:31:00,20041.0,20041.0,3
21_mnq_06_25.Last.txt,2025-05-09 23:18:00,20146.5,20146.5,3
21_mnq_06_25.Last.txt,2025-05-18 19:58:00,21404.25,21404.25,1
21_mnq_06_25.Last.txt,2025-05-24 22:25:00,20953.25,20953.25,1
21_mnq_06_25.Last.txt,2025-05-24 23:29:00,20953.25,20953.25,1
21_mnq_06_25.Last.txt,2025-05-24 23:38:00,20953.25,20953.25,1
21_mnq_06_25.Last.txt,2025-05-24 23:39:00,20953.25,20953.25,1
21_mnq_06_25.Last.txt,2025-05-24 23:41:00,20953.25,20953.25,1
21_mnq_06_25.Last.txt,2025-05-24 23:46:00,20953.25,20953.25,1
21_mnq_06_25.Last.txt,2025-05-25 01:15:00,20953.25,20953.25,1
21_mnq_06_25.Last.txt,2025-05-25 01:52:00,20953.25,20953.25,1
21_mnq_06_25.Last.txt,2025-05-25 02:21:00,20953.25,20953.25,1
21_mnq_06_25.Last.txt,2025-05-25 02:29:00,20953.25,20953.25,1
21_mnq_06_25.Last.txt,2025-05-25 03:37:00,20953.25,20953.25,1
21_mnq_06_25.Last.txt,2025-05-25 04:01:00,20953.25,20953.25,1
21_mnq_06_25.Last.txt,2025-05-25 06:55:00,20953.25,20953.25,1
21_mnq_06_25.Last.txt,2025-05-25 08:09:00,20953.25,20953.25,1
21_mnq_06_25.Last.txt,2025-05-25 08:27:00,20953.25,20953.25,1
21_mnq_06_25.Last.txt,2025-05-25 08:29:00,20953.25,20953.25,1
21_mnq_06_25.Last.txt,2025-05-25 08:48:00,20953.25,20953.25,1
21_mnq_06_25.Last.txt,2025-05-25 09:42:00,20953.25,20953.25,1
21_mnq_06_25.Last.txt,2025-05-25 11:56:00,20953.25,20953.25,1
21_mnq_06_25.Last.txt,2025-05-25 12:20:00,20953.25,20953.25,1
21_mnq_06_25.Last.txt,2025-05-25 12:28:00,20953.25,20953.25,1
21_mnq_06_25.Last.txt,2025-05-25 16:52:00,20953.25,20953.25,1
21_mnq_06_25.Last.txt,2025-05-25 17:14:00,20953.25,20953.25,1
21_mnq_06_25.Last.txt,2025-05-25 18:11:00,20953.25,20953.25,1
21_mnq_06_25.Last.txt,2025-05-25 19:11:00,20953.25,20953.25,1
21_mnq_06_25.Last.txt,2025-06-08 16:36:00,21809.75,21809.75,2
21_mnq_06_25.Last.txt,2025-06-11 21:09:00,21882.75,21882.75,3
21_mnq_06_25.Last.txt,2025-06-14 08:34:00,21654.0,21654.0,4
21_mnq_06_25.Last.txt,2025-06-15 15:53:00,21654.0,21654.0,1
21_mnq_06_25.Last.txt,2025-06-15 16:09:00,21654.0,21654.0,1
21_mnq_06_25.Last.txt,2025-06-15 17:24:00,21654.0,21654.0,4
21_mnq_06_25.Last.txt,2025-06-15 21:28:00,21654.0,21654.0,1
21_mnq_06_25.Last.txt,2025-06-18 23:13:00,21708.75,21708.75,2
21_mnq_06_25.Last.txt,2025-06-18 23:25:00,21706.75,21706.75,1
21_mnq_06_25.Last.txt,2025-06-19 02:39:00,21631.0,21631.0,1
21_mnq_06_25.Last.txt,2025-06-19 03:10:00,21650.75,21650.75,1
21_mnq_06_25.Last.txt,2025-06-19 03:32:00,21656.25,21656.25,1
21_mnq_06_25.Last.txt,2025-06-19 03:36:00,21650.0,21650.0,1
21_mnq_06_25.Last.txt,2025-06-19 03:47:00,21652.5,21652.5,1
21_mnq_06_25.Last.txt,2025-06-19 04:21:00,21670.25,21670.25,1
21_mnq_06_25.Last.txt,2025-06-19 04:35:00,21659.25,21659.25,1
21_mnq_06_25.Last.txt,2025-06-19 04:37:00,21660.0,21660.0,1
21_mnq_06_25.Last.txt,2025-06-19 04:55:00,21675.0,21675.0,6
21_mnq_06_25.Last.txt,2025-06-19 04:59:00,21678.5,21678.5,1
21_mnq_06_25.Last.txt,2025-06-19 09:00:00,21612.0,21612.0,1
21_mnq_06_25.Last.txt,2025-06-19 09:18:00,21617.25,21617.25,2
21_mnq_06_25.Last.txt,2025-06-19 09:21:00,21611.25,21611.25,1
21_mnq_06_25.Last.txt,2025-06-19 10:35:00,21615.5,21615.5,1
21_mnq_06_25.Last.txt,2025-06-19 10:36:00,21612.75,21612.75,1
21_mnq_06_25.Last.txt,2025-06-19 10:41:00,21617.0,21617.0,1
21_mnq_06_25.Last.txt,2025-06-19 23:53:00,21667.0,21667.0,1
21_mnq_06_25.Last.txt,2025-06-20 01:59:00,21654.5,21654.5,1
21_mnq_06_25.Last.txt,2025-06-20 02:10:00,21659.5,21659.5,1
21_mnq_06_25.Last.txt,2025-06-20 02:21:00,21655.0,21655.0,1
21_mnq_06_25.Last.txt,2025-06-20 02:52:00,21673.25,21673.25,1
21_mnq_06_25.Last.txt,2025-06-20 02:56:00,21675.0,21675.0,1
21_mnq_06_25.Last.txt,2025-06-20 03:02:00,21671.75,21671.75,1
21_mnq_06_25.Last.txt,2025-06-20 03:03:00,21669.0,21669.0,1
21_mnq_06_25.Last.txt,2025-06-20 03:06:00,21664.25,21664.25,1
21_mnq_06_25.Last.txt,2025-06-20 03:19:00,21670.5,21670.5,1
21_mnq_06_25.Last.txt,2025-06-20 03:27:00,21686.5,21686.5,2
21_mnq_06_25.Last.txt,2025-06-20 03:51:00,21689.25,21689.25,2
21_mnq_06_25.Last.txt,2025-06-20 03:53:00,21687.5,21687.5,1
21_mnq_06_25.Last.txt,2025-06-20 04:06:00,21682.25,21682.25,2
21_mnq_06_25.Last.txt,2025-06-20 04:08:00,21683.25,21683.25,2
21_mnq_06_25.Last.txt,2025-06-20 04:15:00,21675.5,21675.5,2
21_mnq_06_25.Last.txt,2025-06-20 04:20:00,21684.75,21684.75,1
21_mnq_06_25.Last.txt,2025-06-20 04:22:00,21683.25,21683.25,1
21_mnq_06_25.Last.txt,2025-06-20 04:24:00,21683.25,21683.25,2
21_mnq_06_25.Last.txt,2025-06-20 04:27:00,21686.0,21686.0,3
21_mnq_06_25.Last.txt,2025-06-20 04:30:00,21684.0,21684.0,2
21_mnq_06_25.Last.txt,2025-06-20 04:32:00,21683.0,21683.0,1
21_mnq_06_25.Last.txt,2025-06-20 04:39:00,21689.75,21689.75,1
21_mnq_06_25.Last.txt,2025-06-20 04:48:00,21689.25,21689.25,1
21_mnq_06_25.Last.txt,2025-06-20 05:04:00,21682.5,21682.5,3
21_mnq_06_25.Last.txt,2025-06-20 05:07:00,21681.0,21681.0,1
21_mnq_06_25.Last.txt,2025-06-20 05:11:00,21684.25,21684.25,1
21_mnq_06_25.Last.txt,2025-06-20 05:14:00,21675.25,21675.25,2
21_mnq_06_25.Last.txt,2025-06-20 05:15:00,21676.0,21676.0,1
21_mnq_06_25.Last.txt,2025-06-20 05:34:00,21678.25,21678.25,1
21_mnq_06_25.Last.txt,2025-06-20 05:35:00,21674.25,21674.25,1
21_mnq_06_25.Last.txt,2025-06-20 05:42:00,21675.5,21675.5,1
21_mnq_06_25.Last.txt,2025-06-20 06:40:00,21706.0,21706.0,1
21_mnq_06_25.Last.txt,2025-06-20 06:41:00,21703.0,21703.0,1
21_mnq_06_25.Last.txt,2025-06-20 06:48:00,21689.25,21689.25,2
21_mnq_06_25.Last.txt,2025-06-20 07:47:00,21693.0,21693.0,1
21_mnq_06_25.Last.txt,2025-06-20 08:38:00,21688.75,21688.75,2
21_mnq_06_25.Last.txt,2025-06-20 09:39:00,21663.0,21663.0,1
21_mnq_06_25.Last.txt,2025-06-20 09:40:00,21665.0,21665.0,13
21_mnq_06_25.Last.txt,2025-06-20 09:42:00,21667.5,21667.5,2
21_mnq_06_25.Last.txt,2025-06-20 09:48:00,21673.0,21673.0,2
21_mnq_06_25.Last.txt,2025-06-20 10:27:00,21669.0,21669.0,1
21_mnq_06_25.Last.txt,2025-06-20 10:45:00,21683.0,21683.0,1
21_mnq_06_25.Last.txt,2025-06-20 11:15:00,21692.0,21692.0,1
21_mnq_06_25.Last.txt,2025-06-20 11:27:00,21699.0,21699.0,1
21_mnq_06_25.Last.txt,2025-06-20 11:34:00,21693.0,21693.0,7
21_mnq_06_25.Last.txt,2025-06-22 13:53:00,21855.5,21855.5,1
