variable,minute_of_day,n,point,ci_lo,ci_hi
r_1m_mean,0,1406,1.2730892277803708e-05,4.574601575407189e-06,2.1110248847132888e-05
r_1m_mean,1,1412,-6.921366169362804e-06,-1.86511003446178e-05,4.725170264120883e-06
r_1m_mean,2,1414,3.8034007268555335e-06,-7.881783125411539e-06,1.5244021313625124e-05
r_1m_mean,3,1412,4.704772568581701e-06,-8.033425429136863e-06,1.869248658347859e-05
r_1m_mean,4,1412,1.0550218725198455e-06,-1.0042677217580155e-05,1.1837818527568992e-05
r_1m_mean,5,1411,4.319924654813049e-07,-1.0122508975295696e-05,1.1793522893251642e-05
r_1m_mean,6,1407,2.4305003985757912e-06,-8.36447221588707e-06,1.3399193805442885e-05
r_1m_mean,7,1407,-4.6222931959942775e-06,-1.5563923995860127e-05,7.545327816990401e-06
r_1m_mean,8,1408,-5.208274396982747e-06,-1.5114673071090258e-05,4.886316592218965e-06
r_1m_mean,9,1407,1.3779946176978328e-06,-8.854210976310587e-06,1.1137602070960928e-05
r_1m_mean,10,1409,-4.5369142129903924e-06,-1.5015858825823862e-05,7.933891964842736e-06
r_1m_mean,11,1412,1.06778074905549e-06,-9.976966097049008e-06,1.2197256920463288e-05
r_1m_mean,12,1408,5.077743275101778e-06,-6.265480427932635e-06,1.630031797445995e-05
r_1m_mean,13,1408,1.3666947527959375e-05,3.901110119963621e-06,2.3366778737570084e-05
r_1m_mean,14,1409,4.789170548223953e-06,-5.7497388994428745e-06,1.5439166281464576e-05
r_1m_mean,15,1407,-5.6041726536117995e-06,-1.6984431556150047e-05,4.994102362540859e-06
r_1m_mean,16,1406,4.51643845656047e-06,-6.441590782751056e-06,1.2317226397408334e-05
r_1m_mean,17,1408,-8.526571689332959e-08,-1.1776781076722064e-05,1.0526844360607143e-05
r_1m_mean,18,1408,3.944554079392136e-07,-8.284776211268606e-06,1.0189501295184791e-05
r_1m_mean,19,1410,1.4730468653855552e-06,-1.0070351743563536e-05,1.3661415834475701e-05
r_1m_mean,20,1407,-1.1737593074336298e-06,-1.016545790902454e-05,6.134120486964283e-06
r_1m_mean,21,1407,3.169035166303629e-06,-5.750019719449412e-06,1.3394849768700184e-05
r_1m_mean,22,1410,-8.935795389015554e-06,-1.9624375760268797e-05,1.6710882778664757e-07
r_1m_mean,23,1407,1.3674582952438024e-05,3.7861867128589057e-06,2.380539807867786e-05
r_1m_mean,24,1406,-9.794694470777885e-07,-1.0890156154176148e-05,8.984881306333547e-06
r_1m_mean,25,1404,6.860023911628294e-06,-3.0064354254336912e-06,1.6300445060954077e-05
r_1m_mean,26,1406,-5.10051423071481e-06,-1.596414148450673e-05,3.7541532362168597e-06
r_1m_mean,27,1404,-9.20466437674314e-06,-2.0795443204083863e-05,1.4776388530851273e-06
r_1m_mean,28,1406,-2.881265546793317e-06,-1.2536809443034232e-05,6.460828907210777e-06
r_1m_mean,29,1404,2.572749167608945e-06,-8.457698444142883e-06,1.4185152661361619e-05
r_1m_mean,30,1405,-5.153940245829738e-06,-1.4384878309306063e-05,4.9770328582313335e-06
r_1m_mean,31,1409,1.6574244887034473e-05,1.534516674217499e-06,3.085404263115597e-05
r_1m_mean,32,1411,-3.44632524935683e-08,-1.2371006254537135e-05,1.1510106828115882e-05
r_1m_mean,33,1407,2.4309108319294064e-06,-1.0012549169955323e-05,1.257445246666668e-05
r_1m_mean,34,1407,2.6806287185011746e-06,-9.032300974049839e-06,1.4241090263239232e-05
r_1m_mean,35,1407,7.38595265173362e-06,-5.00073301290101e-06,2.1770671076764975e-05
r_1m_mean,36,1407,5.93637864131209e-06,-4.013847585546171e-06,1.575054810887475e-05
r_1m_mean,37,1410,1.2764798923288359e-05,1.056851839616992e-06,2.4665502240049427e-05
r_1m_mean,38,1409,-1.5922931314376408e-05,-2.9166679949212394e-05,-3.446628649351359e-06
r_1m_mean,39,1409,-2.0697306697728137e-07,-1.1661321235706584e-05,1.0155012692649354e-05
r_1m_mean,40,1411,-2.3497525973588635e-06,-1.1688486639566411e-05,7.708006666099042e-06
r_1m_mean,41,1407,5.478871025394991e-06,-5.112729691200478e-06,1.6890372783961505e-05
r_1m_mean,42,1407,-3.9992617998325165e-06,-1.6440012810045856e-05,8.137158366428644e-06
r_1m_mean,43,1410,-4.841114618881601e-06,-1.4678596070829879e-05,4.81103146424336e-06
r_1m_mean,44,1409,1.0739091371786775e-05,-5.077478187433689e-07,2.2347023218999207e-05
r_1m_mean,45,1405,6.840600477129056e-06,-1.2823285606963744e-06,1.5757638410583267e-05
r_1m_mean,46,1405,-1.7454571339711162e-06,-1.211284127574893e-05,8.786790151744424e-06
r_1m_mean,47,1407,7.140541184314164e-06,-4.058723739178089e-06,1.6711743818263635e-05
r_1m_mean,48,1406,-3.251732784618082e-06,-1.2647957071300314e-05,6.146201220024193e-06
r_1m_mean,49,1400,8.853948106766717e-06,-1.5428803694319293e-06,1.920779998057285e-05
r_1m_mean,50,1405,-5.745085150620225e-06,-1.655433484815223e-05,4.433818638744816e-06
r_1m_mean,51,1408,-4.170413979012377e-06,-1.4786357090408579e-05,6.191452708825626e-06
r_1m_mean,52,1410,5.174117297531289e-06,-6.068434089225703e-06,1.666749740452099e-05
r_1m_mean,53,1408,-3.0239787473268703e-06,-1.2263172073345985e-05,6.440581688169013e-06
r_1m_mean,54,1405,-1.59143105026748e-06,-1.234415411938875e-05,9.857418592257611e-06
r_1m_mean,55,1407,-4.95257424864736e-06,-1.68957381439428e-05,6.4276884254965326e-06
r_1m_mean,56,1410,1.201401368179481e-05,-3.231991983811587e-07,2.3188924016541554e-05
r_1m_mean,57,1406,6.515153485467644e-06,-3.4499449968498467e-06,1.629610201227277e-05
r_1m_mean,58,1402,-3.5650534391911937e-06,-1.5702037005897813e-05,8.073502507540116e-06
r_1m_mean,59,1404,1.0648720072241722e-05,-2.74268720174866e-07,2.5302321134982975e-05
r_1m_mean,60,1405,1.7880087401516073e-06,-1.1755989279344467e-05,1.7735329142052293e-05
r_1m_mean,61,1410,-5.666143904412597e-06,-2.091148635839668e-05,1.0486751996618265e-05
r_1m_mean,62,1410,-2.4396850144075874e-06,-1.944984988681925e-05,1.3591374122049439e-05
r_1m_mean,63,1409,-7.5873469760519506e-06,-2.060805837502595e-05,6.157510195933396e-06
r_1m_mean,64,1407,8.630840608164213e-07,-1.405449178150642e-05,1.3430810896750633e-05
r_1m_mean,65,1406,5.713578874139637e-06,-5.078754099778997e-06,1.7413545353060207e-05
r_1m_mean,66,1409,1.5828014986319216e-06,-1.1434990083952482e-05,1.4665802980496734e-05
r_1m_mean,67,1405,-4.008674724091894e-06,-1.6434721293770224e-05,1.2203269844581958e-05
r_1m_mean,68,1409,-5.264305425628102e-06,-1.908891533844824e-05,8.738156107506745e-06
r_1m_mean,69,1407,3.0458727216138274e-06,-1.1585804474940006e-05,1.797375821254421e-05
r_1m_mean,70,1405,-2.658361673310747e-06,-1.5524991608917373e-05,1.059145663545244e-05
r_1m_mean,71,1407,-2.9587454887327267e-06,-1.7624997820845524e-05,1.5082363684587964e-05
r_1m_mean,72,1407,8.883850417404998e-06,-2.151667494954915e-06,2.0505394406317045e-05
r_1m_mean,73,1409,-7.134338281973098e-06,-1.978294609677691e-05,4.519859789372016e-06
r_1m_mean,74,1409,-7.565550652739708e-06,-1.9771970973659502e-05,1.7842952885634142e-06
r_1m_mean,75,1405,9.230605626439184e-06,-2.572596746861088e-06,2.0385755724970947e-05
r_1m_mean,76,1408,1.975231093601885e-05,3.9905474536699635e-06,3.29956046534328e-05
r_1m_mean,77,1409,1.5628748957515738e-06,-1.1719368716638284e-05,1.513990231852106e-05
r_1m_mean,78,1406,-2.833998956303982e-06,-1.4219388909963276e-05,8.217738781476038e-06
r_1m_mean,79,1405,2.9671526340790558e-06,-7.353688421220843e-06,1.457745409817527e-05
r_1m_mean,80,1405,1.4366169308472828e-06,-1.3305046643537464e-05,1.5027239875243883e-05
r_1m_mean,81,1405,6.75327490736713e-06,-5.173778203527806e-06,2.0462902042869844e-05
r_1m_mean,82,1408,-4.671490244596949e-06,-1.72094303764565e-05,8.210629608872078e-06
r_1m_mean,83,1411,-6.205083309516017e-06,-1.6604675707096378e-05,3.7706605267677523e-06
r_1m_mean,84,1408,-9.519106261189472e-06,-2.290687477446513e-05,2.085933694856531e-06
r_1m_mean,85,1408,-5.76393758420963e-06,-1.9119246335629908e-05,6.965670327333571e-06
r_1m_mean,86,1410,5.630250222811491e-06,-7.322128519375972e-06,1.8157394059939507e-05
r_1m_mean,87,1408,-4.5289211280753613e-07,-1.1900313336630835e-05,1.043773948054262e-05
r_1m_mean,88,1408,-2.895911830921455e-06,-1.4837227120101433e-05,6.648931387411324e-06
r_1m_mean,89,1409,8.415972435575269e-06,-3.5791837766981254e-06,1.8169816906715892e-05
r_1m_mean,90,1408,2.8014585165388168e-06,-9.138992541492583e-06,1.6428203167480546e-05
r_1m_mean,91,1405,7.5965051554456556e-06,-7.694189426568614e-06,2.1718375421792955e-05
r_1m_mean,92,1405,-4.276173041166129e-06,-1.7960765965574558e-05,1.0425159734206838e-05
r_1m_mean,93,1408,-8.910848917115355e-06,-2.2634574479131787e-05,4.928360861306521e-06
r_1m_mean,94,1409,9.563143755458338e-07,-1.099092489396773e-05,1.2671863602289328e-05
r_1m_mean,95,1409,-8.06986808367869e-07,-1.3290644563824752e-05,1.0628916559755863e-05
r_1m_mean,96,1408,-1.5669812406041036e-06,-1.4379016596546305e-05,1.1745645417546334e-05
r_1m_mean,97,1409,-5.420447068690693e-06,-1.6102794680849604e-05,8.066469678588496e-06
r_1m_mean,98,1408,-1.19035860457055e-06,-1.2765232433959609e-05,1.1260284296980343e-05
r_1m_mean,99,1408,1.055035727489167e-05,-3.7457742140040383e-06,2.4196548162011764e-05
r_1m_mean,100,1408,-1.4208450648347101e-06,-1.3284424907877682e-05,9.233674910024885e-06
r_1m_mean,101,1409,-2.5380080502068424e-07,-1.5300230915771648e-05,1.3742513949698257e-05
r_1m_mean,102,1406,1.6250825033875472e-05,3.917022209945143e-06,2.9465309421828464e-05
r_1m_mean,103,1407,3.2956774582664967e-06,-6.9482196564719015e-06,1.4089566783631223e-05
r_1m_mean,104,1407,6.463931528356941e-06,-4.210532953229607e-06,1.7344110113354292e-05
r_1m_mean,105,1408,3.3519060362640315e-06,-7.23359340166287e-06,1.5480072271387308e-05
r_1m_mean,106,1408,8.11226861846453e-06,-6.004993594120164e-06,2.135447325007562e-05
r_1m_mean,107,1409,-6.498193917403181e-06,-2.46003157679894e-05,1.088750732870728e-05
r_1m_mean,108,1410,2.846254993293084e-06,-8.288359213895783e-06,1.8131121551441502e-05
r_1m_mean,109,1405,-5.591623378907021e-06,-1.9390917065524176e-05,1.0364923856847048e-05
r_1m_mean,110,1403,-3.1190498654232616e-06,-1.731969501544192e-05,1.0945814989099207e-05
r_1m_mean,111,1408,-2.3994190458347783e-06,-1.545172007161655e-05,1.1779560035847837e-05
r_1m_mean,112,1410,5.842442838215099e-06,-8.423857332387997e-06,1.9550862988530847e-05
r_1m_mean,113,1409,9.383062176710769e-07,-1.4106002410881662e-05,1.4995677558934877e-05
r_1m_mean,114,1408,6.440335810101107e-06,-8.31710183830067e-06,1.9411774851616654e-05
r_1m_mean,115,1409,-5.563054440707756e-06,-1.677511778677935e-05,5.4377650618119955e-06
r_1m_mean,116,1410,1.7607843732394382e-05,5.005152597767706e-06,3.0451664171093235e-05
r_1m_mean,117,1410,-8.006020501675965e-06,-2.2338066075339084e-05,7.959425535589882e-06
r_1m_mean,118,1409,5.167171947894619e-06,-7.002174942623775e-06,1.7393498625071558e-05
r_1m_mean,119,1410,1.8066346941916463e-05,7.082614492792207e-06,2.8518146486538008e-05
r_1m_mean,120,1411,1.1290441295830878e-05,-6.532613163600632e-07,2.4812187013058145e-05
r_1m_mean,121,1412,-2.214884015072337e-05,-4.1114150355262345e-05,8.628792649086958e-07
r_1m_mean,122,1412,2.479477541642175e-06,-1.9799288432376725e-05,2.0485347457434208e-05
r_1m_mean,123,1413,6.698218854799918e-07,-1.6775879109584436e-05,1.6514023853201344e-05
r_1m_mean,124,1412,-1.1269543382291662e-05,-2.8896329379283345e-05,6.469860126141652e-06
r_1m_mean,125,1413,-5.528178450103777e-06,-2.2611606178511525e-05,9.186814572637027e-06
r_1m_mean,126,1411,-6.168673911581689e-06,-2.41156537587426e-05,9.769711221986445e-06
r_1m_mean,127,1411,1.2452980307583592e-05,-4.307444229621439e-06,2.7643177190601973e-05
r_1m_mean,128,1411,9.510436755952423e-06,-5.350347061600647e-06,2.6812334385210093e-05
r_1m_mean,129,1412,-1.0786137862915524e-05,-2.5480906747085714e-05,5.331742354173009e-06
r_1m_mean,130,1413,-8.899561475790856e-06,-2.2096548007519598e-05,5.438644228527125e-06
r_1m_mean,131,1413,1.3878901527052477e-05,-1.9363671364382582e-06,3.0103659368519193e-05
r_1m_mean,132,1413,1.6612608957386945e-06,-1.2361564335129111e-05,1.4692208103289476e-05
r_1m_mean,133,1409,-1.0262564429464168e-06,-1.4907995332190218e-05,1.4306508261933053e-05
r_1m_mean,134,1408,5.813764645063236e-07,-1.2819898711218785e-05,1.4371764136124414e-05
r_1m_mean,135,1411,-5.633231119010808e-06,-2.0102911376742207e-05,6.585865412969236e-06
r_1m_mean,136,1412,3.622783035259524e-06,-1.1976922386365154e-05,1.8997527901360962e-05
r_1m_mean,137,1413,8.475812698022725e-06,-8.776553652795033e-06,2.9953635962146663e-05
r_1m_mean,138,1409,-8.440812587397032e-06,-2.3872133541850722e-05,4.5545448390531605e-06
r_1m_mean,139,1409,6.84203050247854e-06,-8.613517532495961e-06,2.1101303903988848e-05
r_1m_mean,140,1412,1.956595122468145e-05,7.076728408198243e-06,3.466188014887451e-05
r_1m_mean,141,1412,1.4317691726681834e-05,-2.932452370809942e-06,3.112505319182975e-05
r_1m_mean,142,1412,-1.6050217690393232e-05,-2.958946170611714e-05,-1.9465301755338296e-06
r_1m_mean,143,1411,-6.190120438350623e-07,-1.484954107423351e-05,1.5186256026587365e-05
r_1m_mean,144,1411,-3.6353127088693193e-06,-1.6851479844275095e-05,1.1812177547855978e-05
r_1m_mean,145,1410,6.499500278214002e-06,-5.257204647388782e-06,1.7874835769697748e-05
r_1m_mean,146,1409,1.3355505546988966e-06,-1.3653838469823489e-05,1.5553770126732207e-05
r_1m_mean,147,1410,1.8936152070407863e-06,-1.1599685934165757e-05,1.3278834898720687e-05
r_1m_mean,148,1412,1.3359100755140746e-05,7.427345689875195e-07,2.7412945399123496e-05
r_1m_mean,149,1412,5.751268731938822e-06,-8.401118732261591e-06,1.9756314980644796e-05
r_1m_mean,150,1410,5.791320954693357e-06,-8.707094640469743e-06,1.9668567740899942e-05
r_1m_mean,151,1411,1.0376336778013783e-05,-4.044439210203269e-06,2.4665422599023336e-05
r_1m_mean,152,1411,-6.164774586456942e-06,-2.139947771240085e-05,9.289830456010185e-06
r_1m_mean,153,1411,5.723351051647081e-06,-6.25325477664704e-06,1.7967181816699157e-05
r_1m_mean,154,1411,-7.036402194988752e-06,-2.005517927853885e-05,7.0724877814341434e-06
r_1m_mean,155,1411,-7.066413814530025e-06,-2.08981728837264e-05,6.819464284489358e-06
r_1m_mean,156,1413,7.376880445285049e-06,-7.297511722985253e-06,1.882962102555931e-05
r_1m_mean,157,1413,7.221600287462282e-07,-1.1449485098088296e-05,1.450346117413369e-05
r_1m_mean,158,1413,6.066825083544185e-07,-1.256245507675539e-05,1.285495096552278e-05
r_1m_mean,159,1412,5.090820229811715e-06,-1.1831665911221538e-05,1.9293773742605844e-05
r_1m_mean,160,1412,9.82105594361259e-06,-3.5607600234685123e-06,2.2402821475337342e-05
r_1m_mean,161,1411,5.898642733224789e-06,-5.697708440391918e-06,2.113714419292658e-05
r_1m_mean,162,1411,-2.6783500751261307e-06,-1.8623105780148724e-05,1.1171523796350567e-05
r_1m_mean,163,1411,3.8535308818077824e-06,-7.948481795457169e-06,1.7896562583020587e-05
r_1m_mean,164,1411,5.568216646234793e-06,-7.376556079688172e-06,1.9551475769268183e-05
r_1m_mean,165,1407,9.203339375880127e-06,-4.912545159286667e-06,2.1353560621349518e-05
r_1m_mean,166,1409,4.540214085683638e-06,-1.0043823524129488e-05,2.0099809810166033e-05
r_1m_mean,167,1411,7.185651756405511e-06,-8.887137598683019e-06,2.3656935929875347e-05
r_1m_mean,168,1410,-2.659757196582052e-06,-1.5024808544363602e-05,1.1506957878866945e-05
r_1m_mean,169,1410,3.495937783301025e-06,-1.0634038160871409e-05,1.676764768024124e-05
r_1m_mean,170,1408,-5.285113411682306e-06,-1.8695302386420086e-05,7.246315233391872e-06
r_1m_mean,171,1408,-5.902019408605442e-07,-1.4531109930967871e-05,1.1439176029362697e-05
r_1m_mean,172,1409,-4.438923682128736e-07,-1.339873254917338e-05,1.1379514262235797e-05
r_1m_mean,173,1410,6.3949753496493965e-06,-6.563909617258468e-06,1.8816798023593642e-05
r_1m_mean,174,1409,-4.3430622593271415e-06,-1.580235829651219e-05,8.618192134219018e-06
r_1m_mean,175,1412,3.4576703936101488e-06,-1.0403727609227492e-05,1.7800983664474086e-05
r_1m_mean,176,1412,-1.7189612869132587e-05,-2.918882274076487e-05,-2.115338882983268e-06
r_1m_mean,177,1413,2.4244366773425698e-05,9.649453463868337e-06,3.692233974109087e-05
r_1m_mean,178,1412,-3.2757788920228027e-06,-1.412591127197107e-05,8.238997700492013e-06
r_1m_mean,179,1412,4.4324383712340104e-07,-1.3107694860842737e-05,1.334303020542629e-05
r_1m_mean,180,1413,4.530224017471982e-07,-1.5625254778516667e-05,1.7382247051914503e-05
r_1m_mean,181,1413,-3.7881510121982563e-06,-3.3971997477231845e-05,2.7253277981326395e-05
r_1m_mean,182,1412,-1.0028036980619851e-05,-3.056973942621157e-05,1.1542594548576294e-05
r_1m_mean,183,1411,2.4830967920207493e-05,-7.315142278375069e-06,5.7761183171652235e-05
r_1m_mean,184,1409,-9.84409091614757e-06,-2.9357322334352278e-05,8.826996899527409e-06
r_1m_mean,185,1408,1.2049914378144826e-05,-9.15517103107086e-06,2.8314380150462108e-05
r_1m_mean,186,1410,-1.8216034600358507e-05,-3.659174956102513e-05,7.281617772544423e-06
r_1m_mean,187,1412,-3.153535455142795e-07,-2.128668754185807e-05,2.0483603021542728e-05
r_1m_mean,188,1412,4.922948707040494e-06,-1.7814575653707742e-05,2.6324751214418796e-05
r_1m_mean,189,1410,-5.134875379832316e-07,-1.6715538165553294e-05,1.8657352378644623e-05
r_1m_mean,190,1411,4.642218609251256e-07,-1.6843739640902705e-05,1.76536284241589e-05
r_1m_mean,191,1413,-1.2139259569450627e-05,-3.625689510816715e-05,1.0414300904717203e-05
r_1m_mean,192,1410,-9.934382620078803e-07,-2.2017468917404885e-05,1.979284565631656e-05
r_1m_mean,193,1410,-5.197369650959005e-08,-2.3652162992997222e-05,1.7577448370314412e-05
r_1m_mean,194,1412,6.128246408105915e-07,-1.8146941339507776e-05,1.8895820776258334e-05
r_1m_mean,195,1410,6.8557816557345975e-06,-1.0511935567786467e-05,2.4385256659542287e-05
r_1m_mean,196,1410,7.40213760598516e-06,-1.648254804253744e-05,3.402318646276318e-05
r_1m_mean,197,1412,9.924078315818327e-06,-7.882004160360485e-06,3.0297079759573825e-05
r_1m_mean,198,1410,1.0775946389115718e-05,-5.44723283957682e-06,2.8635805658193614e-05
r_1m_mean,199,1410,6.6875157272662994e-06,-1.3984371482135567e-05,2.5941859011894658e-05
r_1m_mean,200,1412,-7.018342768302993e-06,-2.7681555926407784e-05,1.0243946499259159e-05
r_1m_mean,201,1410,-1.3334658023187799e-06,-1.9634932180643584e-05,2.0010440261827035e-05
r_1m_mean,202,1409,4.392809069796497e-06,-1.7025747600921094e-05,2.1892379494032193e-05
r_1m_mean,203,1411,-2.4844540406093197e-06,-1.8382189925612067e-05,1.7268212183179777e-05
r_1m_mean,204,1413,8.100855696622609e-06,-1.0395533022380138e-05,2.5986443388919928e-05
r_1m_mean,205,1414,-1.0763478948820992e-05,-2.9016354298512378e-05,9.184051371978796e-06
r_1m_mean,206,1412,-2.7132614446185447e-05,-4.377103729874707e-05,-9.465517430617474e-06
r_1m_mean,207,1411,-3.1459766040128843e-07,-1.7911803338735077e-05,1.8462137718052247e-05
r_1m_mean,208,1410,8.866647044743954e-06,-7.558778708237008e-06,2.8312792400610266e-05
r_1m_mean,209,1412,1.7489456060264387e-05,1.1593549954686085e-06,3.567996282361405e-05
r_1m_mean,210,1411,-1.2896070823592245e-05,-2.738636629053528e-05,3.412607692450508e-06
r_1m_mean,211,1411,-2.444541532727413e-05,-4.6134468168246916e-05,-2.1832187031113487e-06
r_1m_mean,212,1414,-1.4655659875318192e-05,-3.384246172756354e-05,7.520355257433648e-06
r_1m_mean,213,1412,4.557706420871152e-06,-1.640227637643311e-05,2.4393946276591724e-05
r_1m_mean,214,1412,5.377375628667405e-06,-1.5022633945676849e-05,2.1015437360535674e-05
r_1m_mean,215,1411,-2.732553003989387e-06,-2.25049935704693e-05,1.6371960910965374e-05
r_1m_mean,216,1411,4.794928578060675e-06,-1.4498591161375818e-05,2.406680225357832e-05
r_1m_mean,217,1413,7.541462773586974e-06,-9.860489052378645e-06,2.2779870956686783e-05
r_1m_mean,218,1412,1.6585808229667283e-05,1.460743151434544e-07,3.344426173050388e-05
r_1m_mean,219,1411,-1.6073816892192289e-06,-1.9387455996362525e-05,1.4369395077414674e-05
r_1m_mean,220,1409,1.8286413868274143e-06,-1.3604427341559833e-05,2.0268744163144446e-05
r_1m_mean,221,1411,-1.167986376645412e-05,-2.547647150335105e-05,3.170985251390823e-06
r_1m_mean,222,1411,1.4633325275874058e-05,-2.157083893026401e-06,2.9221361033935028e-05
r_1m_mean,223,1412,1.814645555041505e-06,-1.3463801355150714e-05,1.7039690548862318e-05
r_1m_mean,224,1413,-6.094455319408694e-06,-2.4085138142229796e-05,8.253928897228112e-06
r_1m_mean,225,1413,-1.0984931370798138e-05,-2.7524252789636974e-05,3.034418338285287e-06
r_1m_mean,226,1412,1.2518019136450047e-05,-6.356025338102849e-06,2.8705831707814382e-05
r_1m_mean,227,1412,-3.1430811652099475e-06,-2.146828309122996e-05,1.3531335534132764e-05
r_1m_mean,228,1412,8.131981756897645e-06,-6.355124595040861e-06,2.5002032810708295e-05
r_1m_mean,229,1411,1.0224216392032154e-05,-4.482849256736396e-06,2.720344270266251e-05
r_1m_mean,230,1412,-9.233484481774754e-06,-2.4863068035202488e-05,4.256631676012762e-06
r_1m_mean,231,1412,-3.7633563417777577e-06,-2.041944318060469e-05,1.3968038123743815e-05
r_1m_mean,232,1412,2.139019987808226e-05,7.546416301204808e-06,3.597044680322507e-05
r_1m_mean,233,1413,-4.68281182483706e-06,-2.0357324568388098e-05,1.3933340062604287e-05
r_1m_mean,234,1410,-1.2169294460303895e-05,-2.7249961523534414e-05,2.218500832832991e-06
r_1m_mean,235,1409,4.650590028698275e-06,-1.1538487877640152e-05,2.1322792646855995e-05
r_1m_mean,236,1412,6.68643031795908e-06,-8.040877838795445e-06,1.959476748079362e-05
r_1m_mean,237,1411,1.4874575231038431e-05,-2.639613057431408e-06,3.1629010955550694e-05
r_1m_mean,238,1409,6.111862849379892e-06,-8.739444912333067e-06,2.379511049813757e-05
r_1m_mean,239,1409,1.1871662605891513e-05,-3.8008081323738265e-06,2.7389180051775398e-05
r_1m_mean,240,1411,-2.728261947703503e-06,-1.6632508822314685e-05,1.1227658207953955e-05
r_1m_mean,241,1412,2.0485991790701603e-05,-8.931066659689358e-06,4.461567300986326e-05
r_1m_mean,242,1412,2.788982577632534e-05,7.16582763774895e-06,4.885096212113434e-05
r_1m_mean,243,1411,2.3813684050221764e-05,3.5900892614100318e-06,4.294019959469758e-05
r_1m_mean,244,1411,-1.5593744325326527e-05,-3.811944709223614e-05,7.644949854143661e-06
r_1m_mean,245,1411,-5.391938103849125e-06,-2.3979046861572564e-05,1.2044010482586821e-05
r_1m_mean,246,1410,1.8872732042924213e-06,-1.873796842988214e-05,2.068239884495301e-05
r_1m_mean,247,1411,-1.1750093416827663e-05,-2.9189391360281948e-05,6.567059244861526e-06
r_1m_mean,248,1412,1.3768079095387872e-05,-4.783717910913752e-06,3.4438706260988194e-05
r_1m_mean,249,1413,-1.3392742298107931e-05,-3.304862258203004e-05,2.378350368693052e-06
r_1m_mean,250,1411,-1.6023748121504278e-06,-1.8892557086054317e-05,1.630956490589767e-05
r_1m_mean,251,1410,1.8510691821148534e-06,-1.4125631567613208e-05,1.8739632741961895e-05
r_1m_mean,252,1409,-1.2670337652216866e-05,-2.8198019183416418e-05,3.630545103489432e-06
r_1m_mean,253,1410,-9.171598534165031e-06,-2.5824474399628568e-05,8.657973394050685e-06
r_1m_mean,254,1412,1.546758644843712e-06,-1.3340533700075881e-05,1.8823968243882985e-05
r_1m_mean,255,1410,-8.199379520552774e-06,-2.2607551716218578e-05,8.074590461200829e-06
r_1m_mean,256,1410,1.4065363725062613e-05,-3.5731682807678172e-06,3.278239415511685e-05
r_1m_mean,257,1410,2.492248706785492e-06,-1.496847850126623e-05,1.8036858459969274e-05
r_1m_mean,258,1409,-5.879118089780702e-07,-1.8056063660816854e-05,1.6257341869075868e-05
r_1m_mean,259,1410,-5.402504459376426e-06,-2.2427501514027932e-05,1.3432477519960219e-05
r_1m_mean,260,1411,1.267097780984755e-06,-1.4501994555971926e-05,1.5744499161059763e-05
r_1m_mean,261,1410,-1.1704914375399859e-07,-1.8410216415662983e-05,1.73450092088393e-05
r_1m_mean,262,1410,-1.1079387532806857e-05,-2.5253129319291607e-05,7.627430744098158e-06
r_1m_mean,263,1410,-1.69243496983724e-06,-1.920125782948581e-05,1.6445692375923914e-05
r_1m_mean,264,1409,-1.2935341832417804e-05,-2.971493810083928e-05,2.71252822704537e-06
r_1m_mean,265,1409,-7.51082797515347e-06,-2.289990158774588e-05,8.79448039635086e-06
r_1m_mean,266,1410,-2.8350415620387706e-06,-1.7969731047905056e-05,1.4532527895860801e-05
r_1m_mean,267,1409,1.3619002810391464e-06,-1.6122133060237605e-05,1.8637455196928526e-05
r_1m_mean,268,1410,1.92796589192363e-05,2.7750793837402025e-07,4.117125119443664e-05
r_1m_mean,269,1411,-3.6354598902888083e-06,-2.1605407687537515e-05,1.4133808977882995e-05
r_1m_mean,270,1411,-4.925715410163384e-06,-2.1510392992963458e-05,1.0950561369637695e-05
r_1m_mean,271,1412,1.9850967110671756e-05,2.1694385745026826e-06,4.038152396439189e-05
r_1m_mean,272,1412,-6.850097179215237e-06,-2.4389388943868137e-05,1.1434718297159361e-05
r_1m_mean,273,1411,2.1325381152906532e-06,-1.4242877867800824e-05,2.0097575114616e-05
r_1m_mean,274,1410,-4.415970024803249e-06,-2.0203559193146746e-05,1.2491029526278376e-05
r_1m_mean,275,1411,2.6526796535868314e-06,-1.0840281535155672e-05,1.7577200862325573e-05
r_1m_mean,276,1411,-8.353760610911391e-07,-2.00046775345488e-05,1.4414581433143471e-05
r_1m_mean,277,1410,-1.962753797557253e-06,-1.6611869996975835e-05,1.3246373591317478e-05
r_1m_mean,278,1412,9.083653624141906e-06,-4.794780006511193e-06,2.1573298780073912e-05
r_1m_mean,279,1411,-9.913740650228417e-06,-2.5015775440822976e-05,5.241111453637763e-06
r_1m_mean,280,1409,-7.85290393212189e-06,-2.2650500091577715e-05,6.6278021254318516e-06
r_1m_mean,281,1411,3.0342128409282233e-06,-1.2511622418379374e-05,2.2211620064993123e-05
r_1m_mean,282,1413,-5.934661893204812e-06,-2.2481981957089894e-05,1.2236618797632703e-05
r_1m_mean,283,1412,-5.961541636769527e-06,-2.236677550354716e-05,1.0720346489373216e-05
r_1m_mean,284,1410,5.3560198775588775e-06,-9.091866732206973e-06,1.9776489757430654e-05
r_1m_mean,285,1409,7.322627421098978e-06,-9.991178190228457e-06,2.378456443644907e-05
r_1m_mean,286,1409,-1.7755402659440464e-06,-2.1199825492858516e-05,1.3481943029140296e-05
r_1m_mean,287,1411,-3.194395985451227e-06,-1.6027996178658434e-05,1.2764435982876203e-05
r_1m_mean,288,1411,-2.890998279233926e-06,-1.7702912609794674e-05,1.1205741557254498e-05
r_1m_mean,289,1411,9.169196784278103e-06,-5.857899288169176e-06,2.3855428648558886e-05
r_1m_mean,290,1413,-1.183834286256061e-05,-2.748478524288865e-05,3.464585778389295e-06
r_1m_mean,291,1413,5.72920048412948e-07,-1.6143656099047312e-05,1.6996162298254844e-05
r_1m_mean,292,1410,3.6496068158530676e-06,-1.0826177624296245e-05,1.9102951950650074e-05
r_1m_mean,293,1408,4.1935911912760005e-06,-1.329233528733442e-05,1.8342524782419575e-05
r_1m_mean,294,1409,-1.2035960110487552e-05,-2.5941630961384277e-05,1.0146432711068544e-06
r_1m_mean,295,1412,-5.533414147904907e-06,-2.0436898549529073e-05,1.0298451065490316e-05
r_1m_mean,296,1413,1.3698105717110996e-05,-1.7322272525509222e-06,2.762912932926297e-05
r_1m_mean,297,1412,5.675390922205557e-06,-1.2022658643369804e-05,2.070245565721857e-05
r_1m_mean,298,1409,-2.2694806516079306e-06,-1.7346151920331285e-05,1.191313696218083e-05
r_1m_mean,299,1408,6.047816807773434e-07,-1.2290308061042632e-05,1.554420594633273e-05
r_1m_mean,300,1410,6.270639426888449e-06,-6.813341196586699e-06,1.7416796092399546e-05
r_1m_mean,301,1411,-1.3190771278325146e-05,-2.943542415238018e-05,3.702616969598206e-06
r_1m_mean,302,1413,-3.0061378583855014e-06,-1.967221486970583e-05,1.4178643241972925e-05
r_1m_mean,303,1411,-1.0994992043932472e-05,-2.3981112945551135e-05,4.144123458391662e-06
r_1m_mean,304,1411,-6.044320903079451e-07,-1.4188970987204896e-05,1.4801559198544903e-05
r_1m_mean,305,1405,3.2006108053959773e-06,-1.2162641847500516e-05,1.9312756661968925e-05
r_1m_mean,306,1406,5.634693466636255e-06,-8.429265113997912e-06,2.0613966229187258e-05
r_1m_mean,307,1404,-8.14097741460159e-06,-2.3191851417354417e-05,9.006937489093691e-06
r_1m_mean,308,1404,-9.2797020413955e-06,-2.2843666592119046e-05,5.376896331811688e-06
r_1m_mean,309,1407,-6.947105314909779e-06,-2.1435164789330714e-05,5.122868337288584e-06
r_1m_mean,310,1406,-1.530952927310402e-06,-1.5119109246322572e-05,1.1556640928646008e-05
r_1m_mean,311,1405,1.8645567795151884e-06,-1.2321018352652198e-05,1.656164115268274e-05
r_1m_mean,312,1405,7.691776710727164e-06,-7.608952347841338e-06,2.1159826145888796e-05
r_1m_mean,313,1404,2.152026196539796e-06,-1.197223033964206e-05,1.9494819831881456e-05
r_1m_mean,314,1405,-1.6852608273881413e-06,-1.3781897082536245e-05,9.131517512032554e-06
r_1m_mean,315,1408,-2.6189849441881123e-06,-1.6841684462442138e-05,1.0007921970451272e-05
r_1m_mean,316,1409,1.1849058596048977e-05,-3.249720821966136e-06,2.3198469890680115e-05
r_1m_mean,317,1409,1.4642127870830016e-06,-1.3622026787437944e-05,1.3670892609336022e-05
r_1m_mean,318,1409,2.5928288250721865e-06,-1.1094741564871132e-05,1.5979170731787517e-05
r_1m_mean,319,1408,5.46527771922542e-06,-9.205735034057436e-06,1.970809515732193e-05
r_1m_mean,320,1413,-6.661440212608258e-06,-2.1581715643479663e-05,7.702603021717513e-06
r_1m_mean,321,1414,9.088916378901596e-06,-5.0866930914509624e-06,2.503834865459808e-05
r_1m_mean,322,1414,-5.2189312374346395e-06,-1.882456841368624e-05,8.302408318569577e-06
r_1m_mean,323,1413,-6.001434107596174e-07,-1.2926461031746738e-05,1.3004914953751495e-05
r_1m_mean,324,1411,5.808138448913662e-06,-7.572127746715309e-06,1.9630762425361004e-05
r_1m_mean,325,1410,5.76235062971175e-07,-1.2974607009439537e-05,1.734324317879892e-05
r_1m_mean,326,1410,-1.3674067156937692e-05,-2.9384240144489525e-05,2.2153462216293417e-06
r_1m_mean,327,1411,9.74971532381406e-06,-4.91454920149615e-06,2.3977106219339542e-05
r_1m_mean,328,1412,-3.125632428281727e-06,-1.4641684530188912e-05,1.0005101984414283e-05
r_1m_mean,329,1413,3.5370531313914765e-06,-1.1978111182754707e-05,1.8875624752215413e-05
r_1m_mean,330,1414,-1.3938488669319282e-06,-1.45448923332584e-05,1.3178396153854797e-05
r_1m_mean,331,1414,-1.8242343104939546e-05,-3.636427359439682e-05,-3.602147863457507e-07
r_1m_mean,332,1414,-3.3893979933463877e-06,-1.715985931255867e-05,1.092269327521251e-05
r_1m_mean,333,1413,8.399218211659713e-06,-6.2171514183425e-06,2.2372408020906716e-05
r_1m_mean,334,1413,-3.899278646880204e-07,-1.4623966919501833e-05,1.2993051575558917e-05
r_1m_mean,335,1414,6.590905971983527e-07,-1.0267311843962132e-05,1.4005166928252976e-05
r_1m_mean,336,1415,-1.742089451211623e-06,-1.769278459472232e-05,1.1494651544258853e-05
r_1m_mean,337,1414,1.879621499336822e-06,-1.0336066204111323e-05,1.8614792365945065e-05
r_1m_mean,338,1413,2.689967737025897e-06,-9.832890774978487e-06,1.5088931741569302e-05
r_1m_mean,339,1414,8.357954748758513e-07,-1.2354688933323827e-05,1.3415158363096446e-05
r_1m_mean,340,1413,2.163742928933222e-06,-1.0761733479263989e-05,1.5868347665604304e-05
r_1m_mean,341,1414,1.9276967387655123e-05,5.900601281085589e-06,3.207961314070423e-05
r_1m_mean,342,1412,1.21920842173177e-06,-1.5760593584668863e-05,1.5308238264813966e-05
r_1m_mean,343,1413,2.2914735263515704e-07,-1.210623994887737e-05,1.385492639294038e-05
r_1m_mean,344,1413,-5.190217361748109e-06,-1.8749956973354025e-05,9.05930721614071e-06
r_1m_mean,345,1413,-1.5043301089618452e-06,-1.3603088150187858e-05,1.143579751048862e-05
r_1m_mean,346,1414,3.7059456010485417e-07,-1.6307227045478425e-05,1.4382053958513939e-05
r_1m_mean,347,1411,2.1799553266065183e-07,-1.613759717138445e-05,1.565891957664416e-05
r_1m_mean,348,1412,1.1284850732052217e-05,-4.855450116779148e-06,2.5734824828344922e-05
r_1m_mean,349,1413,8.838707443573826e-06,-4.998375472032299e-06,2.0754481768876144e-05
r_1m_mean,350,1409,3.558927264471498e-06,-1.222833191798877e-05,1.6367739198405744e-05
r_1m_mean,351,1409,1.7765151677535992e-06,-1.2862303861105331e-05,1.8204533333557612e-05
r_1m_mean,352,1406,-1.2152539647484292e-05,-2.6799935092141514e-05,1.5406157152521662e-06
r_1m_mean,353,1405,-1.306698662364892e-05,-2.8497354629301502e-05,1.3324815203562428e-06
r_1m_mean,354,1407,1.9606486243580968e-05,5.446637858797475e-06,3.37967560989382e-05
r_1m_mean,355,1409,-1.5498635758238707e-05,-2.8420094864122605e-05,-2.4579593506476585e-06
r_1m_mean,356,1407,3.7678194950231573e-06,-9.63736276646149e-06,1.9746635228357275e-05
r_1m_mean,357,1407,8.311575625548477e-06,-5.965495982070825e-06,2.173452923162759e-05
r_1m_mean,358,1408,3.520778001373809e-06,-9.778678315677321e-06,1.7242418371150995e-05
r_1m_mean,359,1408,5.098938390290937e-06,-1.0338650207489453e-05,1.7703601090967256e-05
r_1m_mean,360,1407,2.4614495767250065e-06,-1.1556538798461267e-05,1.825334434287283e-05
r_1m_mean,361,1407,-3.14093834097178e-05,-5.1476977088297587e-05,-1.0644318212543926e-05
r_1m_mean,362,1408,2.2389655565422425e-07,-1.6302803397435564e-05,1.8199602970374605e-05
r_1m_mean,363,1407,2.949145265547785e-05,9.07408054147228e-06,5.508600521429883e-05
r_1m_mean,364,1408,-3.131810325084491e-06,-1.6748235420311127e-05,1.0984917990631422e-05
r_1m_mean,365,1408,2.0959603021856465e-06,-1.4249875771047294e-05,1.7039274955412605e-05
r_1m_mean,366,1409,-1.9251066026981977e-05,-3.728178889020075e-05,-3.2324991953130275e-06
r_1m_mean,367,1407,-1.1541107565434069e-05,-2.6693625724612715e-05,2.7978440101298623e-06
r_1m_mean,368,1408,-2.4780005142761e-06,-1.562730883295291e-05,1.0468967055489517e-05
r_1m_mean,369,1408,-4.3867048442849137e-07,-1.3451653153203698e-05,1.3062140811208325e-05
r_1m_mean,370,1404,-7.983837020628169e-06,-2.2507227840658934e-05,9.315293069732538e-06
r_1m_mean,371,1405,7.224033100713178e-07,-1.376775386818078e-05,1.3162209353264263e-05
r_1m_mean,372,1409,3.4550432645393133e-06,-9.713121354065114e-06,1.695065905197773e-05
r_1m_mean,373,1407,-8.576988984871466e-06,-2.2564879655939984e-05,6.765308347832598e-06
r_1m_mean,374,1403,-1.0547887191579597e-05,-2.3661734403999673e-05,6.2135406127126624e-06
r_1m_mean,375,1402,6.4683483581028474e-06,-6.735206709859313e-06,2.078603646506311e-05
r_1m_mean,376,1408,-7.124549419510617e-06,-2.2716109039151837e-05,7.165731298924907e-06
r_1m_mean,377,1407,8.295019855333325e-07,-1.4788949617605277e-05,1.633811561562317e-05
r_1m_mean,378,1407,-1.062816830876537e-05,-2.3582839978376404e-05,3.1041980258610045e-06
r_1m_mean,379,1407,-3.7221616745706874e-06,-1.702487190916456e-05,1.0331378704438551e-05
r_1m_mean,380,1407,4.766590894581758e-07,-1.4213890229101218e-05,1.4218269049610238e-05
r_1m_mean,381,1407,-1.033334253194956e-07,-1.2033636382894298e-05,1.3928143767730173e-05
r_1m_mean,382,1408,-1.9054072827223145e-06,-1.6079823754177578e-05,1.576332221401968e-05
r_1m_mean,383,1408,7.033509934922271e-06,-6.177721699137661e-06,2.0121151780655826e-05
r_1m_mean,384,1406,1.26562629781808e-05,-3.831000928631113e-06,3.281303465049264e-05
r_1m_mean,385,1408,1.232038385106995e-05,-1.0768122947131536e-06,2.753165733503613e-05
r_1m_mean,386,1408,-4.339992271314219e-06,-2.2321591249945754e-05,9.277622269084182e-06
r_1m_mean,387,1406,5.991338864806507e-06,-1.2387392536861277e-05,2.7034085605715078e-05
r_1m_mean,388,1405,-4.5501314615412265e-06,-2.1715994255163007e-05,1.117368106929091e-05
r_1m_mean,389,1407,5.9061391336292375e-06,-6.819627541464866e-06,1.9221368101260608e-05
r_1m_mean,390,1405,-3.4718531340680504e-06,-1.920154133808686e-05,1.0296645921019361e-05
r_1m_mean,391,1405,1.3858124483820182e-05,-5.499676472502104e-06,3.219732288978496e-05
r_1m_mean,392,1406,1.4295688169198289e-05,-9.26781705707394e-07,2.954147492005259e-05
r_1m_mean,393,1409,5.600713768885306e-06,-1.042018228360255e-05,2.2221647623735556e-05
r_1m_mean,394,1410,-9.618341601514077e-06,-2.1043327991656104e-05,5.9346984151201025e-06
r_1m_mean,395,1408,-2.4535231480773053e-06,-1.752575809091804e-05,1.1102160692871503e-05
r_1m_mean,396,1407,-8.032121327605474e-06,-2.3271132441588815e-05,6.500231376456306e-06
r_1m_mean,397,1406,-9.261791129019801e-08,-1.6431320699827584e-05,1.53960339686482e-05
r_1m_mean,398,1403,1.1263192227539601e-05,-2.688878287006701e-06,2.6671514411671357e-05
r_1m_mean,399,1404,7.0114927294341754e-06,-7.013357111271105e-06,1.9197876463779215e-05
r_1m_mean,400,1403,5.912620682298915e-06,-8.93790336899216e-06,2.2179921657833185e-05
r_1m_mean,401,1406,-7.409394405055897e-06,-2.423207507885059e-05,6.8749300044503065e-06
r_1m_mean,402,1407,3.6131934868270886e-06,-1.0508312966008318e-05,1.6343913355570764e-05
r_1m_mean,403,1406,-4.883012735216908e-06,-1.881006018301639e-05,9.31703281920344e-06
r_1m_mean,404,1404,6.419008561195882e-06,-6.447409268202504e-06,1.9753728746493315e-05
r_1m_mean,405,1405,-6.36168430258952e-06,-2.1771670004012342e-05,7.444009416107259e-06
r_1m_mean,406,1405,1.1880076814752546e-05,-4.179745024745529e-06,2.6736643570786635e-05
r_1m_mean,407,1408,-1.1955933236093253e-05,-2.660094460040623e-05,3.3605396383119396e-06
r_1m_mean,408,1409,-1.0698614081612612e-05,-2.504994196543026e-05,5.0460110874747575e-06
r_1m_mean,409,1408,9.081307122873494e-06,-4.320453327380791e-06,2.3039164437396826e-05
r_1m_mean,410,1410,-2.0087529937285777e-06,-1.8235471571584696e-05,1.0684426560842181e-05
r_1m_mean,411,1409,7.71171320811362e-06,-7.287258444089008e-06,2.1844964666793416e-05
r_1m_mean,412,1410,1.3720120622358056e-06,-1.2927770621263147e-05,1.5826551758385594e-05
r_1m_mean,413,1411,-8.505388722005972e-06,-2.421433183825731e-05,4.073764788557778e-06
r_1m_mean,414,1410,2.631226908604047e-06,-1.4227483973837444e-05,1.7064597632275337e-05
r_1m_mean,415,1409,8.604910276390114e-06,-6.276183308816547e-06,2.481339093947004e-05
r_1m_mean,416,1409,1.5481177638724139e-06,-1.5794412381770257e-05,1.83522164144409e-05
r_1m_mean,417,1412,1.2950358777213757e-05,-4.3837428558900506e-06,2.867976597699621e-05
r_1m_mean,418,1414,2.0549623174699807e-06,-1.3703094198468423e-05,1.8930241930517723e-05
r_1m_mean,419,1412,1.3515184093219484e-05,-2.2860296563683266e-06,2.878164130803738e-05
r_1m_mean,420,1411,1.5977458885225262e-05,-1.3827514774815738e-06,3.3891585964050025e-05
r_1m_mean,421,1413,4.652526587038287e-06,-2.682885365568121e-05,3.670418666978579e-05
r_1m_mean,422,1413,-2.293714943840394e-06,-2.0941486171356328e-05,1.5323463762316864e-05
r_1m_mean,423,1413,8.738022150231188e-06,-1.2325572711796654e-05,2.3812624967720535e-05
r_1m_mean,424,1413,9.885037727089315e-06,-6.177690982798515e-06,2.595343591496248e-05
r_1m_mean,425,1411,9.322078986095593e-06,-7.58045753867202e-06,2.6379730188153353e-05
r_1m_mean,426,1409,-2.1039406971370466e-05,-3.9328392426841504e-05,-7.303563315958634e-06
r_1m_mean,427,1409,9.200589731878816e-06,-1.2628523948061917e-05,2.8083147233436453e-05
r_1m_mean,428,1411,-1.055025125733852e-05,-2.509724535096575e-05,2.334368692804113e-06
r_1m_mean,429,1412,-4.901871694368699e-06,-2.0647558271120258e-05,1.11562451113503e-05
r_1m_mean,430,1411,5.949430539854283e-06,-1.3057700712529183e-05,2.1113392459642014e-05
r_1m_mean,431,1412,-1.3057991253899474e-05,-3.276083429729119e-05,4.979709303414034e-06
r_1m_mean,432,1410,1.0968361799997336e-05,-3.4502417591068447e-06,2.6644232555059805e-05
r_1m_mean,433,1411,1.3741549215415064e-05,-3.110960189411397e-06,3.078762256621506e-05
r_1m_mean,434,1411,1.046226498738584e-06,-1.2790786749839636e-05,1.4802106168360077e-05
r_1m_mean,435,1411,1.0919655098659977e-05,-3.734055601313204e-06,2.2521721133679694e-05
r_1m_mean,436,1413,1.02217902972657e-05,-5.990688964010971e-06,2.6519080307634516e-05
r_1m_mean,437,1414,-8.781620339279434e-06,-2.583652315887713e-05,7.574444583760021e-06
r_1m_mean,438,1414,4.4785870099612037e-07,-1.6105171355730297e-05,1.3782499215599338e-05
r_1m_mean,439,1414,-3.060336235282745e-06,-1.658326653558552e-05,9.093810354583553e-06
r_1m_mean,440,1411,-1.0995210960414624e-05,-2.6862809888774776e-05,4.863040420972836e-06
r_1m_mean,441,1411,-9.430066225368977e-06,-2.3424333645709105e-05,3.267939487764938e-06
r_1m_mean,442,1411,-1.54759477172913e-05,-3.407501816292315e-05,-1.2006733044303437e-06
r_1m_mean,443,1411,-4.3228257722997694e-06,-2.4669344920594277e-05,1.3302137281103652e-05
r_1m_mean,444,1412,-5.113395258057464e-06,-2.1986704896638817e-05,9.528803958356757e-06
r_1m_mean,445,1412,-6.8756615598161655e-06,-2.326124646499759e-05,9.354081526446832e-06
r_1m_mean,446,1413,-2.6426321928946292e-06,-2.026770353896446e-05,1.3819095581941856e-05
r_1m_mean,447,1413,-1.5909960676457969e-06,-1.9429379142012477e-05,1.463427702368354e-05
r_1m_mean,448,1414,7.39243580658661e-06,-7.3302764217889755e-06,2.212867392866968e-05
r_1m_mean,449,1413,1.043200428649965e-05,-5.179205946604023e-06,2.6759064313597998e-05
r_1m_mean,450,1411,7.698805306423597e-07,-1.5131440943095869e-05,1.6739555372172618e-05
r_1m_mean,451,1410,-6.1414161350329334e-06,-1.9827595741516172e-05,1.1080813446127128e-05
r_1m_mean,452,1413,-6.721600419529471e-06,-2.4542539171404047e-05,1.175393705360728e-05
r_1m_mean,453,1413,-6.4032739147255026e-06,-2.2420020773398916e-05,8.272731960390861e-06
r_1m_mean,454,1412,-4.502098930675352e-06,-2.1758748192324218e-05,1.2538390165770302e-05
r_1m_mean,455,1413,-2.4928704484462552e-05,-4.1923667211851766e-05,-9.314824964491238e-06
r_1m_mean,456,1412,7.97093083499501e-06,-7.764792873958909e-06,2.233447143953866e-05
r_1m_mean,457,1412,-1.0835343817785866e-05,-2.808951323290556e-05,5.244435837074822e-06
r_1m_mean,458,1414,-7.091484267714325e-06,-2.299384825504723e-05,9.836602989515053e-06
r_1m_mean,459,1413,-4.7542748577977984e-06,-1.9320815205888465e-05,1.0948288844100511e-05
r_1m_mean,460,1412,-6.065275839231136e-06,-2.214996904578054e-05,9.899682574974725e-06
r_1m_mean,461,1413,-1.7876957567371986e-05,-3.60203236794487e-05,-3.990136036887773e-06
r_1m_mean,462,1413,-2.0635913972457834e-05,-3.500179247666031e-05,-3.517618006843481e-06
r_1m_mean,463,1411,-5.106066472043005e-06,-1.809392779196464e-05,8.638780484566214e-06
r_1m_mean,464,1411,-1.0784685353559449e-05,-3.059241569626327e-05,7.268544733854028e-06
r_1m_mean,465,1410,-8.23458548476642e-06,-2.3531119847420994e-05,6.5792958340548155e-06
r_1m_mean,466,1411,7.242691196717131e-06,-9.643526391629005e-06,2.3852925413928452e-05
r_1m_mean,467,1411,1.2649619134052235e-06,-1.7277434246100308e-05,1.9961296100092596e-05
r_1m_mean,468,1410,4.849566186329505e-06,-9.593339901584605e-06,2.120421604781363e-05
r_1m_mean,469,1412,-1.6865917615744511e-06,-2.005284805871018e-05,1.4914581549667651e-05
r_1m_mean,470,1412,-8.910143142281573e-06,-2.365971706635011e-05,6.921180783605185e-06
r_1m_mean,471,1412,6.215610279126301e-06,-1.2699142623162246e-05,2.2050459624314426e-05
r_1m_mean,472,1413,-1.4916868661687343e-05,-2.7195530457129417e-05,-7.897183022824225e-07
r_1m_mean,473,1412,-8.94339835831776e-06,-2.3220261136890792e-05,6.62475514621027e-06
r_1m_mean,474,1412,4.483949936589314e-06,-1.2650476784847217e-05,2.0892260043937615e-05
r_1m_mean,475,1412,3.4077535194353464e-06,-9.837504912401554e-06,1.748845842134009e-05
r_1m_mean,476,1412,8.962531879195902e-07,-1.361515401860784e-05,1.5212417481689418e-05
r_1m_mean,477,1413,1.6910446853019616e-05,3.0037259180509223e-06,3.2370963576367124e-05
r_1m_mean,478,1412,4.828096016116591e-06,-1.353268448895232e-05,2.261516977743944e-05
r_1m_mean,479,1412,6.987093739599804e-06,-1.117417851838728e-05,1.9504418080576637e-05
r_1m_mean,480,1412,-6.264515311889184e-06,-1.9790781136402037e-05,8.29555075777834e-06
r_1m_mean,481,1413,-2.1882431815628486e-05,-4.3376520290786426e-05,-2.6643176016573154e-07
r_1m_mean,482,1413,-5.032482922025172e-07,-2.1935121345547457e-05,2.1884946337832407e-05
r_1m_mean,483,1413,1.815714081685444e-05,1.7424261787533148e-06,3.638359546255432e-05
r_1m_mean,484,1414,-2.049548939629761e-06,-1.993412601870728e-05,1.730750382745427e-05
r_1m_mean,485,1413,7.159342097189803e-06,-1.204672300683553e-05,3.1082852753309025e-05
r_1m_mean,486,1411,-1.4408579718594743e-05,-2.9279154285365867e-05,8.30530727097719e-07
r_1m_mean,487,1410,7.3614605406386766e-06,-9.679649491621238e-06,2.5333845481966776e-05
r_1m_mean,488,1412,-7.586131714987596e-06,-2.2732537968345725e-05,7.845877215262469e-06
r_1m_mean,489,1412,-7.816410939466206e-06,-2.402675164352805e-05,7.994382516435532e-06
r_1m_mean,490,1413,-1.448352794644232e-05,-3.198672459883e-05,2.733672164815978e-06
r_1m_mean,491,1413,1.323344488724842e-06,-1.5660701396073457e-05,1.679267536407356e-05
r_1m_mean,492,1412,-8.995811756409014e-06,-2.893458389573277e-05,1.8247242374538503e-05
r_1m_mean,493,1412,1.0078569028582041e-05,-6.171006441294196e-06,2.594535277654439e-05
r_1m_mean,494,1412,-2.2512131051911687e-06,-1.5256373245536357e-05,1.3879052216472096e-05
r_1m_mean,495,1411,1.3465010998656881e-05,-5.735349774803991e-07,2.836129836958449e-05
r_1m_mean,496,1410,6.07236337820032e-06,-1.4831551442425872e-05,2.6376157105610977e-05
r_1m_mean,497,1411,7.317627887060769e-07,-1.760383232935651e-05,2.2086422393924435e-05
r_1m_mean,498,1412,-1.894877758143427e-06,-2.172526141393885e-05,2.1633090802080655e-05
r_1m_mean,499,1414,3.3572807515808352e-06,-1.1378680048002765e-05,1.932602123670581e-05
r_1m_mean,500,1412,1.0839008602148191e-05,-5.453815149574531e-06,2.6047430984083945e-05
r_1m_mean,501,1413,1.1108765470872746e-05,-9.118983556377056e-06,3.617790905565292e-05
r_1m_mean,502,1412,-2.090424416737873e-05,-3.734495782990688e-05,-4.437970414060617e-06
r_1m_mean,503,1412,-9.763302081838164e-06,-2.6422265939768957e-05,5.373517166612773e-06
r_1m_mean,504,1412,-3.931692672513678e-06,-1.7377582218094757e-05,1.2591799684356176e-05
r_1m_mean,505,1412,8.426233566059977e-06,-1.0935288513443108e-05,2.8681451917064167e-05
r_1m_mean,506,1412,6.372564170224395e-06,-1.1393097093408142e-05,2.451584358377283e-05
r_1m_mean,507,1412,-5.01526007709368e-06,-2.288568077382879e-05,1.4433378706118184e-05
r_1m_mean,508,1412,-8.032513739893288e-07,-1.8537864458262225e-05,1.7047087811099427e-05
r_1m_mean,509,1413,6.5646732909414e-06,-1.156475731843326e-05,2.6893925957464107e-05
r_1m_mean,510,1413,3.695549631772918e-06,-3.684436050375225e-05,3.7488588973875426e-05
r_1m_mean,511,1413,1.7309564695648484e-05,-0.00012154059226908937,0.00014071213567003156
r_1m_mean,512,1410,-1.2315550546612415e-05,-4.8454865389818616e-05,2.1047274882542665e-05
r_1m_mean,513,1410,-6.513220034346465e-07,-3.4663944372991194e-05,4.198927715287317e-05
r_1m_mean,514,1411,3.4875758100834548e-06,-2.8923010442249e-05,3.342671321636096e-05
r_1m_mean,515,1411,7.932594357253423e-06,-1.728035198500804e-05,3.9322230251132194e-05
r_1m_mean,516,1412,-5.868637537014254e-06,-3.161765620962685e-05,2.5131534643564962e-05
r_1m_mean,517,1413,1.5772477872435315e-05,-6.727929300602351e-06,3.914420271554656e-05
r_1m_mean,518,1412,-2.0151042744695408e-05,-4.805472333049123e-05,7.7176115195215e-06
r_1m_mean,519,1412,9.637051621511453e-07,-2.353218783083066e-05,2.4628086127980167e-05
r_1m_mean,520,1412,-3.5444563855880537e-06,-2.0626214916856778e-05,1.541580320573777e-05
r_1m_mean,521,1414,-9.937267663367056e-06,-3.657398241140497e-05,1.4947368258624039e-05
r_1m_mean,522,1413,1.4868729590643402e-05,-6.765956096513417e-06,3.648653622583879e-05
r_1m_mean,523,1413,-3.4981524306380325e-06,-2.4254819343572815e-05,1.8209789718542718e-05
r_1m_mean,524,1412,-9.739936128538574e-06,-3.329592235961408e-05,1.2323922692229564e-05
r_1m_mean,525,1412,5.689181560115603e-06,-1.4251882869030842e-05,2.3905706937781374e-05
r_1m_mean,526,1410,-4.270204223783606e-06,-2.485867365009943e-05,1.9908593023465522e-05
r_1m_mean,527,1410,-1.0455857032298181e-05,-2.99047325410192e-05,7.765439094929852e-06
r_1m_mean,528,1412,-5.161416007081415e-06,-2.7633897340591154e-05,1.2440489037304079e-05
r_1m_mean,529,1411,8.366067155194431e-06,-1.3972002389081016e-05,2.7037787288909608e-05
r_1m_mean,530,1412,3.813039215196928e-06,-1.5178583461445866e-05,2.8758749764412612e-05
r_1m_mean,531,1413,-9.427985887094566e-06,-2.883234117628083e-05,1.0074452457942043e-05
r_1m_mean,532,1413,1.8678727917715528e-05,-1.9994152239475174e-06,3.711234697127051e-05
r_1m_mean,533,1412,1.3335359402084305e-05,-5.3825932535329835e-06,3.46696367572467e-05
r_1m_mean,534,1412,-3.025270204999009e-06,-1.943964706292121e-05,1.5505032394774056e-05
r_1m_mean,535,1412,6.517455316069356e-07,-2.1954132384870522e-05,1.961254874161431e-05
r_1m_mean,536,1411,2.3957866744125095e-05,3.900598492306744e-06,4.2699816321063994e-05
r_1m_mean,537,1412,-9.804822457550223e-06,-2.97876106613248e-05,8.923039785134228e-06
r_1m_mean,538,1411,-1.5863819325007552e-05,-3.4467601057691954e-05,4.899853647758444e-06
r_1m_mean,539,1411,1.4016949916738975e-05,-4.177905214108437e-06,3.3490101961796224e-05
r_1m_mean,540,1411,-8.15907798675864e-06,-2.3833253239700955e-05,7.83129753810783e-06
r_1m_mean,541,1411,-5.507791736554016e-06,-3.2809543090955864e-05,2.0846114778852753e-05
r_1m_mean,542,1412,2.1792466513558086e-06,-1.937796511348152e-05,2.2209454023488402e-05
r_1m_mean,543,1413,2.0592377279316246e-05,1.7193120566591141e-06,4.282313444867886e-05
r_1m_mean,544,1414,-4.500908327405401e-06,-2.3829554026779533e-05,1.356307929531012e-05
r_1m_mean,545,1413,1.5823872277875812e-05,-4.789296182590907e-06,3.379445286345622e-05
r_1m_mean,546,1413,-2.577750322101783e-06,-2.47742191155818e-05,1.3371292183968026e-05
r_1m_mean,547,1413,-1.2873482684870431e-05,-2.9920100745546936e-05,5.379395321417675e-06
r_1m_mean,548,1414,-3.1182968958359065e-06,-2.3256555999461717e-05,1.941941797744162e-05
r_1m_mean,549,1413,-5.533903943725568e-06,-2.3886072806624195e-05,1.3928761644654783e-05
r_1m_mean,550,1412,-2.75342915809964e-06,-2.052255197121669e-05,1.3709623286033961e-05
r_1m_mean,551,1412,-1.8476557671436252e-05,-3.5649221549476183e-05,7.669665114593398e-07
r_1m_mean,552,1412,1.0683611496294755e-05,-6.6137674202356785e-06,2.9547493062418053e-05
r_1m_mean,553,1412,-1.4702185418109078e-06,-1.8713798797274673e-05,1.7698280851252894e-05
r_1m_mean,554,1413,-2.9890734355780655e-06,-2.120233759681728e-05,1.5361555321039343e-05
r_1m_mean,555,1413,2.582394516189663e-05,1.1443859024559992e-05,4.392288479971316e-05
r_1m_mean,556,1409,1.1981974094008389e-05,-9.06454185694621e-06,3.4018664759091264e-05
r_1m_mean,557,1409,-1.0041086315397476e-05,-2.8412680716990935e-05,5.798802592489187e-06
r_1m_mean,558,1410,8.457390665270694e-06,-8.536048452399324e-06,2.6109410094789572e-05
r_1m_mean,559,1410,1.2182143012021985e-07,-1.627346999444587e-05,1.6651770162581486e-05
r_1m_mean,560,1410,5.77564949884685e-06,-1.2010530315884292e-05,2.142697076635371e-05
r_1m_mean,561,1410,1.1025149564435859e-05,-7.13693997707213e-06,2.734404045654731e-05
r_1m_mean,562,1410,2.600873933789152e-06,-1.44440535314562e-05,1.8408023864945092e-05
r_1m_mean,563,1409,-3.916887319331314e-06,-1.9752113325064908e-05,9.241561523959892e-06
r_1m_mean,564,1410,1.6309029114698864e-05,-5.828641402540551e-07,3.470219446706703e-05
r_1m_mean,565,1411,-5.180203179059151e-06,-2.2328186163639924e-05,1.1842735317424608e-05
r_1m_mean,566,1410,-6.010454892652884e-05,-8.891307239057614e-05,-3.6553487929489314e-05
r_1m_mean,567,1410,-7.251378587647139e-06,-2.3066466420362025e-05,8.635223831162441e-06
r_1m_mean,568,1410,-4.4381922061045884e-05,-6.487679708187282e-05,-2.3179467003858086e-05
r_1m_mean,569,1410,3.0595936921995668e-06,-2.5140047459733504e-05,3.3404743133908075e-05
r_1m_mean,570,1410,2.9264245689413556e-05,6.091283289561599e-06,5.3976095960639425e-05
r_1m_mean,571,1390,0.00011898739478304322,6.06272542776942e-05,0.00018317099507972256
r_1m_mean,572,1393,-1.4591384072573156e-05,-8.307644486593387e-05,4.85777742426411e-05
r_1m_mean,573,1393,-1.4347201534770216e-05,-7.423148132996144e-05,4.697619365854103e-05
r_1m_mean,574,1392,6.857479574290559e-06,-3.933664687025542e-05,6.370495489016874e-05
r_1m_mean,575,1392,-8.742394779585351e-05,-0.0001383014321722247,-3.939110090498476e-05
r_1m_mean,576,1393,-1.4517276458327871e-05,-6.945568308601132e-05,4.29028673577828e-05
r_1m_mean,577,1392,-6.670665501977767e-06,-6.272112510345452e-05,4.177174246415701e-05
r_1m_mean,578,1391,-2.055603355813851e-05,-6.591610394584597e-05,3.288460608868667e-05
r_1m_mean,579,1391,4.215612970621182e-05,-3.0806186766040295e-06,8.706623412258868e-05
r_1m_mean,580,1391,3.5449442290738625e-06,-3.748378932373314e-05,4.774827252460406e-05
r_1m_mean,581,1391,-4.381142301954113e-05,-9.955427702918426e-05,1.0244431016043667e-05
r_1m_mean,582,1391,5.023513746902338e-05,6.23319545780204e-06,9.686072864596739e-05
r_1m_mean,583,1391,-1.519320491655175e-06,-4.395815993639793e-05,4.001405462277118e-05
r_1m_mean,584,1391,-3.083027014461461e-05,-7.037754051413029e-05,1.744111541066014e-05
r_1m_mean,585,1391,-2.5540508670552175e-05,-7.01342450215252e-05,1.809670887640039e-05
r_1m_mean,586,1391,7.351832101025598e-05,1.8386468280224354e-05,0.00011783636642028733
r_1m_mean,587,1392,-1.161310925010388e-05,-6.305250246665907e-05,3.165864120029052e-05
r_1m_mean,588,1392,-4.8928954378222696e-06,-4.35413431335409e-05,4.490819785614839e-05
r_1m_mean,589,1392,1.9030462164233305e-05,-1.9546788056900957e-05,6.516600984945615e-05
r_1m_mean,590,1392,-7.988295894443333e-05,-0.0001187824506835081,-3.618310073929031e-05
r_1m_mean,591,1392,-1.1872914145045457e-05,-6.395132632398617e-05,3.588754936675624e-05
r_1m_mean,592,1393,3.37278566541592e-05,-1.4657987047805008e-05,7.904700014702922e-05
r_1m_mean,593,1394,1.4637560326254773e-05,-3.353100875350314e-05,5.663462944805057e-05
r_1m_mean,594,1394,1.0401669855799956e-05,-3.861854708536162e-05,5.3163519247176315e-05
r_1m_mean,595,1394,-8.77203719876862e-06,-5.1874703794894927e-05,2.7763856782028627e-05
r_1m_mean,596,1394,7.175635101249156e-05,3.3515867288062324e-05,0.00011547021586914633
r_1m_mean,597,1394,2.3933249049017052e-05,-2.0371740825225474e-05,6.414774472619808e-05
r_1m_mean,598,1393,-3.540571738220483e-06,-3.8966614010925985e-05,3.070440788009608e-05
r_1m_mean,599,1393,4.052998731486457e-05,3.0208960871259983e-06,8.067141993830878e-05
r_1m_mean,600,1392,3.357552907585758e-05,-3.0649513617869727e-06,6.641871715169868e-05
r_1m_mean,601,1392,-2.2392169274817425e-05,-8.933130562593317e-05,4.648307636426983e-05
r_1m_mean,602,1393,-5.3183597527371524e-05,-0.00010235892843151676,-8.275402675201622e-06
r_1m_mean,603,1393,1.1188866700051678e-05,-3.758049556110216e-05,5.158915117014432e-05
r_1m_mean,604,1393,-4.948418842241107e-05,-8.963199648834244e-05,-1.0064912691842612e-05
r_1m_mean,605,1393,2.736404920582343e-07,-3.751041332360234e-05,3.726690238096575e-05
r_1m_mean,606,1393,6.064532011761667e-05,1.794307763396362e-05,0.00010775010817133458
r_1m_mean,607,1393,-2.1151330559396988e-05,-6.328472235507846e-05,1.662420895991313e-05
r_1m_mean,608,1393,-2.0527957145281915e-06,-4.662617992638675e-05,3.650522400729244e-05
r_1m_mean,609,1393,1.585634564145324e-05,-1.4640869341511225e-05,5.399377802524062e-05
r_1m_mean,610,1394,-1.4347139874083226e-05,-5.34784725142455e-05,2.137896956521096e-05
r_1m_mean,611,1394,2.1392018603050755e-05,-2.428856638955246e-05,6.993274725972896e-05
r_1m_mean,612,1394,-4.148620131507532e-05,-8.174010407226929e-05,-1.9916460810449316e-06
r_1m_mean,613,1394,1.0674098321735236e-05,-3.097334351572231e-05,5.592623575377375e-05
r_1m_mean,614,1394,4.249156917922436e-05,-1.8022346895504666e-06,8.290940975276494e-05
r_1m_mean,615,1394,2.157993539160233e-05,-1.515426982814391e-05,5.9395452743853844e-05
r_1m_mean,616,1394,1.731573267899211e-05,-2.098238233592255e-05,5.894840654685181e-05
r_1m_mean,617,1394,2.107254192431968e-05,-1.8593571184370512e-05,5.8707720289678615e-05
r_1m_mean,618,1394,2.47484778521173e-05,-1.3993383726674814e-05,6.303326724917567e-05
r_1m_mean,619,1394,-1.2406613209665269e-05,-6.349344243905827e-05,3.1229097233488116e-05
r_1m_mean,620,1394,2.640456754476016e-06,-3.3577321868240096e-05,3.288045464698705e-05
r_1m_mean,621,1394,-2.18440735298985e-05,-6.0272910514257864e-05,1.9979255866863876e-05
r_1m_mean,622,1394,1.3396446631296629e-05,-2.2415260254752182e-05,5.42581611811883e-05
r_1m_mean,623,1394,2.330936639689996e-05,-1.4234143017301702e-05,6.355303419909777e-05
r_1m_mean,624,1394,6.647658576439391e-06,-2.9011803662962507e-05,4.198641199498743e-05
r_1m_mean,625,1394,-2.9772523657101268e-06,-4.214189940580638e-05,3.2975908572690345e-05
r_1m_mean,626,1394,1.5976636764541527e-05,-2.238673788862653e-05,5.0365485823882374e-05
r_1m_mean,627,1394,-3.48589284501426e-06,-3.9462844923071405e-05,3.438074325385446e-05
r_1m_mean,628,1394,-1.6993484903701378e-05,-5.2157665247924126e-05,1.7697584102634184e-05
r_1m_mean,629,1394,-2.8372840841091458e-05,-6.067024767994907e-05,4.64461253798143e-06
r_1m_mean,630,1394,-1.9609196819477672e-05,-5.424448001536553e-05,1.627456223496585e-05
r_1m_mean,631,1394,4.0154436103534993e-05,-3.107136459354204e-06,7.898055826150841e-05
r_1m_mean,632,1394,1.7283138451750055e-05,-1.6692106329517984e-05,5.5769019706842516e-05
r_1m_mean,633,1394,-2.49909605595215e-05,-5.9712157417343816e-05,7.540944646578717e-06
r_1m_mean,634,1394,1.2403473632272814e-05,-2.0287038469124215e-05,4.6534799051659494e-05
r_1m_mean,635,1394,-1.0953332428539657e-05,-4.868603815116271e-05,2.46633092803514e-05
r_1m_mean,636,1394,-1.1128266526788027e-05,-4.550283464869828e-05,2.3937181145090923e-05
r_1m_mean,637,1394,-3.5364194759438336e-05,-7.039579278977695e-05,-1.8518473263598191e-06
r_1m_mean,638,1394,-1.3230404262684304e-05,-4.874610872349471e-05,2.7456141412186065e-05
r_1m_mean,639,1394,-4.1211108873712906e-06,-3.546101035526363e-05,3.0721312539355974e-05
r_1m_mean,640,1394,8.713291141387579e-06,-2.0980839018021796e-05,3.818336066313433e-05
r_1m_mean,641,1394,4.990467608955786e-06,-2.7180946708144967e-05,4.1663048952929774e-05
r_1m_mean,642,1393,8.472046482819224e-06,-2.349429456712023e-05,3.985851395223492e-05
r_1m_mean,643,1392,-2.2343057798824516e-05,-6.103937526037861e-05,7.863721219270741e-06
r_1m_mean,644,1393,-5.222462576401756e-06,-3.717460134192585e-05,2.749093850437277e-05
r_1m_mean,645,1393,1.2285725145389102e-05,-1.5917389791436413e-05,3.6857451562478744e-05
r_1m_mean,646,1393,2.9592803966303156e-05,-3.13166837209142e-06,6.983666373892131e-05
r_1m_mean,647,1392,3.023279424299521e-07,-3.309948710502525e-05,4.1179632109266446e-05
r_1m_mean,648,1392,1.691860132909247e-05,-1.936385610199825e-05,4.922854181915301e-05
r_1m_mean,649,1392,-1.5210649946585155e-05,-4.324883112942746e-05,1.7883164613413868e-05
r_1m_mean,650,1393,-1.6183527574914043e-06,-2.9957795249256503e-05,2.9746987283102012e-05
r_1m_mean,651,1393,-6.0190635356023135e-05,-9.478518081830416e-05,-2.0261167224583852e-05
r_1m_mean,652,1394,-1.1879239352551252e-05,-4.153399935477702e-05,2.0801868280382434e-05
r_1m_mean,653,1394,-2.9483728251396943e-05,-5.934276854713727e-05,-2.2218238979288273e-06
r_1m_mean,654,1393,-6.186551006495243e-06,-3.7787550625376304e-05,2.976729822796426e-05
r_1m_mean,655,1393,2.1531263290709602e-05,-7.78616331303275e-06,5.2181382465875553e-05
r_1m_mean,656,1393,1.3562202016486367e-05,-1.6912857113011198e-05,4.067951782136938e-05
r_1m_mean,657,1394,-1.0954591371720714e-05,-4.1342341584180874e-05,2.3655744192850986e-05
r_1m_mean,658,1394,-1.2937365748173489e-05,-4.1527800833939145e-05,1.8569582846816656e-05
r_1m_mean,659,1394,-3.197747933929252e-06,-2.757691927667501e-05,2.5360884527283545e-05
r_1m_mean,660,1394,-1.9332682856632124e-05,-4.7024473441825934e-05,1.273809175582759e-05
r_1m_mean,661,1394,4.6723910643663395e-05,8.889577363089176e-06,8.383612078912125e-05
r_1m_mean,662,1394,-9.17005944300732e-06,-3.759190058331778e-05,2.4075851402330296e-05
r_1m_mean,663,1394,9.92017512984945e-06,-1.897132213576169e-05,4.278366952532755e-05
r_1m_mean,664,1394,-1.2349519560221848e-05,-4.585616971750278e-05,1.720960136720745e-05
r_1m_mean,665,1394,7.722965960079563e-06,-2.115563584316144e-05,3.9716379618501704e-05
r_1m_mean,666,1394,-2.207166346950867e-07,-3.6655604094910976e-05,2.9731240017403993e-05
r_1m_mean,667,1394,4.353131110050352e-05,8.728513200295537e-06,7.858351028156555e-05
r_1m_mean,668,1394,-1.2532713555055767e-05,-4.498368126493627e-05,1.4744710210773307e-05
r_1m_mean,669,1394,7.884730580421553e-06,-1.9443933892017768e-05,3.84520600304476e-05
r_1m_mean,670,1394,1.9919717815703372e-05,-9.81553058116224e-06,5.0783274274356934e-05
r_1m_mean,671,1394,1.1419978500944395e-05,-2.5142551700069517e-05,3.9744504655224935e-05
r_1m_mean,672,1394,1.0306812167534542e-06,-2.6672226663629456e-05,3.088104291600114e-05
r_1m_mean,673,1394,1.556445565772636e-05,-1.4831756082634517e-05,4.2094525998058105e-05
r_1m_mean,674,1394,-3.181714149238745e-06,-3.4534101938939655e-05,2.188299613615446e-05
r_1m_mean,675,1394,1.8441427650087182e-05,-1.4798290451255264e-05,4.968730999207866e-05
r_1m_mean,676,1394,-1.404202316260188e-05,-5.472750548114095e-05,2.5227653193773644e-05
r_1m_mean,677,1394,-1.7171488896879735e-05,-4.9464866407156054e-05,2.0706785053211886e-05
r_1m_mean,678,1394,9.070729349077284e-06,-1.864474973629816e-05,3.564548472589358e-05
r_1m_mean,679,1394,7.721071023746666e-06,-2.114471533553698e-05,3.428064061615142e-05
r_1m_mean,680,1394,1.7240217309575642e-05,-6.135172273801986e-06,4.4246525728688166e-05
r_1m_mean,681,1393,1.527706180237825e-05,-1.6218282277262677e-05,4.328575634017057e-05
r_1m_mean,682,1393,4.334319792101807e-06,-2.6848539120970524e-05,3.101156429634332e-05
r_1m_mean,683,1394,-5.914702664675376e-06,-3.505136767723563e-05,1.935704370676812e-05
r_1m_mean,684,1394,9.956193095423619e-07,-3.217522754221991e-05,3.318922195593224e-05
r_1m_mean,685,1394,1.1596762437815937e-06,-2.580667621532594e-05,2.6970053093273916e-05
r_1m_mean,686,1393,-1.7134103906178057e-05,-4.663546575767972e-05,1.1511025934691322e-05
r_1m_mean,687,1393,-1.1682345889716333e-07,-3.299468400382752e-05,3.4635151391099116e-05
r_1m_mean,688,1394,-3.494075966925612e-06,-2.8234273899084804e-05,2.2426945963544003e-05
r_1m_mean,689,1394,3.1025893783411077e-06,-2.4602071399844766e-05,3.198287377011226e-05
r_1m_mean,690,1394,4.647057586257364e-06,-1.9716275948199135e-05,3.515992033931796e-05
r_1m_mean,691,1394,3.065562940339627e-05,-7.541220202307414e-07,6.486304925382861e-05
r_1m_mean,692,1394,-2.2049874437968922e-05,-5.153863829417329e-05,1.1329489521163466e-05
r_1m_mean,693,1394,-1.2542842957807412e-05,-4.0869962521041194e-05,1.575540999183255e-05
r_1m_mean,694,1394,8.523357566796457e-06,-2.039488820428699e-05,3.858667276341999e-05
r_1m_mean,695,1394,1.01579145142579e-05,-1.6049379163302353e-05,3.5863354970557924e-05
r_1m_mean,696,1394,1.729344974131308e-05,-1.1724466947015547e-05,4.543911709720368e-05
r_1m_mean,697,1394,2.520382906244781e-05,-4.233003972896217e-06,4.8593133583329945e-05
r_1m_mean,698,1394,7.5143219612039195e-06,-2.175538343561528e-05,3.9291927332787545e-05
r_1m_mean,699,1394,-8.400094065865033e-06,-3.903145829796685e-05,1.9290655528920734e-05
r_1m_mean,700,1394,1.4111701027614628e-05,-1.2013769116408634e-05,3.8240979698322684e-05
r_1m_mean,701,1394,2.3414537694509665e-05,-7.975823328580977e-06,5.4117333228842384e-05
r_1m_mean,702,1394,-2.32097842760279e-05,-5.484289164257649e-05,3.6518698861283077e-06
r_1m_mean,703,1394,-2.228480379596467e-05,-5.27383302932254e-05,3.965067579174499e-06
r_1m_mean,704,1394,-1.7673258969680683e-05,-4.373707650431904e-05,1.0171973357934185e-05
r_1m_mean,705,1394,5.782151102800583e-06,-1.9737705668184827e-05,3.5434466657180136e-05
r_1m_mean,706,1394,6.339830581414265e-06,-2.1910555271411037e-05,3.429159852692346e-05
r_1m_mean,707,1394,-2.3816062913351623e-06,-2.902570094689449e-05,2.607963928885503e-05
r_1m_mean,708,1394,1.0232517626435126e-05,-2.1693242895226892e-05,3.736385948954701e-05
r_1m_mean,709,1394,1.4373337045908669e-05,-8.781549624301e-06,3.905117599024653e-05
r_1m_mean,710,1394,-1.3761799292434798e-05,-3.755423063125329e-05,7.957339372429437e-06
r_1m_mean,711,1394,9.010539240727778e-06,-1.6815844316200424e-05,3.309604947213013e-05
r_1m_mean,712,1394,-5.74885339646151e-06,-3.571421150947827e-05,2.2382696826430305e-05
r_1m_mean,713,1394,3.166095174534561e-05,7.712472259498069e-06,5.6844559529404634e-05
r_1m_mean,714,1394,8.910312906534577e-06,-1.674062862382111e-05,3.588777376574432e-05
r_1m_mean,715,1393,7.0622795463289396e-06,-1.831762772274207e-05,3.35448469944635e-05
r_1m_mean,716,1393,2.23003697523691e-06,-2.6108280767102664e-05,2.606356937241665e-05
r_1m_mean,717,1393,6.722114907316846e-06,-2.2993760109264188e-05,3.5899178272562575e-05
r_1m_mean,718,1393,-6.314625876332545e-06,-3.550116054258916e-05,2.0956906565066025e-05
r_1m_mean,719,1393,5.67852262721052e-06,-2.0771344316573508e-05,3.33366957984182e-05
r_1m_mean,720,1393,8.508252264527373e-06,-1.6770580697204793e-05,3.8886547324834584e-05
r_1m_mean,721,1393,-3.1032845136888956e-05,-5.862453016581604e-05,1.565309262776868e-06
r_1m_mean,722,1393,7.485908210441749e-06,-2.4627047703428132e-05,3.800556881646463e-05
r_1m_mean,723,1393,-1.0306412377380098e-05,-4.0644300940561864e-05,2.1772047161282134e-05
r_1m_mean,724,1394,-6.9416725290916165e-06,-3.759698391864595e-05,1.9334802554603037e-05
r_1m_mean,725,1394,-1.077386661313106e-05,-3.3446077441005985e-05,1.2798302896742935e-05
r_1m_mean,726,1394,-7.066172820081264e-06,-3.5827684183852905e-05,2.2573409618779348e-05
r_1m_mean,727,1394,5.500064474120852e-06,-2.447032552927274e-05,3.08923070272654e-05
r_1m_mean,728,1394,-8.082156534456753e-06,-3.478605605729618e-05,1.4776521207783203e-05
r_1m_mean,729,1394,-3.050248407657135e-06,-2.6681790316672393e-05,2.0675382446479526e-05
r_1m_mean,730,1394,-2.194457975138965e-05,-4.866763600511433e-05,-5.993336862529097e-07
r_1m_mean,731,1394,1.3286680383171955e-05,-1.9202960271405788e-05,3.9090023687647194e-05
r_1m_mean,732,1394,-2.5931087230222285e-06,-2.568817560813868e-05,2.0008013100918444e-05
r_1m_mean,733,1394,7.507832783397887e-08,-2.1584566620492996e-05,2.6475931186510505e-05
r_1m_mean,734,1394,1.9277088281206552e-05,-7.288763096434112e-06,4.3142141100843474e-05
r_1m_mean,735,1394,1.3156669487256727e-05,-1.2751152816356192e-05,3.642544318370995e-05
r_1m_mean,736,1394,1.8297404685365281e-06,-2.9113453949429157e-05,3.8504500267644485e-05
r_1m_mean,737,1394,-1.4185138996419792e-05,-4.1204163465390245e-05,1.3342194744806632e-05
r_1m_mean,738,1394,-5.9977427984467605e-06,-3.0438426920575445e-05,1.949648036111829e-05
r_1m_mean,739,1394,-2.149558193042746e-06,-2.8341328188205746e-05,2.4218727880259495e-05
r_1m_mean,740,1394,1.5228900218320339e-05,-7.1595316100012594e-06,3.8408346879861134e-05
r_1m_mean,741,1394,-4.367180754324829e-06,-2.972631349050362e-05,1.7654659133088476e-05
r_1m_mean,742,1394,-1.8911023916827292e-05,-4.519087880798623e-05,6.47013694496725e-06
r_1m_mean,743,1394,-9.968891092914607e-06,-3.081010420033443e-05,1.4128048692391791e-05
r_1m_mean,744,1394,-3.6718002420817107e-07,-2.3191896465076125e-05,2.6454783992914535e-05
r_1m_mean,745,1394,2.02867945628309e-05,-7.14708256071941e-06,4.448524070679671e-05
r_1m_mean,746,1394,-2.054806191011605e-06,-2.826048739256213e-05,2.1560477902124555e-05
r_1m_mean,747,1394,-4.818074710001478e-06,-2.762303761466449e-05,2.298190965505711e-05
r_1m_mean,748,1394,-6.222322406101706e-06,-3.3542921901615694e-05,1.9995739845221868e-05
r_1m_mean,749,1394,1.5525170579328113e-05,-1.2572195052198708e-05,3.773064063896952e-05
r_1m_mean,750,1394,1.421746899770869e-05,-8.755426582805194e-06,3.3085655278836576e-05
r_1m_mean,751,1394,-7.072261286413376e-06,-3.923977082115742e-05,1.8740411027990283e-05
r_1m_mean,752,1394,4.040290614273282e-06,-1.9275218427314065e-05,2.9763780214739766e-05
r_1m_mean,753,1394,1.2562371269995144e-05,-1.0368278199829394e-05,3.546665693896825e-05
r_1m_mean,754,1394,-2.603225123213728e-07,-2.763827843996728e-05,2.4706095384034926e-05
r_1m_mean,755,1394,1.7947563870954377e-05,-6.6418593430268995e-06,4.085064191617303e-05
r_1m_mean,756,1394,-3.961047548477662e-06,-3.144448278048488e-05,2.4122498431311717e-05
r_1m_mean,757,1394,7.4341420733666816e-06,-1.5471351220360644e-05,3.508468708333594e-05
r_1m_mean,758,1394,8.823406927072917e-07,-2.1510258576861978e-05,2.698744400187598e-05
r_1m_mean,759,1394,1.1281755790680926e-05,-1.1731121719467393e-05,3.416367834558237e-05
r_1m_mean,760,1394,-3.0347134077040034e-06,-2.3525341714911165e-05,1.8543648368052225e-05
r_1m_mean,761,1394,-2.625868563762336e-07,-2.6974004020553756e-05,2.5986885341938625e-05
r_1m_mean,762,1394,-5.843629679218845e-06,-3.15797901174509e-05,2.0320299785693193e-05
r_1m_mean,763,1394,-1.560346033882841e-05,-4.075465679692764e-05,6.8487683749403135e-06
r_1m_mean,764,1394,1.5943221850151815e-05,-8.160229660530198e-06,3.846600454342459e-05
r_1m_mean,765,1394,-7.167695232649647e-06,-3.07529894622153e-05,1.6414565591012358e-05
r_1m_mean,766,1394,-1.3159504253046793e-05,-4.431057931136371e-05,1.0825470015320013e-05
r_1m_mean,767,1394,-2.315969142084489e-05,-4.6794347918756304e-05,-9.655298799813657e-08
r_1m_mean,768,1394,-1.5342689690542094e-05,-3.6039617104592034e-05,1.0737409530705618e-05
r_1m_mean,769,1394,1.6404659918052283e-06,-2.0011805337424977e-05,2.2921949515573914e-05
r_1m_mean,770,1394,5.196382952178792e-06,-1.743518404659148e-05,2.7838495702301133e-05
r_1m_mean,771,1394,2.6318407820169253e-06,-1.9838331001727545e-05,2.815504012523172e-05
r_1m_mean,772,1394,9.083689909188127e-06,-1.3761982475953523e-05,3.0868397845469185e-05
r_1m_mean,773,1394,1.913474559464344e-05,-8.227791048056838e-06,4.150484882799785e-05
r_1m_mean,774,1394,-8.881273233645343e-06,-3.2066323932886165e-05,1.7108779358067695e-05
r_1m_mean,775,1394,2.213531978882543e-05,-7.332996086691081e-07,4.280537625724662e-05
r_1m_mean,776,1394,-1.2374557938539777e-05,-3.410365429806532e-05,1.1664606183812604e-05
r_1m_mean,777,1394,-1.7972466550654577e-06,-2.5294122334621073e-05,2.3414405131891115e-05
r_1m_mean,778,1393,1.4254011468985508e-06,-2.6656755313257306e-05,2.7127708586431795e-05
r_1m_mean,779,1392,8.713296042409089e-06,-1.4648651924827848e-05,3.0613034644430736e-05
r_1m_mean,780,1393,3.6404678279306364e-05,1.542019857175636e-05,5.8039703436524034e-05
r_1m_mean,781,1346,-2.9147061343377305e-05,-6.167158843393317e-05,5.6516607752311326e-06
r_1m_mean,782,1347,-8.494768526201556e-06,-4.3661684840715015e-05,2.5434075914682134e-05
r_1m_mean,783,1347,2.2878222642921325e-05,-9.8820314407933e-06,5.767760058140111e-05
r_1m_mean,784,1347,-3.526453293649829e-06,-3.12109647650806e-05,2.5264237134311255e-05
r_1m_mean,785,1347,-1.6281585098092547e-05,-4.691664047480724e-05,7.838033889069065e-06
r_1m_mean,786,1347,-1.2178852331852113e-05,-4.024451206870541e-05,1.753439984305874e-05
r_1m_mean,787,1347,3.1605307138929334e-05,1.788079252569982e-06,6.242674419345078e-05
r_1m_mean,788,1347,-5.2219423564211954e-06,-3.508488977713872e-05,2.352693771336696e-05
r_1m_mean,789,1347,3.428767346500235e-06,-2.2461460119726896e-05,2.8727174671057865e-05
r_1m_mean,790,1347,3.947307598178548e-06,-1.820932168924782e-05,3.23542090907935e-05
r_1m_mean,791,1347,-8.922400017066248e-06,-3.9018016160611394e-05,2.1388596958682233e-05
r_1m_mean,792,1347,-1.6974658310748023e-05,-4.346669463140437e-05,1.6189980476736114e-05
r_1m_mean,793,1347,5.497202864825764e-05,3.1401196681607334e-05,8.356908381951983e-05
r_1m_mean,794,1347,4.374642448817223e-06,-1.7432527473240547e-05,3.0668029572605356e-05
r_1m_mean,795,1346,8.42960676960857e-06,-1.3200414279727747e-05,3.293007384015781e-05
r_1m_mean,796,1346,-2.6392111984607084e-05,-5.434625200566813e-05,-1.6477012087010138e-07
r_1m_mean,797,1347,-2.0865976985744005e-05,-4.843087635857267e-05,9.45236302413092e-06
r_1m_mean,798,1347,-2.0374131587404122e-05,-4.487912221514422e-05,5.068375757545531e-06
r_1m_mean,799,1347,-5.780236438145372e-06,-2.7480093640607683e-05,1.9791537020074474e-05
r_1m_mean,800,1347,9.673862666839658e-06,-2.61364592344183e-05,5.982693671976173e-05
r_1m_mean,801,1347,1.3107742560718087e-06,-2.462752738034715e-05,2.724169067179617e-05
r_1m_mean,802,1346,9.286206817090392e-08,-2.8543997044569805e-05,2.9968664550301576e-05
r_1m_mean,803,1346,2.2683125096193088e-05,4.502913616958088e-07,4.463116153856891e-05
r_1m_mean,804,1347,-1.564838329246821e-05,-4.217833517643066e-05,1.0716943314021206e-05
r_1m_mean,805,1347,1.462553022732665e-05,-6.754829245590092e-06,4.1729096630089624e-05
r_1m_mean,806,1346,-4.318106830364107e-06,-2.9579476314587523e-05,2.5717181809051576e-05
r_1m_mean,807,1346,1.0151285704631311e-05,-1.221704969506009e-05,4.148539190697926e-05
r_1m_mean,808,1347,1.1557905211047687e-06,-2.1954694077831027e-05,2.2952721450523206e-05
r_1m_mean,809,1347,2.700076491106171e-07,-3.5564145982996986e-05,3.674575914470679e-05
r_1m_mean,810,1347,-3.344814993994039e-06,-2.9223389042752066e-05,2.1623311709728087e-05
r_1m_mean,811,1347,2.3899463873109723e-05,-8.624620128830682e-06,5.227029233619947e-05
r_1m_mean,812,1347,-1.0244932230213206e-05,-3.355571776896921e-05,1.7407687002375613e-05
r_1m_mean,813,1347,-1.9009157385612305e-05,-4.401538609822999e-05,6.356892873374163e-06
r_1m_mean,814,1347,4.782492340506797e-06,-1.9899550645009028e-05,3.0212362847869804e-05
r_1m_mean,815,1346,7.883143121991145e-06,-1.655388289227168e-05,3.239006396194397e-05
r_1m_mean,816,1346,1.0836559721662711e-05,-1.5378637467269517e-05,3.66836633484582e-05
r_1m_mean,817,1347,-1.9690694472619226e-05,-5.29803715510511e-05,1.0239076084763383e-05
r_1m_mean,818,1346,1.2543280853786408e-05,-1.305402245573078e-05,3.6131832198580274e-05
r_1m_mean,819,1346,2.9635953021078568e-05,4.221882684759393e-06,5.7608509212435864e-05
r_1m_mean,820,1347,3.106568828202028e-05,7.708083871695143e-06,5.578113077941628e-05
r_1m_mean,821,1347,8.698523194570855e-06,-1.7520617925869793e-05,3.674723088971816e-05
r_1m_mean,822,1347,-3.8386788095340386e-05,-6.350045602945687e-05,-1.3660750710923602e-05
r_1m_mean,823,1347,-4.204112189919755e-06,-2.680031653208814e-05,1.8293947812376726e-05
r_1m_mean,824,1347,-3.7306446426461145e-05,-6.496548969117623e-05,-1.368506676585031e-05
r_1m_mean,825,1347,8.43280641055101e-06,-1.095251486825231e-05,3.0846844674740006e-05
r_1m_mean,826,1347,6.648711939806347e-06,-2.2607551852549052e-05,3.336481003980123e-05
r_1m_mean,827,1347,1.3292236720862368e-05,-1.4757977275815375e-05,4.1958350489812785e-05
r_1m_mean,828,1347,-8.190021895729985e-06,-3.167196950854263e-05,1.9210205967725796e-05
r_1m_mean,829,1347,1.2405905970843717e-05,-1.6476422928567848e-05,4.375198642530206e-05
r_1m_mean,830,1346,8.154310268550625e-06,-1.5047645557118868e-05,2.9178146043310743e-05
r_1m_mean,831,1346,1.748443349348907e-05,-1.0896104968001073e-05,4.448384413312493e-05
r_1m_mean,832,1347,-4.928205376667117e-06,-2.882071764294752e-05,2.027545771028387e-05
r_1m_mean,833,1347,-1.626723574289607e-05,-3.8653138808539035e-05,5.44280737141574e-06
r_1m_mean,834,1347,3.1996245867973933e-06,-1.884902470466366e-05,2.8452166646488314e-05
r_1m_mean,835,1346,6.795649954140686e-06,-1.4544126687071407e-05,2.9648150808948376e-05
r_1m_mean,836,1345,-2.8815784680567804e-05,-5.635281565635283e-05,-3.1301163411672744e-06
r_1m_mean,837,1345,-1.5025513477440068e-05,-4.062217580147645e-05,1.0875582753072159e-05
r_1m_mean,838,1346,1.7765318874083717e-05,-7.63398393962894e-06,4.63878081962396e-05
r_1m_mean,839,1347,-1.2246687695951767e-05,-3.5818549489217956e-05,1.2761234212130842e-05
r_1m_mean,840,1346,2.5914548693156915e-06,-2.1565396988700784e-05,2.2975333045310696e-05
r_1m_mean,841,1346,-1.10903096640658e-05,-5.908157601549267e-05,3.921521956745914e-05
r_1m_mean,842,1347,-5.385969385035049e-06,-4.751657170991521e-05,2.9857752253697544e-05
r_1m_mean,843,1347,1.0339504065800522e-05,-2.5178969620159102e-05,4.138283545108381e-05
r_1m_mean,844,1346,-2.2417365548044755e-05,-5.3725121165795386e-05,6.663177296405432e-06
r_1m_mean,845,1346,-1.3182094096587007e-05,-4.188327572472956e-05,1.4008602650283682e-05
r_1m_mean,846,1346,-9.96771848442512e-06,-4.272218968400587e-05,2.113027460353712e-05
r_1m_mean,847,1346,-9.140182190230695e-06,-4.261225866190088e-05,2.3386692192934802e-05
r_1m_mean,848,1346,-1.240527924497896e-05,-4.127459249661412e-05,1.7972096903208795e-05
r_1m_mean,849,1346,-3.3749217435465606e-06,-3.0477444732693455e-05,2.3996822129193443e-05
r_1m_mean,850,1346,-1.4689313382255585e-05,-4.504364928714949e-05,1.3665907825874549e-05
r_1m_mean,851,1345,4.246868315215956e-06,-2.2654242944771912e-05,3.269587906829146e-05
r_1m_mean,852,1345,-3.4287255079688924e-05,-5.547069927061593e-05,-5.041486501796725e-06
r_1m_mean,853,1346,5.500957368264565e-06,-2.16845943080475e-05,3.045848659376116e-05
r_1m_mean,854,1347,1.6680893550077283e-05,-8.581436680350987e-06,4.2221932527994055e-05
r_1m_mean,855,1347,-1.2426407632673585e-06,-2.695501154324051e-05,2.271664692918615e-05
r_1m_mean,856,1347,2.200369448659683e-05,-9.580819965382181e-06,5.084850090666111e-05
r_1m_mean,857,1347,-2.9959792145431023e-05,-5.653465464875905e-05,-3.8001390786939617e-06
r_1m_mean,858,1347,1.1420116147809658e-05,-1.2272653803118953e-05,3.563698924339031e-05
r_1m_mean,859,1347,2.3692927808230492e-05,-6.669749889056081e-07,5.3213861280236814e-05
r_1m_mean,860,1346,-8.819255337681815e-06,-3.286844516195913e-05,1.9982240558734136e-05
r_1m_mean,861,1346,1.3165470938950577e-05,-1.1793972188144884e-05,4.004159418331842e-05
r_1m_mean,862,1346,-8.319791617376467e-06,-3.6207445358823754e-05,1.784711069672921e-05
r_1m_mean,863,1346,1.6278889803511254e-06,-2.409429092069116e-05,2.8752442445368275e-05
r_1m_mean,864,1346,3.517358467078369e-05,3.390554462834385e-06,6.350762417432254e-05
r_1m_mean,865,1346,-4.219727246605933e-06,-2.9572891838113783e-05,2.0056864445544134e-05
r_1m_mean,866,1346,-3.2425478375731685e-07,-2.8929441531506696e-05,2.9758076072427385e-05
r_1m_mean,867,1346,9.893825525129744e-06,-2.2935969195439135e-05,3.6657306607306586e-05
r_1m_mean,868,1346,1.698028647401807e-05,-1.1879447350937953e-05,4.563991549689921e-05
r_1m_mean,869,1346,2.8094406887613465e-05,3.103897126613107e-06,5.2776061875006764e-05
r_1m_mean,870,1347,-1.2976352538462513e-05,-3.678430488356501e-05,1.155454165370939e-05
r_1m_mean,871,1347,2.9880191310131757e-05,-9.427701712683746e-06,6.392298998355413e-05
r_1m_mean,872,1347,1.2647474146707246e-05,-1.541392964614774e-05,4.717667347350134e-05
r_1m_mean,873,1347,-1.3675799485084791e-06,-2.868315988499998e-05,2.7991436774919523e-05
r_1m_mean,874,1347,-1.268720551002946e-05,-4.068466542370882e-05,1.653323343760802e-05
r_1m_mean,875,1347,1.0489523648433889e-05,-2.0060233310875825e-05,4.212934821123403e-05
r_1m_mean,876,1347,-1.560980571400228e-05,-5.0481278749321646e-05,1.8432121266793305e-05
r_1m_mean,877,1347,-4.533581231451308e-06,-4.0069576117677326e-05,2.6714459654239854e-05
r_1m_mean,878,1347,4.259726957859647e-05,1.113764015695037e-05,7.399474798901315e-05
r_1m_mean,879,1347,3.907532109620788e-05,1.2019340130221383e-05,7.278893358523731e-05
r_1m_mean,880,1346,8.199092261939414e-06,-1.8733752691781087e-05,3.032690138404599e-05
r_1m_mean,881,1346,3.7727651101427153e-06,-2.7927164870002926e-05,2.9091804687775997e-05
r_1m_mean,882,1346,1.8466863247739254e-05,-7.75953102225533e-06,4.8068280523754136e-05
r_1m_mean,883,1347,-1.0696205348089031e-05,-3.9981624502779644e-05,1.593910793730168e-05
r_1m_mean,884,1347,3.6993963107532123e-06,-2.3506428281891886e-05,3.003761603398642e-05
r_1m_mean,885,1347,8.744769180496214e-06,-2.062247085236073e-05,3.898671079856193e-05
r_1m_mean,886,1347,2.873403798274e-06,-2.4842896683243536e-05,3.245893096296904e-05
r_1m_mean,887,1347,1.684757720903868e-05,-8.476233501781366e-06,4.706217590995789e-05
r_1m_mean,888,1347,-2.175479605412896e-05,-5.321756710660399e-05,5.637011163063456e-06
r_1m_mean,889,1347,8.462754414107578e-06,-1.8863574122201354e-05,3.6489266630064804e-05
r_1m_mean,890,1347,7.493515505641144e-06,-2.067427835717427e-05,3.314577100202867e-05
r_1m_mean,891,1347,-1.2894873643072566e-05,-4.461174345394799e-05,1.7720350584023397e-05
r_1m_mean,892,1347,-7.011949365659566e-06,-3.5226525733570737e-05,3.034394517441484e-05
r_1m_mean,893,1347,1.78093672463009e-05,-7.0034937416543e-06,4.3062220126492936e-05
r_1m_mean,894,1347,-1.8703003442979277e-05,-4.8456229060129674e-05,1.101463618625258e-05
r_1m_mean,895,1347,2.233793567503054e-05,-5.758996186178582e-06,5.078155334785249e-05
r_1m_mean,896,1347,4.875549243690363e-05,2.107409349633232e-05,7.918782976763679e-05
r_1m_mean,897,1347,3.2240329248157495e-05,3.902438322004562e-06,5.840098646119972e-05
r_1m_mean,898,1347,6.447765692268313e-06,-1.9460703799009567e-05,3.3771474373792586e-05
r_1m_mean,899,1347,-1.6493044674269466e-06,-2.3669427485952663e-05,2.2303124985773453e-05
r_1m_mean,900,1347,-1.8488584704557917e-05,-4.5424785594959776e-05,9.356457727648075e-06
r_1m_mean,901,1347,3.62775921220773e-05,-3.270170749404358e-06,7.265665427960705e-05
r_1m_mean,902,1347,-2.9467388132757563e-05,-5.4612981651685935e-05,-7.498138395498278e-08
r_1m_mean,903,1346,-1.4509272471059261e-05,-4.8224004102751814e-05,1.9187031523597945e-05
r_1m_mean,904,1346,-2.0427632729431924e-05,-4.918894907035826e-05,8.011201267171527e-06
r_1m_mean,905,1346,-7.96510767280692e-06,-3.409779039278108e-05,1.959317264737725e-05
r_1m_mean,906,1346,-1.2199907775969592e-05,-4.51063277723333e-05,1.259460154157327e-05
r_1m_mean,907,1346,-1.1093020036294091e-05,-3.7929103004051376e-05,1.6901881968865294e-05
r_1m_mean,908,1346,-2.9358547047359064e-05,-5.719125818845745e-05,-1.8918498972117187e-06
r_1m_mean,909,1346,1.8477925974541702e-05,-6.998423480579265e-06,4.387201240656923e-05
r_1m_mean,910,1346,6.0605950934050765e-06,-2.1410511788613418e-05,3.2245029196266526e-05
r_1m_mean,911,1346,1.204165218243418e-05,-2.1213455553244577e-05,4.515473478037653e-05
r_1m_mean,912,1346,-2.5354219510148775e-05,-5.5734726020236604e-05,5.3827459660515185e-06
r_1m_mean,913,1346,2.1954709452333056e-05,-6.706769014103502e-06,4.3594129338222014e-05
r_1m_mean,914,1346,-1.2462285762491551e-05,-4.037229220658353e-05,1.2763120049333802e-05
r_1m_mean,915,1345,1.3798657307015355e-05,-1.5064823681846526e-05,4.018141289327402e-05
r_1m_mean,916,1346,4.396746279243428e-06,-2.9887650809946455e-05,3.643770523890187e-05
r_1m_mean,917,1347,6.106955703517275e-06,-2.032857311192832e-05,4.228812851812915e-05
r_1m_mean,918,1347,-2.792324367588222e-05,-5.467118623150753e-05,-4.5402638426363007e-07
r_1m_mean,919,1347,3.8970432601439115e-05,8.31767856977377e-06,6.668041503438378e-05
r_1m_mean,920,1347,1.8719948612338e-05,-1.116522685046828e-05,4.3955673355070285e-05
r_1m_mean,921,1347,-1.885512281494868e-05,-5.448221399923856e-05,1.1629321409708611e-05
r_1m_mean,922,1347,-1.5353550239935873e-05,-4.136859117090108e-05,1.371479571479847e-05
r_1m_mean,923,1347,-1.1556180119468588e-05,-3.8535264360953995e-05,1.8294366644716874e-05
r_1m_mean,924,1347,-1.9196924095296856e-05,-5.312370475313425e-05,8.401521399421264e-06
r_1m_mean,925,1347,1.0750531582408482e-05,-1.6997082562540687e-05,3.6055073196855084e-05
r_1m_mean,926,1347,-6.158786185040685e-06,-3.407421162396228e-05,2.2389663778820963e-05
r_1m_mean,927,1347,6.184499246528131e-06,-2.045315888675904e-05,3.63314639283672e-05
r_1m_mean,928,1347,1.3761208317727544e-06,-2.6343493957191764e-05,2.851857318403622e-05
r_1m_mean,929,1347,-8.509741706064992e-06,-3.486800214181308e-05,1.8416494887488023e-05
r_1m_mean,930,1347,-3.409274226838867e-05,-6.098030119231922e-05,-7.839959439179648e-06
r_1m_mean,931,1346,3.340714953011126e-06,-2.6522053871168798e-05,3.7572278963793e-05
r_1m_mean,932,1346,1.726332681830519e-05,-1.4130882895771731e-05,4.926694191715629e-05
r_1m_mean,933,1346,1.811002410730735e-05,-1.5467267826799858e-05,5.4912563952068345e-05
r_1m_mean,934,1346,-1.4764676369988486e-05,-4.9896403901308894e-05,1.7564863145662966e-05
r_1m_mean,935,1346,-1.147579532328771e-05,-4.016544094166338e-05,1.6492680930127297e-05
r_1m_mean,936,1347,-2.7013052768429177e-05,-6.394114214472197e-05,7.821626823275319e-06
r_1m_mean,937,1347,-1.5189968642547948e-05,-4.3761106173126894e-05,1.1717199769122509e-05
r_1m_mean,938,1347,-1.371489540147003e-05,-4.300396310696503e-05,1.6639668571957803e-05
r_1m_mean,939,1347,-1.364223333899003e-05,-4.3480443737361346e-05,1.5888570753865615e-05
r_1m_mean,940,1347,-3.084829411131756e-06,-2.820416149653336e-05,2.4170220370549097e-05
r_1m_mean,941,1346,3.319763682360778e-05,5.977550199085394e-06,6.694220638843649e-05
r_1m_mean,942,1346,2.0975956737325497e-05,-1.0346342526183597e-05,4.929103901992855e-05
r_1m_mean,943,1346,-1.8441519364039306e-05,-5.2233089158669135e-05,1.2930765899362623e-05
r_1m_mean,944,1346,1.393633694574667e-05,-1.412750486878084e-05,4.0886050653350026e-05
r_1m_mean,945,1346,8.467083696037709e-07,-3.148911833216803e-05,3.1176741403012226e-05
r_1m_mean,946,1346,1.57861184504396e-05,-2.7669390728487484e-05,4.882142253017993e-05
r_1m_mean,947,1347,-2.0587365235967414e-05,-5.2081306878591384e-05,1.1927343915959157e-05
r_1m_mean,948,1347,1.2410963358957747e-05,-1.571564260923098e-05,3.811545713641055e-05
r_1m_mean,949,1347,-1.4002769720317646e-05,-4.7017386537316966e-05,1.5989191696869653e-05
r_1m_mean,950,1347,-3.115753139611729e-05,-6.373766681361241e-05,2.517855824412176e-06
r_1m_mean,951,1347,-4.5834275614417204e-06,-7.82672916128876e-05,6.527638383168718e-05
r_1m_mean,952,1347,-6.639454806300756e-05,-0.00010355284744432453,-3.0612723782289715e-05
r_1m_mean,953,1347,4.0305700035662373e-05,8.862655022038914e-06,7.113850109824048e-05
r_1m_mean,954,1347,4.208403800500686e-06,-2.9194167717537922e-05,3.848713483975666e-05
r_1m_mean,955,1347,8.382324450402906e-05,3.4262377811046654e-05,0.0001300629586202162
r_1m_mean,956,1347,-4.509335080494909e-06,-4.74768687541976e-05,4.697045108559273e-05
r_1m_mean,957,1347,-3.737866490783526e-05,-6.72851707625955e-05,-8.765204248948897e-06
r_1m_mean,958,1347,2.6799901386952006e-05,-9.452937378986022e-06,5.901620488415573e-05
r_1m_mean,959,1347,1.112409478197023e-05,-1.5432240509492273e-05,3.795498493855769e-05
r_1m_mean,960,1347,2.3503806564795653e-05,-2.8064910518799454e-05,8.769611231014608e-05
r_1m_mean,961,1347,2.3040955859653154e-05,-2.5599474416552443e-05,6.930853765217122e-05
r_1m_mean,962,1347,8.366275814582387e-05,3.177964842908403e-05,0.000135724479252083
r_1m_mean,963,1347,-4.031413767956046e-05,-7.345990785725334e-05,-4.585177126506962e-06
r_1m_mean,964,1347,-3.199072019850017e-05,-5.775131568182893e-05,-5.850936124756551e-06
r_1m_mean,965,1347,7.621880538689477e-06,-1.7959172367822918e-05,3.25066787981709e-05
r_1m_mean,966,1347,-9.695272556710306e-07,-3.562133735241832e-05,3.6466060496098134e-05
r_1m_mean,967,1347,1.9382682323225043e-05,-7.706133375355423e-06,4.74129038564922e-05
r_1m_mean,968,1345,-1.5293705019151164e-05,-3.950551784665305e-05,8.560274545046754e-06
r_1m_mean,969,1345,-4.184636293513231e-06,-2.589292484083922e-05,1.3392711631503152e-05
r_1m_mean,970,1345,2.8936763966364054e-06,-1.6908133411269023e-05,2.0726215921662912e-05
r_1m_mean,971,1345,-2.6855404667405745e-05,-4.5815273293092185e-05,-6.21354276976063e-06
r_1m_mean,972,1345,1.3646281029726504e-06,-1.7201274075596423e-05,2.123763091412867e-05
r_1m_mean,973,1345,-2.3448208668830598e-08,-1.6395312363624703e-05,2.0294434533176608e-05
r_1m_mean,974,1345,3.2811194861634486e-05,1.1435637939364506e-05,5.783481258897666e-05
r_1m_mean,975,1345,-2.4811321361334838e-05,-4.875379868754845e-05,3.1975608168105856e-07
r_1m_mean,976,992,1.9516211207098432e-05,-2.3532994549969094e-06,4.400338317603234e-05
r_1m_mean,977,981,-2.302751330667632e-06,-2.4429404427447023e-05,1.846606342678948e-05
r_1m_mean,978,981,-7.707793884394065e-06,-2.683005691581483e-05,1.2345298583933807e-05
r_1m_mean,979,980,1.973058224466922e-05,3.613141789492653e-06,4.0295775723939754e-05
r_1m_mean,980,980,7.067091801592608e-06,-8.111086523484731e-06,2.4005098120311722e-05
r_1m_mean,981,979,-3.2137016460193306e-06,-3.4068346353076034e-05,2.701916893408149e-05
r_1m_mean,982,978,-9.369426830814252e-06,-3.7380961886572086e-05,1.4735619690624011e-05
r_1m_mean,983,981,9.555575882584137e-06,-7.0993613142812795e-06,2.8415845301264828e-05
r_1m_mean,984,981,6.186890975654186e-06,-1.068132725173715e-05,2.4120988391269488e-05
r_1m_mean,985,982,-5.355820206109416e-06,-2.1051621050822452e-05,9.333226681726614e-06
r_1m_mean,986,982,-9.520974988294708e-06,-2.4418476278274976e-05,8.082681938044853e-06
r_1m_mean,987,981,1.059269866331407e-05,-1.193417640396801e-05,2.9882845170361105e-05
r_1m_mean,988,981,-1.251382621212212e-05,-3.4340552130312546e-05,4.153280928225306e-06
r_1m_mean,989,983,1.0431444736422154e-06,-2.1238098699912818e-05,2.1563051761294612e-05
r_1m_mean,990,983,-2.7442135658103512e-06,-1.8523194585659636e-05,1.3814846858621343e-05
r_1m_mean,991,983,4.0198840794121076e-06,-2.9453617465567575e-05,3.5998637108580936e-05
r_1m_mean,992,1344,-5.487411035446116e-06,-2.485040628071658e-05,1.1400625213333302e-05
r_1m_mean,993,1344,-8.918576492878329e-07,-1.6802419304580297e-05,1.4896153521791623e-05
r_1m_mean,994,1347,-3.6683609996176793e-06,-1.8155820250803486e-05,1.4688381399011348e-05
r_1m_mean,995,1347,1.4727959418616315e-05,-2.808533416196022e-06,2.859945680767771e-05
r_1m_mean,996,1347,7.32704444223339e-06,-7.253037867028111e-06,2.034967328949812e-05
r_1m_mean,997,1347,9.119050992053167e-06,-4.570240120761698e-06,2.6194156792681764e-05
r_1m_mean,998,1347,-1.1633043510148084e-06,-1.8258171447743803e-05,1.2701976456425073e-05
r_1m_mean,999,1347,1.2447351501892452e-05,-8.209140017789776e-07,2.697222013860661e-05
r_1m_mean,1000,1345,8.827407978149597e-06,-3.3464756633777657e-06,2.395257078094076e-05
r_1m_mean,1001,1345,1.7061479490752468e-06,-1.2230986606844787e-05,1.5933165088886776e-05
r_1m_mean,1002,1345,-4.430300629521647e-06,-1.6230998629631278e-05,6.296707811560743e-06
r_1m_mean,1003,1346,-4.614250044358462e-07,-1.394966228128445e-05,1.2383126929386221e-05
r_1m_mean,1004,1345,-3.951152411858408e-07,-1.14066126100802e-05,9.473430922506788e-06
r_1m_mean,1005,1346,3.564058189450004e-06,-6.851405349643678e-06,1.7440642715476244e-05
r_1m_mean,1006,1346,-4.856772076996975e-07,-1.3688614090164014e-05,9.853393849886649e-06
r_1m_mean,1007,1345,-3.1621149958642964e-06,-1.6140498192806305e-05,9.10503517517816e-06
r_1m_mean,1008,1345,6.654507782644574e-07,-1.1586265866952815e-05,1.363164431957634e-05
r_1m_mean,1009,1346,-6.306633097956722e-06,-1.7964952872713008e-05,5.976690412237091e-06
r_1m_mean,1010,1347,8.847624036641207e-06,-5.069200963330032e-06,2.0949841848877276e-05
r_1m_mean,1011,1347,-2.3263033093361556e-07,-1.1355986393519745e-05,9.34779017200927e-06
r_1m_mean,1012,1347,1.137003947105483e-05,-7.389203534727715e-07,2.3899468109106574e-05
r_1m_mean,1013,1344,4.37732789208674e-06,-5.280575160569305e-06,1.4588637672842691e-05
r_1m_mean,1014,1343,5.78553925929295e-06,-3.980252858124007e-06,1.6675529290413265e-05
r_1m_mean,1015,1344,7.354692120265819e-07,-9.698821721833455e-06,1.2930371361560475e-05
r_1m_mean,1016,1344,-9.923772088891498e-06,-2.075749370036884e-05,1.5438475032222839e-06
r_1m_mean,1017,1342,2.763438292895306e-06,-8.04876246529559e-06,1.2266377352770309e-05
r_1m_mean,1018,1341,3.2402855135120433e-06,-7.555248155788979e-06,1.3814512646524386e-05
r_1m_mean,1019,1343,-4.938199472678055e-06,-1.6522299729352932e-05,5.982285964157762e-06
r_1m_mean,1020,1343,2.9543060621902178e-06,-7.572445183065931e-06,1.384246719995661e-05
r_1m_mean,1021,0,,,
r_1m_mean,1022,0,,,
r_1m_mean,1023,0,,,
r_1m_mean,1024,0,,,
r_1m_mean,1025,0,,,
r_1m_mean,1026,0,,,
r_1m_mean,1027,0,,,
r_1m_mean,1028,0,,,
r_1m_mean,1029,0,,,
r_1m_mean,1030,0,,,
r_1m_mean,1031,0,,,
r_1m_mean,1032,0,,,
r_1m_mean,1033,0,,,
r_1m_mean,1034,0,,,
r_1m_mean,1035,0,,,
r_1m_mean,1036,0,,,
r_1m_mean,1037,0,,,
r_1m_mean,1038,0,,,
r_1m_mean,1039,0,,,
r_1m_mean,1040,0,,,
r_1m_mean,1041,0,,,
r_1m_mean,1042,0,,,
r_1m_mean,1043,0,,,
r_1m_mean,1044,0,,,
r_1m_mean,1045,0,,,
r_1m_mean,1046,0,,,
r_1m_mean,1047,0,,,
r_1m_mean,1048,0,,,
r_1m_mean,1049,0,,,
r_1m_mean,1050,0,,,
r_1m_mean,1051,0,,,
r_1m_mean,1052,0,,,
r_1m_mean,1053,0,,,
r_1m_mean,1054,0,,,
r_1m_mean,1055,0,,,
r_1m_mean,1056,0,,,
r_1m_mean,1057,0,,,
r_1m_mean,1058,0,,,
r_1m_mean,1059,0,,,
r_1m_mean,1060,0,,,
r_1m_mean,1061,0,,,
r_1m_mean,1062,0,,,
r_1m_mean,1063,0,,,
r_1m_mean,1064,0,,,
r_1m_mean,1065,0,,,
r_1m_mean,1066,0,,,
r_1m_mean,1067,0,,,
r_1m_mean,1068,0,,,
r_1m_mean,1069,0,,,
r_1m_mean,1070,0,,,
r_1m_mean,1071,0,,,
r_1m_mean,1072,0,,,
r_1m_mean,1073,0,,,
r_1m_mean,1074,0,,,
r_1m_mean,1075,0,,,
r_1m_mean,1076,0,,,
r_1m_mean,1077,0,,,
r_1m_mean,1078,0,,,
r_1m_mean,1079,0,,,
r_1m_mean,1080,0,,,
r_1m_mean,1081,0,,,
r_1m_mean,1082,1395,-1.0053016869281876e-05,-5.9843031080196694e-05,3.268323948752786e-05
r_1m_mean,1083,1393,-1.9443545242145926e-06,-2.8205126948555687e-05,3.288291668776964e-05
r_1m_mean,1084,1393,-1.7867183624859113e-05,-5.8395857026781864e-05,1.9661485546265223e-05
r_1m_mean,1085,1393,-1.1331380727664065e-05,-3.158482845098888e-05,1.0713187211969216e-05
r_1m_mean,1086,1394,2.5810117732178532e-06,-2.106714610227623e-05,2.3366495497703306e-05
r_1m_mean,1087,1395,9.697316897718674e-06,-1.031030406877817e-05,3.0060278495868382e-05
r_1m_mean,1088,1394,-1.689771260511471e-06,-2.1120764396081203e-05,2.129753262111707e-05
r_1m_mean,1089,1392,-5.199096336152102e-06,-2.7530507088716224e-05,1.4312379211139311e-05
r_1m_mean,1090,1394,-1.885752098723668e-05,-3.746729552281699e-05,-1.4072953932493713e-06
r_1m_mean,1091,1393,4.338772992829132e-05,2.401704189977631e-05,6.269209804553418e-05
r_1m_mean,1092,1393,-4.1932876997068294e-07,-1.737638174063303e-05,1.6340295434113946e-05
r_1m_mean,1093,1393,-2.2843815332553397e-06,-2.4013884384392096e-05,1.529476311449822e-05
r_1m_mean,1094,1391,-2.1406670223807973e-06,-1.788434283127981e-05,1.1514240434430868e-05
r_1m_mean,1095,1392,9.921110915294919e-06,-9.337792167386401e-06,2.854140686621523e-05
r_1m_mean,1096,1392,1.8292259965026252e-05,-7.185878183378172e-07,3.70651288282458e-05
r_1m_mean,1097,1390,-1.729944529342902e-05,-4.1618239685985286e-05,5.6984229512667445e-06
r_1m_mean,1098,1392,-1.4742484299288429e-05,-3.0509514587695404e-05,1.4949040248862858e-06
r_1m_mean,1099,1391,2.998893948140458e-06,-1.493258622824924e-05,1.8836397473157615e-05
r_1m_mean,1100,1389,-5.158042751168096e-06,-2.1971359165930253e-05,1.1120844905085364e-05
r_1m_mean,1101,1390,2.287472402864977e-05,8.072095569865054e-06,3.606881160836217e-05
r_1m_mean,1102,1391,-1.419547733209407e-05,-2.7287035174605787e-05,-1.3037339646772408e-06
r_1m_mean,1103,1391,3.210878628780505e-06,-1.1111491404596626e-05,1.831043425445858e-05
r_1m_mean,1104,1393,-1.8271978730244903e-06,-1.738352383478332e-05,1.3758965455540983e-05
r_1m_mean,1105,1392,-7.186161824697482e-07,-1.5178773602478129e-05,1.155611691508928e-05
r_1m_mean,1106,1391,4.227159832757872e-06,-1.0850770026019367e-05,1.8249383468152452e-05
r_1m_mean,1107,1390,9.772650142583277e-06,-4.329410838499538e-06,2.6845768716391785e-05
r_1m_mean,1108,1392,6.592689025305885e-06,-7.778352154009467e-06,2.2247352401854004e-05
r_1m_mean,1109,1393,2.0445581116769395e-06,-1.178017900169059e-05,1.7210496157710074e-05
r_1m_mean,1110,1389,-3.334178329542396e-06,-1.5084666970001447e-05,9.909420511597965e-06
r_1m_mean,1111,1389,3.5134833286840916e-05,1.787224039792265e-05,5.2491766833561164e-05
r_1m_mean,1112,1392,-1.6748567736705568e-05,-3.0425322852194354e-05,-3.024328430223243e-06
r_1m_mean,1113,1390,-1.0329607320736614e-05,-2.59451810826577e-05,1.6749787553182343e-06
r_1m_mean,1114,1393,-6.94891850558202e-06,-2.010529896397912e-05,4.416221978832562e-06
r_1m_mean,1115,1391,2.1900193267634677e-07,-1.5821453513386828e-05,1.8144311320742427e-05
r_1m_mean,1116,1390,6.383107465566927e-06,-6.793558031907435e-06,1.961942620494928e-05
r_1m_mean,1117,1389,-7.957191743960213e-06,-2.424743853298507e-05,8.186762231838803e-06
r_1m_mean,1118,1388,-6.689569609235404e-06,-2.0030278132955743e-05,1.0947481797515197e-05
r_1m_mean,1119,1391,-3.5036956301474554e-06,-1.7256965478680587e-05,1.1400471938827183e-05
r_1m_mean,1120,1395,8.061909283002493e-06,-4.977768865272571e-06,2.071134871786697e-05
r_1m_mean,1121,1394,9.887386152790784e-06,-4.855421604835927e-06,2.5020649736768915e-05
r_1m_mean,1122,1392,-1.1588286101115504e-05,-2.4010273088136488e-05,2.0698033630798795e-06
r_1m_mean,1123,1392,-5.529708274325008e-07,-1.3388670563377252e-05,1.18971572742116e-05
r_1m_mean,1124,1393,-7.202847560585433e-06,-2.1699416027780507e-05,4.179471599052547e-06
r_1m_mean,1125,1393,2.636448798707565e-06,-9.329585814502854e-06,1.3008993452147657e-05
r_1m_mean,1126,1391,2.1544634051205303e-05,7.2923037967930094e-06,3.630539563288009e-05
r_1m_mean,1127,1388,-1.4238402214422126e-05,-2.598419857478638e-05,-2.0176100511235488e-06
r_1m_mean,1128,1388,-5.992126771469943e-06,-1.8100777584860846e-05,7.805267492812306e-06
r_1m_mean,1129,1388,-4.388901444653571e-06,-1.5643749554553553e-05,7.893481607755563e-06
r_1m_mean,1130,1391,1.7739170083237298e-07,-1.2334104598808467e-05,1.2716391286825171e-05
r_1m_mean,1131,1391,2.9741020066988394e-06,-8.972821804460903e-06,1.5044281250772763e-05
r_1m_mean,1132,1388,-5.366548515509675e-06,-2.0092064658445834e-05,7.276495512325865e-06
r_1m_mean,1133,1390,6.214284209600196e-06,-5.265753869951088e-06,1.8795843509192875e-05
r_1m_mean,1134,1392,1.7798447090015674e-06,-1.18286074826273e-05,1.2079172552019974e-05
r_1m_mean,1135,1391,1.1962116001275456e-05,1.2652906459582956e-06,2.5315253110002827e-05
r_1m_mean,1136,1388,-4.3744221539249105e-07,-1.1760593772530517e-05,9.9047152913393e-06
r_1m_mean,1137,1388,-9.072603946525976e-07,-1.2611065464725853e-05,1.2126281745207496e-05
r_1m_mean,1138,1394,4.2847623859228215e-06,-9.65004740801565e-06,1.536331855910876e-05
r_1m_mean,1139,1389,6.737303737184545e-06,-4.556131789808689e-06,1.899290345757412e-05
r_1m_mean,1140,1391,-1.5383742496127233e-06,-1.3469395932712549e-05,9.116770850395184e-06
r_1m_mean,1141,1393,4.22824280271946e-05,2.7227929583091352e-05,5.8453015374868104e-05
r_1m_mean,1142,1389,-3.052579426275835e-05,-4.472237158074377e-05,-1.6935013851766674e-05
r_1m_mean,1143,1390,-1.333138652608348e-07,-1.471901849865249e-05,1.4928438505265985e-05
r_1m_mean,1144,1393,-1.9735836901467366e-06,-1.7103556027611454e-05,9.444431842467698e-06
r_1m_mean,1145,1393,2.450916123080248e-06,-9.51845645046278e-06,1.4904491033830623e-05
r_1m_mean,1146,1394,2.2429058060793173e-06,-1.2372299445856269e-05,1.7425749993093207e-05
r_1m_mean,1147,1393,1.1379251681789941e-06,-1.1978326131244946e-05,1.5517367279701658e-05
r_1m_mean,1148,1390,-1.0646013151913706e-05,-2.310069436713792e-05,3.224747771412514e-06
r_1m_mean,1149,1389,-4.225247288506296e-06,-1.9183346535746536e-05,1.1527149335974896e-05
r_1m_mean,1150,1391,-1.2591667549549962e-06,-1.41053051286667e-05,1.2164535627892274e-05
r_1m_mean,1151,1389,9.270731084313621e-06,-4.996565183054945e-06,2.5983516232180594e-05
r_1m_mean,1152,1388,-4.516204591284233e-06,-1.7033203949469283e-05,6.535089584560805e-06
r_1m_mean,1153,1391,-2.1204964072608917e-06,-1.2769133170926205e-05,1.068298724098494e-05
r_1m_mean,1154,1393,-6.624313714177861e-06,-1.9130518250312004e-05,5.214445082593183e-06
r_1m_mean,1155,1387,2.5478443443329482e-06,-9.036422623243247e-06,1.570802975714504e-05
r_1m_mean,1156,1388,7.859617665910002e-06,-5.901482197467933e-06,2.258158400590053e-05
r_1m_mean,1157,1391,-9.626428351110867e-06,-2.5408913260123427e-05,5.747311376165615e-06
r_1m_mean,1158,1390,7.472888978628008e-07,-1.0950499895258633e-05,1.5554014178368126e-05
r_1m_mean,1159,1391,-8.323881543311496e-06,-2.028621155680608e-05,2.013024376532197e-06
r_1m_mean,1160,1394,-7.839079009222925e-06,-2.0679680539504947e-05,4.132080749185327e-06
r_1m_mean,1161,1394,1.4128508903269364e-05,-5.327927887054175e-07,2.9061832384086363e-05
r_1m_mean,1162,1393,-1.6198761478305746e-06,-1.4676158951803888e-05,1.1877695885996803e-05
r_1m_mean,1163,1391,-3.6333489502358143e-06,-1.3875824285834516e-05,5.932062595893745e-06
r_1m_mean,1164,1389,-6.403410942553182e-07,-1.1036060658815333e-05,1.0511366507719585e-05
r_1m_mean,1165,1390,9.780720514789912e-06,-2.732952213605666e-06,2.4289622089569816e-05
r_1m_mean,1166,1394,1.0645411019416538e-06,-1.238390994663265e-05,1.4405498161875224e-05
r_1m_mean,1167,1390,5.0935149079565835e-06,-7.060739190121216e-06,1.7299754929276913e-05
r_1m_mean,1168,1389,-1.637919376986303e-06,-1.3924331444554929e-05,1.098892759022331e-05
r_1m_mean,1169,1391,6.846409820703847e-07,-9.52689981922758e-06,1.2531270953889482e-05
r_1m_mean,1170,1391,-6.780289768963689e-06,-1.961276358077658e-05,4.2362906992647755e-06
r_1m_mean,1171,1391,1.244925633110301e-06,-1.369240589690122e-05,1.633907089222004e-05
r_1m_mean,1172,1389,2.9627640986601925e-06,-1.190009741225763e-05,1.5833544844345932e-05
r_1m_mean,1173,1390,3.3222207591007213e-06,-8.98564168038408e-06,1.4132723773899457e-05
r_1m_mean,1174,1390,9.555857091800514e-06,-2.8859330605701585e-06,2.1573724824500867e-05
r_1m_mean,1175,1390,-4.13207162367233e-06,-1.3430174700063493e-05,7.741589973392406e-06
r_1m_mean,1176,1393,1.1715660323735963e-06,-1.0518293895550615e-05,1.3939416912908691e-05
r_1m_mean,1177,1392,-6.646069179352247e-06,-2.1941251500674008e-05,8.453358809392749e-06
r_1m_mean,1178,1390,5.527872254895738e-06,-5.102612051054058e-06,1.8417103841522417e-05
r_1m_mean,1179,1389,-1.072649535834166e-05,-2.272331143933965e-05,1.2712341467668795e-06
r_1m_mean,1180,1393,-2.7915737437100828e-06,-1.3242493469202322e-05,7.13189062526876e-06
r_1m_mean,1181,1390,3.251645109384628e-06,-8.985534613789666e-06,1.4961245961526374e-05
r_1m_mean,1182,1389,-5.30838796081548e-06,-1.640251614915065e-05,7.682019022413956e-06
r_1m_mean,1183,1389,1.162734618636778e-05,2.975858835418985e-07,2.2054452837501142e-05
r_1m_mean,1184,1389,2.0680890977433984e-06,-8.47040902218157e-06,1.1604025746955814e-05
r_1m_mean,1185,1391,6.559014648452216e-06,-5.186305257637173e-06,1.8096820226799923e-05
r_1m_mean,1186,1393,-3.6549698979080643e-06,-1.940791365725269e-05,1.1053697274913002e-05
r_1m_mean,1187,1394,2.7309395637592206e-06,-9.354931354864049e-06,1.6705192991039887e-05
r_1m_mean,1188,1393,-7.344450268552713e-06,-1.8896232768313864e-05,3.4983791407307992e-06
r_1m_mean,1189,1393,5.626880817998258e-06,-5.188562474310598e-06,1.583357185078366e-05
r_1m_mean,1190,1394,-2.152898896863563e-06,-1.4193321162575026e-05,1.1387189541540245e-05
r_1m_mean,1191,1392,-8.695698726313847e-06,-1.921443699420673e-05,3.133916700542962e-06
r_1m_mean,1192,1391,6.198291455334389e-06,-5.89839853889988e-06,1.7395750792513736e-05
r_1m_mean,1193,1394,-7.032248982842651e-06,-2.1416866930146434e-05,5.58763629127489e-06
r_1m_mean,1194,1395,-5.884494960037307e-06,-1.9062121805179598e-05,5.123531838333421e-06
r_1m_mean,1195,1392,-5.9968126008137605e-06,-1.790109770115194e-05,3.731400131427801e-06
r_1m_mean,1196,1392,7.72836941522026e-06,-5.533341807245015e-06,2.2816014496452487e-05
r_1m_mean,1197,1393,7.755608288068278e-06,-4.280996612625675e-06,1.9748967975262355e-05
r_1m_mean,1198,1393,5.226643263867336e-06,-5.6730032397898414e-06,1.7621420819368806e-05
r_1m_mean,1199,1392,9.477275319666732e-06,-2.9297727663003075e-06,2.0918561388683484e-05
r_1m_mean,1200,1391,-2.3086101218824215e-06,-1.6497270604583708e-05,1.0646341840171e-05
r_1m_mean,1201,1391,8.27813366802891e-06,-1.188867432374618e-05,2.920161609426589e-05
r_1m_mean,1202,1395,-2.3943474873079587e-05,-4.308698610967444e-05,-7.100668229380652e-06
r_1m_mean,1203,1395,-1.5403239078370453e-06,-1.8945869191297183e-05,1.762413576040195e-05
r_1m_mean,1204,1395,8.365470006934422e-07,-1.3815503016811432e-05,1.5039728841382869e-05
r_1m_mean,1205,1396,-1.1713288500374872e-05,-3.834063065603294e-05,1.0940452165026228e-05
r_1m_mean,1206,1395,3.754592406793615e-06,-1.3898586978492875e-05,2.5069598130128414e-05
r_1m_mean,1207,1395,2.7560023766141816e-06,-1.23041727736737e-05,1.6876040655880012e-05
r_1m_mean,1208,1395,-5.12613470155748e-06,-2.13915584993921e-05,1.2183912014311728e-05
r_1m_mean,1209,1394,1.3271747358003727e-05,-2.1406813888184044e-06,2.8724615936681617e-05
r_1m_mean,1210,1396,1.3106089633961342e-06,-1.318093432487397e-05,1.6180206484086957e-05
r_1m_mean,1211,1392,-1.1285183179338122e-05,-2.6898335669052306e-05,5.599477559892741e-06
r_1m_mean,1212,1393,1.007073482307113e-05,-3.5962876863695137e-06,2.5983835617169797e-05
r_1m_mean,1213,1394,-1.371499328569253e-06,-1.322663650141316e-05,1.1825218771758933e-05
r_1m_mean,1214,1393,-1.1485159954161685e-06,-1.527492135223886e-05,1.312497090495655e-05
r_1m_mean,1215,1391,-4.145568719575437e-06,-1.8969296911900106e-05,1.0216687214809842e-05
r_1m_mean,1216,1391,1.0346875899848498e-05,-9.604307231592013e-06,2.809855139224333e-05
r_1m_mean,1217,1389,1.0858907093032093e-05,-4.7280965658844665e-06,2.587254183309066e-05
r_1m_mean,1218,1391,5.906443903062123e-06,-9.957004485697861e-06,2.094801195037646e-05
r_1m_mean,1219,1392,-6.069091257283827e-06,-2.0115245026989577e-05,8.24157928817515e-06
r_1m_mean,1220,1393,9.551432414239891e-06,-2.0191391453493425e-06,2.1251579853471503e-05
r_1m_mean,1221,1394,-1.4615239565652e-06,-1.4773637856332403e-05,1.1005474649954847e-05
r_1m_mean,1222,1394,1.654093901784983e-05,2.9585059466067482e-06,2.9123167803284992e-05
r_1m_mean,1223,1395,-7.307310898660047e-06,-2.0583345143950478e-05,6.486717558588271e-06
r_1m_mean,1224,1396,7.92339640563249e-06,-3.918382227583675e-06,2.3065509838841823e-05
r_1m_mean,1225,1395,8.655355870182377e-06,-4.218860971188188e-06,2.0135036578021993e-05
r_1m_mean,1226,1394,8.17997732155455e-06,-6.646165714815786e-06,2.2020804347431e-05
r_1m_mean,1227,1394,-5.333799121340239e-06,-1.8489739022601163e-05,7.38450395678821e-06
r_1m_mean,1228,1395,8.440184044243729e-07,-1.3730736197511814e-05,1.4114595252862662e-05
r_1m_mean,1229,1394,3.929878825778011e-06,-6.842290870409405e-06,1.6059731462181982e-05
r_1m_mean,1230,1393,4.848080841220451e-06,-8.304847426946683e-06,1.5996519286989735e-05
r_1m_mean,1231,1393,5.137712526459096e-06,-1.1467532415003666e-05,2.2308756118083672e-05
r_1m_mean,1232,1392,-1.8396333963357062e-06,-2.0133116491726874e-05,1.4705579496563773e-05
r_1m_mean,1233,1393,-5.940379707609088e-06,-2.0979757645781698e-05,9.052671400391659e-06
r_1m_mean,1234,1392,-4.288958043644998e-06,-1.9692109945302127e-05,1.0652914423976419e-05
r_1m_mean,1235,1391,4.88514884107844e-07,-1.1757352498372491e-05,1.2534393459797792e-05
r_1m_mean,1236,1393,-1.1799252900314184e-05,-2.8470324752013763e-05,2.5555634062649042e-06
r_1m_mean,1237,1394,9.023535204404464e-06,-3.69134218067141e-06,2.279213672438796e-05
r_1m_mean,1238,1395,2.842181897653464e-06,-8.878047874166539e-06,1.5087748626839605e-05
r_1m_mean,1239,1394,-1.5710828840586679e-06,-1.5535165362053284e-05,9.842418373662125e-06
r_1m_mean,1240,1390,-1.919883956322349e-06,-1.6331530340596766e-05,1.1385765461388553e-05
r_1m_mean,1241,1390,5.4009688288292085e-06,-7.261212702790158e-06,1.7732790646559337e-05
r_1m_mean,1242,1395,-1.3599576895517128e-06,-1.2796009870836473e-05,1.183358118640003e-05
r_1m_mean,1243,1393,2.0566362166327383e-06,-1.0329238796602865e-05,1.645554241791305e-05
r_1m_mean,1244,1392,-6.020353569444916e-06,-1.9025806945077258e-05,8.815706837705938e-06
r_1m_mean,1245,1392,5.655571524500953e-07,-1.1956771107546528e-05,1.2454536014632707e-05
r_1m_mean,1246,1393,-1.7968466440789171e-06,-1.558970475519613e-05,1.191491231370232e-05
r_1m_mean,1247,1393,-9.736288774145877e-08,-1.4187807201975083e-05,1.2781799842255647e-05
r_1m_mean,1248,1392,4.226256009721085e-06,-9.739723536311454e-06,2.0706094641967485e-05
r_1m_mean,1249,1393,3.0016460206068625e-06,-9.802951777290569e-06,1.4575090501053265e-05
r_1m_mean,1250,1393,-3.4509395802172668e-06,-1.5022982740874387e-05,7.42160306522367e-06
r_1m_mean,1251,1394,-7.119673798014562e-07,-1.470209078731202e-05,1.539994233962059e-05
r_1m_mean,1252,1392,8.518198387341398e-06,-5.0666011806021315e-06,2.1166787991737694e-05
r_1m_mean,1253,1390,1.0843513392756683e-05,-2.6886186566935496e-06,2.5873160256484614e-05
r_1m_mean,1254,1392,-5.106762044728318e-06,-1.4196363833252887e-05,6.80018159802788e-06
r_1m_mean,1255,1393,-5.434583033314733e-06,-1.7347259868040933e-05,6.804744577782761e-06
r_1m_mean,1256,1393,3.4122015078697163e-06,-1.0292698724003228e-05,1.6433795674107188e-05
r_1m_mean,1257,1391,7.587270458623724e-06,-5.904857128658564e-06,2.3193632411076062e-05
r_1m_mean,1258,1389,1.0282507441389306e-06,-1.2616194057957196e-05,1.4372144900672699e-05
r_1m_mean,1259,1391,-8.175462459944067e-06,-2.0644811230559545e-05,5.380285441979243e-06
r_1m_mean,1260,1393,5.460088166438698e-07,-1.3309396570426033e-05,1.1159414710971152e-05
r_1m_mean,1261,1393,8.088079886947565e-06,-6.200663501549645e-06,2.3377246528050144e-05
r_1m_mean,1262,1393,2.514476902753663e-06,-1.1808590080296989e-05,1.6920478909717693e-05
r_1m_mean,1263,1394,1.3501297519662588e-06,-1.204763291382764e-05,1.4863995916586951e-05
r_1m_mean,1264,1396,1.601836425009281e-06,-1.2233600986233357e-05,1.4844612669760459e-05
r_1m_mean,1265,1394,-1.176201951258178e-05,-2.7032418520236945e-05,6.365250856399845e-06
r_1m_mean,1266,1392,-8.032138202582413e-08,-1.3141253493811677e-05,1.2984188694131056e-05
r_1m_mean,1267,1393,-7.584034102846871e-06,-2.1133477146900017e-05,5.039024903238883e-06
r_1m_mean,1268,1394,2.887754022474139e-06,-8.8458029110216e-06,1.691897191283934e-05
r_1m_mean,1269,1395,1.5283987189506633e-05,1.917865781042832e-06,2.7715780938594642e-05
r_1m_mean,1270,1397,-1.8568262232258575e-05,-3.123307775967204e-05,-4.878665267600808e-06
r_1m_mean,1271,1395,3.7675930631630433e-06,-9.517862557595101e-06,1.6467028668227748e-05
r_1m_mean,1272,1392,-1.1926802313986385e-06,-1.2849049245846674e-05,1.1196343953415682e-05
r_1m_mean,1273,1393,-2.936409986838983e-06,-1.5350896771184143e-05,9.815229695622625e-06
r_1m_mean,1274,1394,4.34041033074019e-06,-8.745359838250688e-06,1.4635931581167621e-05
r_1m_mean,1275,1394,3.3649210119383285e-06,-9.808362307949204e-06,1.6291451827425443e-05
r_1m_mean,1276,1393,7.3857183816814574e-06,-1.2066445275946868e-05,2.504042655947537e-05
r_1m_mean,1277,1395,-4.783934260268799e-06,-1.9971306166239014e-05,7.96613102770513e-06
r_1m_mean,1278,1394,-5.222527512202371e-07,-1.2990216401336989e-05,1.2158655189139002e-05
r_1m_mean,1279,1394,8.678078380136564e-06,-4.28900675711946e-06,1.9488536815507607e-05
r_1m_mean,1280,1393,9.29290680506855e-07,-1.5980525291385614e-05,1.500952275236792e-05
r_1m_mean,1281,1395,4.747298744900778e-06,-9.752351095102802e-06,2.078929650701717e-05
r_1m_mean,1282,1392,-5.561803046875099e-06,-1.8900757005464246e-05,7.974717438155143e-06
r_1m_mean,1283,1391,-1.025863283992127e-05,-2.2140269091036872e-05,2.48011036599094e-06
r_1m_mean,1284,1393,-6.8337667527204746e-06,-2.0475475758852104e-05,6.130022683484919e-06
r_1m_mean,1285,1394,-5.767547230529443e-06,-1.969507057027023e-05,6.478248432062245e-06
r_1m_mean,1286,1391,1.2444794045325412e-05,-9.937679268571779e-08,2.7400276251849807e-05
r_1m_mean,1287,1390,-7.5171102719830335e-06,-2.3801907279753738e-05,4.264817335827597e-06
r_1m_mean,1288,1391,-6.147147324765494e-06,-1.8090024248775816e-05,5.727969709178598e-06
r_1m_mean,1289,1393,-6.245299572452592e-06,-1.987533194068803e-05,4.836751852356076e-06
r_1m_mean,1290,1391,-3.2059465638806637e-06,-1.543418326515132e-05,8.952328348391587e-06
r_1m_mean,1291,1392,-1.0402728881940765e-05,-2.6832350850902977e-05,5.602306601036882e-06
r_1m_mean,1292,1395,9.412623853972791e-06,-5.423208434891178e-06,2.5778905027465753e-05
r_1m_mean,1293,1395,4.390731192697807e-06,-9.194258835352994e-06,1.656459367894669e-05
r_1m_mean,1294,1395,-3.7851896073817792e-06,-1.7985318685615303e-05,1.1472710147090751e-05
r_1m_mean,1295,1395,8.330518567177146e-06,-6.335244341288904e-06,2.162811324725419e-05
r_1m_mean,1296,1393,6.01930926975863e-06,-7.90512893205975e-06,2.0898726511482236e-05
r_1m_mean,1297,1393,-8.08256154310189e-06,-2.3584925115804203e-05,9.930233141956005e-06
r_1m_mean,1298,1391,-1.3596016242592192e-06,-1.5922541320921964e-05,1.120156399848751e-05
r_1m_mean,1299,1390,6.278439019418855e-06,-6.650390171966888e-06,2.007337137358608e-05
r_1m_mean,1300,1392,-7.678082806136033e-06,-2.151580472028156e-05,4.4665832372158975e-06
r_1m_mean,1301,1391,-4.38963046777892e-06,-1.826783715963653e-05,1.116396992714264e-05
r_1m_mean,1302,1390,-4.284946187743244e-07,-1.4735112508206545e-05,1.3764402026104075e-05
r_1m_mean,1303,1392,-6.071716752231754e-06,-1.8025131222921378e-05,5.8258389022971824e-06
r_1m_mean,1304,1392,8.929909207944169e-07,-1.1281209641603928e-05,1.35894209177436e-05
r_1m_mean,1305,1391,-2.7306612755479242e-06,-1.6455338261665342e-05,1.0204887608904709e-05
r_1m_mean,1306,1392,1.3284005067862808e-06,-1.3217460628452938e-05,1.4281688145795915e-05
r_1m_mean,1307,1391,7.1254423074441255e-06,-5.551205713775984e-06,1.8662177538795553e-05
r_1m_mean,1308,1391,1.1016347117024461e-05,-4.61261626469382e-06,2.8985772593991124e-05
r_1m_mean,1309,1395,3.3000061778998565e-06,-9.389758462981697e-06,1.548870222927978e-05
r_1m_mean,1310,1396,3.279572478059867e-06,-1.1992222734135526e-05,1.7627870264084794e-05
r_1m_mean,1311,1394,1.5129912323929189e-05,6.100737152677488e-07,2.8041131850997742e-05
r_1m_mean,1312,1395,-6.894370689124603e-06,-1.945972289037036e-05,5.897899076569395e-06
r_1m_mean,1313,1396,7.981186023022261e-06,-2.9905698870064835e-06,2.0588984175075525e-05
r_1m_mean,1314,1392,2.831898667950853e-06,-8.720191398932098e-06,1.489494110352156e-05
r_1m_mean,1315,1391,-5.271106137967154e-07,-1.2133585275500962e-05,1.2015087396583108e-05
r_1m_mean,1316,1391,-9.091892789232395e-06,-2.3722375358672547e-05,3.851944926650299e-06
r_1m_mean,1317,1391,-2.1086069115727296e-06,-1.2579773447470026e-05,9.359654923519016e-06
r_1m_mean,1318,1394,-2.4668387652983717e-06,-1.6453435870158695e-05,9.61910925874048e-06
r_1m_mean,1319,1392,-4.0124785961145654e-06,-1.824235530243875e-05,8.411526819932669e-06
r_1m_mean,1320,1392,7.370497074743976e-06,-5.3507054745665545e-06,2.1831110360782733e-05
r_1m_mean,1321,1392,-1.834047540296082e-06,-1.992286843021492e-05,1.677989788048045e-05
r_1m_mean,1322,1395,-4.01428287734631e-06,-1.8787691117461913e-05,1.1601987351928443e-05
r_1m_mean,1323,1397,8.54535510692945e-06,-3.5038651635460487e-06,2.219268366889995e-05
r_1m_mean,1324,1396,-4.375598519691812e-06,-1.6043937377205556e-05,6.647544860829108e-06
r_1m_mean,1325,1395,-7.61641825035257e-06,-2.180099649944449e-05,4.333194792185978e-06
r_1m_mean,1326,1394,-7.417726430890488e-07,-1.2797566405422177e-05,1.1800225603750036e-05
r_1m_mean,1327,1396,-6.552994431332557e-06,-2.0196865673893474e-05,5.643473113348048e-06
r_1m_mean,1328,1397,6.626208848847349e-06,-6.527839772417558e-06,1.743886030964907e-05
r_1m_mean,1329,1398,-7.929753785946438e-06,-2.1079954569308885e-05,3.4488326129543114e-06
r_1m_mean,1330,1397,-4.0861317779409645e-08,-1.4885309177155066e-05,1.5743841155617258e-05
r_1m_mean,1331,1396,-9.626652931209732e-06,-2.3839066077279695e-05,4.3976230418470635e-06
r_1m_mean,1332,1393,-1.526451467797379e-06,-1.4268588745062194e-05,1.074313009044476e-05
r_1m_mean,1333,1394,-2.7336873415408186e-06,-1.3998498428089057e-05,7.928326782336721e-06
r_1m_mean,1334,1395,-5.495733071710346e-06,-1.672417361829148e-05,5.7134032570517915e-06
r_1m_mean,1335,1393,1.0879435372954006e-05,5.6071004822280965e-09,2.0649936210180274e-05
r_1m_mean,1336,1396,1.0484444153738162e-05,-4.0614887005633795e-06,2.4014901189306086e-05
r_1m_mean,1337,1397,-1.0228949316131827e-06,-1.5144462448424116e-05,1.2395729971025965e-05
r_1m_mean,1338,1397,5.6475868410409625e-06,-4.474795485988529e-06,1.695863938979217e-05
r_1m_mean,1339,1395,2.8654203873203602e-06,-1.0116830016040849e-05,1.799151638579615e-05
r_1m_mean,1340,1394,3.187477691052136e-06,-9.167057485306087e-06,1.6630417561139997e-05
r_1m_mean,1341,1396,5.784676290858012e-06,-6.626213078224774e-06,1.92801250789831e-05
r_1m_mean,1342,1393,1.0722958433872035e-05,3.6881245198462834e-07,2.2991013333385886e-05
r_1m_mean,1343,1393,-2.1008238558557393e-06,-1.5353164620035875e-05,1.1570933370971969e-05
r_1m_mean,1344,1397,1.2747979702514927e-06,-1.1066947053171481e-05,1.1792435236339467e-05
r_1m_mean,1345,1397,-9.391014040887294e-06,-2.259029590930158e-05,2.9770031554760594e-06
r_1m_mean,1346,1396,1.4350352983674565e-05,2.9808199983532375e-06,2.589922226803081e-05
r_1m_mean,1347,1395,8.803688453834348e-06,-4.6461677409169e-06,2.2551728687210986e-05
r_1m_mean,1348,1396,-8.273766807504155e-06,-2.2325163046101143e-05,4.973406594456565e-06
r_1m_mean,1349,1394,-6.129847461361546e-06,-1.6092562617327548e-05,5.8457363531912014e-06
r_1m_mean,1350,1394,-1.725663536839042e-06,-1.158709857136401e-05,9.764814852707584e-06
r_1m_mean,1351,1393,-7.247996221521662e-06,-2.1620688423965552e-05,7.472674407905082e-06
r_1m_mean,1352,1393,-1.6325955237831723e-05,-2.8687365978990516e-05,-3.009580376360542e-06
r_1m_mean,1353,1396,6.256008963376034e-06,-5.028567559906911e-06,1.7765253417861118e-05
r_1m_mean,1354,1396,3.3036399406961625e-07,-1.4072113608410147e-05,1.4272120111039336e-05
r_1m_mean,1355,1396,-4.147755676510688e-06,-1.5037240209434746e-05,6.273624255437889e-06
r_1m_mean,1356,1394,9.348733620374997e-06,-3.976302220218792e-06,2.1937542524672925e-05
r_1m_mean,1357,1392,-4.447779808300002e-06,-1.754900320943719e-05,7.795073323085221e-06
r_1m_mean,1358,1396,4.2234274280216265e-06,-9.169958562076189e-06,1.742950054095376e-05
r_1m_mean,1359,1395,-2.224632285382856e-06,-1.53545689724827e-05,1.2396485101576245e-05
r_1m_mean,1360,1394,3.0563823823055603e-06,-9.293964192317707e-06,1.4099477979921214e-05
r_1m_mean,1361,1393,2.2937034885269626e-06,-1.0188364854360237e-05,1.4483693730274196e-05
r_1m_mean,1362,1391,-1.2179162218811014e-05,-2.3954205397337357e-05,-1.849068413791462e-06
r_1m_mean,1363,1391,-4.120453784653276e-06,-1.3530875867637618e-05,7.99078848737331e-06
r_1m_mean,1364,1393,1.1689760409052625e-05,-2.3460273856199966e-06,2.4002158595487964e-05
r_1m_mean,1365,1396,-1.0207482905644741e-05,-2.0058445688669727e-05,1.1284253044278863e-06
r_1m_mean,1366,1396,1.5197901648907658e-05,1.535702213831895e-06,2.708702668106302e-05
r_1m_mean,1367,1395,-8.560521944892472e-06,-2.1880329535763986e-05,3.1373088049513143e-06
r_1m_mean,1368,1394,-8.718324355696368e-06,-1.870120681794963e-05,1.168928785299686e-06
r_1m_mean,1369,1394,1.5156102755156612e-06,-8.522489901886006e-06,1.2236489571164801e-05
r_1m_mean,1370,1396,-6.578285185005189e-06,-1.5631469722743103e-05,3.3439845298465283e-06
r_1m_mean,1371,1395,9.926862073818062e-06,-1.1545980779314561e-06,2.103392961972423e-05
r_1m_mean,1372,1395,-1.8734522631359158e-06,-1.4233943032668514e-05,1.1618044906854386e-05
r_1m_mean,1373,1393,-6.460015345859496e-06,-1.7735848707310206e-05,4.390145178363524e-06
r_1m_mean,1374,1390,-8.281339848105968e-06,-1.865693459837103e-05,2.9480729265243524e-06
r_1m_mean,1375,1392,-2.884235573445787e-06,-1.4142217024252317e-05,8.030423958005547e-06
r_1m_mean,1376,1394,2.99459086552216e-06,-7.878010060505998e-06,1.4560174803050264e-05
r_1m_mean,1377,1393,-1.3702416230156887e-06,-1.1690443157886006e-05,1.0108112711981842e-05
r_1m_mean,1378,1392,-2.657089331299198e-06,-1.3390000873130522e-05,8.444398692264403e-06
r_1m_mean,1379,1392,-3.641634838725846e-06,-1.3448925974159802e-05,5.97276941715452e-06
r_1m_mean,1380,1393,-1.7449390066684348e-06,-1.1294978140802987e-05,8.60246306813367e-06
r_1m_mean,1381,1390,3.442232331226385e-05,2.317757347920699e-05,4.6427928488542725e-05
r_1m_mean,1382,1408,3.5585127392912e-06,-7.304849972791543e-06,1.5443915001154978e-05
r_1m_mean,1383,1407,-1.304905052417989e-05,-2.7291388127647135e-05,-1.7283135499549582e-06
r_1m_mean,1384,1408,-8.075020973969236e-06,-1.7819611389886638e-05,1.4289704505393668e-06
r_1m_mean,1385,1408,-8.86316630865316e-06,-1.9351787073567205e-05,3.7746384484245735e-06
r_1m_mean,1386,1409,-1.2186018516451432e-06,-1.3443447202431656e-05,1.1269218643566136e-05
r_1m_mean,1387,1411,3.7673949584994494e-06,-8.413285860035118e-06,1.4747004403458446e-05
r_1m_mean,1388,1411,1.7244286387339486e-06,-7.408522806926319e-06,1.095710682943006e-05
r_1m_mean,1389,1411,2.278656984641086e-06,-8.46545037821994e-06,1.3409898753263315e-05
r_1m_mean,1390,1408,3.730131469491665e-06,-7.346043604663729e-06,1.4105459629459948e-05
r_1m_mean,1391,1406,-2.411467565138157e-06,-1.3338126906571659e-05,7.840815062914604e-06
r_1m_mean,1392,1406,-7.940071403488696e-07,-1.0744274912187962e-05,9.80480300583696e-06
r_1m_mean,1393,1407,7.832773752697128e-06,-1.915337869643624e-06,1.7767157034283964e-05
r_1m_mean,1394,1408,1.154545370668607e-06,-9.191891021146392e-06,9.802265589780207e-06
r_1m_mean,1395,1410,-2.8652498134575412e-06,-1.1478476907796097e-05,7.33836626098348e-06
r_1m_mean,1396,1410,1.1528384944085602e-05,1.8976793010537716e-06,2.238969846326798e-05
r_1m_mean,1397,1408,-2.892381480426866e-06,-1.3528796292357781e-05,7.314199219448668e-06
r_1m_mean,1398,1406,-5.597930963886111e-06,-1.4917612235129938e-05,3.090279191536134e-06
r_1m_mean,1399,1407,-5.920686367245673e-06,-1.626667123550722e-05,4.3927930257351095e-06
r_1m_mean,1400,1407,-1.460958178877289e-06,-1.2157473915298656e-05,8.55264524240949e-06
r_1m_mean,1401,1406,-4.449216202604164e-06,-1.633625857173777e-05,6.057766076359401e-06
r_1m_mean,1402,1409,1.2021119724049238e-06,-1.2347493485854306e-05,1.5231739168698751e-05
r_1m_mean,1403,1411,3.72530298838239e-06,-5.911028140763619e-06,1.3857603426515305e-05
r_1m_mean,1404,1409,4.530577577256185e-06,-6.486167949221816e-06,1.7637139339813912e-05
r_1m_mean,1405,1410,7.4269335400876985e-06,-3.0038081919586796e-06,1.7573965896715494e-05
r_1m_mean,1406,1412,2.0332480069214856e-06,-7.806769857221025e-06,1.1070579133013561e-05
r_1m_mean,1407,1413,-1.55648037007258e-06,-1.2145508353928635e-05,7.629913834736438e-06
r_1m_mean,1408,1409,3.676167861069725e-06,-6.616243677923756e-06,1.5543232557993855e-05
r_1m_mean,1409,1408,3.7102799048053617e-06,-5.190240783056247e-06,1.3130277138556637e-05
r_1m_mean,1410,1410,6.0934152845291406e-06,-4.998820261720606e-06,1.534401421524251e-05
r_1m_mean,1411,1409,4.4958766080617126e-06,-9.112709860261577e-06,1.8765507644223645e-05
r_1m_mean,1412,1409,-9.781710086996698e-06,-2.2044909856333112e-05,6.934030230046056e-07
r_1m_mean,1413,1409,4.25347733993729e-06,-6.441858834144836e-06,1.6113650642578395e-05
r_1m_mean,1414,1411,-1.2035343382189356e-05,-2.427550844654846e-05,3.9833190859096026e-07
r_1m_mean,1415,1412,-4.669028082803918e-06,-1.4088336996109223e-05,6.3921957131141085e-06
r_1m_mean,1416,1410,-4.7800769997004965e-06,-1.551861836594243e-05,7.327891409152517e-06
r_1m_mean,1417,1409,2.0275271920439225e-06,-9.04974158324832e-06,1.3409652878427854e-05
r_1m_mean,1418,1409,-4.8370836018413315e-06,-1.5768524039017552e-05,5.972224575437864e-06
r_1m_mean,1419,1408,-2.3183967617505273e-07,-1.03299868781378e-05,1.077570757196235e-05
r_1m_mean,1420,1407,-2.4306868848823827e-06,-1.239927162231386e-05,7.656675656135562e-06
r_1m_mean,1421,1406,-9.500320979740986e-06,-2.2376439249087807e-05,1.5372143635941936e-06
r_1m_mean,1422,1408,-6.418515380713075e-06,-1.9711186149773047e-05,5.09629394378468e-06
r_1m_mean,1423,1408,-4.693156284943987e-06,-1.6078218315470524e-05,5.559780639754095e-06
r_1m_mean,1424,1407,-1.100739433388722e-05,-2.0554260065851006e-05,-2.1101877185518024e-06
r_1m_mean,1425,1408,3.947751965773043e-06,-6.024206446616185e-06,1.407299012524641e-05
r_1m_mean,1426,1409,1.8253756961330625e-05,7.90642300716916e-06,2.8962690764553404e-05
r_1m_mean,1427,1408,-1.1724390065853873e-06,-1.2576972058129173e-05,1.1532839524003313e-05
r_1m_mean,1428,1406,-5.131564690220957e-06,-1.418706078644381e-05,5.215636099624505e-06
r_1m_mean,1429,1404,-5.714559410883036e-07,-1.2915099771109864e-05,1.1135576320800625e-05
r_1m_mean,1430,1406,-2.9350312232534963e-06,-1.1777568101846133e-05,6.626716910309436e-06
r_1m_mean,1431,1407,6.118078990206617e-06,-2.153907005419581e-06,1.5044649925220867e-05
r_1m_mean,1432,1408,5.686132089856372e-06,-4.777672435867372e-06,1.5227601675562846e-05
r_1m_mean,1433,1402,2.5853769158488965e-06,-6.6020968115718026e-06,9.568563004738215e-06
r_1m_mean,1434,1402,6.752080308089894e-06,-9.697637021742718e-07,1.586744176603634e-05
r_1m_mean,1435,1408,-2.6011046715250593e-06,-1.1066807722293476e-05,5.15590559806118e-06
r_1m_mean,1436,1411,-7.726965818155488e-06,-1.6134766089799516e-05,2.3302864791161766e-06
r_1m_mean,1437,1410,-2.0785332768327313e-06,-1.06791422900497e-05,7.159858653444313e-06
r_1m_mean,1438,1408,7.004260599298653e-06,-2.0187406962517607e-06,1.60665818913257e-05
r_1m_mean,1439,1404,-4.389981520875642e-06,-1.3967823993527278e-05,4.49504376044645e-06
r_1m_median,0,1406,0.0,0.0,1.2128191887416006e-05
r_1m_median,1,1412,0.0,-1.4641669788682968e-05,0.0
r_1m_median,2,1414,0.0,0.0,0.0
r_1m_median,3,1412,0.0,0.0,0.0
r_1m_median,4,1412,0.0,0.0,0.0
r_1m_median,5,1411,0.0,0.0,0.0
r_1m_median,6,1407,0.0,0.0,0.0
r_1m_median,7,1407,0.0,0.0,0.0
r_1m_median,8,1408,0.0,0.0,0.0
r_1m_median,9,1407,0.0,0.0,1.5274880988019745e-05
r_1m_median,10,1409,0.0,0.0,0.0
r_1m_median,11,1412,0.0,0.0,1.1825057002474436e-05
r_1m_median,12,1408,0.0,0.0,0.0
r_1m_median,13,1408,0.0,0.0,1.1567433968559413e-05
r_1m_median,14,1409,0.0,0.0,0.0
r_1m_median,15,1407,0.0,0.0,0.0
r_1m_median,16,1406,0.0,0.0,0.0
r_1m_median,17,1408,0.0,0.0,0.0
r_1m_median,18,1408,0.0,0.0,0.0
r_1m_median,19,1410,0.0,-1.2405793505680502e-05,0.0
r_1m_median,20,1407,0.0,0.0,0.0
r_1m_median,21,1407,0.0,0.0,0.0
r_1m_median,22,1410,-1.16210584105288e-05,-1.6262110182608166e-05,0.0
r_1m_median,23,1407,0.0,0.0,0.0
r_1m_median,24,1406,0.0,0.0,0.0
r_1m_median,25,1404,0.0,0.0,0.0
r_1m_median,26,1406,0.0,-1.4708282638764388e-05,0.0
r_1m_median,27,1404,0.0,0.0,0.0
r_1m_median,28,1406,0.0,0.0,0.0
r_1m_median,29,1404,0.0,0.0,0.0
r_1m_median,30,1405,0.0,-1.1265506572155864e-05,0.0
r_1m_median,31,1409,1.527008971213053e-05,0.0,1.8477191546917656e-05
r_1m_median,32,1411,0.0,0.0,0.0
r_1m_median,33,1407,0.0,0.0,0.0
r_1m_median,34,1407,0.0,0.0,0.0
r_1m_median,35,1407,0.0,0.0,1.4865152113138646e-05
r_1m_median,36,1407,0.0,0.0,0.0
r_1m_median,37,1410,0.0,0.0,1.2417851817473103e-05
r_1m_median,38,1409,0.0,-1.3651038503016378e-05,0.0
r_1m_median,39,1409,0.0,0.0,0.0
r_1m_median,40,1411,0.0,-1.3191154165981987e-05,0.0
r_1m_median,41,1407,0.0,0.0,0.0
r_1m_median,42,1407,0.0,0.0,0.0
r_1m_median,43,1410,0.0,0.0,0.0
r_1m_median,44,1409,0.0,0.0,0.0
r_1m_median,45,1405,0.0,0.0,1.1840375858060004e-05
r_1m_median,46,1405,0.0,0.0,0.0
r_1m_median,47,1407,0.0,0.0,0.0
r_1m_median,48,1406,0.0,0.0,0.0
r_1m_median,49,1400,0.0,0.0,0.0
r_1m_median,50,1405,0.0,0.0,0.0
r_1m_median,51,1408,0.0,-1.2024764086415777e-05,0.0
r_1m_median,52,1410,0.0,0.0,1.1252317381295385e-05
r_1m_median,53,1408,0.0,0.0,0.0
r_1m_median,54,1405,0.0,0.0,0.0
r_1m_median,55,1407,0.0,0.0,0.0
r_1m_median,56,1410,0.0,0.0,1.2343463696800463e-05
r_1m_median,57,1406,0.0,0.0,1.2452796269364197e-05
r_1m_median,58,1402,0.0,-1.14120178477087e-05,0.0
r_1m_median,59,1404,0.0,0.0,1.306915761741498e-05
r_1m_median,60,1405,0.0,0.0,0.0
r_1m_median,61,1410,0.0,-1.675785734076845e-05,0.0
r_1m_median,62,1410,0.0,0.0,1.6267932986507613e-05
r_1m_median,63,1409,0.0,-1.2523549268553927e-05,0.0
r_1m_median,64,1407,0.0,0.0,1.212398899527204e-05
r_1m_median,65,1406,0.0,0.0,1.3343018505996075e-05
r_1m_median,66,1409,0.0,-1.1228196246487505e-05,0.0
r_1m_median,67,1405,0.0,0.0,0.0
r_1m_median,68,1409,0.0,-1.5044640824656716e-05,0.0
r_1m_median,69,1407,0.0,-1.1780979385105983e-05,0.0
r_1m_median,70,1405,0.0,-1.4329020267192333e-05,0.0
r_1m_median,71,1407,0.0,0.0,0.0
r_1m_median,72,1407,0.0,0.0,1.3733380738875762e-05
r_1m_median,73,1409,0.0,0.0,0.0
r_1m_median,74,1409,0.0,-1.244439902580507e-05,0.0
r_1m_median,75,1405,0.0,0.0,1.3359428750965858e-05
r_1m_median,76,1408,1.2610828804930183e-05,0.0,1.9833067030723926e-05
r_1m_median,77,1409,0.0,0.0,3.0310203280773827e-06
r_1m_median,78,1406,0.0,0.0,0.0
r_1m_median,79,1405,0.0,0.0,0.0
r_1m_median,80,1405,0.0,0.0,1.2185991291217539e-05
r_1m_median,81,1405,0.0,0.0,1.6514104816953346e-05
r_1m_median,82,1408,0.0,-1.239231940259731e-05,0.0
r_1m_median,83,1411,0.0,0.0,1.2208952021471511e-05
r_1m_median,84,1408,0.0,0.0,0.0
r_1m_median,85,1408,0.0,0.0,0.0
r_1m_median,86,1410,0.0,0.0,1.1563805041614842e-05
r_1m_median,87,1408,0.0,-1.3814301946508546e-05,0.0
r_1m_median,88,1408,0.0,0.0,0.0
r_1m_median,89,1409,1.2349719352724089e-05,0.0,1.6556674328392155e-05
r_1m_median,90,1408,0.0,0.0,1.629234992750723e-05
r_1m_median,91,1405,1.3408330596070387e-05,0.0,1.926567326734591e-05
r_1m_median,92,1405,0.0,-1.684039665648046e-05,0.0
r_1m_median,93,1408,0.0,-1.265219400674721e-05,0.0
r_1m_median,94,1409,0.0,0.0,1.4900651396015073e-05
r_1m_median,95,1409,0.0,0.0,0.0
r_1m_median,96,1408,0.0,-1.1810767877232157e-05,0.0
r_1m_median,97,1409,0.0,-1.2235740222745648e-05,0.0
r_1m_median,98,1408,0.0,0.0,1.1510486626900329e-05
r_1m_median,99,1408,0.0,0.0,1.275898717357824e-05
r_1m_median,100,1408,0.0,0.0,0.0
r_1m_median,101,1409,0.0,0.0,0.0
r_1m_median,102,1406,0.0,0.0,0.0
r_1m_median,103,1407,0.0,0.0,1.257118160742751e-05
r_1m_median,104,1407,0.0,0.0,1.4146706889530734e-05
r_1m_median,105,1408,0.0,0.0,1.2632882129138929e-05
r_1m_median,106,1408,0.0,-1.3001334396803197e-05,0.0
r_1m_median,107,1409,0.0,-1.6161898330377107e-05,0.0
r_1m_median,108,1410,0.0,0.0,0.0
r_1m_median,109,1405,0.0,0.0,1.3459791869077481e-05
r_1m_median,110,1403,0.0,0.0,1.1545581485200957e-05
r_1m_median,111,1408,0.0,-1.3141135742294543e-05,1.2184154065376605e-05
r_1m_median,112,1410,0.0,0.0,1.208416437951976e-05
r_1m_median,113,1409,0.0,0.0,1.3781486553058259e-05
r_1m_median,114,1408,0.0,0.0,0.0
r_1m_median,115,1409,0.0,0.0,0.0
r_1m_median,116,1410,1.2843241155599066e-05,0.0,1.8275918813274508e-05
r_1m_median,117,1410,0.0,-1.604233000651034e-05,0.0
r_1m_median,118,1409,0.0,0.0,1.3178530178845096e-05
r_1m_median,119,1410,0.0,0.0,1.3721939894746733e-05
r_1m_median,120,1411,0.0,0.0,1.6529359954319288e-05
r_1m_median,121,1412,-3.35964897648491e-05,-5.040129314103087e-05,-1.975715130653215e-05
r_1m_median,122,1412,0.0,-1.9454685175150822e-05,0.0
r_1m_median,123,1413,0.0,-1.188750622826427e-05,1.587570771841316e-05
r_1m_median,124,1412,0.0,-1.6645384627172177e-05,1.4014026099980706e-05
r_1m_median,125,1413,0.0,-1.22215505739954e-05,0.0
r_1m_median,126,1411,0.0,-1.5249830345927073e-05,1.1691052253230863e-05
r_1m_median,127,1411,0.0,-1.244748716372989e-05,1.2117613557267543e-05
r_1m_median,128,1411,0.0,0.0,1.6057576639698514e-05
r_1m_median,129,1412,-1.2152477777630936e-05,-1.9837530624858753e-05,0.0
r_1m_median,130,1413,0.0,-1.51254703141519e-05,1.3763831508647193e-05
r_1m_median,131,1413,0.0,0.0,1.5747469582686368e-05
r_1m_median,132,1413,0.0,-1.5720974462262376e-05,0.0
r_1m_median,133,1409,0.0,0.0,1.2214089653555632e-05
r_1m_median,134,1408,0.0,0.0,1.5710564519239152e-05
r_1m_median,135,1411,0.0,-1.309193923677253e-05,0.0
r_1m_median,136,1412,0.0,-1.6050715590476598e-05,0.0
r_1m_median,137,1413,0.0,0.0,1.6760609945901006e-05
r_1m_median,138,1409,0.0,-1.3128852401310002e-05,0.0
r_1m_median,139,1409,0.0,-6.088191807117575e-06,1.3878838569231742e-05
r_1m_median,140,1412,1.1742351769342263e-05,0.0,1.721955797436863e-05
r_1m_median,141,1412,0.0,0.0,1.895596120172092e-05
r_1m_median,142,1412,0.0,-1.253302889573998e-05,0.0
r_1m_median,143,1411,0.0,-1.4438856420840012e-05,0.0
r_1m_median,144,1411,0.0,0.0,1.2151346047373461e-05
r_1m_median,145,1410,0.0,0.0,1.3540614801090043e-05
r_1m_median,146,1409,0.0,-1.2859503494700132e-05,1.3666861038052846e-05
r_1m_median,147,1410,0.0,0.0,1.6659466279596772e-05
r_1m_median,148,1412,0.0,0.0,1.4910403901260239e-05
r_1m_median,149,1412,1.1798966781761495e-05,0.0,1.692161634755068e-05
r_1m_median,150,1410,0.0,0.0,1.3853735289327009e-05
r_1m_median,151,1411,0.0,0.0,1.9040546845173843e-05
r_1m_median,152,1411,0.0,-1.7679983351763266e-05,0.0
r_1m_median,153,1411,0.0,-1.3621150844452786e-05,0.0
r_1m_median,154,1411,0.0,-1.177458573178042e-05,1.5546668699239512e-05
r_1m_median,155,1411,-1.1327786494050688e-05,-1.7493731536890627e-05,0.0
r_1m_median,156,1413,0.0,0.0,1.727320953432928e-05
r_1m_median,157,1413,-1.2117466722513465e-05,-1.8148465353574136e-05,0.0
r_1m_median,158,1413,1.3931942461205326e-05,0.0,1.8501933447263303e-05
r_1m_median,159,1412,0.0,0.0,1.7903339868451963e-05
r_1m_median,160,1412,0.0,-1.1484450608280548e-05,6.253610715781104e-06
r_1m_median,161,1411,0.0,-1.2516093043049968e-05,0.0
r_1m_median,162,1411,0.0,-1.485034564212173e-05,0.0
r_1m_median,163,1411,0.0,0.0,1.4416713368966718e-05
r_1m_median,164,1411,0.0,0.0,1.1613442518746998e-05
r_1m_median,165,1407,0.0,0.0,1.577465392885663e-05
r_1m_median,166,1409,0.0,-1.3668764822316165e-05,1.3481722155352854e-05
r_1m_median,167,1411,0.0,-1.3760741979428987e-05,0.0
r_1m_median,168,1410,0.0,-1.555575859675266e-05,0.0
r_1m_median,169,1410,0.0,0.0,0.0
r_1m_median,170,1408,0.0,-1.611980237161651e-05,0.0
r_1m_median,171,1408,0.0,-1.286910192987751e-05,1.1615753756808763e-05
r_1m_median,172,1409,0.0,-8.897679601940866e-06,0.0
r_1m_median,173,1410,1.587479298849673e-05,0.0,1.894359459341422e-05
r_1m_median,174,1409,0.0,0.0,1.2207858042106181e-05
r_1m_median,175,1412,0.0,0.0,1.253871031269423e-05
r_1m_median,176,1412,-1.267397316571375e-05,-1.8214821490471136e-05,0.0
r_1m_median,177,1413,0.0,0.0,1.6723009281236887e-05
r_1m_median,178,1412,0.0,-1.6358156586865363e-05,0.0
r_1m_median,179,1412,0.0,-1.3256539242416278e-05,0.0
r_1m_median,180,1413,0.0,-1.6569790358623038e-05,0.0
r_1m_median,181,1413,0.0,-2.5690847794885594e-05,1.7472795758104957e-05
r_1m_median,182,1412,-1.7862339003482854e-05,-3.381945104378098e-05,0.0
r_1m_median,183,1411,1.8854939523348195e-05,0.0,3.2918017679952024e-05
r_1m_median,184,1409,-1.3393963340913319e-05,-2.818299336466737e-05,0.0
r_1m_median,185,1408,1.8856512825820634e-05,0.0,2.899208394287386e-05
r_1m_median,186,1410,-1.2166337972598931e-05,-3.174570647025932e-05,0.0
r_1m_median,187,1412,0.0,-2.051670233942391e-05,1.6256125904346917e-05
r_1m_median,188,1412,0.0,-8.927682841980575e-06,2.4738697508751928e-05
r_1m_median,189,1410,0.0,-1.2416884479693904e-05,1.87959381246931e-05
r_1m_median,190,1411,0.0,0.0,1.8963996852630215e-05
r_1m_median,191,1413,0.0,-2.3647590059347024e-05,0.0
r_1m_median,192,1410,0.0,-2.07472700719351e-05,0.0
r_1m_median,193,1410,0.0,-1.3111708971544873e-05,1.9631516437067412e-05
r_1m_median,194,1412,0.0,0.0,2.0786611938143103e-05
r_1m_median,195,1410,0.0,0.0,1.8977312623413977e-05
r_1m_median,196,1410,0.0,-1.162908117504082e-05,1.8693291451669326e-05
r_1m_median,197,1412,0.0,0.0,1.8953956290095037e-05
r_1m_median,198,1410,1.5080022884250987e-05,0.0,2.7501638423326503e-05
r_1m_median,199,1410,1.3572403633758986e-05,0.0,2.1952447546259532e-05
r_1m_median,200,1412,0.0,-1.592293138701455e-05,0.0
r_1m_median,201,1410,1.2746578396555558e-05,0.0,2.0695941390233373e-05
r_1m_median,202,1409,1.4635609902824663e-05,0.0,2.229878137261651e-05
r_1m_median,203,1411,0.0,0.0,2.039185645152734e-05
r_1m_median,204,1413,0.0,0.0,2.1006224910606007e-05
r_1m_median,205,1414,0.0,-2.0440074811395842e-05,0.0
r_1m_median,206,1412,-2.1055092573236085e-05,-3.647659567504166e-05,0.0
r_1m_median,207,1411,0.0,-1.2979062199301491e-05,1.6367117885258217e-05
r_1m_median,208,1410,1.1747086713537639e-05,0.0,2.1777493919236977e-05
r_1m_median,209,1412,1.9813993066837226e-05,0.0,3.1170450270198115e-05
r_1m_median,210,1411,0.0,-1.3867844824693524e-05,1.541278859223932e-05
r_1m_median,211,1411,-1.2134817826191843e-05,-2.780184500550313e-05,0.0
r_1m_median,212,1414,0.0,-1.7689598340218094e-05,1.668571619293021e-05
r_1m_median,213,1412,0.0,-1.4638329546979226e-05,1.570387752035444e-05
r_1m_median,214,1412,0.0,-1.796573933556735e-05,1.5334770278400945e-05
r_1m_median,215,1411,0.0,-1.1685724135215764e-05,1.6813074255492058e-05
r_1m_median,216,1411,1.3676055278878347e-05,0.0,2.581435406835913e-05
r_1m_median,217,1413,0.0,0.0,1.9053244291780844e-05
r_1m_median,218,1412,0.0,0.0,1.9712428494449992e-05
r_1m_median,219,1411,0.0,-1.627187975741745e-05,1.1783490152056654e-05
r_1m_median,220,1409,0.0,-1.4381026786100436e-05,1.9509699790891855e-05
r_1m_median,221,1411,-1.2283126055684163e-05,-2.248148106995945e-05,0.0
r_1m_median,222,1411,1.596130978537246e-05,0.0,2.38221729682858e-05
r_1m_median,223,1412,0.0,0.0,1.5299548353807386e-05
r_1m_median,224,1413,0.0,-1.2230440818309726e-05,1.522019100096807e-05
r_1m_median,225,1413,0.0,-2.1275011085723924e-05,0.0
r_1m_median,226,1412,1.3786296173613019e-05,0.0,2.1329562014730143e-05
r_1m_median,227,1412,-1.1451116450261425e-05,-1.929328690145052e-05,0.0
r_1m_median,228,1412,0.0,-1.1634783414152254e-05,1.641730896650088e-05
r_1m_median,229,1411,1.3351937032524637e-05,0.0,2.3298428338973055e-05
r_1m_median,230,1412,0.0,-1.7810596904848863e-05,0.0
r_1m_median,231,1412,0.0,-1.3818373119596406e-05,1.3100100459602427e-05
r_1m_median,232,1412,0.0,0.0,1.6886084446876592e-05
r_1m_median,233,1413,0.0,-1.3577536857394009e-05,1.4746820764669338e-05
r_1m_median,234,1410,-1.4286252783879932e-05,-2.1678276434011672e-05,0.0
r_1m_median,235,1409,0.0,-1.359669851140388e-05,1.3536495659013877e-05
r_1m_median,236,1412,0.0,-1.2731636206398297e-05,1.662413658439508e-05
r_1m_median,237,1411,1.1969812133902073e-05,0.0,2.0965707771735548e-05
r_1m_median,238,1409,1.3982200658785702e-05,0.0,2.2224913233437212e-05
r_1m_median,239,1409,0.0,-1.178366513375303e-05,1.6599852261801555e-05
r_1m_median,240,1411,-1.1287382399744825e-05,-1.7707323174381233e-05,0.0
r_1m_median,241,1412,1.9090469984799968e-05,0.0,3.954679374878886e-05
r_1m_median,242,1412,1.7029321489141697e-05,0.0,3.713992505679337e-05
r_1m_median,243,1411,1.839266500562586e-05,0.0,3.654989258897e-05
r_1m_median,244,1411,-1.529227357907702e-05,-2.4772759520592286e-05,0.0
r_1m_median,245,1411,0.0,-1.8728981587695638e-05,1.3697788480538401e-05
r_1m_median,246,1410,0.0,-1.8161603610224264e-05,1.5923782537347546e-05
r_1m_median,247,1411,-1.2463311128007905e-05,-2.470780587041351e-05,0.0
r_1m_median,248,1412,0.0,-1.5191316935784187e-05,1.9198650102427056e-05
r_1m_median,249,1413,0.0,-1.6448692664688314e-05,1.333438453978273e-05
r_1m_median,250,1411,0.0,-1.8254554019435415e-05,0.0
r_1m_median,251,1410,0.0,0.0,2.2637861941550046e-05
r_1m_median,252,1409,0.0,-1.7665593857488393e-05,1.1401013550337254e-05
r_1m_median,253,1410,0.0,-1.6780445451293126e-05,0.0
r_1m_median,254,1412,0.0,-1.7477683684060502e-05,1.6723981343127415e-05
r_1m_median,255,1410,0.0,0.0,1.3895919473165747e-05
r_1m_median,256,1410,1.2491965319779792e-05,0.0,2.376429323119368e-05
r_1m_median,257,1410,0.0,-1.5953416025529704e-05,2.9946097025900554e-06
r_1m_median,258,1409,0.0,-1.2657756048637715e-05,1.2171495620398383e-05
r_1m_median,259,1410,0.0,-1.3719390687629865e-05,1.5109941276824805e-05
r_1m_median,260,1411,0.0,-1.6392227866181126e-05,1.1750230638036389e-05
r_1m_median,261,1410,-5.738123518890499e-06,-1.913381231697373e-05,1.3211293291532517e-05
r_1m_median,262,1410,0.0,-1.276114277232952e-05,1.5198133588013082e-05
r_1m_median,263,1410,0.0,-1.248481871759406e-05,1.1964642261573851e-05
r_1m_median,264,1409,0.0,-1.3738245214191644e-05,0.0
r_1m_median,265,1409,0.0,-1.5625522917194114e-05,1.1483281290235421e-05
r_1m_median,266,1410,0.0,-1.6542590313790937e-05,0.0
r_1m_median,267,1409,0.0,0.0,1.5891021724330845e-05
r_1m_median,268,1410,1.4610681542025125e-05,0.0,2.181191585052647e-05
r_1m_median,269,1411,0.0,-1.8654761630868245e-05,0.0
r_1m_median,270,1411,0.0,-1.679522186184331e-05,0.0
r_1m_median,271,1412,1.906427197704597e-05,0.0,3.4470278006308885e-05
r_1m_median,272,1412,0.0,-1.6187900443198942e-05,1.3468785571304278e-05
r_1m_median,273,1411,0.0,-6.045566296917861e-06,1.652059705472693e-05
r_1m_median,274,1410,0.0,-1.5889006790136063e-05,1.576879861661431e-05
r_1m_median,275,1411,0.0,-1.3185401452765658e-05,1.331493448383652e-05
r_1m_median,276,1411,0.0,-1.2279240209155239e-05,1.5268303610915614e-05
r_1m_median,277,1410,0.0,-1.2008410442376773e-05,1.2207822534139107e-05
r_1m_median,278,1412,1.1978939018053e-05,0.0,1.945809213465945e-05
r_1m_median,279,1411,0.0,-1.551946428954431e-05,0.0
r_1m_median,280,1409,0.0,-1.7959254597351006e-05,0.0
r_1m_median,281,1411,0.0,0.0,1.721715712109123e-05
r_1m_median,282,1413,0.0,-1.7721483911584478e-05,0.0
r_1m_median,283,1412,0.0,-1.6777610585771338e-05,0.0
r_1m_median,284,1410,0.0,0.0,1.4912863444852327e-05
r_1m_median,285,1409,0.0,0.0,1.6732404361112995e-05
r_1m_median,286,1409,0.0,-1.3766425066156315e-05,1.2802703931148667e-05
r_1m_median,287,1411,0.0,0.0,1.6606372471074376e-05
r_1m_median,288,1411,0.0,-1.2600774061615545e-05,1.6050720276343788e-05
r_1m_median,289,1411,0.0,0.0,1.5287831650751487e-05
r_1m_median,290,1413,0.0,-1.4352106912878548e-05,0.0
r_1m_median,291,1413,0.0,0.0,1.782331188999239e-05
r_1m_median,292,1410,0.0,-1.1738245349238828e-05,0.0
r_1m_median,293,1408,0.0,0.0,1.7724936944971063e-05
r_1m_median,294,1409,0.0,-1.296616019377304e-05,0.0
r_1m_median,295,1412,0.0,0.0,1.5437151865996054e-05
r_1m_median,296,1413,0.0,-1.2247219326407596e-05,8.743413772821784e-06
r_1m_median,297,1412,0.0,0.0,1.631322764737405e-05
r_1m_median,298,1409,0.0,-1.3701877969737822e-05,1.3042177279509797e-05
r_1m_median,299,1408,0.0,-1.2926109841205841e-05,0.0
r_1m_median,300,1410,0.0,0.0,1.495626576694337e-05
r_1m_median,301,1411,-1.2690757955701136e-05,-2.2724852763818928e-05,0.0
r_1m_median,302,1413,0.0,-1.4832599611248733e-05,1.6566463166491743e-05
r_1m_median,303,1411,0.0,0.0,1.6215399033152058e-05
r_1m_median,304,1411,0.0,-1.3863161146496477e-05,1.1564678888267435e-05
r_1m_median,305,1405,0.0,-1.425892787144907e-05,1.4960518694941271e-05
r_1m_median,306,1406,0.0,0.0,1.627537942018768e-05
r_1m_median,307,1404,0.0,-1.4507905284374362e-05,1.3523533545761143e-05
r_1m_median,308,1404,0.0,-1.651895963634784e-05,0.0
r_1m_median,309,1407,0.0,-1.297826788680128e-05,1.2399251103808947e-05
r_1m_median,310,1406,0.0,0.0,1.6237324738800687e-05
r_1m_median,311,1405,0.0,-1.1544023407830399e-05,1.2641289708704727e-05
r_1m_median,312,1405,1.1985736973118192e-05,0.0,1.8188597568663873e-05
r_1m_median,313,1404,0.0,-1.1342598822295597e-05,1.7089671961142347e-05
r_1m_median,314,1405,0.0,-1.5163657725338915e-05,0.0
r_1m_median,315,1408,0.0,-1.4876408515944543e-05,0.0
r_1m_median,316,1409,0.0,-1.3899796368228359e-05,1.1876947001341914e-05
r_1m_median,317,1409,0.0,0.0,1.8625851963444426e-05
r_1m_median,318,1409,0.0,-1.2667260124621017e-05,1.6419620022381713e-05
r_1m_median,319,1408,0.0,0.0,1.6066768594092232e-05
r_1m_median,320,1413,0.0,0.0,1.4406454720724986e-05
r_1m_median,321,1414,0.0,0.0,1.7741971591266935e-05
r_1m_median,322,1414,0.0,-3.096851828961187e-06,1.3340893173101382e-05
r_1m_median,323,1413,0.0,-9.849724955189221e-06,1.3331328787394081e-05
r_1m_median,324,1411,0.0,-3.081980686295895e-06,6.021850715493262e-06
r_1m_median,325,1410,0.0,0.0,1.621030987778106e-05
r_1m_median,326,1410,-5.587747188007458e-06,-1.9715461250729543e-05,0.0
r_1m_median,327,1411,0.0,0.0,1.6967989887509037e-05
r_1m_median,328,1412,0.0,-1.627108786261057e-05,0.0
r_1m_median,329,1413,1.5234496995332277e-05,0.0,2.2039000634038798e-05
r_1m_median,330,1414,0.0,0.0,1.27226242205993e-05
r_1m_median,331,1414,-1.590099688440187e-05,-2.3126528081450573e-05,0.0
r_1m_median,332,1414,0.0,-1.5623147680440203e-05,1.1420155796864712e-05
r_1m_median,333,1413,1.3963652612399863e-05,0.0,2.0641619446046694e-05
r_1m_median,334,1413,0.0,-1.4749826407940863e-05,8.617898964468396e-06
r_1m_median,335,1414,0.0,0.0,1.5238696976290774e-05
r_1m_median,336,1415,0.0,-1.7809927600408592e-05,0.0
r_1m_median,337,1414,0.0,0.0,1.8132859461819624e-05
r_1m_median,338,1413,0.0,0.0,1.7172652513362886e-05
r_1m_median,339,1414,0.0,0.0,1.5627808122187106e-05
r_1m_median,340,1413,0.0,0.0,1.570660069919349e-05
r_1m_median,341,1414,1.4103728745972806e-05,0.0,2.1252855853218427e-05
r_1m_median,342,1412,0.0,-6.023578005378538e-06,1.3234793247763923e-05
r_1m_median,343,1413,0.0,0.0,1.3093054366218912e-05
r_1m_median,344,1413,0.0,-1.601161098087755e-05,0.0
r_1m_median,345,1413,0.0,-1.6556769009113128e-05,0.0
r_1m_median,346,1414,0.0,-1.3934798744858504e-05,0.0
r_1m_median,347,1411,0.0,0.0,1.6437337687755683e-05
r_1m_median,348,1412,0.0,-1.384317717965566e-05,0.0
r_1m_median,349,1413,0.0,0.0,1.625494813608062e-05
r_1m_median,350,1409,0.0,0.0,1.5255271298759923e-05
r_1m_median,351,1409,0.0,-1.56566803144458e-05,1.1420691529828759e-05
r_1m_median,352,1406,0.0,-1.5196770060983814e-05,0.0
r_1m_median,353,1405,0.0,-1.4949649094638894e-05,0.0
r_1m_median,354,1407,1.3842842212616836e-05,0.0,2.1356412475913045e-05
r_1m_median,355,1409,0.0,-1.5444364463165607e-05,0.0
r_1m_median,356,1407,0.0,0.0,1.2288408958302672e-05
r_1m_median,357,1407,0.0,0.0,1.5695723706214163e-05
r_1m_median,358,1408,0.0,-3.0012862655625514e-06,1.3283064193658369e-05
r_1m_median,359,1408,0.0,0.0,1.574904293077411e-05
r_1m_median,360,1407,0.0,0.0,1.602711910059354e-05
r_1m_median,361,1407,-1.927469329206713e-05,-3.230336879170548e-05,-1.1848875920427616e-05
r_1m_median,362,1408,0.0,-1.2301106484689482e-05,1.7478326181973448e-05
r_1m_median,363,1407,1.639465206494237e-05,0.0,2.3583515123928892e-05
r_1m_median,364,1408,0.0,-1.656598834847899e-05,0.0
r_1m_median,365,1408,0.0,-1.1662555615980892e-05,1.236988427990561e-05
r_1m_median,366,1409,0.0,-1.689587132633263e-05,0.0
r_1m_median,367,1407,0.0,-1.8484584744412783e-05,0.0
r_1m_median,368,1408,0.0,0.0,1.6647614287057963e-05
r_1m_median,369,1408,0.0,-1.3477896698662981e-05,0.0
r_1m_median,370,1404,-1.1410125911449785e-05,-1.7962715132182017e-05,0.0
r_1m_median,371,1405,0.0,-1.3200703427428228e-05,1.4681437556410728e-05
r_1m_median,372,1409,0.0,-1.6564138475858712e-05,0.0
r_1m_median,373,1407,0.0,-1.5823728642926246e-05,1.2871931729002404e-05
r_1m_median,374,1403,0.0,-1.3216782816853867e-05,1.2169379527301986e-05
r_1m_median,375,1402,1.470893446913941e-05,0.0,2.3145654483272925e-05
r_1m_median,376,1408,0.0,0.0,0.0
r_1m_median,377,1407,0.0,0.0,1.876828610926478e-05
r_1m_median,378,1407,0.0,-1.2264746825115459e-05,0.0
r_1m_median,379,1407,0.0,-1.6933656621765517e-05,0.0
r_1m_median,380,1407,0.0,-1.9037049640258983e-05,0.0
r_1m_median,381,1407,0.0,-1.2675753468465503e-05,1.4847258825129722e-05
r_1m_median,382,1408,0.0,-1.1829794292801074e-05,1.265941988285638e-05
r_1m_median,383,1408,0.0,0.0,1.6199185181234305e-05
r_1m_median,384,1406,1.4660172216486564e-05,0.0,1.8988881306562815e-05
r_1m_median,385,1408,0.0,0.0,1.619086640517295e-05
r_1m_median,386,1408,0.0,-1.5614588689528602e-05,0.0
r_1m_median,387,1406,0.0,0.0,1.3397741601749588e-05
r_1m_median,388,1405,0.0,0.0,1.622639033091564e-05
r_1m_median,389,1407,0.0,-1.1615605600783442e-05,0.0
r_1m_median,390,1405,0.0,-1.2985944514056716e-05,0.0
r_1m_median,391,1405,1.649498140232724e-05,0.0,2.4469441831553636e-05
r_1m_median,392,1406,1.4093403078324596e-05,0.0,2.187112940768177e-05
r_1m_median,393,1409,0.0,-1.204855567954985e-05,1.3865750673868754e-05
r_1m_median,394,1410,0.0,-1.2951567645931164e-05,0.0
r_1m_median,395,1408,0.0,-1.1894568907983907e-05,0.0
r_1m_median,396,1407,0.0,-1.5043815111772949e-05,0.0
r_1m_median,397,1406,0.0,-1.5109747844036818e-05,1.2548718186053233e-05
r_1m_median,398,1403,1.562805235433502e-05,0.0,2.1638242723005525e-05
r_1m_median,399,1404,0.0,-1.217021753827564e-05,1.157531195031836e-05
r_1m_median,400,1403,0.0,0.0,1.976341815670005e-05
r_1m_median,401,1406,0.0,-1.5394895419369987e-05,1.2799008858483758e-05
r_1m_median,402,1407,0.0,0.0,1.52218111983722e-05
r_1m_median,403,1406,0.0,0.0,1.6704280784600345e-05
r_1m_median,404,1404,0.0,-1.1847138457271232e-05,0.0
r_1m_median,405,1405,0.0,0.0,1.5753583100429008e-05
r_1m_median,406,1405,0.0,0.0,1.571301556614475e-05
r_1m_median,407,1408,0.0,-1.1571023130616098e-05,1.225407601213079e-05
r_1m_median,408,1409,0.0,-1.554744112499541e-05,0.0
r_1m_median,409,1408,0.0,0.0,1.3805838436909884e-05
r_1m_median,410,1410,0.0,-1.469654608133136e-05,1.2097989448032363e-05
r_1m_median,411,1409,0.0,0.0,1.751697912440865e-05
r_1m_median,412,1410,0.0,0.0,1.6157293328256424e-05
r_1m_median,413,1411,0.0,-1.1417925664413003e-05,0.0
r_1m_median,414,1410,0.0,0.0,1.567111142813524e-05
r_1m_median,415,1409,0.0,-1.450110594466518e-05,1.2405069287493158e-05
r_1m_median,416,1409,0.0,0.0,1.4938986080208879e-05
r_1m_median,417,1412,0.0,-1.2902071805091462e-05,1.5639118745479873e-05
r_1m_median,418,1414,0.0,0.0,1.7074321595234932e-05
r_1m_median,419,1412,0.0,0.0,1.8563280486871076e-05
r_1m_median,420,1411,1.7246285581750987e-05,5.414000034215624e-06,2.8174700992932234e-05
r_1m_median,421,1413,1.308652153724968e-05,-1.6174160038895098e-05,3.362587847923308e-05
r_1m_median,422,1413,0.0,-1.8599740918499506e-05,1.215140995055969e-05
r_1m_median,423,1413,1.138012461255298e-05,0.0,2.1327055617494315e-05
r_1m_median,424,1413,1.1983726099991599e-05,0.0,2.3233696813460346e-05
r_1m_median,425,1411,0.0,0.0,1.9309129606358307e-05
r_1m_median,426,1409,-1.6684880995460356e-05,-2.8335104675484882e-05,0.0
r_1m_median,427,1409,1.3433367140847256e-05,0.0,2.829296035775288e-05
r_1m_median,428,1411,0.0,-1.3129240460359883e-05,1.3324935090979903e-05
r_1m_median,429,1412,0.0,-1.8828146984882883e-05,0.0
r_1m_median,430,1411,0.0,0.0,1.64729719715899e-05
r_1m_median,431,1412,0.0,-1.3335200261543907e-05,1.7977179215033934e-05
r_1m_median,432,1410,1.1852387911740955e-05,0.0,1.8906590360838094e-05
r_1m_median,433,1411,1.8985959883161347e-05,0.0,2.958360886785316e-05
r_1m_median,434,1411,0.0,-1.5488350317718252e-05,0.0
r_1m_median,435,1411,0.0,0.0,1.7989277756000173e-05
r_1m_median,436,1413,0.0,0.0,1.929440365878864e-05
r_1m_median,437,1414,0.0,-1.8887982512104218e-05,0.0
r_1m_median,438,1414,0.0,-1.644101375325805e-05,0.0
r_1m_median,439,1414,0.0,-1.2234358292835754e-05,1.5036653282280107e-05
r_1m_median,440,1411,0.0,-1.2093520441986071e-05,1.3656978986489143e-05
r_1m_median,441,1411,0.0,0.0,1.5206111677542104e-05
r_1m_median,442,1411,0.0,-1.60505221477003e-05,1.1618124627359303e-05
r_1m_median,443,1411,0.0,-1.3963891265217026e-05,0.0
r_1m_median,444,1412,0.0,-3.0185424752256305e-06,1.641109726939714e-05
r_1m_median,445,1412,0.0,-1.649811882201309e-05,0.0
r_1m_median,446,1413,0.0,0.0,1.8386038583296893e-05
r_1m_median,447,1413,0.0,0.0,2.1657200015321935e-05
r_1m_median,448,1414,0.0,0.0,1.5219206495867178e-05
r_1m_median,449,1413,1.1468350220649862e-05,0.0,2.010957747478557e-05
r_1m_median,450,1411,0.0,0.0,1.9005189437524246e-05
r_1m_median,451,1410,0.0,-1.5028637034575605e-05,1.2621136711656947e-05
r_1m_median,452,1413,0.0,-1.1463869690467857e-05,1.7877734176466466e-05
r_1m_median,453,1413,0.0,-1.2323979576603183e-05,1.7119083339036843e-05
r_1m_median,454,1412,0.0,-1.6639201922826795e-05,1.2048165986363406e-05
r_1m_median,455,1413,0.0,-1.8615560747746306e-05,0.0
r_1m_median,456,1412,1.2026530700343683e-05,0.0,2.219180839252721e-05
r_1m_median,457,1412,0.0,-1.2037564010764001e-05,1.6334687709494067e-05
r_1m_median,458,1414,0.0,-1.6084046488794463e-05,0.0
r_1m_median,459,1413,0.0,-1.6238110656207158e-05,1.1735642907895053e-05
r_1m_median,460,1412,0.0,-1.1513367165816656e-05,1.356236206799553e-05
r_1m_median,461,1413,0.0,-1.7782616341869306e-05,0.0
r_1m_median,462,1413,-1.3852238175624934e-05,-2.1293383831706562e-05,0.0
r_1m_median,463,1411,0.0,-1.791924229643123e-05,3.0233401862778287e-06
r_1m_median,464,1411,0.0,0.0,1.516942240425972e-05
r_1m_median,465,1410,0.0,0.0,1.9486909668970033e-05
r_1m_median,466,1411,0.0,-1.191667745347079e-05,1.6832708915199896e-05
r_1m_median,467,1411,0.0,-1.2887377732702248e-05,1.594095470403424e-05
r_1m_median,468,1410,0.0,-1.2521678155503117e-05,0.0
r_1m_median,469,1412,0.0,-1.2728268537406912e-05,0.0
r_1m_median,470,1412,0.0,-1.6389548143020335e-05,9.028733406947395e-06
r_1m_median,471,1412,0.0,-1.7162676778873194e-05,0.0
r_1m_median,472,1413,-1.4118809784622468e-05,-2.270276406251771e-05,0.0
r_1m_median,473,1412,0.0,0.0,1.2539109484354764e-05
r_1m_median,474,1412,0.0,-1.3501360133907765e-05,1.432936803508179e-05
r_1m_median,475,1412,0.0,0.0,1.7933717344233096e-05
r_1m_median,476,1412,0.0,-1.8750550584568665e-05,0.0
r_1m_median,477,1413,1.5450100039787946e-05,0.0,2.4020032053936278e-05
r_1m_median,478,1412,0.0,0.0,1.799176431815426e-05
r_1m_median,479,1412,0.0,-8.731281420993585e-06,1.4092715634903828e-05
r_1m_median,480,1412,0.0,-1.2527023397183388e-05,1.413015996764461e-05
r_1m_median,481,1413,-1.63253312005288e-05,-2.5021290709792125e-05,0.0
r_1m_median,482,1413,0.0,-1.2789534019348963e-05,1.7648802108141616e-05
r_1m_median,483,1413,1.682920877512029e-05,0.0,2.749175318065495e-05
r_1m_median,484,1414,0.0,0.0,1.7259712399154098e-05
r_1m_median,485,1413,0.0,0.0,1.654978161039838e-05
r_1m_median,486,1411,-1.1916039585233082e-05,-2.1105789160328324e-05,0.0
r_1m_median,487,1410,1.5530417361865068e-05,0.0,3.103490472230433e-05
r_1m_median,488,1412,0.0,-1.587306391656617e-05,1.269136147331444e-05
r_1m_median,489,1412,0.0,0.0,1.912368853370583e-05
r_1m_median,490,1413,-1.3083953185788092e-05,-1.8746758251104645e-05,0.0
r_1m_median,491,1413,0.0,-1.669574508977541e-05,0.0
r_1m_median,492,1412,0.0,-1.7495458861522676e-05,1.2255107555044749e-05
r_1m_median,493,1412,1.177347153465433e-05,0.0,1.7944341010313692e-05
r_1m_median,494,1412,5.703172675021717e-06,0.0,1.8519718871115314e-05
r_1m_median,495,1411,0.0,-8.76008828341933e-06,1.6095155878267844e-05
r_1m_median,496,1410,0.0,-1.735521271486478e-05,1.1651504012529667e-05
r_1m_median,497,1411,0.0,-1.2265791480585746e-05,1.4426320236695638e-05
r_1m_median,498,1412,0.0,-1.820195807758266e-05,0.0
r_1m_median,499,1414,0.0,0.0,1.6670139612899446e-05
r_1m_median,500,1412,0.0,0.0,1.618217891458815e-05
r_1m_median,501,1413,0.0,-1.4401804154022595e-05,1.4938493894324296e-05
r_1m_median,502,1412,0.0,-2.1137914213802376e-05,1.2350315156496566e-05
r_1m_median,503,1412,0.0,-1.4574076057495955e-05,0.0
r_1m_median,504,1412,0.0,-1.1451161990469647e-05,1.6178327475934858e-05
r_1m_median,505,1412,0.0,0.0,1.860586402508632e-05
r_1m_median,506,1412,1.2011593978299598e-05,0.0,2.3956588578247635e-05
r_1m_median,507,1412,1.1305839439320573e-05,0.0,1.9238397060970713e-05
r_1m_median,508,1412,0.0,-1.2517759571502882e-05,1.5239136750982868e-05
r_1m_median,509,1413,1.172491015809461e-05,0.0,1.8360289773347147e-05
r_1m_median,510,1413,0.0,0.0,1.7102540656185752e-05
r_1m_median,511,1413,0.0,-2.0077935436956348e-05,2.0708733081277972e-05
r_1m_median,512,1410,0.0,-2.4031699353024484e-05,0.0
r_1m_median,513,1410,0.0,-1.3657756986511972e-05,1.8961475041265287e-05
r_1m_median,514,1411,-1.32407364499875e-05,-2.413154969516907e-05,3.061563671792888e-06
r_1m_median,515,1411,0.0,-2.015346813694271e-05,2.0905175671805577e-05
r_1m_median,516,1412,0.0,-2.7064216483459818e-05,1.3767402511649129e-05
r_1m_median,517,1413,1.1933815061822628e-05,0.0,2.7584815570021157e-05
r_1m_median,518,1412,0.0,-2.045271523436245e-05,1.2525128539391548e-05
r_1m_median,519,1412,0.0,-1.6416646447883884e-05,1.6266907417271263e-05
r_1m_median,520,1412,0.0,0.0,2.250763889810951e-05
r_1m_median,521,1414,0.0,-2.6796131702626912e-05,8.617977681044744e-06
r_1m_median,522,1413,1.59671714957251e-05,0.0,3.1319980584091176e-05
r_1m_median,523,1413,0.0,-2.044681969168703e-05,1.660315958171307e-05
r_1m_median,524,1412,0.0,0.0,1.882391090563635e-05
r_1m_median,525,1412,0.0,0.0,2.3702956070765167e-05
r_1m_median,526,1410,0.0,-1.4201051369859696e-05,1.595850787986358e-05
r_1m_median,527,1410,0.0,-1.6551620491066332e-05,1.3677592767484008e-05
r_1m_median,528,1412,0.0,-1.7971551035199852e-05,1.5582843706222746e-05
r_1m_median,529,1411,0.0,-1.5566359523466495e-05,1.6814794089070973e-05
r_1m_median,530,1412,0.0,0.0,1.5789681443608963e-05
r_1m_median,531,1413,0.0,-1.914387195531983e-05,0.0
r_1m_median,532,1413,1.5024151323631452e-05,0.0,2.5056437145142423e-05
r_1m_median,533,1412,1.3650991167308977e-05,0.0,2.5864243136697863e-05
r_1m_median,534,1412,0.0,-1.8921238516987025e-05,0.0
r_1m_median,535,1412,0.0,-1.3699134086910648e-05,1.6643392436393857e-05
r_1m_median,536,1411,1.7946394121137873e-05,0.0,3.091131510937665e-05
r_1m_median,537,1412,0.0,-1.8217674474237154e-05,0.0
r_1m_median,538,1411,-1.624259946602053e-05,-3.3311441938563564e-05,0.0
r_1m_median,539,1411,0.0,-1.460834790138101e-05,1.535737092042814e-05
r_1m_median,540,1411,0.0,-1.838110590556881e-05,1.3586022141442913e-05
r_1m_median,541,1411,0.0,-1.531961427738434e-05,2.227922461117566e-05
r_1m_median,542,1412,0.0,-1.6183979479091697e-05,1.8264019367860207e-05
r_1m_median,543,1413,1.3487904721707056e-05,0.0,2.7740790059561063e-05
r_1m_median,544,1414,0.0,-2.1744732727471563e-05,0.0
r_1m_median,545,1413,0.0,0.0,1.926868678502171e-05
r_1m_median,546,1413,0.0,-1.1735635255058735e-05,1.6671926653904577e-05
r_1m_median,547,1413,0.0,-2.3302690296694312e-05,0.0
r_1m_median,548,1414,0.0,-1.7175194702879766e-05,1.6840044047277993e-05
r_1m_median,549,1413,0.0,-1.1910966824852246e-05,1.7945749998173956e-05
r_1m_median,550,1412,0.0,-1.5183682294882917e-05,1.583991742556326e-05
r_1m_median,551,1412,-1.5136794654514704e-05,-2.756174298067789e-05,0.0
r_1m_median,552,1412,0.0,0.0,2.0619619568805762e-05
r_1m_median,553,1412,0.0,-1.674652116709678e-05,1.1917216566669513e-05
r_1m_median,554,1413,0.0,0.0,1.648270664889525e-05
r_1m_median,555,1413,2.2701217921423472e-05,1.2844013443222875e-05,3.3665939260494086e-05
r_1m_median,556,1409,1.1748603384947143e-05,0.0,2.733921126537795e-05
r_1m_median,557,1409,0.0,-1.890879368913684e-05,0.0
r_1m_median,558,1410,0.0,0.0,1.833617789687135e-05
r_1m_median,559,1410,0.0,-1.6117405423606415e-05,0.0
r_1m_median,560,1410,0.0,0.0,1.2331481655376349e-05
r_1m_median,561,1410,1.306314348191732e-05,0.0,2.858592176656886e-05
r_1m_median,562,1410,1.6849780639622572e-05,0.0,2.7054526204067582e-05
r_1m_median,563,1409,0.0,0.0,1.55032783618697e-05
r_1m_median,564,1410,0.0,0.0,2.0722596956596787e-05
r_1m_median,565,1411,-1.227618971638219e-05,-2.1538577492447247e-05,0.0
r_1m_median,566,1410,-2.8403497772730335e-05,-5.486717572586612e-05,-1.521823668360031e-05
r_1m_median,567,1410,0.0,-1.9330069628932394e-05,3.08241496941588e-06
r_1m_median,568,1410,-3.0210729494094787e-05,-5.108489877998238e-05,-1.3365678274985675e-05
r_1m_median,569,1410,0.0,-1.6660098781116912e-05,2.4294716299877287e-05
r_1m_median,570,1410,1.8674351974666844e-05,0.0,3.578480709672294e-05
r_1m_median,571,1390,6.120223639513014e-05,0.0,0.00012473365565852742
r_1m_median,572,1393,-1.738782678292729e-05,-8.360725480799878e-05,5.942701427368388e-05
r_1m_median,573,1393,1.9941173538639365e-05,-3.0420136051724428e-05,8.144449969066623e-05
r_1m_median,574,1392,-1.2487605130924964e-05,-5.420715278629572e-05,2.5092910483043116e-05
r_1m_median,575,1392,-5.796966313608833e-05,-0.00010400486298703554,0.0
r_1m_median,576,1393,-2.511174727664969e-05,-8.175817111364764e-05,2.3558513458983502e-05
r_1m_median,577,1392,2.7545781924924164e-05,-1.2902262209599707e-05,6.596958804383606e-05
r_1m_median,578,1391,0.0,-4.128393023599959e-05,3.617025908116733e-05
r_1m_median,579,1391,3.4427160737990464e-05,-6.974650279832123e-06,8.26912301575092e-05
r_1m_median,580,1391,0.0,-2.9985009643996307e-05,3.8932872885835104e-05
r_1m_median,581,1391,-1.159803529291034e-05,-6.683920304951279e-05,4.011345671691856e-05
r_1m_median,582,1391,3.804306475387916e-05,0.0,8.275670464607691e-05
r_1m_median,583,1391,0.0,-3.9527519634389096e-05,4.582286408986898e-05
r_1m_median,584,1391,-3.2499715630388615e-05,-7.265034780366184e-05,9.798870761508171e-06
r_1m_median,585,1391,1.77350559989438e-05,-1.9558769073357287e-05,4.888365643370978e-05
r_1m_median,586,1391,9.182314868035444e-05,5.3594170164234065e-05,0.00013191613414952636
r_1m_median,587,1392,0.0,-5.09855170700457e-05,2.822035415846972e-05
r_1m_median,588,1392,1.304823373406904e-05,-2.1886387762059556e-05,4.793575671816945e-05
r_1m_median,589,1392,0.0,-2.462993522455345e-05,3.6626636332199835e-05
r_1m_median,590,1392,-6.117956082199005e-05,-8.329055684706805e-05,-2.1545455525673207e-05
r_1m_median,591,1392,-1.9661683746268724e-05,-6.486020970128077e-05,3.431218368795107e-05
r_1m_median,592,1393,2.938972241613606e-05,0.0,6.366555490295783e-05
r_1m_median,593,1394,0.0,-2.5180220350174748e-05,4.124306601533147e-05
r_1m_median,594,1394,2.1148411388293234e-05,-2.5321609046469525e-05,5.049102523099731e-05
r_1m_median,595,1394,0.0,-1.89460322277959e-05,2.842656001759579e-05
r_1m_median,596,1394,6.147854572049528e-05,1.9350953598726648e-05,9.328756797315687e-05
r_1m_median,597,1394,3.9523270630268e-05,0.0,6.963705294796196e-05
r_1m_median,598,1393,0.0,-4.754157049901363e-05,2.867953162440502e-05
r_1m_median,599,1393,3.511873057847597e-05,1.3184871678341325e-05,6.248247660938422e-05
r_1m_median,600,1392,4.6083787384625734e-05,1.5609830214494448e-05,7.941173899584878e-05
r_1m_median,601,1392,-4.9833473649228836e-05,-9.214007044363549e-05,2.0251736582097236e-05
r_1m_median,602,1393,-3.474293126457296e-05,-7.324722663563459e-05,0.0
r_1m_median,603,1393,2.415138085630105e-05,0.0,5.408704842369098e-05
r_1m_median,604,1393,-4.129131713009873e-05,-7.221938243833769e-05,0.0
r_1m_median,605,1393,1.282223889141625e-05,-1.917812732506838e-05,4.071243063944681e-05
r_1m_median,606,1393,1.963884170173513e-05,-2.068523011923395e-05,5.3981322942414784e-05
r_1m_median,607,1393,0.0,-3.830915108564613e-05,2.6282935805414198e-05
r_1m_median,608,1393,0.0,-1.9151768187539045e-05,3.81898033272173e-05
r_1m_median,609,1393,1.8388268285338953e-05,-6.074596039442795e-06,5.12837092256886e-05
r_1m_median,610,1394,-1.5279095246624936e-05,-4.1010498693432776e-05,2.6114774435136168e-05
r_1m_median,611,1394,0.0,-2.323415518055506e-05,4.855321080803216e-05
r_1m_median,612,1394,-3.1441033221854574e-05,-5.910122506741979e-05,0.0
r_1m_median,613,1394,-5.964273998837582e-06,-4.281651090399798e-05,3.0079630549269002e-05
r_1m_median,614,1394,1.9431506702093963e-05,0.0,5.3077769415372134e-05
r_1m_median,615,1394,3.0308292223306024e-05,0.0,5.589055725310253e-05
r_1m_median,616,1394,4.180439860852899e-05,5.431768412311068e-06,8.087528815894556e-05
r_1m_median,617,1394,0.0,-2.7934131320155363e-05,2.7918274723861294e-05
r_1m_median,618,1394,3.324084998095002e-05,0.0,5.3714032363753104e-05
r_1m_median,619,1394,2.6282321734430517e-05,0.0,6.029540820791806e-05
r_1m_median,620,1394,1.8559583930101625e-05,-1.5169936899119069e-05,4.39428034470154e-05
r_1m_median,621,1394,0.0,-3.637700496901099e-05,3.483847694745437e-05
r_1m_median,622,1394,1.2639961843510596e-05,-2.1666359727407607e-05,3.8628468102874906e-05
r_1m_median,623,1394,2.8357355184235576e-05,0.0,6.310406344837104e-05
r_1m_median,624,1394,1.1925414081369476e-05,-2.308973990191742e-05,3.6728809954697954e-05
r_1m_median,625,1394,2.0458048208916683e-05,0.0,4.0537766217050475e-05
r_1m_median,626,1394,0.0,-3.62540874777488e-05,2.6030392193712443e-05
r_1m_median,627,1394,1.6591294460604623e-05,-1.3433915657811192e-05,4.0905669120840436e-05
r_1m_median,628,1394,1.3874089116811517e-05,-2.1725968299402868e-05,3.9710828732960746e-05
r_1m_median,629,1394,0.0,-2.498471468598447e-05,3.014726941341405e-05
r_1m_median,630,1394,0.0,-1.6864841683303607e-05,3.373998107455608e-05
r_1m_median,631,1394,5.836292443739295e-05,1.9947675506546137e-05,9.318014524216997e-05
r_1m_median,632,1394,1.8989892902179323e-05,-1.5604784610842157e-05,4.784485459169652e-05
r_1m_median,633,1394,0.0,-2.3554629074552254e-05,2.8440181851070273e-05
r_1m_median,634,1394,0.0,-2.5709254047386586e-05,3.41105861140344e-05
r_1m_median,635,1394,0.0,-2.7648020618520458e-05,2.2052475801901088e-05
r_1m_median,636,1394,0.0,-2.6671645375421174e-05,3.221992018959799e-05
r_1m_median,637,1394,-1.4460391347670182e-05,-5.1511714919513674e-05,9.380872038384733e-06
r_1m_median,638,1394,2.013593865832417e-05,0.0,5.6054801243470324e-05
r_1m_median,639,1394,0.0,-2.0523588999913343e-05,2.466325592231491e-05
r_1m_median,640,1394,1.1321833384494964e-05,-1.687740338104899e-05,4.429827263208478e-05
r_1m_median,641,1394,3.453596287799333e-05,0.0,5.8619072831890525e-05
r_1m_median,642,1393,0.0,-2.8864610546277876e-05,2.2617834889023696e-05
r_1m_median,643,1392,-2.358942156395974e-05,-5.5514987639537154e-05,6.45553977542803e-06
r_1m_median,644,1393,1.6683489185316437e-05,-6.35942180147403e-06,4.182467627448541e-05
r_1m_median,645,1393,1.5815152498045208e-05,0.0,3.2036576243156805e-05
r_1m_median,646,1393,1.7271306315725458e-05,0.0,4.2346801651324205e-05
r_1m_median,647,1392,1.206168566755779e-05,-2.198696412409855e-05,2.8632377692126716e-05
r_1m_median,648,1392,2.0034499995583468e-05,0.0,4.35576818395241e-05
r_1m_median,649,1392,0.0,-2.1685210035044427e-05,3.466963183900001e-05
r_1m_median,650,1393,0.0,-2.2707847368372862e-05,2.5916781010919143e-05
r_1m_median,651,1393,-3.324910227729174e-05,-6.132070791236072e-05,0.0
r_1m_median,652,1394,-1.6906134037445836e-05,-4.544421723117637e-05,1.5846465328194332e-05
r_1m_median,653,1394,-1.53419537487733e-05,-3.714917250644801e-05,9.621390401379413e-06
r_1m_median,654,1393,0.0,-2.813494449339854e-05,1.5669192018378013e-05
r_1m_median,655,1393,0.0,-1.6902359031568407e-05,3.151256368268372e-05
r_1m_median,656,1393,3.6968804494585006e-05,8.861604609961889e-06,5.985640077294215e-05
r_1m_median,657,1394,0.0,-4.1447639960438176e-05,2.405874160119853e-05
r_1m_median,658,1394,0.0,-2.6683773052365203e-05,2.4718149174335922e-05
r_1m_median,659,1394,0.0,-2.1805189343877998e-05,2.0142001108383514e-05
r_1m_median,660,1394,0.0,-1.9807158831595132e-05,2.278421955576722e-05
r_1m_median,661,1394,6.431167984125064e-05,2.775079783715688e-05,9.077687017103617e-05
r_1m_median,662,1394,1.2992214216915884e-05,-2.6289654554926972e-05,4.167580355892901e-05
r_1m_median,663,1394,3.484998875763388e-05,1.4061632133947212e-05,6.0328461693281055e-05
r_1m_median,664,1394,0.0,-2.950906337113467e-05,1.9182620522398547e-05
r_1m_median,665,1394,0.0,-2.352890294849155e-05,2.8168740971197582e-05
r_1m_median,666,1394,3.3808387692904085e-05,0.0,5.983958542326434e-05
r_1m_median,667,1394,3.6989486974071854e-05,0.0,6.802335471143618e-05
r_1m_median,668,1394,0.0,-3.232322399080303e-05,2.2236305216464626e-05
r_1m_median,669,1394,1.426572002650875e-05,-1.2497470642087347e-05,3.238001944065568e-05
r_1m_median,670,1394,1.554362748872539e-05,0.0,3.790302750024338e-05
r_1m_median,671,1394,3.284365580793093e-05,0.0,6.022566096569881e-05
r_1m_median,672,1394,1.1926540426473535e-05,-1.4435068428786973e-05,4.824870662894701e-05
r_1m_median,673,1394,1.2443847248266505e-05,-1.3322907343171929e-05,3.349791643264426e-05
r_1m_median,674,1394,1.2058419229971624e-05,-1.5155260804717239e-05,4.0100132976461106e-05
r_1m_median,675,1394,2.241055355656945e-05,0.0,4.6169220803458326e-05
r_1m_median,676,1394,-1.5451862879149126e-05,-4.7184205936605e-05,6.183199364047002e-06
r_1m_median,677,1394,-1.2733400096600597e-05,-3.6346491733686234e-05,1.807076171225874e-05
r_1m_median,678,1394,0.0,-1.5693897118807332e-05,3.3683643226127854e-05
r_1m_median,679,1394,0.0,-1.773605329291732e-05,2.3947421595940413e-05
r_1m_median,680,1394,1.891474956376754e-05,-7.022424943735465e-06,3.748125937468492e-05
r_1m_median,681,1393,1.313654784678277e-05,-3.0327712597743817e-06,3.166669065749768e-05
r_1m_median,682,1393,0.0,-2.536821611207707e-05,2.0744512050829255e-05
r_1m_median,683,1394,1.681663762508208e-05,-1.86846773249191e-05,3.3995144137311416e-05
r_1m_median,684,1394,2.3036257349254043e-05,0.0,4.8555694314795624e-05
r_1m_median,685,1394,1.310767627103797e-05,-1.626826689492408e-05,3.600634907491645e-05
r_1m_median,686,1393,-1.6035791887829373e-05,-3.599097896842301e-05,0.0
r_1m_median,687,1393,0.0,-1.6935452047848166e-05,3.167204514038916e-05
r_1m_median,688,1394,0.0,-1.8556033462002574e-05,2.586485612814217e-05
r_1m_median,689,1394,0.0,-2.3251154879111507e-05,2.640102293975309e-05
r_1m_median,690,1394,1.5512763470822712e-05,0.0,3.449315464547334e-05
r_1m_median,691,1394,4.581849035428318e-05,1.900381984061609e-05,7.986299350765684e-05
r_1m_median,692,1394,0.0,-2.176406250689834e-05,1.7239735571136308e-05
r_1m_median,693,1394,0.0,-3.126601126625244e-05,2.3846313311906437e-05
r_1m_median,694,1394,0.0,-1.845886305974628e-05,2.0683145735083508e-05
r_1m_median,695,1394,0.0,-1.554350230614983e-05,3.3372241974316376e-05
r_1m_median,696,1394,1.9799303927953508e-05,0.0,4.190585391661081e-05
r_1m_median,697,1394,2.3810669970810154e-05,0.0,5.0130338891549876e-05
r_1m_median,698,1394,0.0,-1.5683566476989772e-05,2.5319144964749625e-05
r_1m_median,699,1394,1.2849859089016554e-05,-1.3903468220358144e-05,2.5358546830983798e-05
r_1m_median,700,1394,1.5863230697388236e-05,0.0,3.9733209559707255e-05
r_1m_median,701,1394,2.6946134516673614e-05,0.0,5.0015094003547535e-05
r_1m_median,702,1394,-1.236688814921434e-05,-3.2010796951241904e-05,0.0
r_1m_median,703,1394,0.0,-2.062049380679875e-05,1.7397809616241744e-05
r_1m_median,704,1394,0.0,-1.662031897700848e-05,2.0226672633464307e-05
r_1m_median,705,1394,0.0,-2.0327131211732598e-05,1.58256644804471e-05
r_1m_median,706,1394,1.6571060480026648e-05,0.0,4.0816119788571474e-05
r_1m_median,707,1394,1.6236176083806876e-05,0.0,3.40779551500886e-05
r_1m_median,708,1394,-1.2134231991215978e-05,-2.833786293286999e-05,1.551488009263276e-05
r_1m_median,709,1394,0.0,-1.6015374302646466e-05,2.5092500091102443e-05
r_1m_median,710,1394,0.0,-1.935939144194203e-05,2.955199180450696e-06
r_1m_median,711,1394,2.2555546838288366e-05,0.0,4.0298070087107436e-05
r_1m_median,712,1394,0.0,-1.916073021889799e-05,3.2983589811465645e-05
r_1m_median,713,1394,2.7316027043178705e-05,1.2041591657768713e-05,5.25901609036092e-05
r_1m_median,714,1394,2.4744834088745655e-05,0.0,4.9814339715278194e-05
r_1m_median,715,1393,0.0,-1.637091337743131e-05,2.3854408400711082e-05
r_1m_median,716,1393,1.628518618069438e-05,-1.603784932473776e-05,3.853111907197765e-05
r_1m_median,717,1393,1.882264364095428e-05,0.0,4.114577262055763e-05
r_1m_median,718,1393,0.0,-1.5420081572573787e-05,2.0798832577396643e-05
r_1m_median,719,1393,0.0,-1.8000555474250652e-05,2.222538277085306e-05
r_1m_median,720,1393,1.366596286983237e-05,-1.2067229871638578e-05,3.474614995254831e-05
r_1m_median,721,1393,-3.243804334011456e-05,-5.3205338904212477e-05,0.0
r_1m_median,722,1393,0.0,-2.2287375180620328e-05,2.1231695043698506e-05
r_1m_median,723,1393,0.0,-1.9505514014630986e-05,1.333929155031668e-05
r_1m_median,724,1394,0.0,-1.8780180308572994e-05,2.5579905948749355e-05
r_1m_median,725,1394,0.0,-2.6627193990696663e-05,1.8817552975753735e-05
r_1m_median,726,1394,0.0,-1.2631645035183664e-05,3.326106132309981e-05
r_1m_median,727,1394,1.3186178503058965e-05,-1.2147113199006488e-05,2.813358897365808e-05
r_1m_median,728,1394,0.0,-1.5999663319142703e-05,1.5927167123837076e-05
r_1m_median,729,1394,1.6403977183316698e-05,0.0,3.244934307371178e-05
r_1m_median,730,1394,0.0,-2.6398385381547814e-05,1.3103229166217437e-05
r_1m_median,731,1394,1.8062935771311727e-05,-1.1667579282607873e-05,4.7155663308142934e-05
r_1m_median,732,1394,0.0,-1.9529025570520774e-05,2.1381455864249924e-05
r_1m_median,733,1394,1.5841273444608773e-05,0.0,3.319996869655833e-05
r_1m_median,734,1394,0.0,-1.6541639442248598e-05,1.948332345087498e-05
r_1m_median,735,1394,1.2157399580142558e-05,0.0,3.1425958424909164e-05
r_1m_median,736,1394,1.1687090373529317e-05,0.0,2.6794207093943236e-05
r_1m_median,737,1394,0.0,-2.213497910027304e-05,1.641801133850217e-05
r_1m_median,738,1394,0.0,-1.5131454511384914e-05,2.0191365125881075e-05
r_1m_median,739,1394,0.0,-2.2499894644852832e-05,1.6382370701117826e-05
r_1m_median,740,1394,1.449250068339999e-05,0.0,3.398297453311666e-05
r_1m_median,741,1394,0.0,-1.6627565908561574e-05,2.3533702274187083e-05
r_1m_median,742,1394,-1.3799861085594429e-05,-3.2854508327383625e-05,1.2659133873726248e-05
r_1m_median,743,1394,0.0,-1.87932832811503e-05,2.1786096995519463e-05
r_1m_median,744,1394,0.0,-2.441168160688612e-05,1.7271467029301298e-05
r_1m_median,745,1394,3.233704826004909e-05,1.4515789550393275e-05,4.921006780624277e-05
r_1m_median,746,1394,0.0,-1.5213165293790364e-05,1.8333408760975394e-05
r_1m_median,747,1394,0.0,-1.808246106078478e-05,3.095391661701353e-05
r_1m_median,748,1394,0.0,-1.3896098263191382e-05,1.822877834731175e-05
r_1m_median,749,1394,1.7025084265260392e-05,0.0,3.5304188481379605e-05
r_1m_median,750,1394,0.0,-9.525008366645672e-06,2.1887345831778388e-05
r_1m_median,751,1394,2.758350496022593e-05,0.0,5.5869737196306736e-05
r_1m_median,752,1394,0.0,-1.6135629786872108e-05,1.92854987667837e-05
r_1m_median,753,1394,1.765442951907259e-05,0.0,3.245172805742908e-05
r_1m_median,754,1394,0.0,-1.915792550602854e-05,2.0500805284013877e-05
r_1m_median,755,1394,1.642982097947209e-05,0.0,3.48107759995377e-05
r_1m_median,756,1394,1.1987727162925e-05,0.0,2.721231294314691e-05
r_1m_median,757,1394,0.0,-1.8130712385048176e-05,2.7638645351942775e-05
r_1m_median,758,1394,0.0,-2.2501002704020432e-05,1.2656545649267081e-05
r_1m_median,759,1394,1.5990389898172634e-05,0.0,2.639920858879801e-05
r_1m_median,760,1394,0.0,-1.407970756645437e-05,2.4879866182632175e-05
r_1m_median,761,1394,1.2186940683814702e-05,-6.110086297780597e-06,2.1052853188622553e-05
r_1m_median,762,1394,0.0,-1.5536917022204237e-05,1.8149945850290982e-05
r_1m_median,763,1394,-1.6637692968779788e-05,-2.7901396466725274e-05,0.0
r_1m_median,764,1394,1.57566430036548e-05,0.0,2.617631480554986e-05
r_1m_median,765,1394,1.1554413612623228e-05,-1.3462824907758159e-05,2.3956476403319035e-05
r_1m_median,766,1394,0.0,-1.6441474255872123e-05,2.0417955550796896e-05
r_1m_median,767,1394,-1.9750647191451268e-05,-3.757656283804342e-05,0.0
r_1m_median,768,1394,0.0,-1.9934557290694355e-05,1.3810639348530955e-05
r_1m_median,769,1394,1.1813025146616997e-05,0.0,3.0986392263671846e-05
r_1m_median,770,1394,0.0,0.0,2.223767327166483e-05
r_1m_median,771,1394,0.0,-1.549102682305937e-05,2.0285738686114843e-05
r_1m_median,772,1394,1.97372894686141e-05,-1.2457403922727774e-05,3.488696623291553e-05
r_1m_median,773,1394,2.109805225282924e-05,0.0,4.329787210422089e-05
r_1m_median,774,1394,-1.366799146015667e-05,-2.5978046549979682e-05,1.4868792063881013e-05
r_1m_median,775,1394,1.6295278389385064e-05,0.0,3.181432332400083e-05
r_1m_median,776,1394,-1.5470804055003743e-05,-3.9375319701181694e-05,0.0
r_1m_median,777,1394,1.3846179123252022e-05,0.0,2.683548985186357e-05
r_1m_median,778,1393,0.0,-1.2473571620275388e-05,2.058231685074291e-05
r_1m_median,779,1392,2.0297933646221755e-05,0.0,3.74048470124415e-05
r_1m_median,780,1393,3.335612668974118e-05,1.680130320051912e-05,4.873591057649322e-05
r_1m_median,781,1346,-3.554459333108429e-05,-6.315313775646839e-05,0.0
r_1m_median,782,1347,0.0,-1.9909688466091796e-05,3.3156483907785125e-05
r_1m_median,783,1347,2.3596035866992193e-05,0.0,4.4839816030216946e-05
r_1m_median,784,1347,0.0,-1.6071070549133348e-05,2.6355443753118243e-05
r_1m_median,785,1347,0.0,-2.4825292008814332e-05,5.987853212134442e-06
r_1m_median,786,1347,0.0,-2.2338541927680135e-05,1.6409583385883955e-05
r_1m_median,787,1347,5.441140464377365e-05,2.921052399122458e-05,6.931367908220486e-05
r_1m_median,788,1347,1.365905629606784e-05,-1.6264261724816508e-05,3.5030135591244296e-05
r_1m_median,789,1347,1.8534822298017193e-05,0.0,3.3559586535121695e-05
r_1m_median,790,1347,0.0,0.0,1.9520886053657894e-05
r_1m_median,791,1347,0.0,-1.556187559579153e-05,2.754751608500009e-05
r_1m_median,792,1347,0.0,-2.570077336209407e-05,1.5154128456143467e-05
r_1m_median,793,1347,5.137294188275354e-05,3.488097321336459e-05,7.692094481889053e-05
r_1m_median,794,1347,0.0,-1.3139321860985798e-05,2.6485797733702448e-05
r_1m_median,795,1346,0.0,-1.8400359264558105e-05,1.9620773686309008e-05
r_1m_median,796,1346,0.0,-2.5225891121068348e-05,1.916334230470913e-05
r_1m_median,797,1347,0.0,-1.7296764169623316e-05,2.0424318002771688e-05
r_1m_median,798,1347,-1.593206567228053e-05,-3.929813530849963e-05,0.0
r_1m_median,799,1347,0.0,0.0,2.3280475789002574e-05
r_1m_median,800,1347,0.0,-2.3275159062156855e-05,1.6713883387629056e-05
r_1m_median,801,1347,0.0,-1.7699146408365393e-05,2.9448936560716316e-05
r_1m_median,802,1346,0.0,-1.5153687307418341e-05,2.3897622959722722e-05
r_1m_median,803,1346,2.2594051763138698e-05,0.0,3.881237158880041e-05
r_1m_median,804,1347,0.0,-2.8884203231257147e-05,1.6257915573015983e-05
r_1m_median,805,1347,1.8238024457623295e-05,0.0,4.007718683868692e-05
r_1m_median,806,1346,0.0,-2.6382615133263424e-05,1.5810543798640164e-05
r_1m_median,807,1346,1.2662406043233038e-05,0.0,2.8763973707351492e-05
r_1m_median,808,1347,0.0,-1.5340666438215647e-05,3.157841595088952e-05
r_1m_median,809,1347,1.1483363477303389e-05,-1.3936408169789668e-05,2.802626828386245e-05
r_1m_median,810,1347,0.0,-2.472955490402996e-05,1.630729259211846e-05
r_1m_median,811,1347,6.041748483855583e-05,3.1841798123111657e-05,8.228332347579198e-05
r_1m_median,812,1347,0.0,-1.8593771508120563e-05,1.685473744577475e-05
r_1m_median,813,1347,0.0,-1.8270135783912847e-05,1.9531790143745927e-05
r_1m_median,814,1347,1.2971262168779766e-05,0.0,2.9531012394456872e-05
r_1m_median,815,1346,1.911135568676593e-05,0.0,3.562354942841168e-05
r_1m_median,816,1346,0.0,-3.0242109690045444e-06,2.1440396061162272e-05
r_1m_median,817,1347,0.0,-1.986423183695281e-05,2.1713511283972805e-05
r_1m_median,818,1346,1.7900254154709432e-05,0.0,3.9251593319338587e-05
r_1m_median,819,1346,3.254633415389205e-05,1.2109916142401578e-05,4.735528278631929e-05
r_1m_median,820,1347,3.493958364013257e-05,1.6763740255757973e-05,5.3779538949087136e-05
r_1m_median,821,1347,1.5409626393915908e-05,0.0,3.392855196872733e-05
r_1m_median,822,1347,-2.6820796847525685e-05,-4.37569737746481e-05,-1.2870070618151736e-05
r_1m_median,823,1347,1.2560526035094629e-05,0.0,2.5148673751191665e-05
r_1m_median,824,1347,-3.207904276415764e-05,-4.604319424399672e-05,-1.4860502160334484e-05
r_1m_median,825,1347,1.8037030023018573e-05,0.0,3.289895318100487e-05
r_1m_median,826,1347,0.0,-1.687692502469584e-05,1.9077234183222077e-05
r_1m_median,827,1347,1.883931010506328e-05,0.0,3.5670334769952335e-05
r_1m_median,828,1347,0.0,-1.8975581446039466e-05,1.8929893141237242e-05
r_1m_median,829,1347,1.7836598917753818e-05,0.0,3.428336841925513e-05
r_1m_median,830,1346,0.0,-1.6612204046447893e-05,2.3417284474694133e-05
r_1m_median,831,1346,1.614761827308861e-05,0.0,3.3258125669489564e-05
r_1m_median,832,1347,0.0,-2.2528426669180135e-05,1.8464322313663936e-05
r_1m_median,833,1347,0.0,-2.5488417016992234e-05,1.880291125492051e-05
r_1m_median,834,1347,1.4127586231560944e-05,0.0,3.2671397451552314e-05
r_1m_median,835,1346,0.0,-1.5404970607433937e-05,1.2445683032766855e-05
r_1m_median,836,1345,-1.8529670635591847e-05,-4.179797973758139e-05,0.0
r_1m_median,837,1345,0.0,-1.9488665121819973e-05,2.3210362677034858e-05
r_1m_median,838,1346,1.968862237926944e-05,0.0,3.685267987175101e-05
r_1m_median,839,1347,0.0,-1.323717396267353e-05,2.2050666051630486e-05
r_1m_median,840,1346,0.0,0.0,2.1170069756233862e-05
r_1m_median,841,1346,-1.659358830329313e-05,-4.6916115471423164e-05,1.622244293456907e-05
r_1m_median,842,1347,1.594858177263417e-05,-6.498186808668799e-06,4.242380887262794e-05
r_1m_median,843,1347,1.7775407723871543e-05,-1.6235636654379877e-05,4.005643434260484e-05
r_1m_median,844,1346,0.0,-1.7967496710964825e-05,1.9820431898688908e-05
r_1m_median,845,1346,0.0,-3.2088821861687235e-05,1.5834186488650546e-05
r_1m_median,846,1346,0.0,-2.0135383664554173e-05,1.8857173622769166e-05
r_1m_median,847,1346,2.1565621816533503e-05,0.0,4.1379212607712094e-05
r_1m_median,848,1346,0.0,-1.907099302120846e-05,2.2180930155881244e-05
r_1m_median,849,1346,5.66203323621212e-06,-1.4933797888256038e-05,1.997223858893556e-05
r_1m_median,850,1346,-1.2581772243805561e-05,-2.750255905875704e-05,6.271902358962291e-06
r_1m_median,851,1345,-1.3753550135291053e-05,-3.936855234291859e-05,1.6971733578174125e-05
r_1m_median,852,1345,-1.5492946836309474e-05,-2.6212850544088677e-05,0.0
r_1m_median,853,1346,2.78095883341332e-05,0.0,4.354889837245642e-05
r_1m_median,854,1347,1.5927244348266655e-05,-5.961268785165768e-06,3.4090715396970044e-05
r_1m_median,855,1347,0.0,-2.5517760654038186e-05,1.668957498758219e-05
r_1m_median,856,1347,1.833197371252486e-05,-3.0121000361723937e-06,3.871744057435549e-05
r_1m_median,857,1347,-1.6531248192306626e-05,-3.1126236737340234e-05,0.0
r_1m_median,858,1347,0.0,-1.5383537641032963e-05,2.2313045599849317e-05
r_1m_median,859,1347,0.0,-1.4698680593005297e-05,2.6645302305420412e-05
r_1m_median,860,1346,6.153732546549713e-06,-1.6032327267969237e-05,3.3291984232806425e-05
r_1m_median,861,1346,0.0,-2.8171035466285906e-05,2.2123055298537198e-05
r_1m_median,862,1346,1.3420369855258098e-05,-1.3344631788463388e-05,3.087147093112122e-05
r_1m_median,863,1346,0.0,-2.0201816143913155e-05,1.6533703426199243e-05
r_1m_median,864,1346,1.8826246958026104e-05,0.0,3.758548597138229e-05
r_1m_median,865,1346,1.4462332801934355e-05,0.0,3.25598569616621e-05
r_1m_median,866,1346,-1.4505635603459587e-05,-3.3243575682116154e-05,1.2823313302116112e-05
r_1m_median,867,1346,1.618021494429435e-05,-1.2526762622194695e-05,3.472726097310595e-05
r_1m_median,868,1346,0.0,-1.8814129173835917e-05,2.2152033074023877e-05
r_1m_median,869,1346,1.4165003535242683e-05,0.0,3.264552849607706e-05
r_1m_median,870,1347,1.1490224691578825e-05,-1.5306315780594282e-05,2.8399141608825872e-05
r_1m_median,871,1347,2.811990326944915e-05,0.0,6.231344913185552e-05
r_1m_median,872,1347,0.0,-2.286523754636877e-05,3.081725287492772e-05
r_1m_median,873,1347,0.0,-1.6153510541105295e-05,2.2945428512982918e-05
r_1m_median,874,1347,-1.1467561136615276e-05,-2.5093200162824004e-05,0.0
r_1m_median,875,1347,1.8559245752815467e-05,0.0,4.1167423783653976e-05
r_1m_median,876,1347,0.0,-2.220653149804884e-05,1.8474004164178584e-05
r_1m_median,877,1347,0.0,-1.6181331900160445e-05,1.7799769411128346e-05
r_1m_median,878,1347,1.558567053492917e-05,-5.923669290088729e-06,3.880268750989124e-05
r_1m_median,879,1347,2.2926314825065442e-05,0.0,3.813826760109525e-05
r_1m_median,880,1346,0.0,-1.6237753853011177e-05,1.8792059008520664e-05
r_1m_median,881,1346,1.5883161188598442e-05,0.0,4.709465241084773e-05
r_1m_median,882,1346,0.0,-1.3323118942326185e-05,2.6754209684496564e-05
r_1m_median,883,1347,0.0,-2.59235808475471e-05,1.6258705396780523e-05
r_1m_median,884,1347,0.0,-1.7292882275400443e-05,2.086089663915645e-05
r_1m_median,885,1347,1.7876455814366618e-05,0.0,3.5751086638848436e-05
r_1m_median,886,1347,0.0,-2.6214724812428792e-05,1.6947285468933515e-05
r_1m_median,887,1347,1.4705557965825767e-05,-1.2134157157527598e-05,2.7177755732181493e-05
r_1m_median,888,1347,0.0,-2.2990481353176267e-05,1.7897950930339024e-05
r_1m_median,889,1347,1.660426231462713e-05,0.0,3.557700921863872e-05
r_1m_median,890,1347,0.0,-1.848081377085035e-05,1.8270012515442848e-05
r_1m_median,891,1347,0.0,-2.2713804517702926e-05,1.6199710025559915e-05
r_1m_median,892,1347,1.5308192179398517e-05,-1.1444651957529508e-05,3.311158978616721e-05
r_1m_median,893,1347,1.7271902932390892e-05,0.0,3.3419911119938576e-05
r_1m_median,894,1347,0.0,-2.173275234530482e-05,1.2755855964979794e-05
r_1m_median,895,1347,1.6597923600166227e-05,0.0,3.2563648073400595e-05
r_1m_median,896,1347,4.9291435623053166e-05,2.8584727771513456e-05,6.814154000445784e-05
r_1m_median,897,1347,2.2428816544363228e-05,0.0,4.4532875308758234e-05
r_1m_median,898,1347,0.0,0.0,2.9948575036287825e-05
r_1m_median,899,1347,0.0,-1.9727949322439997e-05,1.3973142348885117e-05
r_1m_median,900,1347,0.0,-1.4179968262153615e-05,2.1926686516465827e-05
r_1m_median,901,1347,-1.1340890146630664e-05,-3.487104062221613e-05,1.9042722348159605e-05
r_1m_median,902,1347,-1.2533605730529312e-05,-3.5724968824972056e-05,1.3363222211016793e-05
r_1m_median,903,1346,0.0,-2.5666689612147004e-05,2.1697910254554812e-05
r_1m_median,904,1346,-1.6771255790767093e-05,-3.653087632722015e-05,0.0
r_1m_median,905,1346,0.0,-1.5541055000077195e-05,3.173575538959105e-05
r_1m_median,906,1346,0.0,-2.7413407899509484e-05,1.5800342534647264e-05
r_1m_median,907,1346,0.0,-1.6958737637767558e-05,2.815894992274776e-05
r_1m_median,908,1346,-1.6873595305589216e-05,-3.36607779038053e-05,0.0
r_1m_median,909,1346,2.740021282989454e-05,0.0,5.037571891414312e-05
r_1m_median,910,1346,1.2271674146301233e-05,-1.160671503695101e-05,2.920530820609509e-05
r_1m_median,911,1346,0.0,-1.640803165659562e-05,3.36236479157454e-05
r_1m_median,912,1346,-2.251195701183017e-05,-4.805026395839012e-05,0.0
r_1m_median,913,1346,1.3802577177814853e-05,0.0,3.100823268830513e-05
r_1m_median,914,1346,-1.667341728268505e-05,-3.539158191044059e-05,0.0
r_1m_median,915,1345,1.781911813238718e-05,-1.7432652530181237e-05,3.485393297938667e-05
r_1m_median,916,1346,1.9108702550240864e-05,-3.0274197734187147e-06,4.177719371310282e-05
r_1m_median,917,1347,-1.4004523461331506e-05,-3.3031098782496176e-05,1.6707464687774247e-05
r_1m_median,918,1347,-1.791039429777976e-05,-4.2070266919693625e-05,0.0
r_1m_median,919,1347,3.7285376058324874e-05,1.859061313885262e-05,5.654283659754334e-05
r_1m_median,920,1347,2.6627258325861642e-05,0.0,4.416298436031244e-05
r_1m_median,921,1347,0.0,-2.240840227260189e-05,2.4944939796760853e-05
r_1m_median,922,1347,-1.2487746399010487e-05,-3.0765043780435434e-05,1.6255008574780655e-05
r_1m_median,923,1347,0.0,-1.9678260442375284e-05,2.72774578892136e-05
r_1m_median,924,1347,-1.6131764250706724e-05,-3.1830597904845e-05,0.0
r_1m_median,925,1347,1.6533981465808462e-05,0.0,3.286126898975476e-05
r_1m_median,926,1347,0.0,-3.308245802967479e-05,1.6655296092228117e-05
r_1m_median,927,1347,0.0,-2.796453705963938e-05,1.2208810887550368e-05
r_1m_median,928,1347,0.0,-1.700163416686727e-05,1.767580800584744e-05
r_1m_median,929,1347,1.689488845198391e-05,0.0,3.3183738549850316e-05
r_1m_median,930,1347,0.0,-2.5843161560604436e-05,1.1671989812169016e-05
r_1m_median,931,1346,-2.2986528421185186e-05,-5.3928181948640415e-05,0.0
r_1m_median,932,1346,3.5842416024116707e-05,1.4302875416582699e-05,5.497535259476975e-05
r_1m_median,933,1346,0.0,-1.763599593661385e-05,3.0028542681779347e-05
r_1m_median,934,1346,0.0,-2.7169114152729085e-05,1.630836761183396e-05
r_1m_median,935,1346,-1.388123770749162e-05,-2.7715943471196606e-05,1.4164675166401591e-05
r_1m_median,936,1347,-3.058805536671412e-05,-4.9623644158376944e-05,0.0
r_1m_median,937,1347,1.1463880179607847e-05,-1.267798507475598e-05,2.665101846309116e-05
r_1m_median,938,1347,-1.153861686614725e-05,-2.828974355539698e-05,1.1955100644765003e-05
r_1m_median,939,1347,-2.3076301792888186e-05,-4.5944524222345375e-05,0.0
r_1m_median,940,1347,-1.6523053791167224e-05,-2.8068371372867062e-05,0.0
r_1m_median,941,1346,3.317577818958956e-05,0.0,5.6380909439063633e-05
r_1m_median,942,1346,0.0,-2.0905195210926024e-05,1.9239703595991077e-05
r_1m_median,943,1346,-2.5126607477753467e-05,-4.725116356868267e-05,0.0
r_1m_median,944,1346,1.5787505982456095e-05,-1.257932838986979e-05,3.792635706305548e-05
r_1m_median,945,1346,0.0,-2.6957811027418644e-05,2.383924342482973e-05
r_1m_median,946,1346,5.732531543348343e-06,-1.7384833350370012e-05,3.931299281856015e-05
r_1m_median,947,1347,0.0,-2.2594866928099292e-05,2.295055163067057e-05
r_1m_median,948,1347,0.0,-1.6546018614667808e-05,3.436995145790816e-05
r_1m_median,949,1347,-1.6171417020736656e-05,-3.539342744416961e-05,1.4257519927770804e-05
r_1m_median,950,1347,-1.7126660216084214e-05,-5.176621057204448e-05,0.0
r_1m_median,951,1347,2.4311084640203095e-05,-3.144811074173184e-05,6.784388043529278e-05
r_1m_median,952,1347,-5.865045309159354e-05,-9.697966606630025e-05,-2.553688560224234e-05
r_1m_median,953,1347,3.581982627761355e-05,1.2104508575518016e-05,6.437259015728662e-05
r_1m_median,954,1347,1.1733164375845207e-05,-1.974281271591744e-05,4.80911946953472e-05
r_1m_median,955,1347,4.327786554246817e-05,0.0,9.038758430407591e-05
r_1m_median,956,1347,0.0,-3.8230824289680286e-05,4.106129767969396e-05
r_1m_median,957,1347,-3.281162844411435e-05,-5.621428852680888e-05,0.0
r_1m_median,958,1347,4.6815383543577315e-05,1.8393193212831397e-05,6.836115363204455e-05
r_1m_median,959,1347,1.9683683211441487e-05,0.0,4.860742897545025e-05
r_1m_median,960,1347,5.23539651703055e-05,0.0,9.435864996648556e-05
r_1m_median,961,1347,2.1658851431886836e-05,-1.6457789883807455e-05,6.937993667211529e-05
r_1m_median,962,1347,5.004003203610103e-05,3.0975909882459776e-05,7.169817095909899e-05
r_1m_median,963,1347,-4.955196763618579e-05,-6.350990172389284e-05,-3.597321693143671e-05
r_1m_median,964,1347,-2.172991883958365e-05,-3.632512935861753e-05,0.0
r_1m_median,965,1347,-1.6648492063185483e-05,-3.0200824141750692e-05,0.0
r_1m_median,966,1347,0.0,-2.0788833951986255e-05,1.672898212543471e-05
r_1m_median,967,1347,0.0,-1.2550220364177708e-05,1.6672250813054257e-05
r_1m_median,968,1345,0.0,-1.1806281771374625e-05,1.3726508637062136e-05
r_1m_median,969,1345,0.0,-1.6049201258090534e-05,1.3635838372748619e-05
r_1m_median,970,1345,0.0,-1.2529668782166104e-05,1.5128478604749004e-05
r_1m_median,971,1345,-1.644290611954945e-05,-2.6506634268891725e-05,0.0
r_1m_median,972,1345,0.0,0.0,1.863886949944214e-05
r_1m_median,973,1345,0.0,-1.491101849743055e-05,1.3671007211772387e-05
r_1m_median,974,1345,1.3366750209156022e-05,0.0,2.5107649046493294e-05
r_1m_median,975,1345,0.0,-1.7424973009063303e-05,0.0
r_1m_median,976,992,0.0,0.0,1.9685282579401812e-05
r_1m_median,977,981,0.0,-1.4306875304903189e-05,1.5409747465528418e-05
r_1m_median,978,981,0.0,-1.4716432978534132e-05,0.0
r_1m_median,979,980,0.0,0.0,1.2804883701808776e-05
r_1m_median,980,980,0.0,0.0,1.530771786357313e-05
r_1m_median,981,979,0.0,-1.3581503286633822e-05,0.0
r_1m_median,982,978,0.0,0.0,1.2168455795407484e-05
r_1m_median,983,981,0.0,0.0,1.4710976753324677e-05
r_1m_median,984,981,0.0,0.0,1.476467888019523e-05
r_1m_median,985,982,0.0,0.0,1.4729063382116076e-05
r_1m_median,986,982,0.0,-1.233835726354353e-05,1.2083376685619514e-05
r_1m_median,987,981,1.2453842944780264e-05,0.0,1.6670990612427517e-05
r_1m_median,988,981,0.0,-1.153608776668178e-05,0.0
r_1m_median,989,983,0.0,0.0,0.0
r_1m_median,990,983,0.0,0.0,8.712902642215034e-06
r_1m_median,991,983,0.0,-1.2136585129182505e-05,1.2274230866090669e-05
r_1m_median,992,1344,0.0,-1.6278028731089365e-05,0.0
r_1m_median,993,1344,0.0,0.0,1.2890591892192365e-05
r_1m_median,994,1347,0.0,0.0,0.0
r_1m_median,995,1347,0.0,0.0,1.262040467203454e-05
r_1m_median,996,1347,0.0,0.0,1.653806696569492e-05
r_1m_median,997,1347,0.0,0.0,1.5652267706369807e-05
r_1m_median,998,1347,0.0,0.0,1.1613521332655387e-05
r_1m_median,999,1347,0.0,0.0,0.0
r_1m_median,1000,1345,0.0,0.0,0.0
r_1m_median,1001,1345,0.0,0.0,0.0
r_1m_median,1002,1345,0.0,0.0,0.0
r_1m_median,1003,1346,0.0,0.0,1.2354754418621624e-05
r_1m_median,1004,1345,0.0,0.0,0.0
r_1m_median,1005,1346,0.0,-1.3704630750515787e-05,0.0
r_1m_median,1006,1346,0.0,-1.6321334432653247e-05,0.0
r_1m_median,1007,1345,0.0,-1.1306109702590295e-05,0.0
r_1m_median,1008,1345,0.0,0.0,1.373296254348587e-05
r_1m_median,1009,1346,0.0,0.0,1.227237804626809e-05
r_1m_median,1010,1347,0.0,0.0,0.0
r_1m_median,1011,1347,0.0,0.0,1.4209692431350316e-05
r_1m_median,1012,1347,0.0,0.0,1.5102614423355112e-05
r_1m_median,1013,1344,1.2383169496588799e-05,0.0,1.6527696287413966e-05
r_1m_median,1014,1343,0.0,0.0,1.566281100492832e-05
r_1m_median,1015,1344,0.0,0.0,0.0
r_1m_median,1016,1344,-1.2247641544672919e-05,-1.655199899572388e-05,0.0
r_1m_median,1017,1342,0.0,0.0,0.0
r_1m_median,1018,1341,0.0,0.0,0.0
r_1m_median,1019,1343,0.0,0.0,0.0
r_1m_median,1020,1343,0.0,0.0,1.656549599754409e-05
r_1m_median,1021,0,,,
r_1m_median,1022,0,,,
r_1m_median,1023,0,,,
r_1m_median,1024,0,,,
r_1m_median,1025,0,,,
r_1m_median,1026,0,,,
r_1m_median,1027,0,,,
r_1m_median,1028,0,,,
r_1m_median,1029,0,,,
r_1m_median,1030,0,,,
r_1m_median,1031,0,,,
r_1m_median,1032,0,,,
r_1m_median,1033,0,,,
r_1m_median,1034,0,,,
r_1m_median,1035,0,,,
r_1m_median,1036,0,,,
r_1m_median,1037,0,,,
r_1m_median,1038,0,,,
r_1m_median,1039,0,,,
r_1m_median,1040,0,,,
r_1m_median,1041,0,,,
r_1m_median,1042,0,,,
r_1m_median,1043,0,,,
r_1m_median,1044,0,,,
r_1m_median,1045,0,,,
r_1m_median,1046,0,,,
r_1m_median,1047,0,,,
r_1m_median,1048,0,,,
r_1m_median,1049,0,,,
r_1m_median,1050,0,,,
r_1m_median,1051,0,,,
r_1m_median,1052,0,,,
r_1m_median,1053,0,,,
r_1m_median,1054,0,,,
r_1m_median,1055,0,,,
r_1m_median,1056,0,,,
r_1m_median,1057,0,,,
r_1m_median,1058,0,,,
r_1m_median,1059,0,,,
r_1m_median,1060,0,,,
r_1m_median,1061,0,,,
r_1m_median,1062,0,,,
r_1m_median,1063,0,,,
r_1m_median,1064,0,,,
r_1m_median,1065,0,,,
r_1m_median,1066,0,,,
r_1m_median,1067,0,,,
r_1m_median,1068,0,,,
r_1m_median,1069,0,,,
r_1m_median,1070,0,,,
r_1m_median,1071,0,,,
r_1m_median,1072,0,,,
r_1m_median,1073,0,,,
r_1m_median,1074,0,,,
r_1m_median,1075,0,,,
r_1m_median,1076,0,,,
r_1m_median,1077,0,,,
r_1m_median,1078,0,,,
r_1m_median,1079,0,,,
r_1m_median,1080,0,,,
r_1m_median,1081,0,,,
r_1m_median,1082,1395,0.0,-1.363926496194138e-05,2.252722915629472e-05
r_1m_median,1083,1393,0.0,-6.114142302337481e-06,1.9039852583702224e-05
r_1m_median,1084,1393,-1.1788768840072787e-05,-2.085560248814975e-05,0.0
r_1m_median,1085,1393,0.0,-1.6760256400692035e-05,0.0
r_1m_median,1086,1394,1.8469117864106898e-05,0.0,3.3996096923262396e-05
r_1m_median,1087,1395,0.0,-1.2540290576441611e-05,1.4948440021328656e-05
r_1m_median,1088,1394,0.0,-1.4654809282193657e-05,3.004790494607139e-06
r_1m_median,1089,1392,0.0,0.0,1.6114571066166494e-05
r_1m_median,1090,1394,0.0,-1.5344601385935466e-05,0.0
r_1m_median,1091,1393,3.779503751601256e-05,2.7990759200425415e-05,4.932967034699637e-05
r_1m_median,1092,1393,0.0,0.0,1.5153007493539186e-05
r_1m_median,1093,1393,0.0,-1.4563802529743273e-05,1.1620947920908355e-05
r_1m_median,1094,1391,0.0,0.0,1.5320485182141973e-05
r_1m_median,1095,1392,0.0,0.0,1.3557659556890666e-05
r_1m_median,1096,1392,1.4517423697972019e-05,0.0,1.8801242652929452e-05
r_1m_median,1097,1390,0.0,-1.3468751959614173e-05,1.3646120501015495e-05
r_1m_median,1098,1392,-1.1891229939149368e-05,-1.7206011898020076e-05,0.0
r_1m_median,1099,1391,0.0,0.0,1.389237860249644e-05
r_1m_median,1100,1389,0.0,-1.2509773260538854e-05,0.0
r_1m_median,1101,1390,1.6919588213524365e-05,0.0,2.6681860481423224e-05
r_1m_median,1102,1391,0.0,0.0,1.1242341186426281e-05
r_1m_median,1103,1391,0.0,0.0,1.363647504636448e-05
r_1m_median,1104,1393,0.0,-8.683471794506874e-06,0.0
r_1m_median,1105,1392,0.0,-1.2226508292815044e-05,0.0
r_1m_median,1106,1391,0.0,0.0,1.3818440849754851e-05
r_1m_median,1107,1390,0.0,0.0,1.4755497755464618e-05
r_1m_median,1108,1392,0.0,0.0,1.2505737129003762e-05
r_1m_median,1109,1393,0.0,0.0,1.407922368390562e-05
r_1m_median,1110,1389,0.0,0.0,1.1866641649885498e-05
r_1m_median,1111,1389,1.646402199634074e-05,0.0,2.5446809163455742e-05
r_1m_median,1112,1392,-1.2076930292028646e-05,-1.7455751377742656e-05,0.0
r_1m_median,1113,1390,0.0,-1.3224223965004554e-05,0.0
r_1m_median,1114,1393,0.0,-1.5273501621255754e-05,0.0
r_1m_median,1115,1391,0.0,0.0,1.6284095149329217e-05
r_1m_median,1116,1390,0.0,0.0,1.5384656444256114e-05
r_1m_median,1117,1389,0.0,0.0,1.2421700627002053e-05
r_1m_median,1118,1388,0.0,-1.2449924238757198e-05,0.0
r_1m_median,1119,1391,0.0,0.0,0.0
r_1m_median,1120,1395,0.0,0.0,1.2496173047264967e-05
r_1m_median,1121,1394,0.0,0.0,1.266223967401413e-05
r_1m_median,1122,1392,0.0,0.0,0.0
r_1m_median,1123,1392,0.0,0.0,0.0
r_1m_median,1124,1393,0.0,0.0,0.0
r_1m_median,1125,1393,0.0,0.0,0.0
r_1m_median,1126,1391,1.2299139675257e-05,0.0,1.8181322327994296e-05
r_1m_median,1127,1388,0.0,-1.3395473094337673e-05,0.0
r_1m_median,1128,1388,0.0,0.0,0.0
r_1m_median,1129,1388,0.0,-1.3460852476004216e-05,0.0
r_1m_median,1130,1391,0.0,-1.150291311286549e-05,0.0
r_1m_median,1131,1391,0.0,0.0,1.6020564079296092e-05
r_1m_median,1132,1388,0.0,-1.3380260871431752e-05,0.0
r_1m_median,1133,1390,0.0,0.0,1.3296869109851335e-05
r_1m_median,1134,1392,0.0,0.0,1.176773193419961e-05
r_1m_median,1135,1391,0.0,0.0,1.5449141428890674e-05
r_1m_median,1136,1388,0.0,0.0,3.0224003039879513e-06
r_1m_median,1137,1388,0.0,0.0,0.0
r_1m_median,1138,1394,0.0,0.0,0.0
r_1m_median,1139,1389,0.0,0.0,0.0
r_1m_median,1140,1391,0.0,0.0,1.1936005117812807e-05
r_1m_median,1141,1393,2.204318259550029e-05,1.3449085126098973e-05,3.561204451832133e-05
r_1m_median,1142,1389,-1.78340541268139e-05,-2.382512359392264e-05,-1.3361298605225461e-05
r_1m_median,1143,1390,0.0,0.0,1.6244949206999458e-05
r_1m_median,1144,1393,0.0,-1.5482322236970277e-05,0.0
r_1m_median,1145,1393,0.0,-1.1493922588526029e-05,0.0
r_1m_median,1146,1394,0.0,0.0,1.2098124275731938e-05
r_1m_median,1147,1393,0.0,0.0,0.0
r_1m_median,1148,1390,0.0,-1.2740070422745843e-05,0.0
r_1m_median,1149,1389,0.0,0.0,0.0
r_1m_median,1150,1391,0.0,-1.184772281362762e-05,0.0
r_1m_median,1151,1389,0.0,0.0,1.629641883940779e-05
r_1m_median,1152,1388,0.0,-1.4844590254140167e-05,0.0
r_1m_median,1153,1391,0.0,0.0,1.2366664568966333e-05
r_1m_median,1154,1393,0.0,-1.3739188975903448e-05,0.0
r_1m_median,1155,1387,0.0,0.0,0.0
r_1m_median,1156,1388,0.0,0.0,1.616093122400002e-05
r_1m_median,1157,1391,0.0,-1.1774194498051426e-05,1.23178291772894e-05
r_1m_median,1158,1390,0.0,0.0,1.3482214040638245e-05
r_1m_median,1159,1391,0.0,0.0,0.0
r_1m_median,1160,1394,0.0,-1.1477308706332756e-05,0.0
r_1m_median,1161,1394,0.0,0.0,1.6227575519528172e-05
r_1m_median,1162,1393,0.0,0.0,0.0
r_1m_median,1163,1391,0.0,0.0,1.3212530804284045e-05
r_1m_median,1164,1389,0.0,-1.1483613384917276e-05,0.0
r_1m_median,1165,1390,0.0,0.0,1.598417606647832e-05
r_1m_median,1166,1394,0.0,0.0,3.0486919659874504e-06
r_1m_median,1167,1390,0.0,0.0,1.2766908174134302e-05
r_1m_median,1168,1389,0.0,0.0,0.0
r_1m_median,1169,1391,0.0,0.0,0.0
r_1m_median,1170,1391,0.0,-1.1917885767236483e-05,0.0
r_1m_median,1171,1391,1.232810005512332e-05,0.0,1.6993364091694017e-05
r_1m_median,1172,1389,0.0,0.0,1.1798026764009482e-05
r_1m_median,1173,1390,0.0,0.0,1.582148337779729e-05
r_1m_median,1174,1390,0.0,0.0,2.9696081814348267e-06
r_1m_median,1175,1390,0.0,0.0,0.0
r_1m_median,1176,1393,0.0,0.0,0.0
r_1m_median,1177,1392,0.0,0.0,0.0
r_1m_median,1178,1390,0.0,0.0,0.0
r_1m_median,1179,1389,0.0,0.0,0.0
r_1m_median,1180,1393,0.0,0.0,0.0
r_1m_median,1181,1390,0.0,0.0,0.0
r_1m_median,1182,1389,0.0,0.0,0.0
r_1m_median,1183,1389,0.0,0.0,1.5323268870845688e-05
r_1m_median,1184,1389,0.0,-1.2542550798009046e-05,0.0
r_1m_median,1185,1391,0.0,0.0,0.0
r_1m_median,1186,1393,0.0,0.0,1.5011382665304636e-05
r_1m_median,1187,1394,0.0,0.0,1.6552881757829516e-05
r_1m_median,1188,1393,0.0,0.0,0.0
r_1m_median,1189,1393,0.0,0.0,0.0
r_1m_median,1190,1394,0.0,0.0,1.2677156413380141e-05
r_1m_median,1191,1392,0.0,0.0,8.906995301626882e-06
r_1m_median,1192,1391,0.0,0.0,1.3118355430059969e-05
r_1m_median,1193,1394,0.0,0.0,0.0
r_1m_median,1194,1395,0.0,-1.329824595591203e-05,0.0
r_1m_median,1195,1392,0.0,0.0,0.0
r_1m_median,1196,1392,0.0,-1.219714283555588e-05,0.0
r_1m_median,1197,1393,1.3288065324281903e-05,0.0,1.8323277835818436e-05
r_1m_median,1198,1393,0.0,0.0,1.2579637678793124e-05
r_1m_median,1199,1392,0.0,0.0,1.5012341208984693e-05
r_1m_median,1200,1391,0.0,0.0,1.572959416771719e-05
r_1m_median,1201,1391,0.0,-2.1419962601966774e-05,1.4574543910482147e-05
r_1m_median,1202,1395,-1.789340896333053e-05,-3.103092798356418e-05,0.0
r_1m_median,1203,1395,0.0,0.0,1.8971552158032643e-05
r_1m_median,1204,1395,0.0,-1.642885538041135e-05,0.0
r_1m_median,1205,1396,0.0,-1.5293101965908848e-05,0.0
r_1m_median,1206,1395,0.0,0.0,1.640224638746445e-05
r_1m_median,1207,1395,0.0,-1.226773503808055e-05,1.3664886086646065e-05
r_1m_median,1208,1395,0.0,-1.2741206974681376e-05,0.0
r_1m_median,1209,1394,1.4695668965574186e-05,0.0,1.9276184685528684e-05
r_1m_median,1210,1396,0.0,-1.366212995381269e-05,0.0
r_1m_median,1211,1392,0.0,-1.6468213858898593e-05,0.0
r_1m_median,1212,1393,0.0,0.0,1.4386562869255868e-05
r_1m_median,1213,1394,0.0,-1.4171449430733688e-05,0.0
r_1m_median,1214,1393,0.0,0.0,0.0
r_1m_median,1215,1391,0.0,-1.1307420494819593e-05,0.0
r_1m_median,1216,1391,0.0,0.0,1.7247821703798512e-05
r_1m_median,1217,1389,1.6049947436743607e-05,0.0,2.173228004293371e-05
r_1m_median,1218,1391,0.0,-1.613749142736313e-05,0.0
r_1m_median,1219,1392,0.0,0.0,1.6580991349791696e-05
r_1m_median,1220,1393,0.0,0.0,1.4945596134117168e-05
r_1m_median,1221,1394,0.0,-1.4071087831962355e-05,0.0
r_1m_median,1222,1394,1.2507294393584806e-05,0.0,1.8099072696217075e-05
r_1m_median,1223,1395,0.0,-6.127966961145467e-06,0.0
r_1m_median,1224,1396,0.0,-1.2419342861605747e-05,0.0
r_1m_median,1225,1395,0.0,0.0,1.2553036777052012e-05
r_1m_median,1226,1394,0.0,0.0,1.3461131600086031e-05
r_1m_median,1227,1394,0.0,-1.1728325369982051e-05,0.0
r_1m_median,1228,1395,0.0,-1.3427830348385762e-05,0.0
r_1m_median,1229,1394,0.0,0.0,1.5670497729276757e-05
r_1m_median,1230,1393,0.0,-1.2502985040231039e-05,0.0
r_1m_median,1231,1393,0.0,-1.3879539477145887e-05,1.8141049179834536e-05
r_1m_median,1232,1392,0.0,-1.5758330247625827e-05,0.0
r_1m_median,1233,1393,0.0,-1.3930274200069772e-05,0.0
r_1m_median,1234,1392,0.0,0.0,1.3348194931514516e-05
r_1m_median,1235,1391,0.0,-1.5909846089845036e-05,0.0
r_1m_median,1236,1393,0.0,-1.4494803505400867e-05,0.0
r_1m_median,1237,1394,0.0,0.0,1.7880505913437863e-05
r_1m_median,1238,1395,0.0,0.0,1.4143571393502092e-05
r_1m_median,1239,1394,0.0,-1.1528772935183152e-05,0.0
r_1m_median,1240,1390,0.0,0.0,1.2073409944788071e-05
r_1m_median,1241,1390,0.0,-1.5568192918941886e-05,0.0
r_1m_median,1242,1395,0.0,0.0,0.0
r_1m_median,1243,1393,0.0,0.0,1.4764360827164335e-05
r_1m_median,1244,1392,0.0,-1.2336614452477077e-05,0.0
r_1m_median,1245,1392,0.0,0.0,1.260636492139973e-05
r_1m_median,1246,1393,0.0,-1.1468219300862249e-05,1.4749698560870255e-05
r_1m_median,1247,1393,0.0,0.0,1.4424259185016107e-05
r_1m_median,1248,1392,0.0,-1.3594248475407075e-05,0.0
r_1m_median,1249,1393,0.0,0.0,1.1376212562853769e-05
r_1m_median,1250,1393,0.0,0.0,0.0
r_1m_median,1251,1394,0.0,-1.3728057821311742e-05,0.0
r_1m_median,1252,1392,0.0,0.0,1.3971594457368686e-05
r_1m_median,1253,1390,0.0,0.0,1.629344561795149e-05
r_1m_median,1254,1392,0.0,-1.6510101511630322e-05,0.0
r_1m_median,1255,1393,0.0,-1.1623781572926489e-05,0.0
r_1m_median,1256,1393,0.0,0.0,1.3301406440263815e-05
r_1m_median,1257,1391,0.0,0.0,1.6422582925570217e-05
r_1m_median,1258,1389,0.0,0.0,1.4526821645955093e-05
r_1m_median,1259,1391,0.0,0.0,0.0
r_1m_median,1260,1393,0.0,0.0,1.4958649191999345e-05
r_1m_median,1261,1393,0.0,0.0,2.032642367349113e-05
r_1m_median,1262,1393,0.0,-1.6772312146415847e-05,0.0
r_1m_median,1263,1394,0.0,0.0,1.6143483279644996e-05
r_1m_median,1264,1396,0.0,-1.1652241560476699e-05,1.149775506350332e-05
r_1m_median,1265,1394,0.0,-1.2487033018786995e-05,1.2445473270332567e-05
r_1m_median,1266,1392,0.0,-1.2072699497270622e-05,0.0
r_1m_median,1267,1393,0.0,-1.2687126284464308e-05,0.0
r_1m_median,1268,1394,0.0,0.0,1.560001044669029e-05
r_1m_median,1269,1395,1.4254862690377887e-05,0.0,1.895465099809667e-05
r_1m_median,1270,1397,0.0,-1.3785492750435211e-05,0.0
r_1m_median,1271,1395,0.0,0.0,1.6220475918903337e-05
r_1m_median,1272,1392,0.0,0.0,1.2338734103129769e-05
r_1m_median,1273,1393,0.0,-1.1846733384569506e-05,0.0
r_1m_median,1274,1394,0.0,0.0,0.0
r_1m_median,1275,1394,0.0,0.0,1.4832063909629987e-05
r_1m_median,1276,1393,1.5665019229025632e-05,0.0,2.115887138653532e-05
r_1m_median,1277,1395,-1.2253175104119716e-05,-1.872887149241327e-05,0.0
r_1m_median,1278,1394,0.0,0.0,1.2468700646694444e-05
r_1m_median,1279,1394,0.0,0.0,1.6357804880195638e-05
r_1m_median,1280,1393,0.0,0.0,1.3143772945751142e-05
r_1m_median,1281,1395,0.0,-1.3759405799015362e-05,0.0
r_1m_median,1282,1392,0.0,-1.2856147216060723e-05,0.0
r_1m_median,1283,1391,0.0,-1.4827422177442484e-05,0.0
r_1m_median,1284,1393,0.0,0.0,0.0
r_1m_median,1285,1394,0.0,-1.2767701304198977e-05,0.0
r_1m_median,1286,1391,0.0,0.0,1.813658653268593e-05
r_1m_median,1287,1390,0.0,0.0,1.214834528452265e-05
r_1m_median,1288,1391,0.0,-1.2251388702405002e-05,0.0
r_1m_median,1289,1393,0.0,-1.2204738539331654e-05,0.0
r_1m_median,1290,1391,0.0,0.0,1.270537341807816e-05
r_1m_median,1291,1392,-1.5508924574612713e-05,-2.2958158292006723e-05,0.0
r_1m_median,1292,1395,0.0,0.0,1.654692719076884e-05
r_1m_median,1293,1395,0.0,0.0,1.4758709379647639e-05
r_1m_median,1294,1395,-1.1777245184707273e-05,-1.7879194014032914e-05,0.0
r_1m_median,1295,1395,0.0,0.0,1.20823449937614e-05
r_1m_median,1296,1393,0.0,-1.2774592936577853e-05,0.0
r_1m_median,1297,1393,0.0,0.0,1.56532492236234e-05
r_1m_median,1298,1391,0.0,-1.1760991894170587e-05,1.1656937096628246e-05
r_1m_median,1299,1390,0.0,0.0,1.630285548486083e-05
r_1m_median,1300,1392,0.0,-1.34539699130949e-05,0.0
r_1m_median,1301,1391,0.0,-1.4529013603496563e-05,0.0
r_1m_median,1302,1390,0.0,0.0,1.58160942014163e-05
r_1m_median,1303,1392,0.0,-1.9181493812416862e-05,0.0
r_1m_median,1304,1392,0.0,-1.1831319634459131e-05,0.0
r_1m_median,1305,1391,0.0,-1.551939536467273e-05,0.0
r_1m_median,1306,1392,0.0,-1.127508212758835e-05,1.4811547651270113e-05
r_1m_median,1307,1391,1.2251673885090198e-05,0.0,1.6349701788889505e-05
r_1m_median,1308,1391,0.0,0.0,1.335675217223447e-05
r_1m_median,1309,1395,0.0,0.0,1.598487359439788e-05
r_1m_median,1310,1396,0.0,0.0,0.0
r_1m_median,1311,1394,1.161093407184649e-05,0.0,1.730058142427871e-05
r_1m_median,1312,1395,0.0,-1.1474467256070077e-05,0.0
r_1m_median,1313,1396,0.0,0.0,1.445573201760062e-05
r_1m_median,1314,1392,0.0,0.0,1.3254442328616277e-05
r_1m_median,1315,1391,0.0,0.0,0.0
r_1m_median,1316,1391,0.0,-1.380498599702122e-05,0.0
r_1m_median,1317,1391,0.0,0.0,1.1898667917448302e-05
r_1m_median,1318,1394,0.0,0.0,1.1640328665312428e-05
r_1m_median,1319,1392,0.0,0.0,0.0
r_1m_median,1320,1392,0.0,0.0,1.1595211177833185e-05
r_1m_median,1321,1392,0.0,0.0,1.3260752813101286e-05
r_1m_median,1322,1395,0.0,0.0,1.2875674126477254e-05
r_1m_median,1323,1397,0.0,0.0,1.1926949321479478e-05
r_1m_median,1324,1396,0.0,-1.2428997039952538e-05,0.0
r_1m_median,1325,1395,0.0,-1.2118067854956683e-05,0.0
r_1m_median,1326,1394,0.0,0.0,0.0
r_1m_median,1327,1396,0.0,-1.1680128014329206e-05,0.0
r_1m_median,1328,1397,0.0,0.0,1.535755678543877e-05
r_1m_median,1329,1398,0.0,-1.480130058577927e-05,0.0
r_1m_median,1330,1397,0.0,0.0,1.198008806781998e-05
r_1m_median,1331,1396,0.0,0.0,0.0
r_1m_median,1332,1393,0.0,-1.4299001839865103e-05,0.0
r_1m_median,1333,1394,0.0,0.0,1.1415329646305002e-05
r_1m_median,1334,1395,0.0,-5.945202221887874e-06,0.0
r_1m_median,1335,1393,0.0,0.0,1.512853870186364e-05
r_1m_median,1336,1396,0.0,0.0,1.2148052539536576e-05
r_1m_median,1337,1397,0.0,0.0,0.0
r_1m_median,1338,1397,0.0,0.0,1.6134461701967977e-05
r_1m_median,1339,1395,0.0,0.0,1.1416763233619221e-05
r_1m_median,1340,1394,0.0,0.0,1.1588895520439882e-05
r_1m_median,1341,1396,0.0,0.0,0.0
r_1m_median,1342,1393,0.0,0.0,1.563911540105397e-05
r_1m_median,1343,1393,0.0,0.0,1.1963880200900761e-05
r_1m_median,1344,1397,0.0,0.0,0.0
r_1m_median,1345,1397,0.0,0.0,0.0
r_1m_median,1346,1396,0.0,0.0,1.6886044492161956e-05
r_1m_median,1347,1395,0.0,0.0,8.815904872150295e-06
r_1m_median,1348,1396,0.0,0.0,0.0
r_1m_median,1349,1394,0.0,-1.166405197515048e-05,0.0
r_1m_median,1350,1394,0.0,-1.3365499635937056e-05,0.0
r_1m_median,1351,1393,0.0,-1.4225711780726185e-05,6.074866154497057e-06
r_1m_median,1352,1393,-1.2645662221929457e-05,-1.724233912424483e-05,0.0
r_1m_median,1353,1396,0.0,0.0,1.1769943784059673e-05
r_1m_median,1354,1396,0.0,0.0,1.2536591175590396e-05
r_1m_median,1355,1396,0.0,-1.6058968532762672e-05,0.0
r_1m_median,1356,1394,0.0,0.0,1.4228202622633697e-05
r_1m_median,1357,1392,0.0,-1.2960533091037523e-05,0.0
r_1m_median,1358,1396,0.0,0.0,0.0
r_1m_median,1359,1395,0.0,0.0,1.149157108921241e-05
r_1m_median,1360,1394,0.0,0.0,1.234905959834064e-05
r_1m_median,1361,1393,0.0,0.0,0.0
r_1m_median,1362,1391,0.0,0.0,0.0
r_1m_median,1363,1391,0.0,0.0,0.0
r_1m_median,1364,1393,0.0,0.0,1.291595127915141e-05
r_1m_median,1365,1396,0.0,-1.3780333668658887e-05,0.0
r_1m_median,1366,1396,0.0,0.0,1.1786480709330691e-05
r_1m_median,1367,1395,0.0,-1.194571897369895e-05,0.0
r_1m_median,1368,1394,0.0,-1.4800014800316762e-05,0.0
r_1m_median,1369,1394,0.0,0.0,0.0
r_1m_median,1370,1396,0.0,0.0,0.0
r_1m_median,1371,1395,1.3098692095671237e-05,0.0,1.8027312173736556e-05
r_1m_median,1372,1395,0.0,0.0,0.0
r_1m_median,1373,1393,0.0,0.0,0.0
r_1m_median,1374,1390,0.0,-1.333448898923285e-05,0.0
r_1m_median,1375,1392,0.0,0.0,0.0
r_1m_median,1376,1394,0.0,0.0,0.0
r_1m_median,1377,1393,0.0,-1.230517739118161e-05,0.0
r_1m_median,1378,1392,0.0,0.0,0.0
r_1m_median,1379,1392,0.0,0.0,1.3262335630193372e-05
r_1m_median,1380,1393,0.0,0.0,0.0
r_1m_median,1381,1390,2.1509845997944317e-05,1.6437899834594534e-05,3.139002098523528e-05
r_1m_median,1382,1408,0.0,-1.1647070470750573e-05,0.0
r_1m_median,1383,1407,0.0,-1.2846082862327794e-05,0.0
r_1m_median,1384,1408,0.0,-1.2345237066940309e-05,0.0
r_1m_median,1385,1408,0.0,0.0,0.0
r_1m_median,1386,1409,0.0,0.0,0.0
r_1m_median,1387,1411,0.0,0.0,0.0
r_1m_median,1388,1411,0.0,0.0,8.778557903429497e-06
r_1m_median,1389,1411,0.0,0.0,1.2199957300196041e-05
r_1m_median,1390,1408,0.0,0.0,0.0
r_1m_median,1391,1406,0.0,0.0,1.3010062147558498e-05
r_1m_median,1392,1406,0.0,0.0,0.0
r_1m_median,1393,1407,0.0,0.0,1.3465730176500735e-05
r_1m_median,1394,1408,0.0,0.0,1.191933327647423e-05
r_1m_median,1395,1410,0.0,0.0,1.1299709524546077e-05
r_1m_median,1396,1410,0.0,0.0,1.574467124192565e-05
r_1m_median,1397,1408,0.0,0.0,1.1520257774184608e-05
r_1m_median,1398,1406,0.0,0.0,0.0
r_1m_median,1399,1407,0.0,-3.0897074488888084e-06,0.0
r_1m_median,1400,1407,0.0,0.0,1.3340637026900415e-05
r_1m_median,1401,1406,0.0,0.0,0.0
r_1m_median,1402,1409,0.0,-1.3316966094954821e-05,0.0
r_1m_median,1403,1411,0.0,0.0,1.1820342646020076e-05
r_1m_median,1404,1409,0.0,0.0,1.1564321815194486e-05
r_1m_median,1405,1410,0.0,0.0,1.5166457605035072e-05
r_1m_median,1406,1412,0.0,0.0,0.0
r_1m_median,1407,1413,0.0,-1.3584159586072195e-05,0.0
r_1m_median,1408,1409,0.0,0.0,0.0
r_1m_median,1409,1408,0.0,0.0,0.0
r_1m_median,1410,1410,0.0,0.0,1.308139946096982e-05
r_1m_median,1411,1409,0.0,-3.011512582407895e-06,0.0
r_1m_median,1412,1409,-1.3853389578338699e-05,-1.8149238080772197e-05,0.0
r_1m_median,1413,1409,1.1414417550992232e-05,0.0,1.5355086025860607e-05
r_1m_median,1414,1411,0.0,-1.1441216111409109e-05,0.0
r_1m_median,1415,1412,0.0,-1.4666124950251699e-05,0.0
r_1m_median,1416,1410,0.0,0.0,0.0
r_1m_median,1417,1409,0.0,0.0,0.0
r_1m_median,1418,1409,0.0,0.0,0.0
r_1m_median,1419,1408,0.0,0.0,1.1488376635120943e-05
r_1m_median,1420,1407,0.0,0.0,0.0
r_1m_median,1421,1406,0.0,0.0,0.0
r_1m_median,1422,1408,0.0,-1.1513497494295135e-05,0.0
r_1m_median,1423,1408,0.0,0.0,0.0
r_1m_median,1424,1407,0.0,-1.172436028975505e-05,0.0
r_1m_median,1425,1408,0.0,0.0,1.5640948961399464e-05
r_1m_median,1426,1409,0.0,0.0,1.4495151352417213e-05
r_1m_median,1427,1408,0.0,0.0,1.119288132758918e-05
r_1m_median,1428,1406,0.0,-1.2996806628832358e-05,0.0
r_1m_median,1429,1404,0.0,0.0,0.0
r_1m_median,1430,1406,0.0,0.0,0.0
r_1m_median,1431,1407,0.0,0.0,0.0
r_1m_median,1432,1408,0.0,0.0,6.062889316067543e-06
r_1m_median,1433,1402,0.0,0.0,1.2375377809396292e-05
r_1m_median,1434,1402,0.0,0.0,1.1487695897877689e-05
r_1m_median,1435,1408,0.0,0.0,0.0
r_1m_median,1436,1411,0.0,-1.2660144369575382e-05,0.0
r_1m_median,1437,1410,0.0,0.0,0.0
r_1m_median,1438,1408,0.0,0.0,1.3607164368229956e-05
r_1m_median,1439,1404,0.0,0.0,0.0
abs_r_1m,0,1406,5.599077643967862e-05,5.220470319941575e-05,6.01516423035245e-05
abs_r_1m,1,1412,8.050515485382246e-05,7.491501694578849e-05,8.376130219673788e-05
abs_r_1m,2,1414,7.739883971275115e-05,6.98608604813865e-05,8.171447785609123e-05
abs_r_1m,3,1412,6.96519518871143e-05,6.535167842101405e-05,7.604414659498186e-05
abs_r_1m,4,1412,6.54188118811167e-05,6.125336047868082e-05,6.847049639326972e-05
abs_r_1m,5,1411,6.538939386360291e-05,6.0265522619687896e-05,7.031901846887027e-05
abs_r_1m,6,1407,6.558108119326269e-05,6.225882584050086e-05,7.080992548267287e-05
abs_r_1m,7,1407,7.174373142227058e-05,6.636654243814648e-05,7.768197005379187e-05
abs_r_1m,8,1408,6.684659649434815e-05,6.283334581730379e-05,7.119515306409316e-05
abs_r_1m,9,1407,6.597684215239663e-05,6.270089606232537e-05,6.947209260413835e-05
abs_r_1m,10,1409,6.647057848470182e-05,6.30680927884361e-05,7.163851317599339e-05
abs_r_1m,11,1412,6.748447197072314e-05,6.411694933760354e-05,7.437188723631255e-05
abs_r_1m,12,1408,6.78717722274093e-05,6.413197968030543e-05,7.317695319195345e-05
abs_r_1m,13,1408,6.244397806902044e-05,5.799471775693569e-05,6.647278772707302e-05
abs_r_1m,14,1409,6.175851188660437e-05,5.58374376930197e-05,6.741962821155726e-05
abs_r_1m,15,1407,6.0310357115960566e-05,5.624827901103509e-05,6.471114000101277e-05
abs_r_1m,16,1406,7.325373785204591e-05,6.754993957341228e-05,8.00209211326989e-05
abs_r_1m,17,1408,6.377619298985932e-05,5.926101515846552e-05,6.797555185607365e-05
abs_r_1m,18,1408,6.232077044723349e-05,5.702535734729223e-05,6.564264148345714e-05
abs_r_1m,19,1410,6.601151421843379e-05,6.121865778507037e-05,7.01621073515135e-05
abs_r_1m,20,1407,6.266122212323426e-05,5.795423375264043e-05,6.758995450060451e-05
abs_r_1m,21,1407,6.61091462243927e-05,6.160147809084788e-05,7.1614888777612e-05
abs_r_1m,22,1410,6.47719620254085e-05,6.148200645300693e-05,6.856046248926135e-05
abs_r_1m,23,1407,6.359704911838173e-05,5.90303463113287e-05,6.68265857217068e-05
abs_r_1m,24,1406,6.104681299824819e-05,5.6147826755809365e-05,6.549723075227909e-05
abs_r_1m,25,1404,5.929201155889479e-05,5.572972623561106e-05,6.414091150697505e-05
abs_r_1m,26,1406,6.564867582460616e-05,6.148855073233303e-05,6.977569041485921e-05
abs_r_1m,27,1404,6.431351547254389e-05,5.91518446590718e-05,6.837855527119122e-05
abs_r_1m,28,1406,6.261152998350184e-05,5.797525614957025e-05,6.654923789130655e-05
abs_r_1m,29,1404,5.928855146627989e-05,5.6694859253629345e-05,6.3103141302199e-05
abs_r_1m,30,1405,6.226650064275267e-05,5.893509118587074e-05,6.515679030489206e-05
abs_r_1m,31,1409,9.132503499538606e-05,8.368587346645033e-05,9.601767858704117e-05
abs_r_1m,32,1411,8.164709408918025e-05,7.579202671511228e-05,8.628494919620824e-05
abs_r_1m,33,1407,7.487271641705881e-05,6.8275448227199e-05,8.08119559697971e-05
abs_r_1m,34,1407,6.732510623078438e-05,6.262875203869108e-05,7.433227988283129e-05
abs_r_1m,35,1407,6.834919606917879e-05,6.392868330174493e-05,7.546999037662396e-05
abs_r_1m,36,1407,7.11650911806666e-05,6.688594283444849e-05,7.779513127831216e-05
abs_r_1m,37,1410,6.814755184772707e-05,6.40977088111866e-05,7.366416589116678e-05
abs_r_1m,38,1409,6.696578051116752e-05,6.278773377880018e-05,7.312398844462138e-05
abs_r_1m,39,1409,6.730788649040078e-05,6.344704559917975e-05,7.194765899568713e-05
abs_r_1m,40,1411,6.524363061374758e-05,6.0881814621476824e-05,7.165220744903207e-05
abs_r_1m,41,1407,7.153075825664686e-05,6.520535256647239e-05,7.840794428168352e-05
abs_r_1m,42,1407,6.345781643788561e-05,5.9829714716768386e-05,6.743837521727046e-05
abs_r_1m,43,1410,6.207310289560577e-05,5.708312376634282e-05,6.573873630624448e-05
abs_r_1m,44,1409,6.483612671260044e-05,6.094249326035541e-05,6.968218757385364e-05
abs_r_1m,45,1405,6.103254867719987e-05,5.672946280437166e-05,6.446523273035032e-05
abs_r_1m,46,1405,6.856711866514937e-05,6.437444680308507e-05,7.662336577285614e-05
abs_r_1m,47,1407,6.713211602947289e-05,6.360746221270559e-05,7.125298374886321e-05
abs_r_1m,48,1406,6.501612404638016e-05,5.9961744424979095e-05,6.962333777088125e-05
abs_r_1m,49,1400,6.314294014654847e-05,5.8713011653022506e-05,6.617462448408999e-05
abs_r_1m,50,1405,6.017842906036787e-05,5.594245047266757e-05,6.533446381926439e-05
abs_r_1m,51,1408,7.153971443181654e-05,6.642212103735307e-05,7.729827087616803e-05
abs_r_1m,52,1410,6.691175628565618e-05,6.25749596075212e-05,7.226259933320215e-05
abs_r_1m,53,1408,6.633946249756298e-05,6.090002564362957e-05,7.025196525753261e-05
abs_r_1m,54,1405,6.336432907212656e-05,5.996372275751191e-05,6.74738946768498e-05
abs_r_1m,55,1407,5.963799737368716e-05,5.488308107438546e-05,6.493576772592983e-05
abs_r_1m,56,1410,6.737560784360956e-05,6.443679149364498e-05,7.25576783889722e-05
abs_r_1m,57,1406,6.570248949669385e-05,6.105253253746551e-05,7.133558043441498e-05
abs_r_1m,58,1402,6.312852338167556e-05,5.834370333532624e-05,6.755274785795386e-05
abs_r_1m,59,1404,6.428884381957134e-05,5.836642594301623e-05,6.821012163944405e-05
abs_r_1m,60,1405,6.507027592099985e-05,6.226372678801409e-05,6.981724982033061e-05
abs_r_1m,61,1410,0.00010355042898710624,9.47361232697263e-05,0.00010979407781279078
abs_r_1m,62,1410,0.00010309818818702017,9.69631942833248e-05,0.00010990968389498933
abs_r_1m,63,1409,9.611225919266557e-05,9.036958304396183e-05,0.0001022889789868432
abs_r_1m,64,1407,9.41014100222232e-05,8.758653250915688e-05,0.00010272593381374365
abs_r_1m,65,1406,9.338069544777912e-05,8.50888075182338e-05,0.00010014174885087301
abs_r_1m,66,1409,9.590716194079491e-05,8.939945919277917e-05,0.00010330756392723772
abs_r_1m,67,1405,9.259565468433e-05,8.422104840062734e-05,9.938382039591049e-05
abs_r_1m,68,1409,9.13918058743253e-05,8.54460855697454e-05,9.760970687856559e-05
abs_r_1m,69,1407,8.588904367828047e-05,8.19753929885155e-05,9.00208823168173e-05
abs_r_1m,70,1405,8.111286860106689e-05,7.57366515710731e-05,8.440366739896438e-05
abs_r_1m,71,1407,9.443571295864683e-05,8.729443840068676e-05,0.00010081603911785714
abs_r_1m,72,1407,8.943143968216809e-05,8.266564305173194e-05,9.601075327807193e-05
abs_r_1m,73,1409,8.134190913942625e-05,7.648359048290136e-05,8.695249787560582e-05
abs_r_1m,74,1409,7.908576855717372e-05,7.328759408163562e-05,8.469975848752163e-05
abs_r_1m,75,1405,8.071629954743809e-05,7.531109969647502e-05,8.4501340985278e-05
abs_r_1m,76,1408,9.468804351960824e-05,8.712289300524305e-05,0.00010119159259042119
abs_r_1m,77,1409,8.287544653891424e-05,7.874776785705924e-05,8.762337248023193e-05
abs_r_1m,78,1406,8.066982102466583e-05,7.466474818904051e-05,8.336981315608088e-05
abs_r_1m,79,1405,7.616436273148878e-05,6.924747171432783e-05,8.217203915664064e-05
abs_r_1m,80,1405,7.799764451065924e-05,7.160838592022076e-05,8.222129042723006e-05
abs_r_1m,81,1405,8.37936999597776e-05,7.941363288499881e-05,8.96834828265253e-05
abs_r_1m,82,1408,8.344993365249406e-05,7.938555583971854e-05,8.760552819028994e-05
abs_r_1m,83,1411,7.968868292105404e-05,7.519783814650781e-05,8.355693579714682e-05
abs_r_1m,84,1408,7.70727808426241e-05,7.166791694919122e-05,8.140014456307948e-05
abs_r_1m,85,1408,7.842250662610386e-05,7.221889823802525e-05,8.141289135403686e-05
abs_r_1m,86,1410,8.154424983452353e-05,7.865778362155673e-05,8.565711973597802e-05
abs_r_1m,87,1408,8.083453626777493e-05,7.486677694862167e-05,8.46690624642759e-05
abs_r_1m,88,1408,7.8642886419004e-05,7.300452544210346e-05,8.248556507296305e-05
abs_r_1m,89,1409,8.219194171336472e-05,7.771333304935148e-05,8.548628255906588e-05
abs_r_1m,90,1408,8.342771124421019e-05,8.036189680960307e-05,8.754185802256818e-05
abs_r_1m,91,1405,0.00010520889235259481,9.768993708357165e-05,0.00011317838185083191
abs_r_1m,92,1405,9.183158094516002e-05,8.511845657005486e-05,9.78541367541404e-05
abs_r_1m,93,1408,9.206111235407193e-05,8.681665013988974e-05,9.858538203027447e-05
abs_r_1m,94,1409,8.640055301726089e-05,8.27461077811828e-05,9.344786051319115e-05
abs_r_1m,95,1409,8.390739984279561e-05,7.987064767020704e-05,9.07731091257127e-05
abs_r_1m,96,1408,8.426639048967633e-05,8.04204842895163e-05,9.338141644202621e-05
abs_r_1m,97,1409,8.924507596219395e-05,8.320347729126571e-05,9.619483609125528e-05
abs_r_1m,98,1408,8.906574819516876e-05,8.383378382208659e-05,9.649249846673285e-05
abs_r_1m,99,1408,8.4117233225947e-05,8.037030095571587e-05,8.909564950156673e-05
abs_r_1m,100,1408,8.08360825544819e-05,7.625713947806626e-05,8.472927537929979e-05
abs_r_1m,101,1409,9.01412514018855e-05,8.419187124822955e-05,9.87220502805567e-05
abs_r_1m,102,1406,8.381059009872262e-05,8.046929698315025e-05,8.894848132181777e-05
abs_r_1m,103,1407,8.392711774026763e-05,7.863508303107336e-05,8.889127637642522e-05
abs_r_1m,104,1407,8.482267824200852e-05,8.002112561983606e-05,9.115910685718475e-05
abs_r_1m,105,1408,8.337736012955057e-05,7.935463081152395e-05,8.66470612418399e-05
abs_r_1m,106,1408,9.343575174489195e-05,8.603523372920342e-05,9.963374498816602e-05
abs_r_1m,107,1409,8.434619055434484e-05,8.030599470293678e-05,9.142415830886158e-05
abs_r_1m,108,1410,8.288683002687677e-05,7.787980035550234e-05,8.753465507873206e-05
abs_r_1m,109,1405,8.518371292556499e-05,8.163392493330725e-05,9.166672044806889e-05
abs_r_1m,110,1403,8.030354745225568e-05,7.44374770418324e-05,8.380380644347332e-05
abs_r_1m,111,1408,9.456801643880903e-05,8.711333179649674e-05,0.00010052015989338208
abs_r_1m,112,1410,8.866604448757418e-05,8.330001651271657e-05,9.473554579498227e-05
abs_r_1m,113,1409,8.600892777965751e-05,8.133938864385081e-05,9.410127422173013e-05
abs_r_1m,114,1408,8.331806470279942e-05,7.917521251475785e-05,9.055206247288602e-05
abs_r_1m,115,1409,8.165042734926176e-05,7.715305240590049e-05,8.67336066056066e-05
abs_r_1m,116,1410,8.845221560221125e-05,8.259090657384692e-05,9.58591288364586e-05
abs_r_1m,117,1410,8.699791379979371e-05,8.231862850361332e-05,9.399502889171211e-05
abs_r_1m,118,1409,8.11971711351244e-05,7.683339429783329e-05,8.533307332251735e-05
abs_r_1m,119,1410,8.549073167438708e-05,8.074609395156044e-05,9.272238904513944e-05
abs_r_1m,120,1411,9.339538944885738e-05,8.777614708165493e-05,0.00010211007558467241
abs_r_1m,121,1412,0.0001741282379913688,0.00016055302906699286,0.0001901625532351194
abs_r_1m,122,1412,0.00014994502048698251,0.00013871109987724023,0.00016361256580995314
abs_r_1m,123,1413,0.00013751942483548202,0.00013009822434273985,0.00014781613620534954
abs_r_1m,124,1412,0.00013414041261973464,0.0001243027344159935,0.00014344424919164473
abs_r_1m,125,1413,0.00011628003567940961,0.00010998675013098112,0.00012700027394511846
abs_r_1m,126,1411,0.00013080444753765954,0.0001209984400787571,0.00014070627405623684
abs_r_1m,127,1411,0.00012829559322231367,0.00011764816898564152,0.00013604252321566525
abs_r_1m,128,1411,0.0001171989453436787,0.00010924037820865328,0.00012841916031526576
abs_r_1m,129,1412,0.00010972737526164035,0.00010178000450516796,0.00011361699722495481
abs_r_1m,130,1413,0.00011076282367914173,0.00010433077036867242,0.000116496099685792
abs_r_1m,131,1413,0.00011503435066206764,0.00010771450153148735,0.00012726425918190855
abs_r_1m,132,1413,0.00011379800865763212,0.00010702219664133492,0.0001217063227936071
abs_r_1m,133,1409,0.00010764117823652781,0.00010022635931463967,0.00011494120769887764
abs_r_1m,134,1408,0.00010131154685958797,9.46001822691765e-05,0.00010960105227983101
abs_r_1m,135,1411,9.876705797425346e-05,9.352396605596434e-05,0.00010361142147234418
abs_r_1m,136,1412,0.00011874507257501971,0.00011289094577384613,0.00012821569560836726
abs_r_1m,137,1413,0.00011021278951849197,0.00010393389813445905,0.00012195640378776606
abs_r_1m,138,1409,0.000105574324422412,9.990758556657325e-05,0.00011241408328934401
abs_r_1m,139,1409,0.00010902866374371732,0.000101165134060213,0.00011498867988583435
abs_r_1m,140,1412,9.958374053321557e-05,9.441080199236397e-05,0.00010516002315163858
abs_r_1m,141,1412,0.00011464471301138608,0.00010697004635778895,0.0001240158672935905
abs_r_1m,142,1412,0.00010897534610558297,9.852308416971713e-05,0.00011516668570080232
abs_r_1m,143,1411,0.00010696903256718934,9.962389545588223e-05,0.0001141820863339757
abs_r_1m,144,1411,0.00010325626000247183,9.53401585404588e-05,0.00011152820915112468
abs_r_1m,145,1410,0.00010027560646240824,9.21517970662349e-05,0.00010652497141184491
abs_r_1m,146,1409,0.00010472410444281298,9.77981635842639e-05,0.00011240727958569319
abs_r_1m,147,1410,0.00010771413569887457,9.815750400439633e-05,0.00011429378021591318
abs_r_1m,148,1412,9.326727447250507e-05,8.534243657841197e-05,0.00010373524105991255
abs_r_1m,149,1412,9.45709520824007e-05,8.543838396231361e-05,0.00010323545832021679
abs_r_1m,150,1410,0.00010238695745057858,9.54025695256538e-05,0.00010799784523997563
abs_r_1m,151,1411,0.0001293912145170307,0.00012413878732347026,0.00013685374879511463
abs_r_1m,152,1411,0.0001230958610571031,0.0001133968896709203,0.00013263738828366695
abs_r_1m,153,1411,0.00010579211858585364,9.914733301800653e-05,0.00011181178970804327
abs_r_1m,154,1411,0.00010083999726195383,9.38161958532217e-05,0.00010881758210998828
abs_r_1m,155,1411,0.00010448774890655269,9.75485927215516e-05,0.00011172976306296168
abs_r_1m,156,1413,0.00010828956640621137,9.915502766764755e-05,0.00011469928794939418
abs_r_1m,157,1413,0.0001054262913061432,9.77412009262454e-05,0.00011171846704439402
abs_r_1m,158,1413,0.00010360815405444544,9.626492113707655e-05,0.00011135610431191189
abs_r_1m,159,1412,0.00010253752236730291,9.700673941666831e-05,0.0001090887961570618
abs_r_1m,160,1412,0.00010158602546936807,9.68535243915047e-05,0.00010939636658691644
abs_r_1m,161,1411,0.0001065518748809654,9.799648626370204e-05,0.00011095171566995665
abs_r_1m,162,1411,0.00010562032144796233,9.874348918137759e-05,0.00011328740977481697
abs_r_1m,163,1411,0.00010555389415710018,9.643964175285102e-05,0.00011296210282672457
abs_r_1m,164,1411,9.75530445452635e-05,8.897388332793004e-05,0.0001034592342658694
abs_r_1m,165,1407,0.00010083186295410353,9.461752487319061e-05,0.00010591911320300592
abs_r_1m,166,1409,0.00011973896919055372,0.00011204343390963752,0.0001287152012617163
abs_r_1m,167,1411,0.00011403375411470698,0.00010474552853329362,0.00012080988979098635
abs_r_1m,168,1410,0.00010487896976513065,9.711728774211177e-05,0.0001136204804149969
abs_r_1m,169,1410,0.0001009023246264158,9.222485865650388e-05,0.00011050690496872123
abs_r_1m,170,1408,9.935850776778913e-05,9.288106203790343e-05,0.00010743446507972996
abs_r_1m,171,1408,0.00011340698706143232,0.00010737102066459628,0.0001222010913761913
abs_r_1m,172,1409,9.823504379355709e-05,9.323523844657436e-05,0.00010414496989207342
abs_r_1m,173,1410,0.00010477438192779158,9.555463381781884e-05,0.00011158020850783071
abs_r_1m,174,1409,9.716599197926233e-05,9.124116127090768e-05,0.00010318045249873635
abs_r_1m,175,1412,9.517927174923429e-05,8.805249159260158e-05,9.951259309112345e-05
abs_r_1m,176,1412,0.00010439201547900995,9.66816092867295e-05,0.00011334156098200392
abs_r_1m,177,1413,0.00010136128210423484,9.65809397320162e-05,0.00010767763216480396
abs_r_1m,178,1412,0.00010232032705263756,9.680743674205659e-05,0.00010861891065914284
abs_r_1m,179,1412,0.00010570256517880729,9.87146855279785e-05,0.00011377392539049424
abs_r_1m,180,1413,0.00011672600251709185,0.00011058869068946105,0.00012522338146836234
abs_r_1m,181,1413,0.00025794564859735344,0.0002416148017422396,0.00027219679996568
abs_r_1m,182,1412,0.00020546370268915694,0.00019705929081399257,0.0002183243290828896
abs_r_1m,183,1411,0.00018094634990107036,0.00017204794445149988,0.00019575833912856307
abs_r_1m,184,1409,0.00018587854218526698,0.0001740270231710275,0.0001961119892966421
abs_r_1m,185,1408,0.00016335817555141962,0.00015100391082171,0.00017494911205959382
abs_r_1m,186,1410,0.00020499513575568919,0.00019440640778360554,0.00021917548143528685
abs_r_1m,187,1412,0.00018117923423543151,0.0001706593411824732,0.00019810915829986223
abs_r_1m,188,1412,0.0001675260720978115,0.00015763394624694068,0.0001800495724723634
abs_r_1m,189,1410,0.00015652791330275214,0.00014643650066131748,0.00017015786335877197
abs_r_1m,190,1411,0.00016364507757058445,0.0001503112128163315,0.0001765741658940279
abs_r_1m,191,1413,0.00017491910036229426,0.00016352758435606333,0.00018986755157304833
abs_r_1m,192,1410,0.00015743197433706926,0.00014777515670911162,0.00016968205865058842
abs_r_1m,193,1410,0.0001625480603122857,0.0001509784054135481,0.00017606130939747252
abs_r_1m,194,1412,0.00016117203366694869,0.00015100493814848177,0.00017527660032886917
abs_r_1m,195,1410,0.00015172430131814234,0.00013924818005516473,0.0001610297255251633
abs_r_1m,196,1410,0.00018066609801783789,0.00017000413572869515,0.00019577089426960528
abs_r_1m,197,1412,0.00016452652159814284,0.000149472769116031,0.00017678057240755882
abs_r_1m,198,1410,0.000163574098868122,0.0001515205158885733,0.0001742442339416126
abs_r_1m,199,1410,0.00015402475336845302,0.00014512030370351985,0.00016356095602798785
abs_r_1m,200,1412,0.0001478903375576301,0.00013660642344648106,0.00015676028771496994
abs_r_1m,201,1410,0.0001708728287793967,0.00016120840129089,0.000181901037681028
abs_r_1m,202,1409,0.0001599769636583827,0.00014826821809455173,0.00017229779122543513
abs_r_1m,203,1411,0.00016323353104088034,0.0001513315542448282,0.00017345096505866643
abs_r_1m,204,1413,0.0001442091034495981,0.00013456300305013253,0.00015285908429517393
abs_r_1m,205,1414,0.0001538718846281729,0.00014575949985724652,0.00016506019654353104
abs_r_1m,206,1412,0.00016226195577640932,0.00015262515292148454,0.0001721487861613414
abs_r_1m,207,1411,0.000156712792785932,0.00014711077655966558,0.00016587623391708955
abs_r_1m,208,1410,0.00015411499700731986,0.0001414182892081233,0.00016510193229160355
abs_r_1m,209,1412,0.00014474189098479762,0.00013382463707980324,0.0001529892006516859
abs_r_1m,210,1411,0.00013295863193063087,0.0001254983220518489,0.00014646584066725177
abs_r_1m,211,1411,0.00018693724155845027,0.00017442130549590656,0.00020197095881452262
abs_r_1m,212,1414,0.00016447372733892693,0.00015290358022265906,0.0001718119669293791
abs_r_1m,213,1412,0.00016038086171535695,0.00014864148831124664,0.0001685214680156585
abs_r_1m,214,1412,0.00014580600826811184,0.00013556892663860512,0.00015416394616957142
abs_r_1m,215,1411,0.00015153938790246106,0.0001386328035159741,0.00016441729551245832
abs_r_1m,216,1411,0.00015291688996845322,0.00014197618047870225,0.00016374722922962473
abs_r_1m,217,1413,0.0001526670944310714,0.0001414504674179782,0.00016182539075687428
abs_r_1m,218,1412,0.0001443563162140423,0.00013309112709643486,0.0001503437670884855
abs_r_1m,219,1411,0.00013670072814426782,0.0001302570951252475,0.00014762361368195515
abs_r_1m,220,1409,0.00014910503121549277,0.00014069982210418252,0.00015675327263622995
abs_r_1m,221,1411,0.00015146695777278228,0.00014131273037206612,0.00016154850929807476
abs_r_1m,222,1411,0.00013712953620291995,0.00012848910055599075,0.00014798074927479355
abs_r_1m,223,1412,0.0001357207181477979,0.0001289760912359639,0.0001482148956098145
abs_r_1m,224,1413,0.0001360317079641902,0.0001290389268900352,0.00014559871093235382
abs_r_1m,225,1413,0.00012202066231691239,0.00011330236519899288,0.00013153305966059014
abs_r_1m,226,1412,0.00015302251279076547,0.00014641077775618352,0.00016218120086429456
abs_r_1m,227,1412,0.0001358375689581475,0.0001286288870004435,0.00014414205616851902
abs_r_1m,228,1412,0.0001334665307210532,0.00012524855626387107,0.00014612159430329406
abs_r_1m,229,1411,0.00013344453731223087,0.00012654583872246942,0.00014193493690807993
abs_r_1m,230,1412,0.00013025372378968199,0.00012342008873223104,0.00013567328702937585
abs_r_1m,231,1412,0.00014297328029889034,0.00013395174408454029,0.00015574547091818736
abs_r_1m,232,1412,0.00013730134379228912,0.00013056268542151447,0.00014699927449266257
abs_r_1m,233,1413,0.0001367745820250144,0.00012865027828863027,0.0001488452095263958
abs_r_1m,234,1410,0.0001375778098773652,0.00012838697346579308,0.00014732185652863625
abs_r_1m,235,1409,0.0001323079469390562,0.0001255960181818745,0.00014386900210955274
abs_r_1m,236,1412,0.00013450439546575137,0.0001283897297805005,0.00014320789903553207
abs_r_1m,237,1411,0.00012932189160524333,0.00012002950994379703,0.00013529851882826903
abs_r_1m,238,1409,0.00012531799457485548,0.00011774303437399951,0.00013517381991554867
abs_r_1m,239,1409,0.0001326911085634641,0.00012443200927941434,0.000138666970402341
abs_r_1m,240,1411,0.00012184967826450968,0.00011513094558633505,0.00012928367626902814
abs_r_1m,241,1412,0.000200377675799546,0.00018641280708282045,0.00021380710274919668
abs_r_1m,242,1412,0.00019968991973569718,0.0001851995764070251,0.00021147049016346963
abs_r_1m,243,1411,0.00017417051337248623,0.00016595903615889248,0.00018692057909692756
abs_r_1m,244,1411,0.00017622076983592528,0.00016824903505776134,0.0001867566371792423
abs_r_1m,245,1411,0.00016480649008625945,0.00015400014005000968,0.0001781085767674335
abs_r_1m,246,1410,0.0001663013647240357,0.00015706389457309573,0.00017850408466036255
abs_r_1m,247,1411,0.00016433178624543888,0.0001557371110049129,0.0001741626238989932
abs_r_1m,248,1412,0.00016061590908611996,0.0001495611612325876,0.00017247877344404131
abs_r_1m,249,1413,0.00015333307807865817,0.00014388097785840093,0.00016807099187174826
abs_r_1m,250,1411,0.000147161018946957,0.00013795712344868082,0.00015645610204507657
abs_r_1m,251,1410,0.0001568933577104953,0.0001462924021992353,0.000168102263774591
abs_r_1m,252,1409,0.00014185403243867578,0.00013204455743693027,0.00015147021863568807
abs_r_1m,253,1410,0.00014131405114307688,0.00012971328355970905,0.00015139554959754203
abs_r_1m,254,1412,0.00014897708963029508,0.000139680185320617,0.0001574429956494013
abs_r_1m,255,1410,0.00013252696217562617,0.00012350761646001741,0.00014106420233074002
abs_r_1m,256,1410,0.00015485148537427822,0.00014655871359349465,0.0001675399597170247
abs_r_1m,257,1410,0.0001489371363596229,0.00013818944056439374,0.00015833620121106525
abs_r_1m,258,1409,0.00014395969153506837,0.00013632806971847656,0.0001522794131668847
abs_r_1m,259,1410,0.00013999191188391173,0.00013036951085093788,0.0001495204247005294
abs_r_1m,260,1411,0.0001341960222478562,0.00012764100689508957,0.0001458332311722589
abs_r_1m,261,1410,0.00014385776729517494,0.00013513383096017755,0.00015359375506979685
abs_r_1m,262,1410,0.00013297382335355828,0.00012184919941354602,0.0001435672884400321
abs_r_1m,263,1410,0.00013748184913851504,0.00012898399326528786,0.00014600668752368182
abs_r_1m,264,1409,0.00012963653175615092,0.00012037099513941122,0.00013661338580156875
abs_r_1m,265,1409,0.0001325785198224087,0.00012570145716192665,0.0001428308874325403
abs_r_1m,266,1410,0.00013118713647295466,0.000126543446605817,0.0001418048609931022
abs_r_1m,267,1409,0.00013557177416427267,0.00013045165078700015,0.00014579916191317124
abs_r_1m,268,1410,0.00012024082661762454,0.00011384586797682543,0.0001331410027630943
abs_r_1m,269,1411,0.00011972053820133698,0.00011255340419707543,0.00012678954089882322
abs_r_1m,270,1411,0.00012601953319444145,0.000116654277862405,0.00013468245364684335
abs_r_1m,271,1412,0.00015052495878193936,0.0001398592584997156,0.00016133341240473696
abs_r_1m,272,1412,0.00013691624294808426,0.00012974943787632382,0.00014776158874199802
abs_r_1m,273,1411,0.0001392962446436828,0.00013024161799571668,0.00014839555521579067
abs_r_1m,274,1410,0.00012803785260261162,0.00011986973859533694,0.0001364061930526586
abs_r_1m,275,1411,0.0001313801486485102,0.00012389163983614115,0.00014123979943556935
abs_r_1m,276,1411,0.00013308048061691632,0.00012512400112981743,0.00014470355745228037
abs_r_1m,277,1410,0.0001308637186481242,0.00011875513329189657,0.00014259842880700614
abs_r_1m,278,1412,0.00012349987243174371,0.00011296721838200821,0.00013093174789764536
abs_r_1m,279,1411,0.00012903433944267057,0.00012188519055384885,0.00013492090282546848
abs_r_1m,280,1409,0.00012955405661130103,0.0001169002725107575,0.0001371755555311089
abs_r_1m,281,1411,0.0001348774762790575,0.00012564904768009758,0.00014082258921460235
abs_r_1m,282,1413,0.00012110691737139582,0.00011548248472002157,0.00012828661580004843
abs_r_1m,283,1412,0.0001277590830467358,0.00011976290166663207,0.00013676672136775974
abs_r_1m,284,1410,0.00011514295906977306,0.00010918980317806109,0.00012391147229564683
abs_r_1m,285,1409,0.00011383903173226291,0.0001067406366675001,0.00012305996241538552
abs_r_1m,286,1409,0.00013235975400399203,0.00012197849127726837,0.00014090460781385601
abs_r_1m,287,1411,0.00013253986155743364,0.00012593927513465127,0.00014140350772090342
abs_r_1m,288,1411,0.00012459196148773162,0.00011341643179926056,0.00013249530866010954
abs_r_1m,289,1411,0.00012536826945525964,0.00011481857118701165,0.00013231968993569827
abs_r_1m,290,1413,0.00011321502375455889,0.0001046118609682236,0.0001175229822073241
abs_r_1m,291,1413,0.0001321702354555176,0.00012476360994068445,0.0001382633494569357
abs_r_1m,292,1410,0.00012222249405297449,0.00011280239038070073,0.00013003286105306292
abs_r_1m,293,1408,0.0001227785493853361,0.00011551441055110618,0.00013079247177182944
abs_r_1m,294,1409,0.00010761366703958337,0.00010046867148600447,0.0001144557629725645
abs_r_1m,295,1412,0.00011249741054165412,0.00010550646089423245,0.00012326628731545642
abs_r_1m,296,1413,0.0001232622229260307,0.00011239301619020362,0.00013116083317860435
abs_r_1m,297,1412,0.0001244885426847981,0.00011509270640357001,0.0001318663490151632
abs_r_1m,298,1409,0.00011444266435013743,0.00010743781665411244,0.00012486504522703438
abs_r_1m,299,1408,0.00011464512473500608,0.00010664249804462465,0.00012455626845528863
abs_r_1m,300,1410,0.00010419814979972045,9.70845096886399e-05,0.00011339797029790409
abs_r_1m,301,1411,0.0001415871926635839,0.00013296944263953032,0.00015275124214882797
abs_r_1m,302,1413,0.00014131679008287773,0.00013344486608202706,0.00014968594764764142
abs_r_1m,303,1411,0.00012541019601327718,0.00011653273586775132,0.00013351402837094272
abs_r_1m,304,1411,0.00011574520634855173,0.0001090991790332175,0.00012515691625339924
abs_r_1m,305,1405,0.0001203514263097443,0.00011365703675564375,0.00012936685273942476
abs_r_1m,306,1406,0.00012954942405414403,0.00012002826882676812,0.00013462491682756947
abs_r_1m,307,1404,0.0001223389287430376,0.00011370943276843451,0.0001332048478513018
abs_r_1m,308,1404,0.00011870360548479599,0.00011192918703994163,0.0001282307564890546
abs_r_1m,309,1407,0.00011379615868959259,0.0001056918865232911,0.00012077395000041445
abs_r_1m,310,1406,0.00011423218967767087,0.00010890192592511504,0.00012174865874113652
abs_r_1m,311,1405,0.00012604199506785534,0.0001172707367000724,0.0001346746215588642
abs_r_1m,312,1405,0.0001245931257354987,0.00011588646538988595,0.0001314202117948269
abs_r_1m,313,1404,0.000124602583677995,0.00011612210252105193,0.00013226388553888176
abs_r_1m,314,1405,0.00011902636448014413,0.00011123676757421777,0.0001272944831331363
abs_r_1m,315,1408,0.0001095140056662111,0.00010134179893456803,0.00011619395941986708
abs_r_1m,316,1409,0.00012985045574114828,0.00012061295578044629,0.00013991706800955278
abs_r_1m,317,1409,0.000125614990220619,0.00011857191993683155,0.00013370178629721352
abs_r_1m,318,1409,0.0001200469899658488,0.00011357275564042102,0.00012810565987640384
abs_r_1m,319,1408,0.00011511250648204195,0.00010778924179358512,0.00012642427479235208
abs_r_1m,320,1413,0.00011104051139387292,0.00010401545942523973,0.00011629506499083419
abs_r_1m,321,1414,0.00012379370988749885,0.00011455028485947916,0.00013142301011645523
abs_r_1m,322,1414,0.00011420861262017434,0.00010875095987059918,0.00012507346416890068
abs_r_1m,323,1413,0.00011873160734132442,0.00011100789254900801,0.00012988720346706798
abs_r_1m,324,1411,0.00011356538539264713,0.00010719725927585298,0.0001192733866706265
abs_r_1m,325,1410,0.00011456722247371666,0.00010886249588918471,0.0001253324454967148
abs_r_1m,326,1410,0.00012183696481855027,0.00011390886471116343,0.00012937827989266848
abs_r_1m,327,1411,0.00011213905254260456,0.00010367315358813651,0.00012112774927115255
abs_r_1m,328,1412,0.00010995656859623463,0.00010267166247665422,0.00011559433712224782
abs_r_1m,329,1413,0.00011381096011827096,0.00010667594166316993,0.0001259250279669961
abs_r_1m,330,1414,0.00010699346691494113,9.846476080740617e-05,0.00011357328591112644
abs_r_1m,331,1414,0.00013897897709582327,0.00012823892353871057,0.00014745240869756666
abs_r_1m,332,1414,0.00011598797604944194,0.00010982470330180615,0.00012626220042183563
abs_r_1m,333,1413,0.00011435105787182527,0.00010693469787186749,0.0001238315885540186
abs_r_1m,334,1413,0.00011354328038731285,0.00010523508699245736,0.00012471778808439312
abs_r_1m,335,1414,0.00011044669963033489,0.00010312884916930728,0.0001157667735176013
abs_r_1m,336,1415,0.00011775095686253852,0.00011148064893287609,0.00012618803180621953
abs_r_1m,337,1414,0.00011821276405420181,0.00011228467991423418,0.00012603982875270477
abs_r_1m,338,1413,0.00011194656429028862,0.00010177878418369186,0.00011731645909758456
abs_r_1m,339,1414,0.00010908546971228578,0.00010247739101520826,0.00011658383869503405
abs_r_1m,340,1413,0.000107092498272898,9.965743835639338e-05,0.0001134390060652022
abs_r_1m,341,1414,0.00011476509056725337,0.00010696206459511311,0.0001215460661085401
abs_r_1m,342,1412,0.00011126998006156444,0.00010721704315779198,0.00011735456253069911
abs_r_1m,343,1413,0.00010829425726127799,0.00010070196255338538,0.00011723415417338986
abs_r_1m,344,1413,0.00011057054411962432,0.00010478555645483237,0.00011715772322986111
abs_r_1m,345,1413,0.0001034243813558022,9.734998501630193e-05,0.00011121643324451192
abs_r_1m,346,1414,0.00011612956869851603,0.0001091427538397685,0.0001222803121738432
abs_r_1m,347,1411,0.0001099535447382689,0.00010326600271340936,0.00011715133378979737
abs_r_1m,348,1412,0.00011260955610844653,0.00010593174986693679,0.00011824619715213505
abs_r_1m,349,1413,0.00011048380871025486,0.00010342523039191588,0.00011729151197146788
abs_r_1m,350,1409,0.00010721446118916839,9.862487525540983e-05,0.000115121165153347
abs_r_1m,351,1409,0.00011650453132594221,0.00010864010982837394,0.000125835308533824
abs_r_1m,352,1406,0.00010823315996707028,0.00010341060990967104,0.00011398226994329194
abs_r_1m,353,1405,0.00011028094080816532,0.00010274503972543652,0.00011980592138649848
abs_r_1m,354,1407,0.0001022547165877927,9.545855912560929e-05,0.00011014355616081841
abs_r_1m,355,1409,9.854061359363065e-05,9.314566274547222e-05,0.00011019942692413605
abs_r_1m,356,1407,0.00011227034711352234,0.0001074774250468245,0.00011880890607214456
abs_r_1m,357,1407,0.00011432273320000079,0.0001075349362855516,0.00012403866006845596
abs_r_1m,358,1408,0.00010360533003025537,9.769819057931309e-05,0.0001110477289500911
abs_r_1m,359,1408,0.00010076526484572939,9.383486973822747e-05,0.00010822763921810583
abs_r_1m,360,1407,0.00010583068276551986,0.00010023686211857975,0.0001148793297241471
abs_r_1m,361,1407,0.00015549278285665913,0.0001465841962693149,0.00017019442144931962
abs_r_1m,362,1408,0.00013328669517900953,0.0001263204209390242,0.00014179982868884258
abs_r_1m,363,1407,0.00012278894642049057,0.00011392652037614107,0.00013083052107414715
abs_r_1m,364,1408,0.00012208498039757766,0.00011416862806989821,0.00012974642182553457
abs_r_1m,365,1408,0.0001159521338306491,0.00010805801896627622,0.00012647092767856458
abs_r_1m,366,1409,0.00013280800409093345,0.00012690709626965522,0.00013998556016113576
abs_r_1m,367,1407,0.00012552721446484883,0.0001158972379122524,0.00013327061866103256
abs_r_1m,368,1408,0.00011553745409181756,0.00010863660127006894,0.00012576665306181085
abs_r_1m,369,1408,0.00011681717478641905,0.00011008434330208352,0.0001284388263770511
abs_r_1m,370,1404,0.00010892468001607888,0.00010290977394662458,0.00011526077487231165
abs_r_1m,371,1405,0.00012176004154873362,0.00011405699803570453,0.00013115551277662649
abs_r_1m,372,1409,0.00011777314550349029,0.00011139230306590124,0.00012726894485661007
abs_r_1m,373,1407,0.00012183050346299938,0.00011245318193700398,0.00012981112499567838
abs_r_1m,374,1403,0.00011445669870316099,0.00011010949930179586,0.0001228455784395894
abs_r_1m,375,1402,0.000117451429196575,0.00010938824634195168,0.00012794884812052156
abs_r_1m,376,1408,0.0001286042034110405,0.00011473912838794279,0.0001377281474641093
abs_r_1m,377,1407,0.00012026974800801649,0.00011225048626923471,0.0001313091817061183
abs_r_1m,378,1407,0.00011376102072158293,0.00010568515352596416,0.0001216964203814085
abs_r_1m,379,1407,0.00011362345200271647,0.0001085009489079186,0.00012212746051123335
abs_r_1m,380,1407,0.00010923078134275197,0.0001019974501521575,0.00011554940710360507
abs_r_1m,381,1407,0.0001159196291870165,0.00010809657443573292,0.00012516758958564073
abs_r_1m,382,1408,0.00012006287039169892,0.00011199875522050588,0.0001304990578277027
abs_r_1m,383,1408,0.00011462319980337491,0.00010845398850168921,0.00012085341928203307
abs_r_1m,384,1406,0.00011259008455048112,0.00010342896266122024,0.00012284517467352118
abs_r_1m,385,1408,0.00011053052895813542,0.00010487015804367624,0.00011547117499572464
abs_r_1m,386,1408,0.00011406308425916759,0.00010726712490564419,0.00012022461652872314
abs_r_1m,387,1406,0.00010903195229800352,9.810558130516036e-05,0.00011429466428628744
abs_r_1m,388,1405,0.00011309932556393354,0.00010672484631270205,0.000118474516862267
abs_r_1m,389,1407,0.00010267116147217728,9.461111967789127e-05,0.00011156070159369197
abs_r_1m,390,1405,0.00010327911189147441,9.751697412550809e-05,0.00010889094582542346
abs_r_1m,391,1405,0.00013325042215681427,0.0001251585060137983,0.00014388604250277338
abs_r_1m,392,1406,0.0001199165000406955,0.00011212132574563854,0.0001299650720699106
abs_r_1m,393,1409,0.00011765259555207878,0.00010995270467221624,0.00012671044369806723
abs_r_1m,394,1410,0.00010992715706987935,0.00010357405002203389,0.00011637316033589794
abs_r_1m,395,1408,0.0001067907375580193,9.975925350979072e-05,0.00011642490758206699
abs_r_1m,396,1407,0.00012126776804211617,0.00011469893541898025,0.00013192028839456783
abs_r_1m,397,1406,0.0001121927733396662,0.00010594497530583563,0.0001190810347847979
abs_r_1m,398,1403,0.00011543059748154271,0.00011005230685596823,0.00012741752008141912
abs_r_1m,399,1404,0.00010784578063839348,0.00010102710902682234,0.0001156740761216323
abs_r_1m,400,1403,0.00011167430820054987,0.00010432090985877534,0.00011829198850005199
abs_r_1m,401,1406,0.00012171319506620285,0.00011348827315177969,0.00012902968570918267
abs_r_1m,402,1407,0.00011511586424439053,0.00010942023437339923,0.00012496434442633094
abs_r_1m,403,1406,0.00011135858715371631,0.00010179844571565059,0.00011794793331019111
abs_r_1m,404,1404,0.00010995858494280053,0.00010037178122769773,0.00011681088270081372
abs_r_1m,405,1405,0.00010847555694754614,0.00010230743831124806,0.00011370803745875873
abs_r_1m,406,1405,0.00011840905606284536,0.00011120996452742524,0.00013006163541687073
abs_r_1m,407,1408,0.00011685459996410645,0.00010976961533872192,0.00012553544703008596
abs_r_1m,408,1409,0.00010945110282914013,0.00010360654388187992,0.00011600635616748648
abs_r_1m,409,1408,0.00011209362075782872,0.00010351852206459223,0.0001175517796630171
abs_r_1m,410,1410,0.00010876663594310415,0.00010319052118730092,0.00011569134590054338
abs_r_1m,411,1409,0.00011152623666270638,0.00010532635380428744,0.00012018348025760678
abs_r_1m,412,1410,0.00011150302704739807,0.00010554760249424023,0.000124688294036783
abs_r_1m,413,1411,0.00011129815395680743,0.00010124058814923952,0.00011896719267438129
abs_r_1m,414,1410,0.00010802635885167843,0.00010064285632912152,0.00011345451651836722
abs_r_1m,415,1409,0.00010867596460609637,0.00010172143518953832,0.00011585292895602442
abs_r_1m,416,1409,0.00012633005466229467,0.00011958623178110552,0.0001345581097323545
abs_r_1m,417,1412,0.00011784912806007126,0.00011092830002533511,0.0001284934148892675
abs_r_1m,418,1414,0.00011697005782713166,0.0001117100009539571,0.00012961427441301578
abs_r_1m,419,1412,0.00011570429861459017,0.00010939522683076713,0.0001261577660099702
abs_r_1m,420,1411,0.00011906888148860333,0.00011144479552142464,0.0001291941980023304
abs_r_1m,421,1413,0.00021110921732523814,0.0002018183426368346,0.00022631814683283748
abs_r_1m,422,1413,0.00015620362736584392,0.00014728662346350543,0.0001654653104342853
abs_r_1m,423,1413,0.00014359907163936824,0.00013411117836769024,0.00015259751016788483
abs_r_1m,424,1413,0.00014842851338983426,0.000136895018774961,0.00016096978136671304
abs_r_1m,425,1411,0.0001267741175049786,0.00012119820868336308,0.0001351051409561911
abs_r_1m,426,1409,0.0001465141836490612,0.00013809104506548093,0.00015384009495952863
abs_r_1m,427,1409,0.00014243999739204684,0.00013239860563996834,0.000151769368224812
abs_r_1m,428,1411,0.00012868191136131832,0.00011950670369300185,0.0001363098448798036
abs_r_1m,429,1412,0.0001323851064316772,0.0001244059616940231,0.00013896539179769995
abs_r_1m,430,1411,0.0001255256387765549,0.00011474491823540019,0.0001338955195542633
abs_r_1m,431,1412,0.00014221848128339373,0.00013503798682766439,0.00015158072926670156
abs_r_1m,432,1410,0.00012009663858100091,0.00011183557954187622,0.00012702469303322783
abs_r_1m,433,1411,0.00013259375502843742,0.00012474577922885218,0.00014125566733148696
abs_r_1m,434,1411,0.00012042630927984971,0.00011208960144121789,0.00012807265127351563
abs_r_1m,435,1411,0.00012166683579842126,0.00011241712819563262,0.0001307605581473423
abs_r_1m,436,1413,0.00012875260205339126,0.00011997721412208033,0.00013776568719560655
abs_r_1m,437,1414,0.0001283598245308174,0.00011620814862360894,0.00013759237037252894
abs_r_1m,438,1414,0.00012394016069834066,0.00011591745007547526,0.00013397463561754154
abs_r_1m,439,1414,0.00012065484630513203,0.00011259626492133855,0.00013056885024280586
abs_r_1m,440,1411,0.00012390294285330762,0.00011553882697303933,0.00013015505150668793
abs_r_1m,441,1411,0.0001267427124637495,0.00012254954403482558,0.0001378910938328058
abs_r_1m,442,1411,0.00012979006475280378,0.00011830667825503809,0.0001355539537618901
abs_r_1m,443,1411,0.00012979146855634008,0.00011676099305899621,0.000136680486795295
abs_r_1m,444,1412,0.00012455260726872895,0.00011374507976688731,0.00013317707243204246
abs_r_1m,445,1412,0.00012416805716993206,0.00011412446909511711,0.00013071405207546399
abs_r_1m,446,1413,0.00013192902237743037,0.00012517803195582935,0.00013896682120189609
abs_r_1m,447,1413,0.0001223166780315274,0.00011476928431972248,0.00013375718565379654
abs_r_1m,448,1414,0.00012666880567487236,0.00011647158070117783,0.00013350897674684365
abs_r_1m,449,1413,0.0001228048632269781,0.00011547527924607756,0.00013067829949076453
abs_r_1m,450,1411,0.00010990822674141462,0.00010045112280048048,0.00011557674743089465
abs_r_1m,451,1410,0.00015790040126318375,0.00014857246649369868,0.00016806126503309449
abs_r_1m,452,1413,0.00014917333139992113,0.00013795034042987593,0.00016040743522853336
abs_r_1m,453,1413,0.0001317050686403915,0.00012190116952391171,0.00014055636919188677
abs_r_1m,454,1412,0.0001230148302371368,0.00011310298038399506,0.00013101223345473592
abs_r_1m,455,1413,0.0001266524184390202,0.000119703520932203,0.00013471764424232346
abs_r_1m,456,1412,0.00012892531804520788,0.0001190790090630823,0.0001386075671788255
abs_r_1m,457,1412,0.0001308856823775019,0.0001234692133614613,0.00013859798341268236
abs_r_1m,458,1414,0.00011756481914212956,0.00011164275978528032,0.00012835429986158393
abs_r_1m,459,1413,0.00011903648482312157,0.00011255695188421222,0.00012742860591092054
abs_r_1m,460,1412,0.00012353781449405516,0.0001141952827423894,0.00013036322471893084
abs_r_1m,461,1413,0.00013616094244414724,0.00012708744374608592,0.0001465237248951769
abs_r_1m,462,1413,0.0001196506203318065,0.00011142982164699416,0.00012682967602515048
abs_r_1m,463,1411,0.00012670078219487993,0.00011508877833180426,0.0001338225596270824
abs_r_1m,464,1411,0.00012316246023785115,0.00011491066273637902,0.00013094825141328833
abs_r_1m,465,1410,0.00011519903137455224,0.00010642260426150622,0.00012536647035337216
abs_r_1m,466,1411,0.0001321615015469791,0.00012359779152090159,0.0001400641963189089
abs_r_1m,467,1411,0.00013687848633769809,0.00012422789299657922,0.0001467602673670485
abs_r_1m,468,1410,0.00012456821693888166,0.00011560577611835473,0.00013399886121029294
abs_r_1m,469,1412,0.00012141258390444153,0.00011436357557749501,0.00012951016239316779
abs_r_1m,470,1412,0.0001234390362859517,0.0001150576469269226,0.0001311422238879388
abs_r_1m,471,1412,0.00012042083623361853,0.00011359382597376623,0.00012831136448946526
abs_r_1m,472,1413,0.00012672062870393343,0.00011716264313219808,0.00013358651177770834
abs_r_1m,473,1412,0.00012080216196270734,0.0001119308886577061,0.00012761440170186444
abs_r_1m,474,1412,0.0001175905773314933,0.0001107559232512009,0.00012794423860133862
abs_r_1m,475,1412,0.00011444996590108373,0.00010801603547764197,0.00012522735950938984
abs_r_1m,476,1412,0.0001267631316917041,0.00011565496699831245,0.00013405949883604616
abs_r_1m,477,1413,0.0001179794061760642,0.00011084009454897725,0.00012846598669388797
abs_r_1m,478,1412,0.00012509885024012104,0.00011662719426936182,0.00013260435627330668
abs_r_1m,479,1412,0.00011398839773215459,0.00010436997076679013,0.00012430192942724204
abs_r_1m,480,1412,0.00011267130966639285,0.00010479025836729493,0.00012306812188053116
abs_r_1m,481,1413,0.00017993008479547684,0.00016740106913685173,0.00019064597767870533
abs_r_1m,482,1413,0.00017805078945795533,0.00016683598705069294,0.00019127160918004388
abs_r_1m,483,1413,0.00014670763639555097,0.0001356465344044626,0.00015168698280195277
abs_r_1m,484,1414,0.0001408926970548821,0.00013246252112270894,0.00014861735595707635
abs_r_1m,485,1413,0.00014073274874288426,0.00013121852824443976,0.0001508887036826834
abs_r_1m,486,1411,0.00015066886241227765,0.00014143900458165045,0.0001598248621286173
abs_r_1m,487,1410,0.0001478640931158323,0.00013572881418408807,0.00015402387400487735
abs_r_1m,488,1412,0.00012965581501072227,0.00011823792027229528,0.00014355915843000428
abs_r_1m,489,1412,0.00013100932503686563,0.00012236950497510323,0.00013971671535063448
abs_r_1m,490,1413,0.00013654051861089275,0.00012980499767462317,0.00014514014872662052
abs_r_1m,491,1413,0.00014003804389743185,0.000133680903882089,0.00014996325746012196
abs_r_1m,492,1412,0.00013098752000541115,0.00012403477449879135,0.00013844651470187796
abs_r_1m,493,1412,0.00013381666981587622,0.0001239144424471987,0.00014133776215178667
abs_r_1m,494,1412,0.00012592628124273277,0.00011829603828215896,0.0001330158689893415
abs_r_1m,495,1411,0.0001302549742960374,0.00012089861587587343,0.0001395758435534238
abs_r_1m,496,1410,0.00014955297887347613,0.00013770936439504167,0.00016046515899018648
abs_r_1m,497,1411,0.00014370397006946957,0.00013417607393218506,0.0001587091657875327
abs_r_1m,498,1412,0.00013316200149802548,0.0001220066982177776,0.00014340882808347154
abs_r_1m,499,1414,0.00013392618030605278,0.00012514090371297445,0.00014205132003365471
abs_r_1m,500,1412,0.00012588077213528137,0.00011778268154343901,0.00013290519770413106
abs_r_1m,501,1413,0.00016093248916822795,0.0001522274032575097,0.00017216445190926084
abs_r_1m,502,1412,0.00015020089736633293,0.00014303082338614715,0.0001607308941696057
abs_r_1m,503,1412,0.00014643961141531567,0.00013358396248980728,0.00015429846261882216
abs_r_1m,504,1412,0.00013074481637457565,0.00012282937479938275,0.00013819553787519965
abs_r_1m,505,1412,0.00012621414117608458,0.00011620098603395921,0.00013412451998985766
abs_r_1m,506,1412,0.00014402378013324561,0.00013557483751790088,0.00015296172162752817
abs_r_1m,507,1412,0.00013977738196453227,0.0001324097892452954,0.0001484555503416768
abs_r_1m,508,1412,0.00013881739751422622,0.0001289095788641429,0.00014638713543991755
abs_r_1m,509,1413,0.00012740273614609003,0.00011723427608698504,0.0001351871124750373
abs_r_1m,510,1413,0.00014647078666354892,0.00013693587833742688,0.00015359400301089487
abs_r_1m,511,1413,0.00028270901946901296,0.0002626551890234613,0.0003046248298107885
abs_r_1m,512,1410,0.00023548381451192154,0.00022282260627521077,0.00025637818101733825
abs_r_1m,513,1410,0.00022071478640495431,0.00020693949602840447,0.000239018211774663
abs_r_1m,514,1411,0.0002113860204844454,0.0001928249431025301,0.00022696100023716654
abs_r_1m,515,1411,0.0001848804752996501,0.00017370601614145707,0.0001980204159927121
abs_r_1m,516,1412,0.00020546145161518914,0.00018921637754247214,0.00022390787426836636
abs_r_1m,517,1413,0.00019909214049990286,0.0001864905442571683,0.00021544243581156288
abs_r_1m,518,1412,0.00019923544049026246,0.00018343964969718614,0.000216660466978377
abs_r_1m,519,1412,0.000167751226020173,0.0001594186695608797,0.00018275836719365492
abs_r_1m,520,1412,0.00017871247710845044,0.00016836434083050052,0.00019098911770690994
abs_r_1m,521,1414,0.00019426132827676064,0.000179465452571789,0.00020773271198959507
abs_r_1m,522,1413,0.0001809398018217659,0.00016840214471868414,0.00019465454226599914
abs_r_1m,523,1413,0.00017134730426936857,0.00016048576404599488,0.0001831781412540839
abs_r_1m,524,1412,0.00016582838481773256,0.0001533554168138278,0.00017459604657425667
abs_r_1m,525,1412,0.0001604296511678232,0.00015202030977317233,0.00017179992924297766
abs_r_1m,526,1410,0.00017489938358587813,0.00016425403676832237,0.00019103536913812766
abs_r_1m,527,1410,0.00017437636334629957,0.00015931909396165874,0.00018672062718629327
abs_r_1m,528,1412,0.00015955266913156172,0.0001512380153006476,0.00017103462253074636
abs_r_1m,529,1411,0.00017172983504616725,0.00016174120377888455,0.00018459866120131878
abs_r_1m,530,1412,0.00015296757901830696,0.00014322971505741043,0.00016293874151714083
abs_r_1m,531,1413,0.0001667945428693101,0.00015368796639370771,0.00018245379959537806
abs_r_1m,532,1413,0.0001641878860393316,0.000155838463260242,0.00017488197975581608
abs_r_1m,533,1412,0.00015248437672861823,0.00014188363775716916,0.00016223292760885838
abs_r_1m,534,1412,0.00015415932298101524,0.0001464118150123798,0.00016560564329957497
abs_r_1m,535,1412,0.00014648122686675372,0.00013673567743832202,0.0001543143607368736
abs_r_1m,536,1411,0.00016233502738527091,0.00014850679674137184,0.00017601080086368637
abs_r_1m,537,1412,0.00015393797277094717,0.00014254069100841333,0.000166900947028126
abs_r_1m,538,1411,0.0001463164828127803,0.00013460157343450025,0.00015602260801633703
abs_r_1m,539,1411,0.0001516231258495741,0.00014024732040386465,0.00016037808184957128
abs_r_1m,540,1411,0.0001415167770501087,0.00013148867863578217,0.00015142829358431512
abs_r_1m,541,1411,0.00022012106747537936,0.00020671635053238937,0.00023526114504867555
abs_r_1m,542,1412,0.00018379001835107383,0.0001716307035697168,0.00019293056288579682
abs_r_1m,543,1413,0.00017254766672089908,0.00016267810793478538,0.0001834467956460914
abs_r_1m,544,1414,0.0001600792300819389,0.00014987670480516788,0.00017201910240058634
abs_r_1m,545,1413,0.00015279422467547903,0.0001432539604902677,0.0001684785147638581
abs_r_1m,546,1413,0.00016997407936217277,0.00015846208732092694,0.00018151126327222745
abs_r_1m,547,1413,0.00015816278146412268,0.00014776348562121395,0.0001717405304657794
abs_r_1m,548,1414,0.00016712627777201857,0.0001618431557543356,0.00017497302543844392
abs_r_1m,549,1413,0.0001600811081030783,0.00014966048930325032,0.00016641207420471445
abs_r_1m,550,1412,0.00014658058407963025,0.00013845432196637767,0.00015882726870162885
abs_r_1m,551,1412,0.0001628917385661726,0.00015219206880366036,0.00017544298607272173
abs_r_1m,552,1412,0.00014846621722423115,0.0001385334524209076,0.0001596514564985414
abs_r_1m,553,1412,0.00016297804287523232,0.00015100291128745502,0.00017251329090458336
abs_r_1m,554,1413,0.00014011221737768,0.00013399487015468446,0.00015302139229528118
abs_r_1m,555,1413,0.0001370927205912851,0.00012793149248317034,0.00014517499542167185
abs_r_1m,556,1409,0.00016760244738810005,0.00015593782206483315,0.0001824197792663026
abs_r_1m,557,1409,0.0001516122588306658,0.00014402189157644766,0.0001615531294283989
abs_r_1m,558,1410,0.00014382030985523795,0.00013291735414589447,0.00015490539931604022
abs_r_1m,559,1410,0.00014308825037923664,0.00013358268788232002,0.00015464301745761648
abs_r_1m,560,1410,0.00013760777359840174,0.00012805165689435855,0.00014800808873313026
abs_r_1m,561,1410,0.00015171659527175727,0.00014405568759331096,0.0001606352026542088
abs_r_1m,562,1410,0.00014790207620731335,0.00013941295907873218,0.00015599059631184623
abs_r_1m,563,1409,0.00014253861293334475,0.00013400319408184386,0.0001528917088013424
abs_r_1m,564,1410,0.00013519647376530685,0.00012677081592282806,0.00014562134834695246
abs_r_1m,565,1411,0.00014558916842299363,0.00013673729886289862,0.00015749317707025712
abs_r_1m,566,1410,0.00023735188891666517,0.0002217951787121578,0.00025586355520084206
abs_r_1m,567,1410,0.00014937591247487012,0.00013750581097379092,0.0001607636124986435
abs_r_1m,568,1410,0.0001921296424739207,0.0001795703914253294,0.00020403180684224606
abs_r_1m,569,1410,0.00022035946234071437,0.00020419623328902457,0.00023582344260130545
abs_r_1m,570,1410,0.00018705187497687324,0.0001757048049917361,0.0002000293889877698
abs_r_1m,571,1390,0.0007238541210136291,0.0006828871449714876,0.0007699238014967988
abs_r_1m,572,1393,0.0007001508792851477,0.0006579140942958453,0.0007374276546983509
abs_r_1m,573,1393,0.0005996177616540635,0.0005605163531603141,0.000636453943573461
abs_r_1m,574,1392,0.0005556100448522961,0.0005292911070970739,0.000586074878071236
abs_r_1m,575,1392,0.0005573524188227721,0.0005348164567482574,0.0005940098967884565
abs_r_1m,576,1393,0.000562782759069148,0.000536221794177254,0.0006002007555100092
abs_r_1m,577,1392,0.0004872611549096211,0.00046277649578559533,0.0005322383311566912
abs_r_1m,578,1391,0.0004746084569392792,0.00044422142700373875,0.0005180930962386613
abs_r_1m,579,1391,0.00047609371816913215,0.0004517929370331517,0.0004985764735195549
abs_r_1m,580,1391,0.00046463775685748077,0.0004260574771913022,0.0004885575155107611
abs_r_1m,581,1391,0.0005107040106250168,0.00048060495663654573,0.000545590931506087
abs_r_1m,582,1391,0.00043723811955458867,0.00041078969839461796,0.00046936834352383444
abs_r_1m,583,1391,0.0004267261959746706,0.00039589849679760365,0.00045920708219694835
abs_r_1m,584,1391,0.0004227997864423872,0.00039250371861071026,0.0004516405618408219
abs_r_1m,585,1391,0.0004156379686925632,0.0003899441344170692,0.00044253881867613494
abs_r_1m,586,1391,0.0004922209240055663,0.00046105616446665123,0.0005254006300574614
abs_r_1m,587,1392,0.0004200073915403567,0.0003952816559775813,0.00044962176128723023
abs_r_1m,588,1392,0.000408005724486054,0.00037552574585573685,0.0004420312338670939
abs_r_1m,589,1392,0.00041687157968841665,0.0003916553619349168,0.0004496694844311169
abs_r_1m,590,1392,0.00040057668956098734,0.0003711034184103451,0.0004274542892747664
abs_r_1m,591,1392,0.0004772071122002113,0.00044687482368867596,0.0005163121046559108
abs_r_1m,592,1393,0.0004279798159557716,0.0004012372925618335,0.00045501060292218087
abs_r_1m,593,1394,0.00039902390453044754,0.00037371856799511783,0.00043762308847597995
abs_r_1m,594,1394,0.00040034508147456535,0.00037139315579205165,0.0004303869057384534
abs_r_1m,595,1394,0.00035118893070669823,0.0003305426811026312,0.00037956566947030873
abs_r_1m,596,1394,0.0004136747406014136,0.0003906089249482789,0.0004517258817593994
abs_r_1m,597,1394,0.000400523890407821,0.0003737929645847663,0.0004254094630175143
abs_r_1m,598,1393,0.0003815209265619316,0.00035014124936857683,0.00040533120103645353
abs_r_1m,599,1393,0.00033469602741374873,0.000310846244941685,0.00036153618809890486
abs_r_1m,600,1392,0.00034570876242141053,0.0003246507096912579,0.0003677268123156263
abs_r_1m,601,1392,0.0006017255819800403,0.0005627902035455612,0.0006477157431927507
abs_r_1m,602,1393,0.00044597926332989944,0.0004096183400928282,0.00048099534961729476
abs_r_1m,603,1393,0.0004159560810358178,0.0003885809027460543,0.00045011168361747025
abs_r_1m,604,1393,0.00038531191475819394,0.000362227821888486,0.00040672009004348846
abs_r_1m,605,1393,0.00037216226704201355,0.0003495532950148304,0.000397008400610445
abs_r_1m,606,1393,0.00041849212668574134,0.00039637391791390715,0.0004424435324962547
abs_r_1m,607,1393,0.00039434768831776343,0.00036754979386812315,0.0004231539970296766
abs_r_1m,608,1393,0.0003904131922488438,0.0003653630702444944,0.0004157062398784914
abs_r_1m,609,1393,0.0003716675048144915,0.0003436456445752547,0.00039632678004431474
abs_r_1m,610,1394,0.00035290565580306304,0.00033234848166796636,0.00037901940766739233
abs_r_1m,611,1394,0.000396314473040935,0.0003764955157289458,0.000422541686349225
abs_r_1m,612,1394,0.0003653657047101937,0.0003358991875351785,0.0003933009968254453
abs_r_1m,613,1394,0.00037350932494806905,0.0003543849457783306,0.00040229469382198644
abs_r_1m,614,1394,0.0003517982356600357,0.00033147476703645606,0.0003787332702324299
abs_r_1m,615,1394,0.0003288346903211083,0.00030439090740215583,0.00035207995800416183
abs_r_1m,616,1394,0.0004021686550908526,0.0003718006455554551,0.00042487311003810047
abs_r_1m,617,1394,0.00036987373052604466,0.00034365854267364007,0.00039827726594126483
abs_r_1m,618,1394,0.0003321212919446987,0.0003131584350593289,0.00036367669956335696
abs_r_1m,619,1394,0.00033426922446560376,0.00031296971358155416,0.0003577653017950302
abs_r_1m,620,1394,0.00031181766278733813,0.00029172743029485837,0.0003296263911193198
abs_r_1m,621,1394,0.0003703085732427485,0.0003465280729541694,0.0003852385007680991
abs_r_1m,622,1394,0.0003677226882571977,0.00034546111550640753,0.0003928207385037212
abs_r_1m,623,1394,0.0003388974513683038,0.0003133883778711643,0.00035825361893377527
abs_r_1m,624,1394,0.0003265958482834882,0.0003022778993574711,0.00034896628230434833
abs_r_1m,625,1394,0.0003467475638044619,0.0003259262440145879,0.0003697079252901853
abs_r_1m,626,1394,0.0003260582626702153,0.00030353901845668173,0.0003530185728203268
abs_r_1m,627,1394,0.0003383994407923596,0.0003188522237920147,0.00035898586878685434
abs_r_1m,628,1394,0.0003183147651286487,0.0002972577990132073,0.00034360412704144644
abs_r_1m,629,1394,0.00033882091030110943,0.00031297724789472844,0.0003660035072621081
abs_r_1m,630,1394,0.0003222885245693014,0.00029873084005765975,0.0003410234427828102
abs_r_1m,631,1394,0.00039410529212820884,0.00036934394140683476,0.0004339093197615577
abs_r_1m,632,1394,0.00033214405251242294,0.00031242674536580134,0.0003679473313918351
abs_r_1m,633,1394,0.00032906811302176573,0.00030769249592887667,0.0003467850796549433
abs_r_1m,634,1394,0.00033233611620063204,0.00031414384300024363,0.0003558552623904263
abs_r_1m,635,1394,0.00029584996784501794,0.00028145741872795556,0.00031392078110275125
abs_r_1m,636,1394,0.0003370635706726405,0.00031732615789507293,0.00035551342437605763
abs_r_1m,637,1394,0.00034282885318788877,0.0003176172581570433,0.00035839110135381223
abs_r_1m,638,1394,0.0003164830488246057,0.00029614872266726683,0.00033634156739009924
abs_r_1m,639,1394,0.00032871759845495613,0.0003145260179472132,0.000351454689257415
abs_r_1m,640,1394,0.0003118592039509537,0.0002885013920718937,0.00034075202560223815
abs_r_1m,641,1394,0.00034183311091722814,0.0003237133271222238,0.00036838399029746
abs_r_1m,642,1393,0.0003126832153676042,0.00028834876553244745,0.00032887081692687065
abs_r_1m,643,1392,0.00031500102998208607,0.00029623150027705664,0.00033546336430582155
abs_r_1m,644,1393,0.00028871078284255333,0.00026958161730514577,0.000304373096113199
abs_r_1m,645,1393,0.00029558613016661444,0.0002828534159721887,0.0003150843054788015
abs_r_1m,646,1393,0.0003305603027179577,0.00030633150481028886,0.00034515059281081797
abs_r_1m,647,1392,0.0003364975140694235,0.00030965426669882896,0.00035607705470953665
abs_r_1m,648,1392,0.00029274447369069946,0.00027743077436647394,0.0003101563392963669
abs_r_1m,649,1392,0.00031084461198359553,0.00029092248728541844,0.0003333958737930165
abs_r_1m,650,1393,0.0002955855457453549,0.0002711517309356258,0.0003204315507308593
abs_r_1m,651,1393,0.00033865587806947394,0.0003184971552806161,0.0003593568502898264
abs_r_1m,652,1394,0.0003109417038502664,0.000294702198677236,0.000337436192174599
abs_r_1m,653,1394,0.0002956437270260787,0.00027400075521626614,0.000323309476657415
abs_r_1m,654,1393,0.00026675812817764555,0.0002474165677098465,0.0002868708120706864
abs_r_1m,655,1393,0.0002802056296556095,0.00025729875359456846,0.00029708677120626655
abs_r_1m,656,1393,0.0003100803497745218,0.00029344163506325375,0.00033226639209649135
abs_r_1m,657,1394,0.0002859088395880426,0.00026276537183079313,0.00030211757118561136
abs_r_1m,658,1394,0.00027976175393033473,0.00026494913720014854,0.0002926249366977916
abs_r_1m,659,1394,0.0002756287957029898,0.0002568059725945597,0.00029469397018484447
abs_r_1m,660,1394,0.0002678975481183128,0.0002487597393530791,0.00028650440172828045
abs_r_1m,661,1394,0.0003657330024291214,0.00034829421174453035,0.00039012389694480725
abs_r_1m,662,1394,0.00032673373408855595,0.0003049870796647183,0.0003534640645377831
abs_r_1m,663,1394,0.0003150583579999593,0.00030233702604980827,0.0003321180681027346
abs_r_1m,664,1394,0.0002751019777410354,0.0002597240075472797,0.00029929508355576575
abs_r_1m,665,1394,0.00026350352247470293,0.0002482928380660921,0.0002816839201855639
abs_r_1m,666,1394,0.00031453678664035054,0.0002967078932579266,0.0003388806828958697
abs_r_1m,667,1394,0.00031471356512260994,0.0002954646202615398,0.00033323749510625456
abs_r_1m,668,1394,0.00029709430837655056,0.00027911175081110146,0.0003140901587524922
abs_r_1m,669,1394,0.00027497077677452375,0.0002525298672162655,0.00029481721384859514
abs_r_1m,670,1394,0.00024891497216776516,0.00023297261512291072,0.0002680800980695882
abs_r_1m,671,1394,0.00031743721765547486,0.0002999403529307669,0.00033854607805222805
abs_r_1m,672,1394,0.00028480063415387127,0.00026535320739425793,0.00030519186784336543
abs_r_1m,673,1394,0.0002763495072835793,0.00025849205280876396,0.0002980646562271313
abs_r_1m,674,1394,0.0002704726351600824,0.0002536316766536566,0.0002943027437210471
abs_r_1m,675,1394,0.00026344341595804907,0.0002449946249544156,0.0002832547360590775
abs_r_1m,676,1394,0.0002984698717624428,0.0002837268512091309,0.000323344923113676
abs_r_1m,677,1394,0.00026797290054077097,0.00024924694477989327,0.0002880930833482606
abs_r_1m,678,1394,0.00026522908929524954,0.00024963541122120114,0.00028435089589423987
abs_r_1m,679,1394,0.000259736420800253,0.00024261703020982651,0.0002838306840021446
abs_r_1m,680,1394,0.0002413262121735482,0.00022487264519041844,0.00026189820380137144
abs_r_1m,681,1393,0.0002811102218612588,0.00026702092564296617,0.000304353172911244
abs_r_1m,682,1393,0.00027819175539569923,0.00026000449314030494,0.000294013269403282
abs_r_1m,683,1394,0.0002589031913375334,0.00024460159922119545,0.0002753875834986374
abs_r_1m,684,1394,0.0002415799030998525,0.0002250225031996759,0.00026767111968554645
abs_r_1m,685,1394,0.0002533207398105162,0.00023807013870167826,0.0002776299673109026
abs_r_1m,686,1393,0.0002663053284636546,0.0002463704367939944,0.00028312012391931815
abs_r_1m,687,1393,0.00027150694505858084,0.0002483467293055586,0.00029346413659645876
abs_r_1m,688,1394,0.00023808537753915523,0.000227058938988464,0.00026007187587486153
abs_r_1m,689,1394,0.00026444830057629327,0.0002451331509561581,0.0002815932185448144
abs_r_1m,690,1394,0.00022671624644775913,0.00021157906658007665,0.0002408687713070627
abs_r_1m,691,1394,0.0002920776738354871,0.00027280037319545497,0.0003128206793422305
abs_r_1m,692,1394,0.0002748557595992938,0.0002578685744129875,0.00029320501547202204
abs_r_1m,693,1394,0.00025530729584283393,0.00023968037107054884,0.00027237146899634457
abs_r_1m,694,1394,0.0002473181737384627,0.00023149423217941212,0.0002610519989228947
abs_r_1m,695,1394,0.00024190863277881854,0.00022716129957633583,0.00025670691758747404
abs_r_1m,696,1394,0.0002713881839969825,0.0002516162375338532,0.00028978260081462617
abs_r_1m,697,1394,0.00027688041612798555,0.00025506124007550765,0.0002966038876853207
abs_r_1m,698,1394,0.000257627579627461,0.000234175513454427,0.000275628261917442
abs_r_1m,699,1394,0.0002575174501246552,0.00023850491603548675,0.0002697592879576383
abs_r_1m,700,1394,0.00022245154861327585,0.00020557691862669922,0.00024030487564559067
abs_r_1m,701,1394,0.00027004780335088753,0.0002491923283988806,0.0002906683806878734
abs_r_1m,702,1394,0.00024259560399774154,0.00022910163621497968,0.00026081548950486835
abs_r_1m,703,1394,0.0002532851164952374,0.00023915625786613342,0.00027885989683507545
abs_r_1m,704,1394,0.00022965788303478096,0.00021288396440306777,0.00024607650159441316
abs_r_1m,705,1394,0.00022949708034419349,0.00020979710486274954,0.0002468401865838966
abs_r_1m,706,1394,0.0002518266840456732,0.00023690224082711264,0.0002739679132220776
abs_r_1m,707,1394,0.0002520479881738687,0.0002348390652996821,0.00027089523497420134
abs_r_1m,708,1394,0.0002420125577397333,0.00023027671840946643,0.0002557553386322303
abs_r_1m,709,1394,0.00022674035134147684,0.00021440281899285843,0.0002419726068382475
abs_r_1m,710,1394,0.00021181786247701905,0.0002006208603769669,0.00022998137664815833
abs_r_1m,711,1394,0.0002770746651831501,0.0002556546892438158,0.0003000403815936346
abs_r_1m,712,1394,0.00024200867798174913,0.00022677678873729318,0.0002600968058554379
abs_r_1m,713,1394,0.00023933646688466202,0.00022594474453813078,0.000255656892559906
abs_r_1m,714,1394,0.00022859567280070138,0.0002087130432298134,0.00024354315921154112
abs_r_1m,715,1393,0.00022651339357287366,0.00021136137942666226,0.00024336863703970288
abs_r_1m,716,1393,0.00022868468293423623,0.00021638001339107412,0.0002476331364051674
abs_r_1m,717,1393,0.00023821434639443055,0.00022513774893256392,0.00025767329218953595
abs_r_1m,718,1393,0.00022962112615239094,0.0002139140966977785,0.00024791696535580624
abs_r_1m,719,1393,0.00021265284503318245,0.00019750001497800885,0.00022816186441863728
abs_r_1m,720,1393,0.00021950611213100463,0.00020162124254870454,0.00023511985070640722
abs_r_1m,721,1393,0.0002893641668205135,0.0002722467854999353,0.0003115142624067901
abs_r_1m,722,1393,0.000285773256743401,0.0002616610705915464,0.0002989983577365914
abs_r_1m,723,1393,0.00024739207646891256,0.00022980184737274477,0.0002658611148278758
abs_r_1m,724,1394,0.00024564653107068274,0.00022397935011011876,0.00026264052099594427
abs_r_1m,725,1394,0.00022405172476054917,0.00020947952947370296,0.00024446490879042514
abs_r_1m,726,1394,0.0002495979232587552,0.00023263595976863886,0.0002610271392969079
abs_r_1m,727,1394,0.00024363248693166616,0.00023193694337095416,0.00025992142132171534
abs_r_1m,728,1394,0.00022922559338495627,0.0002128809722010724,0.0002490783138582425
abs_r_1m,729,1394,0.0002305125021448089,0.00021611564040563904,0.00024879210832911007
abs_r_1m,730,1394,0.00021969186985183536,0.00020465039645960995,0.00023495144500044988
abs_r_1m,731,1394,0.00024622809539406003,0.0002288853278550914,0.00025951667638639763
abs_r_1m,732,1394,0.00023407701583147867,0.00021744723674854707,0.0002494641620015297
abs_r_1m,733,1394,0.00023196962693536061,0.00021238298073812857,0.00025023601936831965
abs_r_1m,734,1394,0.0002052873347329721,0.00019172948771096763,0.00021999780090925736
abs_r_1m,735,1394,0.0002033691194933067,0.00018767517999254357,0.0002156194572485857
abs_r_1m,736,1394,0.00024415954372055743,0.00022836753462510188,0.00026037680662353846
abs_r_1m,737,1394,0.00023118605999210892,0.0002167027532380471,0.00024360977547457113
abs_r_1m,738,1394,0.00021669646391411497,0.00020527366675798176,0.00023071678141701086
abs_r_1m,739,1394,0.00021930817048698616,0.00020544076509769734,0.00023252127145925714
abs_r_1m,740,1394,0.00021356923569963357,0.00019972657532699354,0.00022635316849599693
abs_r_1m,741,1394,0.0002224403787473168,0.00020944601605525553,0.0002399744038820329
abs_r_1m,742,1394,0.00023519928993556802,0.00021470205496083535,0.0002486764226603231
abs_r_1m,743,1394,0.0002232350489067949,0.000202581815292548,0.00023961734805065743
abs_r_1m,744,1394,0.00022427934172261415,0.00020430818466681585,0.0002387504477943732
abs_r_1m,745,1394,0.00020554112069669673,0.00019310335075626442,0.00021636033584972005
abs_r_1m,746,1394,0.00022808658455373903,0.00021746788138529862,0.00024151419133226892
abs_r_1m,747,1394,0.00022011137070613579,0.00020351174869835562,0.00024116125300091117
abs_r_1m,748,1394,0.00020257459142872285,0.00018675662164873775,0.0002192671072357574
abs_r_1m,749,1394,0.00020853184837174858,0.00019312937931035559,0.00022285898567843068
abs_r_1m,750,1394,0.00018970251630478596,0.00017867710851880922,0.00020520827904163612
abs_r_1m,751,1394,0.0002574276126390984,0.0002395833275418984,0.00027237414097584247
abs_r_1m,752,1394,0.00024351176882335884,0.00022607245303881142,0.00025891187855883664
abs_r_1m,753,1394,0.0002116417522362149,0.00019958497951848097,0.00022907460000633637
abs_r_1m,754,1394,0.00021086992411493128,0.0001927914864076526,0.0002286783249618908
abs_r_1m,755,1394,0.0002144025139154788,0.00019799752942702527,0.00022657905160182692
abs_r_1m,756,1394,0.00021179463902113197,0.0001968988438553992,0.0002280518390757567
abs_r_1m,757,1394,0.00023192095393574,0.00022051758717105572,0.0002481341620784447
abs_r_1m,758,1394,0.00019897825316333192,0.0001869594366584215,0.0002086392714823858
abs_r_1m,759,1394,0.00020819718913390404,0.00019416605304897638,0.00022138342855153317
abs_r_1m,760,1394,0.00019726923263196968,0.0001846724168336682,0.00021212157002366356
abs_r_1m,761,1394,0.0002284127853318171,0.00021245706676708125,0.0002490776356727918
abs_r_1m,762,1394,0.00021238922012675,0.00020041663952558917,0.00022754264622922878
abs_r_1m,763,1394,0.00019619308008174597,0.00018372336095228328,0.00021048735226631918
abs_r_1m,764,1394,0.00019997500491561828,0.00018881932580288343,0.0002164159856622604
abs_r_1m,765,1394,0.0001835136901808199,0.00016987583549103779,0.00019638191917400276
abs_r_1m,766,1394,0.00022025522200310222,0.00020938815573999305,0.00023510615961098462
abs_r_1m,767,1394,0.00019962234590377518,0.00018702187492168328,0.00021480353003461994
abs_r_1m,768,1394,0.0002089931655265228,0.0001973084808426125,0.00022777344463354078
abs_r_1m,769,1394,0.00019820366827990135,0.00018237955688594863,0.0002123193863014135
abs_r_1m,770,1394,0.00019173780070083147,0.0001832047291254949,0.0002059802952800854
abs_r_1m,771,1394,0.00023259240160480843,0.00021822882217867662,0.00024919941673668615
abs_r_1m,772,1394,0.000208143722564385,0.00019425227612827198,0.00022548367586833776
abs_r_1m,773,1394,0.00021592817333439452,0.00020182042087517815,0.00023058517205068056
abs_r_1m,774,1394,0.00020846525787133425,0.00019471996549304458,0.00022305545066813996
abs_r_1m,775,1394,0.00018259042052854005,0.00017288363100292618,0.0001933788086336736
abs_r_1m,776,1394,0.00020757671851877755,0.00019337740818076688,0.0002203941555107211
abs_r_1m,777,1394,0.00020741731919899812,0.0001937314432176808,0.00022244650967675445
abs_r_1m,778,1393,0.00019496766847939547,0.00018353065269108125,0.00020968331907649074
abs_r_1m,779,1392,0.00019361002418673176,0.00018368002990518743,0.0002088933004080669
abs_r_1m,780,1393,0.00018998437003917964,0.0001792039944017096,0.00020118549573658974
abs_r_1m,781,1346,0.00026377767472718567,0.00024647469677814674,0.0002816138659283018
abs_r_1m,782,1347,0.0002684089721217129,0.0002411928495255455,0.00029075941692525064
abs_r_1m,783,1347,0.00026414409213724137,0.0002480966968145984,0.0002807374775526353
abs_r_1m,784,1347,0.00023829381740308726,0.0002214702903653511,0.00025427610175354315
abs_r_1m,785,1347,0.00021219596376790902,0.00019883511260904697,0.00023026248746054988
abs_r_1m,786,1347,0.00023185293306297338,0.0002176330074758525,0.0002467570152927977
abs_r_1m,787,1347,0.00024815435328037636,0.00023774145728625053,0.0002648646044554637
abs_r_1m,788,1347,0.00022296047003250363,0.0002080844103839208,0.00023764523294012043
abs_r_1m,789,1347,0.00021059964275892427,0.00019408054403471453,0.00022565402634043265
abs_r_1m,790,1347,0.00017809006547359673,0.00016578020346045557,0.000189592311678731
abs_r_1m,791,1347,0.00023606380577030633,0.00022100386846716285,0.0002502470523386087
abs_r_1m,792,1347,0.00022454249561057143,0.00021425269903096233,0.00023707162758951434
abs_r_1m,793,1347,0.0002156870886456936,0.0002026632969413601,0.0002299261183377116
abs_r_1m,794,1347,0.00020621107838990758,0.00019270174326240769,0.00022543625979546062
abs_r_1m,795,1346,0.00019783598445206025,0.00018471798443769376,0.00020914997660808178
abs_r_1m,796,1346,0.00022663788672821187,0.00021473181345251847,0.00024262307061254326
abs_r_1m,797,1347,0.00021991964563158732,0.00020746339163436327,0.00023547418723034467
abs_r_1m,798,1347,0.0002044745862254947,0.00019445164697003034,0.00022260516972852083
abs_r_1m,799,1347,0.00020643669692034178,0.0001909193169386561,0.00022062879295228335
abs_r_1m,800,1347,0.000195410160800651,0.0001818180438119317,0.00020884234754672902
abs_r_1m,801,1347,0.00022533307139810678,0.0002089640413088086,0.000242650904395031
abs_r_1m,802,1346,0.00022202365018700635,0.00020149304802769778,0.00023627771069188695
abs_r_1m,803,1346,0.00020813686908414367,0.00019504777798541177,0.00022249898936511673
abs_r_1m,804,1347,0.00020797948010772764,0.00019761763172425402,0.0002284382104911358
abs_r_1m,805,1347,0.00020433879443099569,0.00019056415115819525,0.0002167874813720486
abs_r_1m,806,1346,0.00021543912086102745,0.00020071690218328,0.00023122974464152667
abs_r_1m,807,1346,0.00021375848751041087,0.0001997259126838977,0.00022992109627336695
abs_r_1m,808,1347,0.00019786307939508317,0.0001856595939106754,0.00020857914751492174
abs_r_1m,809,1347,0.0001989356946929797,0.000185504430392134,0.00021973642472042465
abs_r_1m,810,1347,0.00019988007262233625,0.00018532154218328195,0.00021356686386554848
abs_r_1m,811,1347,0.00027964435999739567,0.0002597065330789053,0.00029118354669287644
abs_r_1m,812,1347,0.0002190490541732655,0.0002093713073935808,0.00022976542512374314
abs_r_1m,813,1347,0.00021014222885408845,0.00019555530785446995,0.00022495864406304976
abs_r_1m,814,1347,0.00020374043539097956,0.00018855154310190066,0.0002187946156057204
abs_r_1m,815,1346,0.00019816973229732612,0.0001836442749300771,0.00021531744728356687
abs_r_1m,816,1346,0.00021345448576811095,0.00019851610484019702,0.0002317187629352434
abs_r_1m,817,1347,0.00021561229073578891,0.00020124459765554254,0.00023293541290398
abs_r_1m,818,1346,0.00021980043923771998,0.00020249762151100282,0.0002351126712835611
abs_r_1m,819,1346,0.00020411908151809864,0.00019477101734095744,0.0002186994360437897
abs_r_1m,820,1347,0.00019570292358757794,0.00018391734146750536,0.00020729164795680628
abs_r_1m,821,1347,0.00023122575444073934,0.0002145830659278996,0.0002482332352875888
abs_r_1m,822,1347,0.00021220159230831337,0.00020028229404002435,0.00022867110698922193
abs_r_1m,823,1347,0.00020685884912480742,0.00019408687332808018,0.00022022082789293943
abs_r_1m,824,1347,0.00018825104378046524,0.000178792516671816,0.000200598452721301
abs_r_1m,825,1347,0.00017340205235883427,0.00016421247899898068,0.00018533899347273938
abs_r_1m,826,1347,0.00021741493726256113,0.00019993000300087848,0.00022899963590831453
abs_r_1m,827,1347,0.00021027398777977293,0.0001925409636847611,0.00022658903533360504
abs_r_1m,828,1347,0.00019542428069281755,0.00018186506371322493,0.0002074103508674935
abs_r_1m,829,1347,0.00020084199210076888,0.00019164874084419417,0.00021552523036805183
abs_r_1m,830,1346,0.00019096153185394778,0.00017724211318994712,0.00020296513301905548
abs_r_1m,831,1346,0.00021927367777534683,0.00020425394823583425,0.00023242925716811214
abs_r_1m,832,1347,0.00021312753520162547,0.00019855404589676104,0.0002263512027252244
abs_r_1m,833,1347,0.00020983479622137187,0.00019817634759659403,0.00022095381021378172
abs_r_1m,834,1347,0.00019335681297729233,0.00018106804327844758,0.00020471614898052323
abs_r_1m,835,1346,0.00018436318318055967,0.00017473521661820295,0.00019490582249645657
abs_r_1m,836,1345,0.00021415569200597406,0.0001977964138148768,0.00022986035406585676
abs_r_1m,837,1345,0.00020400253033877087,0.00019192019994182557,0.00021858096086462242
abs_r_1m,838,1346,0.0001980831311240539,0.0001858199609232409,0.00020953437175330708
abs_r_1m,839,1347,0.00019374963732544077,0.0001741826483649588,0.0002078204187841016
abs_r_1m,840,1346,0.00017090266883645905,0.00015613786812929391,0.00018666732986497546
abs_r_1m,841,1346,0.00029376695179760405,0.00027065689376301795,0.0003174023017876535
abs_r_1m,842,1347,0.0002626136639850488,0.00024353718120875226,0.00029057357679305876
abs_r_1m,843,1347,0.00024361677328265017,0.00022647536564895663,0.0002601845624672371
abs_r_1m,844,1346,0.00023534317368257787,0.00022445175422623715,0.00025647232003132224
abs_r_1m,845,1346,0.0002204774110660048,0.0002115487152050598,0.00023173053153439
abs_r_1m,846,1346,0.0002519069577803641,0.0002392578667437543,0.00027174523972603974
abs_r_1m,847,1346,0.00024185335923011374,0.00022750093661098086,0.0002604370147803877
abs_r_1m,848,1346,0.0002353674315735344,0.0002180602250808903,0.00025516749456107866
abs_r_1m,849,1346,0.0002224786951148857,0.00020652149044241962,0.00024314147387251623
abs_r_1m,850,1346,0.0001961900118753462,0.0001838044858967232,0.00021102012073983813
abs_r_1m,851,1345,0.0002368673231070407,0.00022118268928542772,0.0002528321787308881
abs_r_1m,852,1345,0.00022207227689730288,0.00020605186519532284,0.00024019189167620708
abs_r_1m,853,1346,0.00022637324508637465,0.00020818178182849037,0.00024639645313763935
abs_r_1m,854,1347,0.0002151721702085794,0.0002042292063995315,0.00023179191006115715
abs_r_1m,855,1347,0.0001991998811387139,0.00018599462452158604,0.0002146231159556271
abs_r_1m,856,1347,0.00024611922842805066,0.00023072164023849723,0.0002616036404632038
abs_r_1m,857,1347,0.0002301134888037445,0.00021845194083073996,0.00024723435805697983
abs_r_1m,858,1347,0.00019884668985789986,0.00018700103768839804,0.0002169369831323326
abs_r_1m,859,1347,0.00020962163372014367,0.00019735647479403234,0.00022906453549497374
abs_r_1m,860,1346,0.0002093845226398181,0.00019949602805258412,0.00022118072951786725
abs_r_1m,861,1346,0.0002421904959009256,0.00022440655655395165,0.00026529429022556007
abs_r_1m,862,1346,0.00022778905810678766,0.000207473184835073,0.0002409962806310686
abs_r_1m,863,1346,0.00021227931891322358,0.00020060248666792723,0.00023245604918037296
abs_r_1m,864,1346,0.0002165301688038021,0.00020057706521088702,0.00023360082402008257
abs_r_1m,865,1346,0.00018859807129438996,0.00018021314943525614,0.00019973281085059548
abs_r_1m,866,1346,0.00023110686695750093,0.00021882537439113218,0.0002455504832100741
abs_r_1m,867,1346,0.00021245569903676498,0.00019724342267972642,0.00022376455964006505
abs_r_1m,868,1346,0.00020697167666546064,0.0001940516906940984,0.00022335170324866476
abs_r_1m,869,1346,0.00019536967411733376,0.00018287410212705272,0.00020950626233639532
abs_r_1m,870,1347,0.0001843691813699356,0.00016718416114880759,0.0001971531409988485
abs_r_1m,871,1347,0.00028546507211542685,0.00026930009969573337,0.0003003277705257817
abs_r_1m,872,1347,0.00024640197246249946,0.00023395698032080772,0.0002659817184581879
abs_r_1m,873,1347,0.0002195964501768369,0.00020560816154086516,0.00024062749568950164
abs_r_1m,874,1347,0.00021479201056294383,0.00019668476958414283,0.000230621988522474
abs_r_1m,875,1347,0.0001979218215268152,0.00018502165647163942,0.00020886176316595281
abs_r_1m,876,1347,0.00024267497273439248,0.0002283477419806277,0.00025783050711372565
abs_r_1m,877,1347,0.0002053836188111271,0.00019489758193796437,0.00022411371305890046
abs_r_1m,878,1347,0.00021899675242347878,0.0001988517439350773,0.0002335346117682143
abs_r_1m,879,1347,0.00020865452682145968,0.00019088377154703173,0.00022302069167880455
abs_r_1m,880,1346,0.0001879805545511625,0.00017681957686060666,0.000202901850270086
abs_r_1m,881,1346,0.0002307059859303894,0.0002125602205684886,0.0002518065364691637
abs_r_1m,882,1346,0.00021776701915085097,0.0002046993604291762,0.00023422407769488153
abs_r_1m,883,1347,0.00022941815607952298,0.00021521271525668737,0.0002453619783033217
abs_r_1m,884,1347,0.00020425763767619007,0.0001954181884078035,0.0002207375179969411
abs_r_1m,885,1347,0.00018455292107374507,0.0001734020523587995,0.0001978177632809049
abs_r_1m,886,1347,0.00021654395926967314,0.000203583648614725,0.00023649651724092836
abs_r_1m,887,1347,0.00021486123627868398,0.00020243142704559055,0.0002335379672790512
abs_r_1m,888,1347,0.00020838543044483248,0.00019499629852897006,0.0002349956656427523
abs_r_1m,889,1347,0.00020593080797655199,0.00019500146312887082,0.0002250099100733488
abs_r_1m,890,1347,0.0001960242719964887,0.00018335656558904828,0.00021334617713738047
abs_r_1m,891,1347,0.00023835498503948393,0.0002177497964748783,0.00025733402097746067
abs_r_1m,892,1347,0.00023476934020265523,0.00021518628368284143,0.00024768726768080977
abs_r_1m,893,1347,0.0002190868469021027,0.00020175190225375255,0.00023647226600292208
abs_r_1m,894,1347,0.0002108425804400058,0.0001983725481041726,0.00022859512678642427
abs_r_1m,895,1347,0.00020416619198891333,0.00018967265424851018,0.000216751260715303
abs_r_1m,896,1347,0.0002473767767052094,0.0002350324163404305,0.0002615818686690299
abs_r_1m,897,1347,0.00022592062751419746,0.000207922920078963,0.0002480875965249895
abs_r_1m,898,1347,0.00020313380123962498,0.00018755384096391447,0.00021725199070855007
abs_r_1m,899,1347,0.0002035657948639168,0.0001884477634967718,0.0002184564083098055
abs_r_1m,900,1347,0.00019473011684482781,0.00018145095690450246,0.00021248386758465087
abs_r_1m,901,1347,0.0003096865554425602,0.00028607463852505405,0.00032433156436791397
abs_r_1m,902,1347,0.00027641217179291846,0.00025628660533241364,0.0002955230185269754
abs_r_1m,903,1346,0.000252202798035619,0.0002366273008952651,0.00027204127078326684
abs_r_1m,904,1346,0.00023245328128776,0.00021959442492537834,0.0002533786957317008
abs_r_1m,905,1346,0.00022177068964218736,0.00020706894962698824,0.00023842055664929473
abs_r_1m,906,1346,0.00025110705571640987,0.00022825968831774167,0.0002697843890203585
abs_r_1m,907,1346,0.0002358610540167917,0.0002166900973125629,0.0002512450429070248
abs_r_1m,908,1346,0.00021688128748127803,0.00020314498944194663,0.00023395886903182183
abs_r_1m,909,1346,0.00022286433956803596,0.0002027889425199208,0.0002420438206396405
abs_r_1m,910,1346,0.0002028630999653971,0.00018428473177759048,0.0002171698890234787
abs_r_1m,911,1346,0.00025708339112854174,0.00024325852061369367,0.00027187703194370475
abs_r_1m,912,1346,0.0002481431618637463,0.00023669759625751674,0.00026805502270268983
abs_r_1m,913,1346,0.00022752205313093907,0.00021438085554315825,0.00024727992213052465
abs_r_1m,914,1346,0.00022194253539733555,0.00021116351172993298,0.00023311914984084983
abs_r_1m,915,1345,0.00022651522602753498,0.0002142659623344653,0.0002406689292736843
abs_r_1m,916,1346,0.00025868839384575275,0.00024024652264279772,0.0002731404463501266
abs_r_1m,917,1347,0.00024784683192742986,0.00023011131498101045,0.00026627003816847894
abs_r_1m,918,1347,0.00023357263184542944,0.00021731892950096877,0.0002491816118022818
abs_r_1m,919,1347,0.00022586109638642653,0.00020828994034897657,0.00024056388289893867
abs_r_1m,920,1347,0.00021022978192512858,0.00019535233849056016,0.00022170491167191684
abs_r_1m,921,1347,0.00026474691368103155,0.000249107600815479,0.00028030345043206857
abs_r_1m,922,1347,0.000237579854345971,0.0002240837172797774,0.00025839512512129334
abs_r_1m,923,1347,0.00022411342592203122,0.0002093286599558134,0.00024155193534327598
abs_r_1m,924,1347,0.00021815801999049467,0.0002053725137723144,0.00023899495778602196
abs_r_1m,925,1347,0.00022265516373640544,0.00021067662265588066,0.00023450897839562228
abs_r_1m,926,1347,0.0002318633800016531,0.00020998300318123144,0.00025248963293542234
abs_r_1m,927,1347,0.00023132619409639742,0.00021450079561497032,0.00024787498759246303
abs_r_1m,928,1347,0.00021724780539822137,0.00019768295139648413,0.00023463453830897284
abs_r_1m,929,1347,0.00022015001740036211,0.0002062809784034327,0.0002315372688991932
abs_r_1m,930,1347,0.00020798668960167013,0.00019227513519047128,0.0002256049767262359
abs_r_1m,931,1346,0.00029797689884062284,0.00027426729992733077,0.00031752257945681097
abs_r_1m,932,1346,0.0002545807395622305,0.00023648116143626158,0.00026820719589580074
abs_r_1m,933,1346,0.000244343175336532,0.00022529685389881002,0.00027210223247478555
abs_r_1m,934,1346,0.0002450827228737136,0.0002347117964425547,0.00025909514602602134
abs_r_1m,935,1346,0.00022921527756454636,0.00021320554191705436,0.000248233157802526
abs_r_1m,936,1347,0.0002620045746695496,0.0002419539177751439,0.0002774688968841837
abs_r_1m,937,1347,0.00023916769755658084,0.000221532508212718,0.00025584609501367933
abs_r_1m,938,1347,0.00023062730729533231,0.00021730951131637742,0.0002471366297870445
abs_r_1m,939,1347,0.00022590701763266536,0.00020859439082166462,0.0002447817061073412
abs_r_1m,940,1347,0.00023019535316299742,0.0002135946739830625,0.0002453924106463639
abs_r_1m,941,1346,0.0002736594788158137,0.0002551127247549583,0.0002901439911216384
abs_r_1m,942,1346,0.00023596038931420453,0.0002214489847308285,0.0002544495932606015
abs_r_1m,943,1346,0.0002556963973616214,0.0002416315158417601,0.0002769615679666043
abs_r_1m,944,1346,0.00023301823011308572,0.0002182200284382124,0.00024753842126553694
abs_r_1m,945,1346,0.00024099736618628988,0.00022612096408890456,0.0002538272401983586
abs_r_1m,946,1346,0.0002926017226019582,0.00026813302421514946,0.00031484598413147104
abs_r_1m,947,1347,0.00025225679875745375,0.0002339492121072202,0.00027406235049986074
abs_r_1m,948,1347,0.0002455259724250532,0.00022378830763795381,0.0002673959471851621
abs_r_1m,949,1347,0.00025913449225084567,0.00024153521445382655,0.0002768170753650315
abs_r_1m,950,1347,0.0002647195091676312,0.00025120842391091803,0.00028459923272939296
abs_r_1m,951,1347,0.0005542140199653504,0.0005194860419220288,0.0005935736834088162
abs_r_1m,952,1347,0.0003308738408242572,0.00030802453968499,0.00034840976387231874
abs_r_1m,953,1347,0.00028802009427274895,0.0002689909823880519,0.00030636268914996465
abs_r_1m,954,1347,0.0002857908387764941,0.0002681339432931186,0.0003039833654612017
abs_r_1m,955,1347,0.0004459760868566372,0.0004097381942832442,0.00047761017657800195
abs_r_1m,956,1347,0.0004083756585824898,0.0003828063623227076,0.0004331683115957733
abs_r_1m,957,1347,0.0002702024604863017,0.00025324902495691125,0.0002915398792538634
abs_r_1m,958,1347,0.00023655841413418996,0.000221208225968874,0.0002523601422020754
abs_r_1m,959,1347,0.000245969181301776,0.00023095670879956222,0.0002613115751997076
abs_r_1m,960,1347,0.0004376869357798586,0.0004116829562563053,0.00047450770716619717
abs_r_1m,961,1347,0.0003987830737275109,0.0003769305784519345,0.0004256760404952083
abs_r_1m,962,1347,0.00023326724200612868,0.00021454840432316718,0.000250236369114041
abs_r_1m,963,1347,0.00020055092586073736,0.00018240007176148105,0.0002129413169379589
abs_r_1m,964,1347,0.00017566588394138928,0.0001642781138374932,0.0001893186357035282
abs_r_1m,965,1347,0.00016866408713077114,0.0001579919653069945,0.00017877834475190537
abs_r_1m,966,1347,0.0002022790108711187,0.00019005641007006368,0.00022135482985941794
abs_r_1m,967,1347,0.0001584853678653974,0.00014629537815719494,0.00017133262557769593
abs_r_1m,968,1345,0.00014904980775325827,0.00013717007530509055,0.0001615570381716262
abs_r_1m,969,1345,0.0001358898750545586,0.00012771637714100665,0.00014428048150586902
abs_r_1m,970,1345,0.000131493674404598,0.00012430919084694685,0.00013789418775613237
abs_r_1m,971,1345,0.00013718362049084266,0.00012863313229299596,0.0001441297829576498
abs_r_1m,972,1345,0.00011718246495016038,0.0001114673793769509,0.00012569185267423107
abs_r_1m,973,1345,0.00011136684249397139,0.00010410181396237047,0.00011692487590058764
abs_r_1m,974,1345,0.00015013887874464526,0.00013906183849516556,0.00016233431269615736
abs_r_1m,975,1345,0.00015357658964504367,0.00014605393589167678,0.0001659372575446537
abs_r_1m,976,992,0.00013595846922777186,0.00012902332372973578,0.00014822484106638298
abs_r_1m,977,981,0.00011137028775978677,0.00010230044548325081,0.00011696395017305124
abs_r_1m,978,981,8.790436011285118e-05,8.243788405919541e-05,9.901071332191155e-05
abs_r_1m,979,980,8.381457060509248e-05,7.907368502734703e-05,9.286148954829972e-05
abs_r_1m,980,980,8.599728405884483e-05,7.959710173470634e-05,9.460695088870898e-05
abs_r_1m,981,979,9.701791200813492e-05,8.765128219885615e-05,0.00010327667643520667
abs_r_1m,982,978,8.427618343419113e-05,7.937365222054718e-05,9.375651788089267e-05
abs_r_1m,983,981,8.160457922802088e-05,7.497770339330493e-05,8.778990069274571e-05
abs_r_1m,984,981,8.159792046407872e-05,7.559948293067098e-05,8.812476179858203e-05
abs_r_1m,985,982,7.842204869871043e-05,7.042249612349473e-05,8.329924527763523e-05
abs_r_1m,986,982,7.570075175500032e-05,6.8179106539254e-05,8.183640906400471e-05
abs_r_1m,987,981,7.82405270681995e-05,6.916657739073598e-05,8.417038392378284e-05
abs_r_1m,988,981,7.53920386364404e-05,6.763132866571116e-05,8.022248125887125e-05
abs_r_1m,989,983,6.940949871779273e-05,6.382782970350642e-05,8.010253128286355e-05
abs_r_1m,990,983,6.615638047634651e-05,6.209679416054745e-05,7.091153271121401e-05
abs_r_1m,991,983,8.379069090324116e-05,7.921858789093956e-05,9.130057132499359e-05
abs_r_1m,992,1344,9.554707406390709e-05,8.4762336304219e-05,0.00010333938375319916
abs_r_1m,993,1344,8.205748433290754e-05,7.545176749348716e-05,8.643077811774564e-05
abs_r_1m,994,1347,8.184502065313044e-05,7.51216390594114e-05,8.608475626325426e-05
abs_r_1m,995,1347,7.576618558766156e-05,6.760980411650785e-05,8.124299173495317e-05
abs_r_1m,996,1347,7.874532453707651e-05,7.042378349837656e-05,8.309278220168198e-05
abs_r_1m,997,1347,8.351544344586011e-05,7.791839412584732e-05,8.746993226659171e-05
abs_r_1m,998,1347,7.306202969566466e-05,6.718658806640891e-05,8.092181717456892e-05
abs_r_1m,999,1347,7.14277211288926e-05,6.622514256805701e-05,7.915715010358587e-05
abs_r_1m,1000,1345,6.888080179977164e-05,6.522912213935494e-05,7.584072777073515e-05
abs_r_1m,1001,1345,7.623403853500035e-05,7.189040749667272e-05,8.253360540136991e-05
abs_r_1m,1002,1345,6.919936339344856e-05,6.519579133527849e-05,7.608555062983883e-05
abs_r_1m,1003,1346,6.899835800568077e-05,6.603476603204548e-05,7.798164859282331e-05
abs_r_1m,1004,1345,7.177806226237985e-05,6.75108102907612e-05,7.70965441856277e-05
abs_r_1m,1005,1346,7.684530725323091e-05,6.980477932893782e-05,8.21974822944299e-05
abs_r_1m,1006,1346,9.382638442002377e-05,8.699529428750077e-05,9.934480340340561e-05
abs_r_1m,1007,1345,8.07037366267884e-05,7.433017323105353e-05,8.404677087149946e-05
abs_r_1m,1008,1345,7.503282689697004e-05,6.848751404113359e-05,8.024345317787231e-05
abs_r_1m,1009,1346,6.611734178086095e-05,6.196653040735147e-05,6.964857573000963e-05
abs_r_1m,1010,1347,8.523514250093424e-05,8.054436873411211e-05,9.096300065031703e-05
abs_r_1m,1011,1347,8.265760743999851e-05,7.682677125019484e-05,8.762897895931893e-05
abs_r_1m,1012,1347,7.016189860981814e-05,6.650384070188634e-05,7.604219897107613e-05
abs_r_1m,1013,1344,7.115758945421273e-05,6.606620874653585e-05,7.717896156885476e-05
abs_r_1m,1014,1343,6.539153181987969e-05,6.261954845574258e-05,7.23617855989093e-05
abs_r_1m,1015,1344,7.157748877174131e-05,6.71439539547272e-05,7.759294077935924e-05
abs_r_1m,1016,1344,7.714437349338394e-05,6.981336911779697e-05,8.136100696867117e-05
abs_r_1m,1017,1342,7.00042118835024e-05,6.625267162730191e-05,7.666751856556506e-05
abs_r_1m,1018,1341,7.170771936666683e-05,6.77042225095578e-05,8.096390980440802e-05
abs_r_1m,1019,1343,7.92659969104796e-05,7.240334189688898e-05,8.334665036440461e-05
abs_r_1m,1020,1343,9.927036291464436e-05,9.395484562279874e-05,0.00010632088975891123
abs_r_1m,1021,0,,,
abs_r_1m,1022,0,,,
abs_r_1m,1023,0,,,
abs_r_1m,1024,0,,,
abs_r_1m,1025,0,,,
abs_r_1m,1026,0,,,
abs_r_1m,1027,0,,,
abs_r_1m,1028,0,,,
abs_r_1m,1029,0,,,
abs_r_1m,1030,0,,,
abs_r_1m,1031,0,,,
abs_r_1m,1032,0,,,
abs_r_1m,1033,0,,,
abs_r_1m,1034,0,,,
abs_r_1m,1035,0,,,
abs_r_1m,1036,0,,,
abs_r_1m,1037,0,,,
abs_r_1m,1038,0,,,
abs_r_1m,1039,0,,,
abs_r_1m,1040,0,,,
abs_r_1m,1041,0,,,
abs_r_1m,1042,0,,,
abs_r_1m,1043,0,,,
abs_r_1m,1044,0,,,
abs_r_1m,1045,0,,,
abs_r_1m,1046,0,,,
abs_r_1m,1047,0,,,
abs_r_1m,1048,0,,,
abs_r_1m,1049,0,,,
abs_r_1m,1050,0,,,
abs_r_1m,1051,0,,,
abs_r_1m,1052,0,,,
abs_r_1m,1053,0,,,
abs_r_1m,1054,0,,,
abs_r_1m,1055,0,,,
abs_r_1m,1056,0,,,
abs_r_1m,1057,0,,,
abs_r_1m,1058,0,,,
abs_r_1m,1059,0,,,
abs_r_1m,1060,0,,,
abs_r_1m,1061,0,,,
abs_r_1m,1062,0,,,
abs_r_1m,1063,0,,,
abs_r_1m,1064,0,,,
abs_r_1m,1065,0,,,
abs_r_1m,1066,0,,,
abs_r_1m,1067,0,,,
abs_r_1m,1068,0,,,
abs_r_1m,1069,0,,,
abs_r_1m,1070,0,,,
abs_r_1m,1071,0,,,
abs_r_1m,1072,0,,,
abs_r_1m,1073,0,,,
abs_r_1m,1074,0,,,
abs_r_1m,1075,0,,,
abs_r_1m,1076,0,,,
abs_r_1m,1077,0,,,
abs_r_1m,1078,0,,,
abs_r_1m,1079,0,,,
abs_r_1m,1080,0,,,
abs_r_1m,1081,0,,,
abs_r_1m,1082,1395,0.00018166129301962463,0.00016967845972664028,0.00019495196870464445
abs_r_1m,1083,1393,0.00015531869485860836,0.00014619073669322924,0.00016738596371756756
abs_r_1m,1084,1393,0.00013799527388082532,0.00012617956756332793,0.00014849174974237343
abs_r_1m,1085,1393,0.00013150492797133696,0.0001224044431249657,0.00014347929104806975
abs_r_1m,1086,1394,0.00015614293672175237,0.0001476092864229667,0.00016563604278155598
abs_r_1m,1087,1395,0.00012650701498276155,0.00011730342891371144,0.00013443863448949796
abs_r_1m,1088,1394,0.0001119474441534499,0.00010310369503930053,0.00012071988249486403
abs_r_1m,1089,1392,0.00010300076137933407,9.427825290528159e-05,0.00010906890831478533
abs_r_1m,1090,1394,0.00010780181643281199,9.982776824859119e-05,0.00011494967548989536
abs_r_1m,1091,1393,0.00011616965429366792,0.00011161974977714281,0.00012688776033269858
abs_r_1m,1092,1393,0.00010325896784618145,9.676434331544489e-05,0.00011142197925015877
abs_r_1m,1093,1393,0.00010712946606211696,9.899158965155332e-05,0.0001148904991995649
abs_r_1m,1094,1391,9.914897141066022e-05,9.37003117885565e-05,0.00010661507406558844
abs_r_1m,1095,1392,9.582309097034654e-05,8.870225441231827e-05,0.00010368700531952332
abs_r_1m,1096,1392,0.00010894543867841938,9.94647482559005e-05,0.00011726307985373038
abs_r_1m,1097,1390,9.433168851013843e-05,8.755141979618828e-05,0.0001007910417571293
abs_r_1m,1098,1392,9.621478807204145e-05,8.626731271619031e-05,0.00010352242883580561
abs_r_1m,1099,1391,9.054553692154913e-05,8.516665025621592e-05,9.885737896850085e-05
abs_r_1m,1100,1389,8.888691368262839e-05,8.482980498486563e-05,9.730583782747316e-05
abs_r_1m,1101,1390,0.00010457158551252435,9.780584871644824e-05,0.00011324073797597697
abs_r_1m,1102,1391,8.82896405292812e-05,8.20815891456847e-05,9.752866011039472e-05
abs_r_1m,1103,1391,9.099595074296806e-05,8.389382049117761e-05,9.702705712473026e-05
abs_r_1m,1104,1393,9.00333123863049e-05,8.433729502479363e-05,9.879470468418832e-05
abs_r_1m,1105,1392,8.35944266998764e-05,7.768197524954198e-05,8.94547969142009e-05
abs_r_1m,1106,1391,9.237661954332418e-05,8.557321221381856e-05,0.00010047551870750198
abs_r_1m,1107,1390,8.674456333896746e-05,8.230010437682318e-05,9.138650007461351e-05
abs_r_1m,1108,1392,7.899814030842397e-05,7.459998105285508e-05,8.323276214318437e-05
abs_r_1m,1109,1393,8.079284718388337e-05,7.654096093262356e-05,8.595808736761766e-05
abs_r_1m,1110,1389,7.723498748766659e-05,7.237461101811013e-05,8.190231788141663e-05
abs_r_1m,1111,1389,0.00011681731245857452,0.00010938126674411108,0.0001286826036930459
abs_r_1m,1112,1392,9.18026467354195e-05,8.773853920961262e-05,0.00010270796146651307
abs_r_1m,1113,1390,9.244858343765353e-05,8.487292211133448e-05,9.86327042188111e-05
abs_r_1m,1114,1393,8.775239789057061e-05,8.357709992339007e-05,9.478453530741579e-05
abs_r_1m,1115,1391,8.125126959583079e-05,7.598867665483862e-05,8.684403176326645e-05
abs_r_1m,1116,1390,8.562946401931661e-05,8.093998304681373e-05,9.274184716579956e-05
abs_r_1m,1117,1389,8.468189252148338e-05,8.061714438260698e-05,8.917225856938662e-05
abs_r_1m,1118,1388,8.2243023222416e-05,7.7728264787045e-05,8.65493149933465e-05
abs_r_1m,1119,1391,8.141002161852847e-05,7.67294189403661e-05,8.626453023531627e-05
abs_r_1m,1120,1395,8.076472662644856e-05,7.444815309984459e-05,8.513347845373383e-05
abs_r_1m,1121,1394,8.208805901662562e-05,7.685701694146906e-05,8.544224163288272e-05
abs_r_1m,1122,1392,8.385954049390144e-05,7.94744092821022e-05,8.691306526128514e-05
abs_r_1m,1123,1392,7.83977317710977e-05,7.395220889907664e-05,8.263637379368124e-05
abs_r_1m,1124,1393,7.791985168001346e-05,7.067866650642228e-05,8.298091399921573e-05
abs_r_1m,1125,1393,7.380346141587567e-05,6.593232867035893e-05,8.098727543307013e-05
abs_r_1m,1126,1391,9.357016989818335e-05,8.480541402854203e-05,9.998734226577967e-05
abs_r_1m,1127,1388,8.599396790638959e-05,8.119177468468146e-05,9.322814098188809e-05
abs_r_1m,1128,1388,7.967152583240194e-05,7.191211505136625e-05,8.522784696484308e-05
abs_r_1m,1129,1388,7.513407321943307e-05,6.835404140539759e-05,8.068519931478847e-05
abs_r_1m,1130,1391,7.557150957688127e-05,6.819260219536576e-05,8.117607907766204e-05
abs_r_1m,1131,1391,8.346200397125239e-05,8.014562211671002e-05,8.685618885802974e-05
abs_r_1m,1132,1388,7.58720672767223e-05,7.078520627613718e-05,8.053387277128935e-05
abs_r_1m,1133,1390,7.673395053622873e-05,7.000493926803667e-05,8.306406579922465e-05
abs_r_1m,1134,1392,6.898139351974069e-05,6.568645043833303e-05,7.653158845051388e-05
abs_r_1m,1135,1391,7.468166941892711e-05,6.645474987768101e-05,8.070477388485769e-05
abs_r_1m,1136,1388,7.370286635469836e-05,6.708290130481672e-05,8.052833869254611e-05
abs_r_1m,1137,1388,7.203681172994398e-05,6.708916312297747e-05,8.043064871653081e-05
abs_r_1m,1138,1394,6.942897872858628e-05,6.508509878960245e-05,7.724214644324348e-05
abs_r_1m,1139,1389,7.350509026057119e-05,6.732453623629199e-05,8.032838247063995e-05
abs_r_1m,1140,1391,6.863496496598267e-05,6.518586120978199e-05,7.388438421280983e-05
abs_r_1m,1141,1393,0.00012234910292576107,0.00011434163444583775,0.00013309537819945218
abs_r_1m,1142,1389,0.0001038703237648392,9.717700799638573e-05,0.00011244042490423943
abs_r_1m,1143,1390,9.70751271020437e-05,9.151157253589071e-05,0.00010347949821667701
abs_r_1m,1144,1393,9.705322163655357e-05,9.058381273470156e-05,0.00010271061316837143
abs_r_1m,1145,1393,9.201042791336427e-05,8.58618591418117e-05,9.99084186138654e-05
abs_r_1m,1146,1394,9.426149929816078e-05,8.706419837309225e-05,9.993489493374465e-05
abs_r_1m,1147,1393,9.744807852278954e-05,8.912712717339205e-05,0.0001060182048168013
abs_r_1m,1148,1390,9.288227386948565e-05,8.531606878210419e-05,9.862686892913856e-05
abs_r_1m,1149,1389,8.438462517139842e-05,7.951503423649889e-05,9.135281005435724e-05
abs_r_1m,1150,1391,8.555313160225378e-05,8.023976803097496e-05,9.182805886569437e-05
abs_r_1m,1151,1389,8.481284636997851e-05,8.048441998491918e-05,9.161566973157572e-05
abs_r_1m,1152,1388,8.499920723671999e-05,7.995731885433563e-05,9.199781853213962e-05
abs_r_1m,1153,1391,8.261162901065205e-05,7.893905908731242e-05,8.929923501704651e-05
abs_r_1m,1154,1393,7.649451155620327e-05,7.009286313263658e-05,8.171166287880032e-05
abs_r_1m,1155,1387,8.113524438331567e-05,7.645855798643018e-05,8.422521828337467e-05
abs_r_1m,1156,1388,9.144740077989474e-05,8.364351140345826e-05,9.918830908592557e-05
abs_r_1m,1157,1391,8.599561427664747e-05,8.159803690433168e-05,9.386307747475469e-05
abs_r_1m,1158,1390,7.908927936018796e-05,7.427958462818419e-05,8.425380621557925e-05
abs_r_1m,1159,1391,8.205936178832388e-05,7.558494447544401e-05,8.78061408229697e-05
abs_r_1m,1160,1394,7.895838178725098e-05,7.334810344215671e-05,8.387024392956414e-05
abs_r_1m,1161,1394,8.737409909037312e-05,8.267947652069444e-05,9.475144370570888e-05
abs_r_1m,1162,1393,8.255422785530318e-05,7.789643709334932e-05,8.803102131609231e-05
abs_r_1m,1163,1391,8.326394675916815e-05,7.842453486254734e-05,8.78540063918153e-05
abs_r_1m,1164,1389,7.879661808995116e-05,6.955795919750444e-05,8.350153011712014e-05
abs_r_1m,1165,1390,7.744785304637984e-05,6.791240215416828e-05,8.115368076979836e-05
abs_r_1m,1166,1394,8.178799034723653e-05,7.698591128881676e-05,8.641734998051218e-05
abs_r_1m,1167,1390,7.96584869960775e-05,7.343517827158927e-05,8.520153506816335e-05
abs_r_1m,1168,1389,7.927175683572406e-05,7.274655944791536e-05,8.367864735989467e-05
abs_r_1m,1169,1391,8.072110861372423e-05,7.530756964583783e-05,8.396022439741099e-05
abs_r_1m,1170,1391,8.2601961843504e-05,7.832080204494738e-05,8.602265603376068e-05
abs_r_1m,1171,1391,0.00010965246272144956,0.00010241750837215841,0.00011609420517526113
abs_r_1m,1172,1389,8.744589290950053e-05,8.228889749667965e-05,9.401577387189689e-05
abs_r_1m,1173,1390,8.88132340523263e-05,8.369635957043867e-05,9.606024957073411e-05
abs_r_1m,1174,1390,8.065799742337199e-05,7.489401547346633e-05,8.626305553143386e-05
abs_r_1m,1175,1390,7.884197390759308e-05,7.197600959706466e-05,8.363791478824151e-05
abs_r_1m,1176,1393,8.49413197560626e-05,7.961044040833493e-05,9.025500747771511e-05
abs_r_1m,1177,1392,8.357482568690834e-05,7.974188473852618e-05,8.985533297441555e-05
abs_r_1m,1178,1390,8.009600068320492e-05,7.278278239715272e-05,8.572844964230163e-05
abs_r_1m,1179,1389,8.043272812044578e-05,7.437332163228115e-05,8.599422868158738e-05
abs_r_1m,1180,1393,7.9220470611022e-05,7.018546781825093e-05,8.382630016636662e-05
abs_r_1m,1181,1390,8.766261425504794e-05,8.154943939280328e-05,9.361913538986277e-05
abs_r_1m,1182,1389,7.815247551946962e-05,7.165890826296471e-05,8.23064908019302e-05
abs_r_1m,1183,1389,7.803050996894005e-05,7.303551980397191e-05,8.304739107504791e-05
abs_r_1m,1184,1389,7.638252371567287e-05,7.065086093621853e-05,8.180776480071143e-05
abs_r_1m,1185,1391,7.332901510202541e-05,6.865247560388987e-05,7.999580131380492e-05
abs_r_1m,1186,1393,9.662419235737419e-05,9.068402969758479e-05,0.00010220418825733165
abs_r_1m,1187,1394,8.586467215756198e-05,8.192088085913764e-05,9.407780241198915e-05
abs_r_1m,1188,1393,8.095363385048658e-05,7.567831679543146e-05,8.631045987292199e-05
abs_r_1m,1189,1393,8.514831016168935e-05,8.135174056535096e-05,9.107629546490626e-05
abs_r_1m,1190,1394,7.944208522255502e-05,7.356051924507346e-05,8.403620453462834e-05
abs_r_1m,1191,1392,9.456865930788274e-05,8.58117293875912e-05,0.0001047944826918969
abs_r_1m,1192,1391,8.201427052900177e-05,7.872312814165732e-05,8.836613308246523e-05
abs_r_1m,1193,1394,8.303958938925569e-05,7.882601788182278e-05,8.7048679141468e-05
abs_r_1m,1194,1395,8.072840087180564e-05,7.482655298388717e-05,8.401724323666243e-05
abs_r_1m,1195,1392,7.907909819676484e-05,7.369576915922767e-05,8.297317637005549e-05
abs_r_1m,1196,1392,8.766871602407554e-05,8.308062979904393e-05,9.260716971326075e-05
abs_r_1m,1197,1393,8.338776706282779e-05,7.788497493297555e-05,8.875064661456077e-05
abs_r_1m,1198,1393,7.878792657887338e-05,7.211924928065935e-05,8.275056544755543e-05
abs_r_1m,1199,1392,7.693036629764986e-05,6.983568846764395e-05,8.206518991490953e-05
abs_r_1m,1200,1391,8.357640141589968e-05,7.910582072974784e-05,8.894558111900952e-05
abs_r_1m,1201,1391,0.00016935948284221185,0.0001577370001693269,0.00018157944347785577
abs_r_1m,1202,1395,0.00014285544244009598,0.00013287622745457704,0.00015173611432930918
abs_r_1m,1203,1395,0.00012239602472992773,0.00011366500889069443,0.00013326004109997768
abs_r_1m,1204,1395,0.00012665671523703643,0.0001153293357326674,0.0001334570662685774
abs_r_1m,1205,1396,0.00011652873856816235,0.0001101624897835736,0.00012377003543248024
abs_r_1m,1206,1395,0.00012444002007106517,0.00011625438684852644,0.00013330558431196598
abs_r_1m,1207,1395,0.00012142062141804987,0.00011395176596865886,0.00013177351066124516
abs_r_1m,1208,1395,0.00010990218716418972,0.00010128845424055012,0.000120103288972751
abs_r_1m,1209,1394,0.0001157033448236334,0.00010773589843458996,0.000124981029827823
abs_r_1m,1210,1396,0.0001087119900992907,9.908565070420904e-05,0.00011684146450985391
abs_r_1m,1211,1392,0.00011272135678522973,0.00010507958320458054,0.0001191204092234261
abs_r_1m,1212,1393,0.0001008827239190869,9.466564805069106e-05,0.00010937804074589656
abs_r_1m,1213,1394,0.00010393599092346625,9.699109509641774e-05,0.0001121124397796337
abs_r_1m,1214,1393,9.939369852129484e-05,9.408660547957676e-05,0.00010883443005747598
abs_r_1m,1215,1391,9.698474437577249e-05,8.941904452775229e-05,0.00010613119948830354
abs_r_1m,1216,1391,0.00014263809174409921,0.0001322111514078731,0.00015085602189799586
abs_r_1m,1217,1389,0.00011771768957307407,0.00011030272376649334,0.0001267953816080011
abs_r_1m,1218,1391,0.00010928231883669625,0.00010058669773919807,0.00011674381118638002
abs_r_1m,1219,1392,0.00010636314208478914,9.785480589308375e-05,0.0001122135234316926
abs_r_1m,1220,1393,9.983194963453678e-05,9.354170965042141e-05,0.00010698352110196142
abs_r_1m,1221,1394,0.00011095888761161183,0.00010367376302139727,0.00011785609786075408
abs_r_1m,1222,1394,0.00011239116237056372,0.00010393929954268555,0.00012205179988435821
abs_r_1m,1223,1395,0.00010328444545440341,9.567121462790522e-05,0.00010971283857098453
abs_r_1m,1224,1396,9.471894706730629e-05,8.973949922789053e-05,0.00010016147163730836
abs_r_1m,1225,1395,9.660995669729798e-05,9.072143434970808e-05,0.00010295244786442067
abs_r_1m,1226,1394,0.00010399411977522199,9.710401737963722e-05,0.0001117679699074399
abs_r_1m,1227,1394,9.867529256162255e-05,9.283299953975865e-05,0.0001067610546967291
abs_r_1m,1228,1395,9.680854504322117e-05,8.987105342165006e-05,0.00010328449239109274
abs_r_1m,1229,1394,9.375038330660629e-05,8.751452479960337e-05,0.00010351780598614038
abs_r_1m,1230,1393,8.683759204816564e-05,8.264356117140569e-05,9.447010317695696e-05
abs_r_1m,1231,1393,0.0001244911426159857,0.00011474462127865363,0.0001330811533421016
abs_r_1m,1232,1392,0.00011205686018439082,0.00010420886703873499,0.00011977669878775359
abs_r_1m,1233,1393,0.00010722135859728966,0.00010098751370105641,0.00011465777956013744
abs_r_1m,1234,1392,0.00010966539837776818,0.00010335369174717667,0.00011744652193555021
abs_r_1m,1235,1391,0.00010468244589617423,9.732330034664244e-05,0.00011120846070610243
abs_r_1m,1236,1393,0.00010498136590407813,9.788471146512103e-05,0.00011288214172652011
abs_r_1m,1237,1394,0.000103138230721553,9.685946813062412e-05,0.000109996883532514
abs_r_1m,1238,1395,9.806325087537047e-05,9.002148459255034e-05,0.00010586519694677528
abs_r_1m,1239,1394,9.82708496716793e-05,9.204229803602031e-05,0.00010721862334863046
abs_r_1m,1240,1390,9.778095596028186e-05,9.19565597860207e-05,0.00010379272744139096
abs_r_1m,1241,1390,0.00010379098528527579,9.949230653221228e-05,0.000111635651198089
abs_r_1m,1242,1395,9.974233239088875e-05,9.011890425913002e-05,0.00010818930170585744
abs_r_1m,1243,1393,9.317385082617283e-05,8.535627019256998e-05,9.988003859059493e-05
abs_r_1m,1244,1392,9.453136084925852e-05,8.647478544198977e-05,0.00010089513631508233
abs_r_1m,1245,1392,8.477144999606456e-05,8.046840629234454e-05,9.195162242491749e-05
abs_r_1m,1246,1393,0.00010734156693210834,9.828446825615981e-05,0.00011319849050358553
abs_r_1m,1247,1393,0.00010351669215893339,9.512488876169317e-05,0.00011116108669644343
abs_r_1m,1248,1392,9.459205315536474e-05,8.82284162203133e-05,0.00010023756310826002
abs_r_1m,1249,1393,9.402251846243434e-05,8.498100884204048e-05,9.992805429728894e-05
abs_r_1m,1250,1393,8.415029247190294e-05,7.986582545565913e-05,9.077218644296184e-05
abs_r_1m,1251,1394,9.872526854733494e-05,9.317276566806948e-05,0.00010687709892226717
abs_r_1m,1252,1392,9.30396740831529e-05,8.558200044591759e-05,9.881167617480789e-05
abs_r_1m,1253,1390,9.097560002659273e-05,8.518927982908373e-05,9.741334081550436e-05
abs_r_1m,1254,1392,8.488268088426499e-05,7.745434807193259e-05,9.190754107847327e-05
abs_r_1m,1255,1393,8.554999485802886e-05,8.056806549952522e-05,9.204967006682296e-05
abs_r_1m,1256,1393,9.433739777284735e-05,8.494463892232303e-05,9.976629308064541e-05
abs_r_1m,1257,1391,9.861284604667473e-05,9.156419114007217e-05,0.00010511366288374985
abs_r_1m,1258,1389,8.752811846397274e-05,8.436535240547006e-05,9.583428721349144e-05
abs_r_1m,1259,1391,8.383484540379527e-05,7.845942198117387e-05,9.068363291036755e-05
abs_r_1m,1260,1393,8.246538520137827e-05,7.828121300470573e-05,8.730919797205056e-05
abs_r_1m,1261,1393,0.0001191114288824612,0.00011217666883641757,0.00012816316995119435
abs_r_1m,1262,1393,0.00011279679669053702,0.00010520458108969477,0.0001192025422448412
abs_r_1m,1263,1394,0.00010530230696461162,9.892901405344614e-05,0.00011327231730231174
abs_r_1m,1264,1396,9.803861548336325e-05,9.105345949219836e-05,0.00010449472257186453
abs_r_1m,1265,1394,9.598726605223931e-05,8.905755247123269e-05,0.00010093363621983738
abs_r_1m,1266,1392,9.937683316735007e-05,9.380171664025233e-05,0.00010503298112160027
abs_r_1m,1267,1393,0.00010043816156381962,9.392874388405964e-05,0.00010873123052150736
abs_r_1m,1268,1394,9.592669694523652e-05,8.801608926064632e-05,0.00010027204006957539
abs_r_1m,1269,1395,9.161704083365755e-05,8.400890499327609e-05,9.826078420005263e-05
abs_r_1m,1270,1397,8.486322881380275e-05,8.071735122227421e-05,9.144132943996429e-05
abs_r_1m,1271,1395,9.331840245661827e-05,8.540752197401442e-05,0.00010153090855866964
abs_r_1m,1272,1392,8.958416180767871e-05,8.364511758906842e-05,9.747765939779705e-05
abs_r_1m,1273,1393,9.385705577309615e-05,8.759270034024182e-05,9.873812724728855e-05
abs_r_1m,1274,1394,8.387111283005439e-05,7.765491215056661e-05,8.950916961746706e-05
abs_r_1m,1275,1394,8.946364594646809e-05,8.245398285895639e-05,9.38299741545764e-05
abs_r_1m,1276,1393,0.00012187244844641602,0.00011350645782861261,0.0001299014887536081
abs_r_1m,1277,1395,0.00010733644619328848,9.921688950260832e-05,0.00011299185501643591
abs_r_1m,1278,1394,9.843397155833657e-05,8.982192831280864e-05,0.00010710865784460512
abs_r_1m,1279,1394,9.24842717353035e-05,8.471824129999118e-05,9.791313121626922e-05
abs_r_1m,1280,1393,8.91814039527033e-05,8.329933845519503e-05,9.622445373353057e-05
abs_r_1m,1281,1395,0.00010569521034370583,9.720995625750276e-05,0.00011405247080400224
abs_r_1m,1282,1392,8.685866585429237e-05,8.299329142315055e-05,9.564317238443056e-05
abs_r_1m,1283,1391,8.919015346615919e-05,8.329793176061755e-05,9.679628341036465e-05
abs_r_1m,1284,1393,8.67453158072828e-05,8.104683173410445e-05,9.42131509907993e-05
abs_r_1m,1285,1394,8.570633397180289e-05,8.100565927123808e-05,9.390095921978546e-05
abs_r_1m,1286,1391,9.778357243777357e-05,8.996200480500609e-05,0.00010388126380903168
abs_r_1m,1287,1390,8.577927579740479e-05,8.060313061297965e-05,9.248218020945605e-05
abs_r_1m,1288,1391,8.669455346899123e-05,8.142301299826677e-05,9.300858482373476e-05
abs_r_1m,1289,1393,8.571183685711286e-05,8.043310563503815e-05,9.335308577583844e-05
abs_r_1m,1290,1391,8.584980581749244e-05,8.143764595417723e-05,9.099346635158342e-05
abs_r_1m,1291,1392,0.00013067967604429704,0.00012205315356560526,0.00013901767805577013
abs_r_1m,1292,1395,0.00010916633321131441,0.00010326068473145173,0.00011747200264117342
abs_r_1m,1293,1395,0.00010861694435006941,0.0001011563498115823,0.00011418248118361864
abs_r_1m,1294,1395,9.836710611907406e-05,9.358826784296723e-05,0.00010504000197338703
abs_r_1m,1295,1395,9.977799404611123e-05,9.279970595837564e-05,0.00010608266206701232
abs_r_1m,1296,1393,0.00010071406278973376,9.47268709265373e-05,0.00010964243218664623
abs_r_1m,1297,1393,0.00010440865557233757,9.696217513148128e-05,0.00011114797426446026
abs_r_1m,1298,1391,0.00010200178511967663,9.446478938993896e-05,0.00010836919661802396
abs_r_1m,1299,1390,9.863927239110269e-05,9.070024391793672e-05,0.00010444861840585277
abs_r_1m,1300,1392,8.737064907591556e-05,8.205362722144138e-05,9.511126432760796e-05
abs_r_1m,1301,1391,0.00011165283423708991,0.0001056692055262458,0.00011746482828212178
abs_r_1m,1302,1390,9.420630633619458e-05,8.869491159321563e-05,0.00010104954600361685
abs_r_1m,1303,1392,9.698006530743837e-05,9.150568849065567e-05,0.00010378852384422944
abs_r_1m,1304,1392,9.698963272621946e-05,9.186209142608301e-05,0.00010442220610480862
abs_r_1m,1305,1391,8.735313759314054e-05,8.183418119991293e-05,9.758869899205445e-05
abs_r_1m,1306,1392,0.00010122085301804643,9.690016383700979e-05,0.00011095878756865889
abs_r_1m,1307,1391,9.345139366182223e-05,8.61716667346777e-05,0.00010166401458694977
abs_r_1m,1308,1391,8.669750626256728e-05,8.281921735662306e-05,9.321672498438781e-05
abs_r_1m,1309,1395,9.485596129391106e-05,8.727122287427242e-05,0.00010236377109018478
abs_r_1m,1310,1396,8.686338509258751e-05,8.159537043926607e-05,9.42178001542899e-05
abs_r_1m,1311,1394,9.933775825598362e-05,9.53315227738508e-05,0.00010416061799260793
abs_r_1m,1312,1395,9.488296193770247e-05,8.595557429384597e-05,0.0001010633307002526
abs_r_1m,1313,1396,8.483952964224198e-05,8.088112964151578e-05,9.194979547643956e-05
abs_r_1m,1314,1392,8.441252476078779e-05,7.81038793524866e-05,9.060488109565698e-05
abs_r_1m,1315,1391,8.362369342859648e-05,8.083878325861463e-05,9.124001335187885e-05
abs_r_1m,1316,1391,8.998296757048502e-05,8.426894651606339e-05,9.656010451958913e-05
abs_r_1m,1317,1391,8.255593169057183e-05,7.975234142727021e-05,8.697363880562784e-05
abs_r_1m,1318,1394,8.665703431503162e-05,8.186369335065918e-05,9.297100378778884e-05
abs_r_1m,1319,1392,8.688425095824658e-05,8.07564313708679e-05,9.398375024967169e-05
abs_r_1m,1320,1392,7.95281366959377e-05,7.417548134818107e-05,8.339151043689426e-05
abs_r_1m,1321,1392,0.0001065110109725798,9.764530651024295e-05,0.00011318712508474921
abs_r_1m,1322,1395,9.894132787333426e-05,9.292125910436172e-05,0.00010473068513905955
abs_r_1m,1323,1397,9.39046492881536e-05,8.668112961969991e-05,0.00010148144093514902
abs_r_1m,1324,1396,8.633811338899122e-05,8.175154379005301e-05,9.56934856098907e-05
abs_r_1m,1325,1395,8.146402494980373e-05,7.624529293549536e-05,8.577685750404278e-05
abs_r_1m,1326,1394,8.563745518835551e-05,8.06988280274746e-05,9.40656875253365e-05
abs_r_1m,1327,1396,8.69130755277036e-05,8.139717664841231e-05,9.377909670809868e-05
abs_r_1m,1328,1397,8.201186833493138e-05,7.689297658963408e-05,8.678102337412303e-05
abs_r_1m,1329,1398,8.469205750908046e-05,7.922938030151097e-05,8.822664322711398e-05
abs_r_1m,1330,1397,8.0876703509563e-05,7.433232992464172e-05,8.474021862116308e-05
abs_r_1m,1331,1396,8.450232520754111e-05,8.063053592118161e-05,9.13547367664984e-05
abs_r_1m,1332,1393,8.143211958740419e-05,7.505118776874963e-05,8.591657779102058e-05
abs_r_1m,1333,1394,8.189775509677094e-05,7.725752539710657e-05,8.759731938874467e-05
abs_r_1m,1334,1395,8.0168889169404e-05,7.349655890327589e-05,8.394367384419597e-05
abs_r_1m,1335,1393,8.02600425809338e-05,7.167413911212238e-05,8.548387858932616e-05
abs_r_1m,1336,1396,8.692466789520179e-05,8.19817727651702e-05,9.271495569115793e-05
abs_r_1m,1337,1397,8.106191107900086e-05,7.607528491740437e-05,8.4885857379187e-05
abs_r_1m,1338,1397,7.816469304793114e-05,7.175163876952717e-05,8.339730583324541e-05
abs_r_1m,1339,1395,7.989134780951929e-05,7.346066232360528e-05,8.37789910706823e-05
abs_r_1m,1340,1394,7.880285428337055e-05,7.314026691691031e-05,8.276003453752212e-05
abs_r_1m,1341,1396,8.988237599683607e-05,8.291986206131056e-05,9.602583531307532e-05
abs_r_1m,1342,1393,8.621061257973484e-05,8.05528561886756e-05,9.240910408581911e-05
abs_r_1m,1343,1393,7.985466455307357e-05,7.402732886270745e-05,8.329895740087054e-05
abs_r_1m,1344,1397,7.43121482126672e-05,6.850509847465663e-05,8.08396545891905e-05
abs_r_1m,1345,1397,7.663030987947197e-05,6.747317518942184e-05,8.202695323247345e-05
abs_r_1m,1346,1396,9.003685439556942e-05,8.304843112444767e-05,9.587570613240114e-05
abs_r_1m,1347,1395,8.044987574824516e-05,7.154406139525583e-05,8.556797149926132e-05
abs_r_1m,1348,1396,7.62054942315222e-05,6.741817251201591e-05,8.084627907713229e-05
abs_r_1m,1349,1394,7.522190986808179e-05,6.948892080886744e-05,7.907142391968626e-05
abs_r_1m,1350,1394,7.278881374746189e-05,6.759130033478724e-05,7.848246568493182e-05
abs_r_1m,1351,1393,9.668374753739185e-05,9.015050165610654e-05,0.00010643081550867752
abs_r_1m,1352,1393,8.988764050994393e-05,8.366099558106512e-05,9.466431365298791e-05
abs_r_1m,1353,1396,8.221124945382107e-05,7.719580382138124e-05,8.61432526638294e-05
abs_r_1m,1354,1396,7.830553881860157e-05,7.305783987981616e-05,8.363564883327169e-05
abs_r_1m,1355,1396,7.965986991984532e-05,7.285433805062462e-05,8.303968861430951e-05
abs_r_1m,1356,1394,8.210839440407275e-05,7.743684061559151e-05,8.521008551724004e-05
abs_r_1m,1357,1392,7.881928861994493e-05,7.07064212203807e-05,8.388289401212538e-05
abs_r_1m,1358,1396,7.781027303612305e-05,7.069052867674122e-05,8.216364263446288e-05
abs_r_1m,1359,1395,7.724214644313009e-05,7.06435915753707e-05,8.159448192270357e-05
abs_r_1m,1360,1394,7.148328481979617e-05,6.561787433248532e-05,7.937164040933171e-05
abs_r_1m,1361,1393,7.833614041841258e-05,7.278815012137633e-05,8.302791123550496e-05
abs_r_1m,1362,1391,7.207207210324072e-05,6.619745091393343e-05,7.744625284059307e-05
abs_r_1m,1363,1391,7.74191550860421e-05,7.196164814726687e-05,8.22392477543501e-05
abs_r_1m,1364,1393,7.387706859161946e-05,6.796448399123171e-05,7.801905752105658e-05
abs_r_1m,1365,1396,6.617424567119555e-05,6.249882816735037e-05,7.069925273556684e-05
abs_r_1m,1366,1396,7.774238170387344e-05,6.982335717836215e-05,8.310687123969389e-05
abs_r_1m,1367,1395,7.854122763981339e-05,7.26798537593258e-05,8.314486248907715e-05
abs_r_1m,1368,1394,7.357667732142464e-05,6.86310323679652e-05,7.986712328289791e-05
abs_r_1m,1369,1394,6.769364725525165e-05,6.365903628688002e-05,7.346156463401635e-05
abs_r_1m,1370,1396,6.619152247199633e-05,6.097844994558936e-05,7.254747124054104e-05
abs_r_1m,1371,1395,8.215914230486266e-05,7.742616643032423e-05,8.73239275989293e-05
abs_r_1m,1372,1395,7.569020004738583e-05,6.961903926911412e-05,8.187280598241757e-05
abs_r_1m,1373,1393,7.532105603678383e-05,6.850388956111739e-05,8.070235703614124e-05
abs_r_1m,1374,1390,6.691673163098441e-05,6.375841108940889e-05,7.269887638224393e-05
abs_r_1m,1375,1392,6.686046214621548e-05,6.2362414667045e-05,7.377467081861961e-05
abs_r_1m,1376,1394,7.257137061383746e-05,6.63626766088931e-05,7.968809398654305e-05
abs_r_1m,1377,1393,7.013852361278815e-05,6.553339715983151e-05,7.74430337164037e-05
abs_r_1m,1378,1392,7.111702489698597e-05,6.641327621866482e-05,7.66684170620438e-05
abs_r_1m,1379,1392,6.595110519183351e-05,6.23849816023144e-05,7.111950055541599e-05
abs_r_1m,1380,1393,6.387286746632535e-05,6.0386084728103535e-05,6.734248834200403e-05
abs_r_1m,1381,1390,8.564882831982852e-05,8.110102759444119e-05,9.378273634636015e-05
abs_r_1m,1382,1408,8.196737714663536e-05,7.586390019946787e-05,8.705222517199844e-05
abs_r_1m,1383,1407,8.153994005498095e-05,7.568368670794718e-05,8.574000776911444e-05
abs_r_1m,1384,1408,7.768880288532946e-05,7.215637762223434e-05,8.206817407135005e-05
abs_r_1m,1385,1408,6.534598413383694e-05,6.16363976794421e-05,7.067387543141495e-05
abs_r_1m,1386,1409,7.600574607089455e-05,6.965048301485511e-05,8.101700422839551e-05
abs_r_1m,1387,1411,7.809998363861671e-05,7.010078220326286e-05,8.237959698495349e-05
abs_r_1m,1388,1411,7.063643430218652e-05,6.671732212512988e-05,7.663856536865839e-05
abs_r_1m,1389,1411,6.768876707501483e-05,6.26926585379174e-05,7.252978205671887e-05
abs_r_1m,1390,1408,6.931456190908576e-05,6.524753285085787e-05,7.519867803414782e-05
abs_r_1m,1391,1406,7.627183562222372e-05,6.993635531901597e-05,8.1870761412748e-05
abs_r_1m,1392,1406,7.076162511946197e-05,6.718825095160116e-05,7.685619711154357e-05
abs_r_1m,1393,1407,6.995208285171779e-05,6.518233079114553e-05,7.65975374266544e-05
abs_r_1m,1394,1408,6.263368492503334e-05,5.763146570120745e-05,6.754037858619844e-05
abs_r_1m,1395,1410,6.668778715900004e-05,6.258025355972026e-05,7.050611643478162e-05
abs_r_1m,1396,1410,7.87920023661583e-05,7.079270130203947e-05,8.288643733977063e-05
abs_r_1m,1397,1408,7.41899401419964e-05,6.898162100071821e-05,8.06961387335253e-05
abs_r_1m,1398,1406,6.665778261565809e-05,6.257992626374481e-05,7.143957127799556e-05
abs_r_1m,1399,1407,6.668519035533443e-05,6.289905983637012e-05,7.022087004420682e-05
abs_r_1m,1400,1407,7.063809750995322e-05,6.52981101803723e-05,7.764700225679348e-05
abs_r_1m,1401,1406,6.982813940817145e-05,6.518700888716462e-05,7.735541341155116e-05
abs_r_1m,1402,1409,6.776330280925754e-05,6.425334241131814e-05,7.446227772805956e-05
abs_r_1m,1403,1411,6.496670458671013e-05,6.102708587377045e-05,6.987870702055581e-05
abs_r_1m,1404,1409,6.290138951243095e-05,5.8423009009361724e-05,6.764337282748712e-05
abs_r_1m,1405,1410,6.553639336625278e-05,6.151645795701825e-05,6.989205334761382e-05
abs_r_1m,1406,1412,6.826718349967252e-05,6.41979007506605e-05,7.598495501536487e-05
abs_r_1m,1407,1413,6.598808917386039e-05,6.317495846512534e-05,7.102344590733874e-05
abs_r_1m,1408,1409,6.664223120652905e-05,6.229384183848256e-05,7.274052776566403e-05
abs_r_1m,1409,1408,6.380316228436428e-05,6.074854357223959e-05,6.702827027547183e-05
abs_r_1m,1410,1410,6.419584225548178e-05,5.96876540030202e-05,6.867660837817423e-05
abs_r_1m,1411,1409,8.534139611516738e-05,8.103722997867927e-05,9.266592879684677e-05
abs_r_1m,1412,1409,7.5830821473675e-05,6.967409687375407e-05,8.14043016295806e-05
abs_r_1m,1413,1409,7.000595053438852e-05,6.508498857214441e-05,7.747209359189013e-05
abs_r_1m,1414,1411,6.49807765432353e-05,6.086062025042148e-05,7.003720753294766e-05
abs_r_1m,1415,1412,6.873522816682332e-05,6.620105262085545e-05,7.39084343998311e-05
abs_r_1m,1416,1410,7.442011871880327e-05,6.884850135771129e-05,7.987219228681028e-05
abs_r_1m,1417,1409,7.085582024481732e-05,6.6163978011042e-05,7.760962363225781e-05
abs_r_1m,1418,1409,6.723547884274245e-05,6.255408323809378e-05,7.1725727046218e-05
abs_r_1m,1419,1408,7.352129927872843e-05,6.710600908283064e-05,7.86194426287364e-05
abs_r_1m,1420,1407,6.56304350439857e-05,6.251888593374574e-05,6.942371378002787e-05
abs_r_1m,1421,1406,7.142861145502768e-05,6.546112206519877e-05,7.887757125307904e-05
abs_r_1m,1422,1408,6.24648388979122e-05,5.837890324944175e-05,6.621239724208102e-05
abs_r_1m,1423,1408,6.510848295388855e-05,6.068616055004648e-05,6.973549330237513e-05
abs_r_1m,1424,1407,6.190800472473675e-05,5.801688145424078e-05,6.629681002226372e-05
abs_r_1m,1425,1408,6.449469964229029e-05,5.9667250887106835e-05,6.77013692860542e-05
abs_r_1m,1426,1409,7.123369641787572e-05,6.650441034253744e-05,7.765892488700668e-05
abs_r_1m,1427,1408,6.45558720074012e-05,6.001603219892779e-05,6.870205606011034e-05
abs_r_1m,1428,1406,6.419721922060293e-05,5.871474538916891e-05,6.792926184577964e-05
abs_r_1m,1429,1404,6.168588085035387e-05,5.6938421112857194e-05,6.588087456287916e-05
abs_r_1m,1430,1406,6.124526946048003e-05,5.542333623888879e-05,6.472668930981518e-05
abs_r_1m,1431,1407,6.679803616253954e-05,6.394758644458727e-05,7.146568982452088e-05
abs_r_1m,1432,1408,6.222937460788705e-05,5.8229738741087875e-05,6.580354354452628e-05
abs_r_1m,1433,1402,6.158828475465728e-05,5.696058329177861e-05,6.590140762286525e-05
abs_r_1m,1434,1402,6.246851358864561e-05,5.83194999016196e-05,6.539580815197781e-05
abs_r_1m,1435,1408,5.8880360538141285e-05,5.521482895908101e-05,6.313463462922251e-05
abs_r_1m,1436,1411,6.408715855744426e-05,6.0771153041946816e-05,6.778052668066445e-05
abs_r_1m,1437,1410,6.16057137889981e-05,5.732454959781152e-05,6.493295674503466e-05
abs_r_1m,1438,1408,6.214451331420236e-05,5.806686089981901e-05,6.588831766514404e-05
abs_r_1m,1439,1404,6.064541621888275e-05,5.654253151226614e-05,6.50713344733957e-05
r2_1m,0,1406,3.1350326578964664e-09,2.7253310736473253e-09,3.618223698517706e-09
r2_1m,1,1412,6.4810983058749115e-09,5.6122614146473866e-09,7.015955822411287e-09
r2_1m,2,1414,5.990619647209525e-09,4.8805398271997505e-09,6.677284397720532e-09
r2_1m,3,1412,4.851394586207329e-09,4.270843387598844e-09,5.7827631331500656e-09
r2_1m,4,1412,4.279621527439746e-09,3.751981941328396e-09,4.688217512650052e-09
r2_1m,5,1411,4.27577282984939e-09,3.6319695400697642e-09,4.9447919892523e-09
r2_1m,6,1407,4.300878210477314e-09,3.876162962143136e-09,5.014053897150691e-09
r2_1m,7,1407,5.147162998390894e-09,4.404517955194298e-09,6.034488471438217e-09
r2_1m,8,1408,4.46846753307539e-09,3.948034422662213e-09,5.068749819819654e-09
r2_1m,9,1407,4.35294370040226e-09,3.9314023723579365e-09,4.826371791018629e-09
r2_1m,10,1409,4.418337804090905e-09,3.977610903450416e-09,5.13212916083873e-09
r2_1m,11,1412,4.554162047158974e-09,4.11098319236082e-09,5.531658453436005e-09
r2_1m,12,1408,4.606577777113567e-09,4.112919616628726e-09,5.354866581710972e-09
r2_1m,13,1408,3.89925539187356e-09,3.363387349143911e-09,4.418631508208509e-09
r2_1m,14,1409,3.8141137904478524e-09,3.1178194482733657e-09,4.545413688534552e-09
r2_1m,15,1407,3.6373391754546953e-09,3.163911588696805e-09,4.187537788105185e-09
r2_1m,16,1406,5.3661177598545966e-09,4.563000193675927e-09,6.4033666714646865e-09
r2_1m,17,1408,4.067403102934882e-09,3.5118679176118804e-09,4.620681984200048e-09
r2_1m,18,1408,3.883884950049757e-09,3.251901403895972e-09,4.308956380925688e-09
r2_1m,19,1410,4.3575207810936145e-09,3.747745153425206e-09,4.92276473579932e-09
r2_1m,20,1407,3.9264287579773034e-09,3.3586942279490836e-09,4.568425012104e-09
r2_1m,21,1407,4.370419214518136e-09,3.794790809934289e-09,5.128759126594242e-09
r2_1m,22,1410,4.1954105350631214e-09,3.780039703019244e-09,4.700557398714067e-09
r2_1m,23,1407,4.0445846565658585e-09,3.484611819404817e-09,4.4657931339132515e-09
r2_1m,24,1406,3.726719856988998e-09,3.1525822847157903e-09,4.28989959926747e-09
r2_1m,25,1404,3.5155488682902703e-09,3.105838951040092e-09,4.114061906994903e-09
r2_1m,26,1406,4.309748719435273e-09,3.780843164207957e-09,4.868663686087725e-09
r2_1m,27,1404,4.136228821806223e-09,3.4990177997393015e-09,4.675631029021189e-09
r2_1m,28,1406,3.920203886044171e-09,3.3612355207129418e-09,4.428801254972576e-09
r2_1m,29,1404,3.5151331590562478e-09,3.214308934666008e-09,3.982007812281344e-09
r2_1m,30,1405,3.877117102293918e-09,3.4733662360019654e-09,4.245414581467716e-09
r2_1m,31,1409,8.34026201690849e-09,7.003329469847518e-09,9.219395682607985e-09
r2_1m,32,1411,6.666247973207453e-09,5.7444313135842936e-09,7.445108198068835e-09
r2_1m,33,1407,5.605923663669308e-09,4.6615446826429634e-09,6.530588537477861e-09
r2_1m,34,1407,4.532669928986402e-09,3.922360644930035e-09,5.525298434260106e-09
r2_1m,35,1407,4.671612603303045e-09,4.086896824499694e-09,5.695808142902797e-09
r2_1m,36,1407,5.064470202752592e-09,4.473731893909717e-09,6.05208956761021e-09
r2_1m,37,1410,4.644088892072016e-09,4.1085178068919124e-09,5.426413246724831e-09
r2_1m,38,1409,4.484415759469863e-09,3.9423219489735606e-09,5.347121452826982e-09
r2_1m,39,1409,4.530351583804676e-09,4.025530422891641e-09,5.176484575364553e-09
r2_1m,40,1411,4.25673133566314e-09,3.7065973805491837e-09,5.134043047570484e-09
r2_1m,41,1407,5.116649376770853e-09,4.251742119857236e-09,6.147809083315991e-09
r2_1m,42,1407,4.026894467064386e-09,3.579596845848766e-09,4.54795923516318e-09
r2_1m,43,1410,3.853077136986828e-09,3.258529538069785e-09,4.321599197205036e-09
r2_1m,44,1409,4.2037233270923805e-09,3.7139876301259597e-09,4.855629324756688e-09
r2_1m,45,1405,3.724971998034771e-09,3.218232787087844e-09,4.155766232054926e-09
r2_1m,46,1405,4.7014497620406756e-09,4.144080653356216e-09,5.871140491803647e-09
r2_1m,47,1407,4.506721002594611e-09,4.045918040326355e-09,5.076987693115765e-09
r2_1m,48,1406,4.227096387622443e-09,3.5954107944865115e-09,4.847409162358219e-09
r2_1m,49,1400,3.9870309090068135e-09,3.447362682661367e-09,4.379081055035414e-09
r2_1m,50,1405,3.6214433241737277e-09,3.129573730728345e-09,4.268597250289e-09
r2_1m,51,1408,5.117930806650793e-09,4.4119497013111025e-09,5.9750226804454465e-09
r2_1m,52,1410,4.4771960614974505e-09,3.91562556988291e-09,5.2219686474028434e-09
r2_1m,53,1408,4.4009289376500575e-09,3.709081064567344e-09,4.935346514372153e-09
r2_1m,54,1405,4.015038198760743e-09,3.5956950168379826e-09,4.552726547181517e-09
r2_1m,55,1407,3.5566907307439164e-09,3.0123150231109902e-09,4.216653930155909e-09
r2_1m,56,1410,4.5394725345855085e-09,4.152118120779836e-09,5.264660717872594e-09
r2_1m,57,1406,4.316817568933359e-09,3.727411860980756e-09,5.088765035914889e-09
r2_1m,58,1402,3.985210464350759e-09,3.4040068031988054e-09,4.563373757972164e-09
r2_1m,59,1404,4.13305588396379e-09,3.4066640434609226e-09,4.652620833553652e-09
r2_1m,60,1405,4.234140808435052e-09,3.876772162673326e-09,4.874457405698637e-09
r2_1m,61,1410,1.072269190110321e-08,8.974934619652346e-09,1.2054762555205691e-08
r2_1m,62,1410,1.0629257888764124e-08,9.401885773516016e-09,1.2080189223478108e-08
r2_1m,63,1409,9.237566367118127e-09,8.166662787162332e-09,1.0463035239852695e-08
r2_1m,64,1407,8.85507536817057e-09,7.671401250282941e-09,1.055261911002581e-08
r2_1m,65,1406,8.720007343766979e-09,7.240129644406492e-09,1.0028412346608704e-08
r2_1m,66,1409,9.198183711537859e-09,7.992263303961387e-09,1.0672452764580308e-08
r2_1m,67,1405,8.573955266419683e-09,7.093185642406905e-09,9.877143756486593e-09
r2_1m,68,1409,8.35246218097036e-09,7.301073896579956e-09,9.527658480131897e-09
r2_1m,69,1407,7.37692782396957e-09,6.719974622135751e-09,8.103768572082401e-09
r2_1m,70,1405,6.579297452693943e-09,5.736065702835488e-09,7.123980220540159e-09
r2_1m,71,1407,8.918103882007937e-09,7.620344888711994e-09,1.0163931891134874e-08
r2_1m,72,1407,7.99798240362527e-09,6.833609111812171e-09,9.2180647450228e-09
r2_1m,73,1409,6.616506182446676e-09,5.84973961315616e-09,7.560745856130087e-09
r2_1m,74,1409,6.254558788278847e-09,5.371084072377133e-09,7.174051651257052e-09
r2_1m,75,1405,6.515121012631754e-09,5.6717981882214e-09,7.140497708232288e-09
r2_1m,76,1408,8.965829412746781e-09,7.590419988297734e-09,1.0239744708665884e-08
r2_1m,77,1409,6.868339639024432e-09,6.2012166634224646e-09,7.677861538619708e-09
r2_1m,78,1406,6.507622544354349e-09,5.574944060098553e-09,6.950556952313665e-09
r2_1m,79,1405,5.801010150293796e-09,4.795227530744003e-09,6.752251825968762e-09
r2_1m,80,1405,6.083632549211172e-09,5.127761289465711e-09,6.7603405995189134e-09
r2_1m,81,1405,7.021384152949233e-09,6.306583262034603e-09,8.043127446085498e-09
r2_1m,82,1408,6.963891607872114e-09,6.302066475981071e-09,7.67473714144879e-09
r2_1m,83,1411,6.350286185692291e-09,5.654715543878816e-09,6.981761567859042e-09
r2_1m,84,1408,5.940213919524942e-09,5.136301382138024e-09,6.625986874621328e-09
r2_1m,85,1408,6.150093675947597e-09,5.215663276126165e-09,6.62805981378478e-09
r2_1m,86,1410,6.649483055884205e-09,6.1870469242556374e-09,7.3371430257110125e-09
r2_1m,87,1408,6.5342222921594136e-09,5.605035514924182e-09,7.168868694482723e-09
r2_1m,88,1408,6.1847036194417846e-09,5.329670566556648e-09,6.803868445406022e-09
r2_1m,89,1409,6.755515282613143e-09,6.039364277944267e-09,7.3079202000434545e-09
r2_1m,90,1408,6.9601830255196795e-09,6.458034487727918e-09,7.663589469986004e-09
r2_1m,91,1405,1.1068911030059884e-08,9.543324075123222e-09,1.2809346648639117e-08
r2_1m,92,1405,8.433039258887475e-09,7.245151648868314e-09,9.575433263956133e-09
r2_1m,93,1408,8.475248603425773e-09,7.537141369892512e-09,9.719077552672498e-09
r2_1m,94,1409,7.46505556168851e-09,6.846922743635043e-09,8.732510804269859e-09
r2_1m,95,1409,7.040451748378777e-09,6.379392063873143e-09,8.239896159881216e-09
r2_1m,96,1408,7.100933475539827e-09,6.467454293360339e-09,8.720154473822793e-09
r2_1m,97,1409,7.964683583497769e-09,6.922838243140168e-09,9.253640393673618e-09
r2_1m,98,1408,7.93270751218027e-09,7.028103482591019e-09,9.310803662738584e-09
r2_1m,99,1408,7.075709548946552e-09,6.459386798727421e-09,7.938116756037593e-09
r2_1m,100,1408,6.534501067610365e-09,5.815152705324609e-09,7.17906612996994e-09
r2_1m,101,1409,8.125445204297926e-09,7.0882711867100745e-09,9.746045111046608e-09
r2_1m,102,1406,7.024215178531963e-09,6.4753077569624336e-09,7.911836450912833e-09
r2_1m,103,1407,7.0437610921887466e-09,6.183560743716923e-09,7.901690366913749e-09
r2_1m,104,1407,7.1948867441473055e-09,6.403380545465584e-09,8.309982916141623e-09
r2_1m,105,1408,6.951786019951752e-09,6.297185689324455e-09,7.507749606394701e-09
r2_1m,106,1408,8.730239926565221e-09,7.402070967809826e-09,9.926885056106658e-09
r2_1m,107,1409,7.114279861029851e-09,6.449073238501681e-09,8.358377318674541e-09
r2_1m,108,1410,6.870226600573751e-09,6.065263303412902e-09,7.662315856363512e-09
r2_1m,109,1405,7.256264947785068e-09,6.664103603432163e-09,8.40278801026508e-09
r2_1m,110,1403,6.44865973341668e-09,5.540998060550459e-09,7.023146434606907e-09
r2_1m,111,1408,8.94311002189579e-09,7.588733100612283e-09,1.0104409208800244e-08
r2_1m,112,1410,7.861667698514937e-09,6.938895902549291e-09,8.974823637073182e-09
r2_1m,113,1409,7.397535657806341e-09,6.616096144955406e-09,8.855111056285276e-09
r2_1m,114,1408,6.941900430608609e-09,6.2688555192935874e-09,8.199676058505922e-09
r2_1m,115,1409,6.666792286317074e-09,5.952593495547627e-09,7.522757117036432e-09
r2_1m,116,1410,7.823853743889716e-09,6.82150569545322e-09,9.18939251809539e-09
r2_1m,117,1410,7.568637044843737e-09,6.776360156769724e-09,8.835082679927497e-09
r2_1m,118,1409,6.592980600346678e-09,5.903370905191731e-09,7.281733402666122e-09
r2_1m,119,1410,7.308701261895027e-09,6.519931688434225e-09,8.597444359850753e-09
r2_1m,120,1411,8.722698770303741e-09,7.704655665821084e-09,1.04265763862153e-08
r2_1m,121,1412,3.03206432693556e-08,2.57775354959332e-08,3.616181423238743e-08
r2_1m,122,1412,2.2483555999240832e-08,1.9240769403214615e-08,2.6769071690916244e-08
r2_1m,123,1413,1.8911592207081788e-08,1.6925547977133866e-08,2.1849610124696354e-08
r2_1m,124,1412,1.7993650424265883e-08,1.5451178765173964e-08,2.057626655125264e-08
r2_1m,125,1413,1.3521046697604772e-08,1.2097085446516422e-08,1.6129069765731132e-08
r2_1m,126,1411,1.7109803495632325e-08,1.4640623519341507e-08,1.9798571777882024e-08
r2_1m,127,1411,1.6459759240265378e-08,1.3841135759585123e-08,1.8507568122884818e-08
r2_1m,128,1411,1.3735592789670588e-08,1.1933960875115294e-08,1.6491480736077927e-08
r2_1m,129,1412,1.2040102100505909e-08,1.0359413183871252e-08,1.290882205841539e-08
r2_1m,130,1413,1.226840310937664e-08,1.0884909645720655e-08,1.3571541248505434e-08
r2_1m,131,1413,1.3232901832243542e-08,1.1602414280451515e-08,1.6196817881379555e-08
r2_1m,132,1413,1.2949986774442514e-08,1.1453764595104833e-08,1.4812429007941687e-08
r2_1m,133,1409,1.158662325214795e-08,1.0045323529667156e-08,1.3211481227276528e-08
r2_1m,134,1408,1.0264100135525371e-08,8.949194486731378e-09,1.2012390660846252e-08
r2_1m,135,1411,9.754931740889544e-09,8.74692365691165e-09,1.0735333837979547e-08
r2_1m,136,1412,1.4100416683996647e-08,1.2744398376942567e-08,1.6439264600337487e-08
r2_1m,137,1413,1.2146858973447414e-08,1.0802255181424111e-08,1.4873418618868282e-08
r2_1m,138,1409,1.11459379772487e-08,9.981525653742155e-09,1.2636946150291541e-08
r2_1m,139,1409,1.188724951774058e-08,1.0234433665614607e-08,1.3222396657439258e-08
r2_1m,140,1412,9.916921426776012e-09,8.913399539236297e-09,1.1058654249898725e-08
r2_1m,141,1412,1.3143468459965067e-08,1.144259216229354e-08,1.537994983463059e-08
r2_1m,142,1412,1.1875626092348376e-08,9.706834634257072e-09,1.3263366881910515e-08
r2_1m,143,1411,1.1442373928360414e-08,9.92492121168058e-09,1.3037561900868634e-08
r2_1m,144,1411,1.0661855229698062e-08,9.08974619889339e-09,1.2438569519879274e-08
r2_1m,145,1410,1.0055266037621637e-08,8.491955888632628e-09,1.1347650748423103e-08
r2_1m,146,1409,1.0967138051349201e-08,9.564481533034426e-09,1.2635398805209605e-08
r2_1m,147,1410,1.1602335986611792e-08,9.634895791994827e-09,1.3063072544882263e-08
r2_1m,148,1412,8.698886402761112e-09,7.283331481140269e-09,1.0761198030793616e-08
r2_1m,149,1412,8.943664992463612e-09,7.299718241998698e-09,1.0657676161634863e-08
r2_1m,150,1410,1.0483122327632926e-08,9.101788384928585e-09,1.1663538972588093e-08
r2_1m,151,1411,1.674208639419226e-08,1.541043851814178e-08,1.8728948675024347e-08
r2_1m,152,1411,1.515259100938963e-08,1.2859078859327817e-08,1.759346839878933e-08
r2_1m,153,1411,1.1191972354883319e-08,9.830193644583486e-09,1.2501880327069643e-08
r2_1m,154,1411,1.0168705047790856e-08,8.801486555460038e-09,1.1841267563979496e-08
r2_1m,155,1411,1.0917689671558803e-08,9.51574621016604e-09,1.2483539954105556e-08
r2_1m,156,1413,1.1726630192445261e-08,9.831748783381815e-09,1.315593489961558e-08
r2_1m,157,1413,1.1114702898567767e-08,9.553342358504673e-09,1.248101621871311e-08
r2_1m,158,1413,1.07346495865697e-08,9.266935041527567e-09,1.240018304482038e-08
r2_1m,159,1412,1.0513943853598735e-08,9.410319237802004e-09,1.190037294435404e-08
r2_1m,160,1412,1.0319721970095035e-08,9.380610177158615e-09,1.1967565022419009e-08
r2_1m,161,1411,1.1353302040648907e-08,9.603402228152003e-09,1.2310285479736077e-08
r2_1m,162,1411,1.1155652302770892e-08,9.750276655712833e-09,1.2834037236591889e-08
r2_1m,163,1411,1.1141624571728308e-08,9.300613495694043e-09,1.2760453914242611e-08
r2_1m,164,1411,9.516596500050164e-09,7.916358483301686e-09,1.070393843985072e-08
r2_1m,165,1407,1.0167064586795115e-08,8.952476048661051e-09,1.1218858541711182e-08
r2_1m,166,1409,1.4337420742816374e-08,1.2553741262678436e-08,1.6567604063609487e-08
r2_1m,167,1411,1.3003697077493452e-08,1.0971862722589047e-08,1.4595159258181825e-08
r2_1m,168,1410,1.099966879794306e-08,9.431816430884625e-09,1.290961514178241e-08
r2_1m,169,1410,1.0181279675353214e-08,8.505437462636102e-09,1.2211776098470313e-08
r2_1m,170,1408,9.872116269412743e-09,8.626897755190408e-09,1.1542164286967718e-08
r2_1m,171,1408,1.2861151588155747e-08,1.1528536078557162e-08,1.493310699659553e-08
r2_1m,172,1409,9.65012382912208e-09,8.693497795552254e-09,1.0846174753820878e-08
r2_1m,173,1410,1.0977688947011188e-08,9.130700272830544e-09,1.2450151114681625e-08
r2_1m,174,1409,9.441229997314072e-09,8.325163629476911e-09,1.0646207709217532e-08
r2_1m,175,1412,9.059102991764165e-09,7.753241579237174e-09,9.902756747132387e-09
r2_1m,176,1412,1.089769412881793e-08,9.347343742040404e-09,1.2846452949899517e-08
r2_1m,177,1413,1.0274109509814278e-08,9.327880311959259e-09,1.159463419351335e-08
r2_1m,178,1412,1.0469449368168037e-08,9.371680523780713e-09,1.1798067752778855e-08
r2_1m,179,1412,1.117303882198218e-08,9.744589139834888e-09,1.2944506992404395e-08
r2_1m,180,1413,1.3624959663620132e-08,1.2229858653416368e-08,1.5680895398627383e-08
r2_1m,181,1413,6.653595763030935e-08,5.837778683652498e-08,7.409109791155642e-08
r2_1m,182,1412,4.221564563640078e-08,3.8832542992290906e-08,4.766667206988087e-08
r2_1m,183,1411,3.2741581542520584e-08,2.960049518998639e-08,3.8321336884823703e-08
r2_1m,184,1409,3.455083244492007e-08,3.0285635432333124e-08,3.845991838373799e-08
r2_1m,185,1408,2.6685908729007947e-08,2.2802226814956273e-08,3.060735104189475e-08
r2_1m,186,1410,4.202303044204152e-08,3.7793988419489616e-08,4.8037957557357916e-08
r2_1m,187,1412,3.282597588532872e-08,2.912474121594433e-08,3.9247276728201705e-08
r2_1m,188,1412,2.806529316803532e-08,2.484846589347593e-08,3.2418394862628266e-08
r2_1m,189,1410,2.450103790119032e-08,2.1443785491206156e-08,2.8953879295713747e-08
r2_1m,190,1411,2.6779711413082602e-08,2.25934606983165e-08,3.1178666446969046e-08
r2_1m,191,1413,3.059669167155437e-08,2.6741433053185867e-08,3.604975386775425e-08
r2_1m,192,1410,2.4784827220919706e-08,2.1837503253600494e-08,2.879200102790173e-08
r2_1m,193,1410,2.64219184240375e-08,2.2794480749962892e-08,3.0997654364189386e-08
r2_1m,194,1412,2.5976469378694826e-08,2.2802491345226805e-08,3.072189666827072e-08
r2_1m,195,1410,2.302027323607611e-08,1.9390649789436403e-08,2.5930580770260353e-08
r2_1m,196,1410,3.2640242742971e-08,2.8901525921069692e-08,3.83262600513577e-08
r2_1m,197,1412,2.706898774158624e-08,2.234211377611135e-08,3.1251457137926494e-08
r2_1m,198,1410,2.675666631966032e-08,2.2958898627382333e-08,3.036114099749141e-08
r2_1m,199,1410,2.3723651343943008e-08,2.1060060679881842e-08,2.6752186336789376e-08
r2_1m,200,1412,2.1871552140102437e-08,1.866131492683929e-08,2.4573787804480157e-08
r2_1m,201,1410,2.9197523694665568e-08,2.59882063832638e-08,3.308801900566198e-08
r2_1m,202,1409,2.55926289013555e-08,2.198359964875505e-08,2.9686529143442646e-08
r2_1m,203,1411,2.6645185656074045e-08,2.29012407888051e-08,3.0085237279782725e-08
r2_1m,204,1413,2.0796265517736886e-08,1.8107202921152297e-08,2.3365952675340494e-08
r2_1m,205,1414,2.3676579185491794e-08,2.124584903987251e-08,2.7244868611533705e-08
r2_1m,206,1412,2.6328946202539997e-08,2.329443730430654e-08,2.9635204576823252e-08
r2_1m,207,1411,2.455889942276646e-08,2.1641590170724518e-08,2.7514952431869674e-08
r2_1m,208,1410,2.375152855876283e-08,1.999922716927661e-08,2.7258658622869155e-08
r2_1m,209,1412,2.0950215252742758e-08,1.7909125861379292e-08,2.3405695516041813e-08
r2_1m,210,1411,1.7677997804864974e-08,1.574983904374559e-08,2.1452242497660527e-08
r2_1m,211,1411,3.4945532281482386e-08,3.042473452597229e-08,4.079231626971007e-08
r2_1m,212,1414,2.7051614017252578e-08,2.337952048074836e-08,2.951935264040362e-08
r2_1m,213,1412,2.5722024095209823e-08,2.2094292277541154e-08,2.8399485790117674e-08
r2_1m,214,1412,2.125939398636521e-08,1.8378938451711198e-08,2.3766554843541448e-08
r2_1m,215,1411,2.2964186085852562e-08,1.9219054210698684e-08,2.703306275746686e-08
r2_1m,216,1411,2.338357523762403e-08,2.0157236161801688e-08,2.6813170895188207e-08
r2_1m,217,1413,2.3307241722025673e-08,2.0008250106149984e-08,2.618745709361505e-08
r2_1m,218,1412,2.0838746512915293e-08,1.7713567607314447e-08,2.2603248302356775e-08
r2_1m,219,1411,1.868708907517302e-08,1.6966910830467775e-08,2.1793079078403015e-08
r2_1m,220,1409,2.2232310333773074e-08,1.9796469331578946e-08,2.4571609088976488e-08
r2_1m,221,1411,2.294223929694181e-08,1.9969381752168123e-08,2.609798439171863e-08
r2_1m,222,1411,1.8804509699227932e-08,1.650979258130029e-08,2.1898327704438663e-08
r2_1m,223,1412,1.84201212336767e-08,1.6634832110507683e-08,2.1967886524479494e-08
r2_1m,224,1413,1.8504625571654726e-08,1.6651045759245396e-08,2.1199004897204255e-08
r2_1m,225,1413,1.4889042032257963e-08,1.2837445002402676e-08,1.7300966957748527e-08
r2_1m,226,1412,2.341590458881429e-08,2.1436121231757373e-08,2.630274344685343e-08
r2_1m,227,1412,1.845184544647528e-08,1.654539375053325e-08,2.0776932625416874e-08
r2_1m,228,1412,1.781331486124901e-08,1.5687276533323673e-08,2.1351520837354534e-08
r2_1m,229,1411,1.780744453847538e-08,1.601393455110163e-08,2.014552663081592e-08
r2_1m,230,1412,1.6966036298146925e-08,1.5232685350865677e-08,1.840725336811987e-08
r2_1m,231,1412,2.04416795129958e-08,1.7943069743290174e-08,2.425669444463485e-08
r2_1m,232,1412,1.8851659207072453e-08,1.704661493770599e-08,2.1608858663129584e-08
r2_1m,233,1413,1.8707286288117395e-08,1.6550911052741408e-08,2.2154896398956663e-08
r2_1m,234,1410,1.8927654389484944e-08,1.6483217323137397e-08,2.1703730348234677e-08
r2_1m,235,1409,1.7505392823228115e-08,1.5774412551363198e-08,2.069832000551241e-08
r2_1m,236,1412,1.8091432438373708e-08,1.64839508943301e-08,2.050906206575513e-08
r2_1m,237,1411,1.6724151648358305e-08,1.4407122006002455e-08,1.830568953930481e-08
r2_1m,238,1409,1.5704599764263507e-08,1.386342214359683e-08,1.8271978542018844e-08
r2_1m,239,1409,1.7606930291801015e-08,1.5483418112006642e-08,1.9228533020437896e-08
r2_1m,240,1411,1.4847344093164523e-08,1.3255139362662018e-08,1.6714268949634868e-08
r2_1m,241,1412,4.015127261828275e-08,3.4749741390689126e-08,4.5713565739080244e-08
r2_1m,242,1412,3.9876374351200486e-08,3.429889417274892e-08,4.4719768314467994e-08
r2_1m,243,1411,3.0335367728435405e-08,2.7542401682788582e-08,3.4939304794869135e-08
r2_1m,244,1411,3.105375972156615e-08,2.830782221660882e-08,3.4878631565455216e-08
r2_1m,245,1411,2.7161179174552336e-08,2.371612436580946e-08,3.1722677294888616e-08
r2_1m,246,1410,2.7656466904793225e-08,2.4669168014441225e-08,3.186371347119404e-08
r2_1m,247,1411,2.7004935970616614e-08,2.425499094464332e-08,3.033262075505877e-08
r2_1m,248,1412,2.5797603477734953e-08,2.2368588390239584e-08,2.9749203816944807e-08
r2_1m,249,1413,2.351103283307588e-08,2.070193585729984e-08,2.8247864944435627e-08
r2_1m,250,1411,2.1656365497506637e-08,1.9032421311333226e-08,2.4479361334055517e-08
r2_1m,251,1410,2.4615584737726674e-08,2.1401466941222826e-08,2.8259403729167976e-08
r2_1m,252,1409,2.012256651911288e-08,1.743578394967635e-08,2.294334504139908e-08
r2_1m,253,1410,1.9969704025273376e-08,1.6825540663552777e-08,2.2920613644623532e-08
r2_1m,254,1412,2.2194173364338546e-08,1.9510679318084412e-08,2.4788299399737174e-08
r2_1m,255,1410,1.7563415445719126e-08,1.5254131323634763e-08,1.98991275375304e-08
r2_1m,256,1410,2.397899186239862e-08,2.1479613078943365e-08,2.8069711451113932e-08
r2_1m,257,1410,2.2182296450487265e-08,1.909634799369422e-08,2.5070502517385482e-08
r2_1m,258,1409,2.0724392786872035e-08,1.8585379019901263e-08,2.318902645469504e-08
r2_1m,259,1410,1.95977397584684e-08,1.699631804729888e-08,2.2356490360728104e-08
r2_1m,260,1411,1.8008572387147117e-08,1.6292457493681644e-08,2.1267537477021696e-08
r2_1m,261,1410,2.0695125325266304e-08,1.826115226997384e-08,2.3591042850089068e-08
r2_1m,262,1410,1.768203924123568e-08,1.484888425772156e-08,2.0611566310023376e-08
r2_1m,263,1410,1.8901258955583943e-08,1.6636870518659824e-08,2.1318048551640045e-08
r2_1m,264,1409,1.6805630365763524e-08,1.4489192405587193e-08,1.8663217574263115e-08
r2_1m,265,1409,1.7577063918300817e-08,1.5800956484714236e-08,2.0400674481407527e-08
r2_1m,266,1410,1.7210073314031443e-08,1.6013251530280364e-08,2.010861860127304e-08
r2_1m,267,1409,1.837970595004855e-08,1.7017655579593964e-08,2.1257395614583125e-08
r2_1m,268,1410,1.445785653926242e-08,1.2960922215977542e-08,1.772653760246293e-08
r2_1m,269,1411,1.4333007267217787e-08,1.2668268966136848e-08,1.607561003122673e-08
r2_1m,270,1411,1.5880922746544932e-08,1.360834936343854e-08,1.8139380729273176e-08
r2_1m,271,1412,2.2657772237405187e-08,1.9560641639217378e-08,2.6028471083104637e-08
r2_1m,272,1412,1.8746058556383597e-08,1.68349413458051e-08,2.1833487263551778e-08
r2_1m,273,1411,1.9403443771832728e-08,1.6962924290621004e-08,2.2021296220519715e-08
r2_1m,274,1410,1.6393691955195804e-08,1.4368814053835586e-08,1.8606649503119167e-08
r2_1m,275,1411,1.7260743458904636e-08,1.5349159142215e-08,1.9948737870000713e-08
r2_1m,276,1411,1.771041432122944e-08,1.565603006884252e-08,2.0939122880034213e-08
r2_1m,277,1410,1.7125313064121254e-08,1.4102785765057555e-08,2.03343118982268e-08
r2_1m,278,1412,1.5252243230249996e-08,1.2761614152884563e-08,1.7143126459364844e-08
r2_1m,279,1411,1.664986075540633e-08,1.4856000215070848e-08,1.820365001923951e-08
r2_1m,280,1409,1.6784253584444192e-08,1.3665673713089366e-08,1.881713303526834e-08
r2_1m,281,1411,1.8191933607407717e-08,1.578772346233788e-08,1.983100590469438e-08
r2_1m,282,1413,1.4666885435202095e-08,1.3336204878603175e-08,1.6457455793429234e-08
r2_1m,283,1412,1.632238330102769e-08,1.4343168398028252e-08,1.8705154704944438e-08
r2_1m,284,1410,1.3257903004364351e-08,1.192241341962019e-08,1.5354052966474853e-08
r2_1m,285,1409,1.2959325145739162e-08,1.1394005386258605e-08,1.5143923656064762e-08
r2_1m,286,1409,1.7519104479997282e-08,1.4878752334278635e-08,1.9854108503176572e-08
r2_1m,287,1411,1.7566814901663675e-08,1.586072904982137e-08,1.9994957447792217e-08
r2_1m,288,1411,1.55231568673604e-08,1.2863356961513938e-08,1.755502109437747e-08
r2_1m,289,1411,1.5717202986206588e-08,1.3183470423332668e-08,1.7508510684756546e-08
r2_1m,290,1413,1.2817641603745332e-08,1.0943656158503616e-08,1.381165210904038e-08
r2_1m,291,1413,1.7468971140366965e-08,1.5565982161157765e-08,1.9116757928657254e-08
r2_1m,292,1410,1.4938338061455545e-08,1.2724396402677219e-08,1.6908946826569404e-08
r2_1m,293,1408,1.507458106582599e-08,1.334357904496951e-08,1.71066706721848e-08
r2_1m,294,1409,1.1580701333706313e-08,1.0093953950173147e-08,1.3100121677631866e-08
r2_1m,295,1412,1.2655676629747314e-08,1.1131664457261205e-08,1.5194906986476594e-08
r2_1m,296,1413,1.519357560066649e-08,1.2632190107878971e-08,1.720316416010568e-08
r2_1m,297,1412,1.5497411223354146e-08,1.3246364763276804e-08,1.7388840100186938e-08
r2_1m,298,1409,1.3097123423558216e-08,1.1542899631621539e-08,1.5591282372984253e-08
r2_1m,299,1408,1.3143509611249083e-08,1.1372860600840428e-08,1.551426401150593e-08
r2_1m,300,1410,1.0857255100673546e-08,9.425423740462351e-09,1.2859099667684338e-08
r2_1m,301,1411,2.004693312635483e-08,1.768098044513882e-08,2.333294214086512e-08
r2_1m,302,1413,1.997043515932813e-08,1.7807572931465627e-08,2.2405882923172445e-08
r2_1m,303,1411,1.5727717264088603e-08,1.3579885220284708e-08,1.7825996554530043e-08
r2_1m,304,1411,1.339695279266882e-08,1.190263093251809e-08,1.56642600636304e-08
r2_1m,305,1405,1.4484465814789813e-08,1.2917922922457067e-08,1.673584701750845e-08
r2_1m,306,1406,1.678305494628121e-08,1.4406813149731562e-08,1.812386823083e-08
r2_1m,307,1404,1.4966865865970563e-08,1.2929836948760229e-08,1.7743634017806574e-08
r2_1m,308,1404,1.4090667573284594e-08,1.252814529511841e-08,1.644313140689966e-08
r2_1m,309,1407,1.2949565732506938e-08,1.1170775325317253e-08,1.4586347895298708e-08
r2_1m,310,1406,1.3048993296479112e-08,1.1859630673556002e-08,1.482273590526572e-08
r2_1m,311,1405,1.588658452068527e-08,1.3752449169841206e-08,1.8137259274092293e-08
r2_1m,312,1405,1.5523446980541787e-08,1.3429672883245038e-08,1.7271313733791055e-08
r2_1m,313,1404,1.552580404295007e-08,1.3484342693909696e-08,1.7493735417842414e-08
r2_1m,314,1405,1.4167275441360115e-08,1.2373618460360547e-08,1.620403391425372e-08
r2_1m,315,1408,1.1993345869740535e-08,1.0270197394993986e-08,1.3501058621303665e-08
r2_1m,316,1409,1.686114085618391e-08,1.4547985633024967e-08,1.9576894995835774e-08
r2_1m,317,1409,1.577912576812621e-08,1.405930019750639e-08,1.787616884459083e-08
r2_1m,318,1409,1.4411279799860601e-08,1.2898770823758784e-08,1.6411066783346974e-08
r2_1m,319,1408,1.3250982032303638e-08,1.1618764892910112e-08,1.5983163843438825e-08
r2_1m,320,1413,1.2329995170612823e-08,1.081937656039831e-08,1.3524557758155494e-08
r2_1m,321,1414,1.5324889183969085e-08,1.3121767918735612e-08,1.7272117386633756e-08
r2_1m,322,1414,1.3043639195866236e-08,1.1826791415794354e-08,1.564393389332188e-08
r2_1m,323,1413,1.4097194581854443e-08,1.2322752568190044e-08,1.6870693038082013e-08
r2_1m,324,1411,1.2897096759380471e-08,1.1491254899241017e-08,1.4226140767880783e-08
r2_1m,325,1410,1.3125648468858058e-08,1.1851043011222758e-08,1.5708222432686167e-08
r2_1m,326,1410,1.484424739975139e-08,1.2975300724374111e-08,1.673874437507913e-08
r2_1m,327,1411,1.2575167105153026e-08,1.0748257385803348e-08,1.4671943292568423e-08
r2_1m,328,1412,1.2090447123637357e-08,1.0541576847069618e-08,1.3362222475924714e-08
r2_1m,329,1413,1.2952934643042663e-08,1.1379815344911726e-08,1.5857121832260772e-08
r2_1m,330,1414,1.144764694313467e-08,9.695314564832745e-09,1.2898891329124077e-08
r2_1m,331,1414,1.9315157328548594e-08,1.6445221510367255e-08,2.1742533658153754e-08
r2_1m,332,1414,1.3453266317485887e-08,1.206146714947543e-08,1.5942191501748684e-08
r2_1m,333,1413,1.3076164436405533e-08,1.1435029805064354e-08,1.533426438797557e-08
r2_1m,334,1413,1.2892076521111942e-08,1.1074437014885313e-08,1.555463269117787e-08
r2_1m,335,1414,1.2198495091311647e-08,1.0635570190758914e-08,1.3401981384825976e-08
r2_1m,336,1415,1.3865287842043408e-08,1.2427935086495166e-08,1.592341937112747e-08
r2_1m,337,1414,1.3974273994229852e-08,1.2607922430458995e-08,1.5886038432011145e-08
r2_1m,338,1413,1.2532033256399724e-08,1.0358924622923227e-08,1.3763175354613153e-08
r2_1m,339,1414,1.1899641315278314e-08,1.0501615669283887e-08,1.3591792276944974e-08
r2_1m,340,1413,1.146880318633066e-08,9.93160918054045e-09,1.2868408750292572e-08
r2_1m,341,1414,1.3171027995884659e-08,1.1440979023080281e-08,1.47734461864616e-08
r2_1m,342,1412,1.2381008466349958e-08,1.1495504137639656e-08,1.3772102279830098e-08
r2_1m,343,1413,1.172764615577186e-08,1.0140886869459934e-08,1.374402897410383e-08
r2_1m,344,1413,1.2225845226909788e-08,1.0980012841548862e-08,1.3725932639301928e-08
r2_1m,345,1413,1.0696602658830404e-08,9.477036292317025e-09,1.236914374699146e-08
r2_1m,346,1414,1.348607685972526e-08,1.1912140915828193e-08,1.4952702548224313e-08
r2_1m,347,1411,1.2089782000510502e-08,1.0663890276669229e-08,1.372459996385485e-08
r2_1m,348,1412,1.2680932862528605e-08,1.1221542555802758e-08,1.3982163154300157e-08
r2_1m,349,1413,1.2206671987124187e-08,1.0696778510690213e-08,1.3757363490043603e-08
r2_1m,350,1409,1.1494940688083695e-08,9.726867793610628e-09,1.3252882666264195e-08
r2_1m,351,1409,1.357330581947745e-08,1.1802675364748797e-08,1.583452487964038e-08
r2_1m,352,1406,1.1714443176358795e-08,1.0693763312943565e-08,1.2991963637529154e-08
r2_1m,353,1405,1.2161885905534063e-08,1.0556618982738508e-08,1.4353616801332349e-08
r2_1m,354,1407,1.0456027064449807e-08,9.112336510337445e-09,1.213160335996839e-08
r2_1m,355,1409,9.710252527409225e-09,8.67626798205165e-09,1.2143975607255894e-08
r2_1m,356,1407,1.2604630840990794e-08,1.1551436782658948e-08,1.4115698252638927e-08
r2_1m,357,1407,1.3069687326318563e-08,1.1563766905697025e-08,1.53860372011871e-08
r2_1m,358,1408,1.0734077663913897e-08,9.544959269968654e-09,1.2331653169459108e-08
r2_1m,359,1408,1.0153753148375327e-08,8.804988931626832e-09,1.171322325475577e-08
r2_1m,360,1407,1.1200133414616102e-08,1.0047431701085687e-08,1.3197714245853677e-08
r2_1m,361,1407,2.4178005520508147e-08,2.1486926654663207e-08,2.896620728323105e-08
r2_1m,362,1408,1.776534470950446e-08,1.5957036745931257e-08,2.0107192244684963e-08
r2_1m,363,1407,1.5077125363054104e-08,1.2979252046182232e-08,1.7116652876798938e-08
r2_1m,364,1408,1.4904781956727618e-08,1.3034482804011255e-08,1.6834169609100285e-08
r2_1m,365,1408,1.3444899881891334e-08,1.167653552575972e-08,1.5995048937894784e-08
r2_1m,366,1409,1.7637965950617395e-08,1.6105425509376406e-08,1.959603207393473e-08
r2_1m,367,1407,1.575708157130415e-08,1.3432169755689235e-08,1.776105780660349e-08
r2_1m,368,1408,1.3348903920508117e-08,1.1801936678987311e-08,1.581728600954106e-08
r2_1m,369,1408,1.3646253322460839e-08,1.2118566582832383e-08,1.649654652139183e-08
r2_1m,370,1404,1.1864587585169887e-08,1.059042157374537e-08,1.3285052396257143e-08
r2_1m,371,1405,1.4825507717949338e-08,1.3009022971722392e-08,1.7201833062909455e-08
r2_1m,372,1409,1.3870513801786296e-08,1.2408371168176957e-08,1.6197484241593584e-08
r2_1m,373,1407,1.4842671574047904e-08,1.2645733763440143e-08,1.6850928172643635e-08
r2_1m,374,1403,1.3100335878026175e-08,1.2124132674374063e-08,1.5092625982736567e-08
r2_1m,375,1402,1.3794857420308632e-08,1.1965788437767507e-08,1.637096954382342e-08
r2_1m,376,1408,1.6539153005377216e-08,1.31650685801624e-08,1.896906167228309e-08
r2_1m,377,1407,1.4464812285911785e-08,1.260065289166715e-08,1.724219046886547e-08
r2_1m,378,1407,1.2941569835616421e-08,1.1169402474562226e-08,1.4810030318327038e-08
r2_1m,379,1407,1.2910288845013614e-08,1.1772461646345468e-08,1.491511661092286e-08
r2_1m,380,1407,1.1931363592748092e-08,1.0403479837541853e-08,1.3351668094747449e-08
r2_1m,381,1407,1.3437360430855409e-08,1.1685438191930875e-08,1.5666937549164805e-08
r2_1m,382,1408,1.4415116562998414e-08,1.2543932212768197e-08,1.703000565866772e-08
r2_1m,383,1408,1.3138478156517979e-08,1.1762267621924535e-08,1.4605600922120807e-08
r2_1m,384,1406,1.2676528532264443e-08,1.069755048467348e-08,1.5090947035213703e-08
r2_1m,385,1408,1.2217013403747132e-08,1.0997750309611071e-08,1.3333725065368273e-08
r2_1m,386,1408,1.3010394526922099e-08,1.1506465097703942e-08,1.4454001850803576e-08
r2_1m,387,1406,1.1887968743977807e-08,9.624705083223431e-09,1.3063277698990793e-08
r2_1m,388,1405,1.2791457443016632e-08,1.1390313742840596e-08,1.4036213285711645e-08
r2_1m,389,1407,1.0541367398045901e-08,8.951396161668415e-09,1.2445866202168409e-08
r2_1m,390,1405,1.0666574953091692e-08,9.509560242595013e-09,1.1857238082755306e-08
r2_1m,391,1405,1.7755675004969217e-08,1.5664669309518834e-08,2.0703193227109907e-08
r2_1m,392,1406,1.4379999353350604e-08,1.2571241939322518e-08,1.6890919958137054e-08
r2_1m,393,1409,1.3842133240141027e-08,1.2089597670951321e-08,1.6055570209799126e-08
r2_1m,394,1410,1.2083980083582471e-08,1.07275992128443e-08,1.3543079322612992e-08
r2_1m,395,1408,1.1404265405059914e-08,9.95191307845099e-09,1.3555047886462526e-08
r2_1m,396,1407,1.4705871565916491e-08,1.3155850701888858e-08,1.7403032241114616e-08
r2_1m,397,1406,1.2587228881223735e-08,1.1224513110972043e-08,1.4180292845418248e-08
r2_1m,398,1403,1.3324222834945935e-08,1.2111557539377232e-08,1.6235224423698845e-08
r2_1m,399,1404,1.1630712401504487e-08,1.0206476758317448e-08,1.3380517425031732e-08
r2_1m,400,1403,1.2471151112071399e-08,1.0882885193217389e-08,1.3993124219038877e-08
r2_1m,401,1406,1.4814139843425878e-08,1.2879632427146991e-08,1.6648684265681186e-08
r2_1m,402,1407,1.325166220073295e-08,1.197295213779001e-08,1.561608993371277e-08
r2_1m,403,1406,1.2400736316875568e-08,1.0362925972543958e-08,1.3911715918641368e-08
r2_1m,404,1404,1.209089068462467e-08,1.0074513847043325e-08,1.3644782841830336e-08
r2_1m,405,1405,1.1766946455080326e-08,1.0466848798428001e-08,1.2929609825666927e-08
r2_1m,406,1405,1.4020704557694056e-08,1.236765621019118e-08,1.6916144937737428e-08
r2_1m,407,1408,1.3655087777714206e-08,1.204942954969894e-08,1.575915848577794e-08
r2_1m,408,1409,1.1979543910515008e-08,1.0734315935147909e-08,1.345749919630708e-08
r2_1m,409,1408,1.2564979820045134e-08,1.0716085490398808e-08,1.381846049771193e-08
r2_1m,410,1410,1.1830186416483591e-08,1.0648291815975186e-08,1.3384504721273355e-08
r2_1m,411,1409,1.2438101464145992e-08,1.1093640805705934e-08,1.4444068926830558e-08
r2_1m,412,1410,1.2433196892846507e-08,1.114034130606291e-08,1.55472453585288e-08
r2_1m,413,1411,1.2387279074193209e-08,1.024966323651757e-08,1.4153213708761445e-08
r2_1m,414,1410,1.1669694240797044e-08,1.0128984530084196e-08,1.2871936715019508e-08
r2_1m,415,1409,1.181046528306551e-08,1.0347356734412475e-08,1.3421915177655055e-08
r2_1m,416,1409,1.595928271097836e-08,1.430086683160429e-08,1.810588721170941e-08
r2_1m,417,1412,1.3888421945480063e-08,1.2305112168838574e-08,1.6510557669905433e-08
r2_1m,418,1414,1.3682003947125491e-08,1.2479124313133096e-08,1.6799860947272494e-08
r2_1m,419,1412,1.3387486213646131e-08,1.1967315653354993e-08,1.591578262648247e-08
r2_1m,420,1411,1.4177398538947066e-08,1.2419942449196821e-08,1.6691140860479925e-08
r2_1m,421,1413,4.456710163967463e-08,4.073123978005752e-08,5.121990801832164e-08
r2_1m,422,1413,2.4399573202247423e-08,2.169334952252995e-08,2.737878155017621e-08
r2_1m,423,1413,2.0620693375688412e-08,1.7985808163170427e-08,2.328603679322893e-08
r2_1m,424,1413,2.203102358711621e-08,1.8740329228600673e-08,2.5911270513247398e-08
r2_1m,425,1411,1.6071676869166123e-08,1.468900660649709e-08,1.825339911279227e-08
r2_1m,426,1409,2.146640601035083e-08,1.9069159154700825e-08,2.366677568800939e-08
r2_1m,427,1409,2.028915285704631e-08,1.752940030336811e-08,2.3033962689144296e-08
r2_1m,428,1411,1.6559034311602183e-08,1.4282030269692597e-08,1.8580373811156124e-08
r2_1m,429,1412,1.752583120058576e-08,1.547684330501474e-08,1.9311400151025404e-08
r2_1m,430,1411,1.5756685990262145e-08,1.3166396904654384e-08,1.7928010180758446e-08
r2_1m,431,1412,2.0226112277280174e-08,1.823547951658532e-08,2.297673267254158e-08
r2_1m,432,1410,1.4423221925978303e-08,1.2507197174274437e-08,1.6135431991663383e-08
r2_1m,433,1411,1.7581103872541272e-08,1.556151274002908e-08,1.9953165001407117e-08
r2_1m,434,1411,1.4502495966766016e-08,1.2564099812681583e-08,1.640260652540118e-08
r2_1m,435,1411,1.4802818933200001e-08,1.2637611834121833e-08,1.7098365254526653e-08
r2_1m,436,1413,1.657723253551893e-08,1.439453203794215e-08,1.8979425719990202e-08
r2_1m,437,1414,1.6476245338120733e-08,1.3504624870959375e-08,1.893166045737037e-08
r2_1m,438,1414,1.5361166020925477e-08,1.3436941305055203e-08,1.7949282646288953e-08
r2_1m,439,1414,1.4557603161647415e-08,1.2677918876776276e-08,1.7048225607977817e-08
r2_1m,440,1411,1.5351939247710012e-08,1.3349324480221091e-08,1.694034609558251e-08
r2_1m,441,1411,1.6063715162668686e-08,1.501840838856211e-08,1.901395375840765e-08
r2_1m,442,1411,1.6845460908536996e-08,1.3996518611721038e-08,1.8374874380480642e-08
r2_1m,443,1411,1.6845825310011416e-08,1.3633129547450925e-08,1.868155547059881e-08
r2_1m,444,1412,1.551336178558107e-08,1.2937944351663317e-08,1.7736132621569486e-08
r2_1m,445,1412,1.5417752183139852e-08,1.3024412601791184e-08,1.7086248492810642e-08
r2_1m,446,1413,1.7405266945464523e-08,1.5669553393889574e-08,1.931182924434223e-08
r2_1m,447,1413,1.496136972466834e-08,1.3172028996227239e-08,1.789136713368558e-08
r2_1m,448,1414,1.6044987610372996e-08,1.3565705362238888e-08,1.7824649308323156e-08
r2_1m,449,1413,1.50810344321968e-08,1.3334541466545765e-08,1.7076860749284167e-08
r2_1m,450,1411,1.2079818305442208e-08,1.009044840428378e-08,1.3357986552564691e-08
r2_1m,451,1410,2.4932566198011074e-08,2.2073777800021217e-08,2.8244598481967564e-08
r2_1m,452,1413,2.2252682800950694e-08,1.903033480805712e-08,2.5730545276596125e-08
r2_1m,453,1413,1.7346225105570233e-08,1.485990126441443e-08,1.9756092920405976e-08
r2_1m,454,1412,1.513269649924267e-08,1.2792284171742371e-08,1.7164205314798223e-08
r2_1m,455,1413,1.6040835096452662e-08,1.432895038179994e-08,1.8148845313077806e-08
r2_1m,456,1412,1.6621737950218634e-08,1.4179810399445638e-08,1.9212068144068895e-08
r2_1m,457,1412,1.7131066446913976e-08,1.5244731458668595e-08,1.920964604625489e-08
r2_1m,458,1414,1.3821504833397173e-08,1.2464105992137915e-08,1.64748274701244e-08
r2_1m,459,1413,1.416968471904525e-08,1.2669067766442799e-08,1.6238053357684755e-08
r2_1m,460,1412,1.526159163271331e-08,1.3040612262924441e-08,1.699457035911846e-08
r2_1m,461,1413,1.8539802247278377e-08,1.6151316319971396e-08,2.146920195715748e-08
r2_1m,462,1413,1.4316270945786109e-08,1.2416638712050227e-08,1.608581897880911e-08
r2_1m,463,1411,1.6053088208794402e-08,1.3245426897907178e-08,1.790854394445751e-08
r2_1m,464,1411,1.5168991611840266e-08,1.320446402874299e-08,1.714762832247151e-08
r2_1m,465,1410,1.3270838696524301e-08,1.1325770697801162e-08,1.5716890068708542e-08
r2_1m,466,1411,1.746666249115216e-08,1.5276478463794463e-08,1.9617979090461855e-08
r2_1m,467,1411,1.87357200220994e-08,1.543263497284557e-08,2.153857607764756e-08
r2_1m,468,1410,1.5517327822547198e-08,1.3364706629224293e-08,1.795569480565535e-08
r2_1m,469,1412,1.4741019837990937e-08,1.3079086793758896e-08,1.6772920142848988e-08
r2_1m,470,1412,1.5237198800628555e-08,1.3238312593581956e-08,1.719832988923324e-08
r2_1m,471,1412,1.4501183996144067e-08,1.2903558866263962e-08,1.64638259115949e-08
r2_1m,472,1413,1.6058117739120157e-08,1.372717389185758e-08,1.7845356128935808e-08
r2_1m,473,1412,1.459316664730947e-08,1.2528523865672858e-08,1.6285438456799747e-08
r2_1m,474,1412,1.3827548684528262e-08,1.226711562242778e-08,1.636972821448142e-08
r2_1m,475,1412,1.3098795165934555e-08,1.1667464312752933e-08,1.5681910404633812e-08
r2_1m,476,1412,1.606889176350574e-08,1.3376494239701922e-08,1.7972018438413146e-08
r2_1m,477,1413,1.3919140281656734e-08,1.228553394980649e-08,1.6503668697928646e-08
r2_1m,478,1412,1.5649739767119912e-08,1.3601908409226092e-08,1.7584143105051243e-08
r2_1m,479,1412,1.2993370593475974e-08,1.0893090797860626e-08,1.5450969799376935e-08
r2_1m,480,1412,1.2694825595753843e-08,1.0981046909229436e-08,1.514649419569743e-08
r2_1m,481,1413,3.2374835414507485e-08,2.8023130114008246e-08,3.6345910136701375e-08
r2_1m,482,1413,3.170208362660114e-08,2.78342466468561e-08,3.658483948031477e-08
r2_1m,483,1413,2.152313057676919e-08,1.8399995095496226e-08,2.3008949543140053e-08
r2_1m,484,1414,1.985075218191187e-08,1.7546321907770934e-08,2.2087577458561065e-08
r2_1m,485,1413,1.980570656872779e-08,1.7218302154636836e-08,2.2767405726070162e-08
r2_1m,486,1411,2.2701106100609852e-08,2.0005001559712608e-08,2.5544042438913948e-08
r2_1m,487,1410,2.1863793658473408e-08,1.8422315365500486e-08,2.3723353763470335e-08
r2_1m,488,1412,1.681064255198628e-08,1.3980752962126805e-08,2.0609256573866733e-08
r2_1m,489,1412,1.7163471786338326e-08,1.4974298020539994e-08,1.9520768600802874e-08
r2_1m,490,1413,1.8643313222531547e-08,1.6849337421308926e-08,2.1065663611499372e-08
r2_1m,491,1413,1.961065373861905e-08,1.7870584062732317e-08,2.2488978609545817e-08
r2_1m,492,1412,1.7157784761015737e-08,1.5384626031175575e-08,1.916754099284735e-08
r2_1m,493,1412,1.790690155261896e-08,1.535479902746693e-08,1.9976363010075023e-08
r2_1m,494,1412,1.5857453453347396e-08,1.3994509054782406e-08,1.7693221402989662e-08
r2_1m,495,1411,1.6966358328861365e-08,1.461647538131995e-08,1.948144378944541e-08
r2_1m,496,1410,2.2366098735097224e-08,1.896386934444889e-08,2.575171685809632e-08
r2_1m,497,1411,2.0650831013727006e-08,1.800321919948251e-08,2.518859930497454e-08
r2_1m,498,1412,1.7732140517904764e-08,1.488564109699702e-08,2.0566091972274696e-08
r2_1m,499,1414,1.793622180032308e-08,1.566031717775102e-08,2.0178584076680438e-08
r2_1m,500,1412,1.5845974326948322e-08,1.3872790606839896e-08,1.7663843980829717e-08
r2_1m,501,1413,2.5899266069881804e-08,2.317318703497344e-08,2.9640598501216187e-08
r2_1m,502,1412,2.2560310078619227e-08,2.0457816438519218e-08,2.583442306867882e-08
r2_1m,503,1412,2.144457699345798e-08,1.784467503447824e-08,2.3808022657849827e-08
r2_1m,504,1412,1.7094209917066225e-08,1.508705531360724e-08,1.9098006921093933e-08
r2_1m,505,1412,1.5930010203641277e-08,1.3502669380993375e-08,1.798962407555799e-08
r2_1m,506,1412,2.074284965692638e-08,1.8380536568005225e-08,2.339728828325742e-08
r2_1m,507,1412,1.953771658053773e-08,1.753235340340786e-08,2.2039116326617946e-08
r2_1m,508,1412,1.927032131945522e-08,1.6617716068464428e-08,2.1429198595462643e-08
r2_1m,509,1413,1.6231457177510235e-08,1.3743875489639433e-08,1.8275562322434414e-08
r2_1m,510,1413,2.145369134583886e-08,1.8751663606482165e-08,2.3591125739286375e-08
r2_1m,511,1413,7.992438968913075e-08,6.898774997213901e-08,9.279708105627002e-08
r2_1m,512,1410,5.545263587444451e-08,4.96499138672776e-08,6.572987245277009e-08
r2_1m,513,1410,4.871511740614974e-08,4.282399633931008e-08,5.712970599765319e-08
r2_1m,514,1411,4.468404965625037e-08,3.718263757358289e-08,5.1511308986645414e-08
r2_1m,515,1411,3.418079014702453e-08,3.017379045548643e-08,3.921209337222855e-08
r2_1m,516,1412,4.2214414157766097e-08,3.5802847350620435e-08,5.013495038207387e-08
r2_1m,517,1413,3.963768040883306e-08,3.4778744789077756e-08,4.641544314841939e-08
r2_1m,518,1412,3.9694784372372376e-08,3.3650374577579816e-08,4.694183624839758e-08
r2_1m,519,1412,2.8140552624008864e-08,2.5414478166478253e-08,3.34006240267224e-08
r2_1m,520,1412,3.1938152808925464e-08,2.8346551263288943e-08,3.647687203655588e-08
r2_1m,521,1414,3.7737532028445854e-08,3.220790306992972e-08,4.315305295664243e-08
r2_1m,522,1413,3.2739211883299924e-08,2.8359282345852638e-08,3.789120287904424e-08
r2_1m,523,1413,2.9359898680379572e-08,2.575568132921131e-08,3.3554231433301115e-08
r2_1m,524,1412,2.7499108583396995e-08,2.3517883866142856e-08,3.048397485127037e-08
r2_1m,525,1412,2.5737673768442345e-08,2.3110182654710737e-08,2.9515658972274267e-08
r2_1m,526,1410,3.058982978314406e-08,2.697940877409298e-08,3.6494552563382994e-08
r2_1m,527,1410,3.040711619661321e-08,2.5382580982793884e-08,3.486489288638788e-08
r2_1m,528,1412,2.5457193449749322e-08,2.2872938075137503e-08,2.9252842177871195e-08
r2_1m,529,1411,2.9491136244983812e-08,2.6160849138830556e-08,3.407690988083081e-08
r2_1m,530,1412,2.3399138244918664e-08,2.051494169938901e-08,2.6549034831914232e-08
r2_1m,531,1413,2.782041953098213e-08,2.3620078369268587e-08,3.32904398857047e-08
r2_1m,532,1413,2.6957661922064542e-08,2.4285938066336517e-08,3.058446919861838e-08
r2_1m,533,1412,2.3251533298226194e-08,2.0130987379359904e-08,2.631958544720951e-08
r2_1m,534,1412,2.3765235482419707e-08,2.1436429704460655e-08,2.742523895039795e-08
r2_1m,535,1412,2.145681248850566e-08,1.8696892552087453e-08,2.3813162388621388e-08
r2_1m,536,1411,2.635266111617666e-08,2.205426877613676e-08,3.0979815052517585e-08
r2_1m,537,1412,2.3696906839850862e-08,2.0317860357676188e-08,2.7856254716354957e-08
r2_1m,538,1411,2.1408513142702632e-08,1.811761120514749e-08,2.4343152973202406e-08
r2_1m,539,1411,2.2989572292395785e-08,1.9669360568153945e-08,2.5721129400458222e-08
r2_1m,540,1411,2.0026998186650172e-08,1.7289500152119892e-08,2.293052809785753e-08
r2_1m,541,1411,4.8453284346500514e-08,4.273165044145965e-08,5.534785021878616e-08
r2_1m,542,1412,3.377877404382555e-08,2.945719971731161e-08,3.722222085477179e-08
r2_1m,543,1413,2.9772697290826467e-08,2.6464193817971597e-08,3.365272717546546e-08
r2_1m,544,1414,2.5625362048120394e-08,2.2463092753729476e-08,2.9590700399926563e-08
r2_1m,545,1413,2.3346075094180763e-08,2.0521731697717295e-08,2.838515012605613e-08
r2_1m,546,1413,2.8891187655018205e-08,2.5110517312144142e-08,3.294633869467987e-08
r2_1m,547,1413,2.5015465440467828e-08,2.183407470247596e-08,2.9494831611813892e-08
r2_1m,548,1414,2.793119497656746e-08,2.6193242269272068e-08,3.0615559631082343e-08
r2_1m,549,1413,2.5625961171509436e-08,2.2398279381833866e-08,2.7693066315891815e-08
r2_1m,550,1412,2.1485948205796896e-08,1.916962934778566e-08,2.5226128255335797e-08
r2_1m,551,1412,2.6533732434812523e-08,2.3162426040494957e-08,3.078052947938641e-08
r2_1m,552,1412,2.2042226261468902e-08,1.9191556644033833e-08,2.5489081236164995e-08
r2_1m,553,1412,2.6561876992413953e-08,2.280187921728701e-08,2.976083957502764e-08
r2_1m,554,1413,1.9631433458490254e-08,1.795464380497423e-08,2.3415964523328723e-08
r2_1m,555,1413,1.879441403912017e-08,1.636646835656391e-08,2.1075918389856747e-08
r2_1m,556,1409,2.8090580370480844e-08,2.4316610583812188e-08,3.3276978605656013e-08
r2_1m,557,1409,2.29862770277368e-08,2.0742305253258046e-08,2.6099417488096673e-08
r2_1m,558,1410,2.0684346857099622e-08,1.7667060908519348e-08,2.3995874295860054e-08
r2_1m,559,1410,2.0474248600158777e-08,1.784433450186533e-08,2.3914479147388996e-08
r2_1m,560,1410,1.8935941807255502e-08,1.6397335528750473e-08,2.1906397681211182e-08
r2_1m,561,1410,2.301796013179238e-08,2.075204129770889e-08,2.5803757820785718e-08
r2_1m,562,1410,2.1875263163581604e-08,1.94359833434137e-08,2.4333066137725375e-08
r2_1m,563,1409,2.0317256176961877e-08,1.795686202438252e-08,2.337590823598463e-08
r2_1m,564,1410,1.827814591168914e-08,1.6070946980959247e-08,2.1205577094384473e-08
r2_1m,565,1411,2.1196205962098806e-08,1.8697263909324203e-08,2.4805049382008437e-08
r2_1m,566,1410,5.633595660556812e-08,4.919312438995083e-08,6.546648387996501e-08
r2_1m,567,1410,2.231316671305585e-08,1.8907849390087463e-08,2.584506617203658e-08
r2_1m,568,1410,3.691380154273604e-08,3.224578682694573e-08,4.162900363417344e-08
r2_1m,569,1410,4.8558292660215825e-08,4.1696101689425746e-08,5.561379599528995e-08
r2_1m,570,1410,3.498844393908985e-08,3.087249278692119e-08,4.001179665174545e-08
r2_1m,571,1390,5.239648492155519e-07,4.663413704175542e-07,5.927826664862372e-07
r2_1m,572,1393,4.902112537637655e-07,4.3285226286972026e-07,5.43799709988864e-07
r2_1m,573,1393,3.5954146009102926e-07,3.1417904905718877e-07,4.0507436526564443e-07
r2_1m,574,1392,3.087025372288006e-07,2.8014917551315427e-07,3.434837627062141e-07
r2_1m,575,1392,3.106417243485749e-07,2.86028878218224e-07,3.528477574826327e-07
r2_1m,576,1393,3.1672443390548265e-07,2.875338125506734e-07,3.602416436183895e-07
r2_1m,577,1392,2.3742349189545393e-07,2.1416208505159513e-07,2.832779642983119e-07
r2_1m,578,1391,2.2525318739828366e-07,1.97332676209238e-07,2.6842098135890827e-07
r2_1m,579,1391,2.2666522848010903e-07,2.0411685999883416e-07,2.485798043404607e-07
r2_1m,580,1391,2.1588824509755143e-07,1.815309760366315e-07,2.3869140437169445e-07
r2_1m,581,1391,2.6081858646847723e-07,2.3098235504086308e-07,2.9766977858330345e-07
r2_1m,582,1391,1.9117717319163277e-07,1.6874863677833098e-07,2.2030745995163912e-07
r2_1m,583,1391,1.82095246331013e-07,1.567356197666022e-07,2.1087124937502832e-07
r2_1m,584,1391,1.7875965941572822e-07,1.5405950728634635e-07,2.039814023577758e-07
r2_1m,585,1391,1.7275492101888012e-07,1.5205647216296076e-07,1.9584069089162698e-07
r2_1m,586,1391,2.422814380288935e-07,2.1257345431188927e-07,2.760458220647774e-07
r2_1m,587,1392,1.7640626746730118e-07,1.56248314347609e-07,2.0216078639179347e-07
r2_1m,588,1392,1.6646871168829783e-07,1.4101963547668346e-07,1.9539351562711707e-07
r2_1m,589,1392,1.737824796776404e-07,1.5339543155039876e-07,2.0220461200925246e-07
r2_1m,590,1392,1.6046169251801734e-07,1.3771774715584368e-07,1.8271842629819733e-07
r2_1m,591,1392,2.2772869398358023e-07,1.9969710804678522e-07,2.665790571162204e-07
r2_1m,592,1393,1.831667228655361e-07,1.60991382387963e-07,2.0703466858012965e-07
r2_1m,593,1394,1.5922011925886102e-07,1.3966576194550594e-07,1.915139675672554e-07
r2_1m,594,1394,1.6027619099244542e-07,1.379332988345483e-07,1.8523582658019055e-07
r2_1m,595,1394,1.233340221312278e-07,1.0925886481726496e-07,1.4407204155166042e-07
r2_1m,596,1394,1.711267973251724e-07,1.5257572555113502e-07,2.0405669456226366e-07
r2_1m,597,1394,1.604195042652861e-07,1.3972118037306836e-07,1.8097321122484989e-07
r2_1m,598,1393,1.455582174046748e-07,1.2259893233306462e-07,1.642935365830413e-07
r2_1m,599,1393,1.1202143076654484e-07,9.66258569501559e-08,1.3070847860622206e-07
r2_1m,600,1392,1.1951466762211084e-07,1.0539835097031252e-07,1.3522337895580515e-07
r2_1m,601,1392,3.6207450587755996e-07,3.167328132068542e-07,4.1953585252253187e-07
r2_1m,602,1393,1.988975033202798e-07,1.6778733528412716e-07,2.3136286833238105e-07
r2_1m,603,1393,1.7301946135067582e-07,1.5099546095571965e-07,2.0260549001834987e-07
r2_1m,604,1393,1.484652716546257e-07,1.3120899495007673e-07,1.6542129232733955e-07
r2_1m,605,1393,1.38504753009851e-07,1.2218750605572504e-07,1.576156776734811e-07
r2_1m,606,1393,1.7513566009795457e-07,1.571122828024208e-07,1.9575690076789016e-07
r2_1m,607,1393,1.555100992815639e-07,1.3509338788732512e-07,1.7905930520219154e-07
r2_1m,608,1393,1.5242246068193266e-07,1.334901732111131e-07,1.7281171958459777e-07
r2_1m,609,1393,1.3813673413503005e-07,1.1809254528076583e-07,1.5707493257687482e-07
r2_1m,610,1394,1.2454250844868248e-07,1.1045551567389857e-07,1.4365603806515373e-07
r2_1m,611,1394,1.5706523709187978e-07,1.4174889421789276e-07,1.785414767028468e-07
r2_1m,612,1394,1.3349212672278396e-07,1.1282826457568584e-07,1.5468567416107948e-07
r2_1m,613,1394,1.3950921607482636e-07,1.2558868979431032e-07,1.6184640490137992e-07
r2_1m,614,1394,1.2376204021801512e-07,1.0987556382885471e-07,1.4343913444157786e-07
r2_1m,615,1394,1.0813236406366189e-07,9.265561737393707e-08,1.2396037016246057e-07
r2_1m,616,1394,1.6173962839277658e-07,1.3823577786970318e-07,1.8051716765685915e-07
r2_1m,617,1394,1.3680665778083993e-07,1.1810124187599329e-07,1.58624937402337e-07
r2_1m,618,1394,1.1030455500800853e-07,9.806829611899037e-08,1.3226093489271946e-07
r2_1m,619,1394,1.1173604799251382e-07,9.795012201291216e-08,1.2799602454795335e-07
r2_1m,620,1394,9.723025489572757e-08,8.510497087036099e-08,1.0865516267895348e-07
r2_1m,621,1394,1.3712869069843338e-07,1.2008170921716072e-07,1.4840886694825847e-07
r2_1m,622,1394,1.3522003463100654e-07,1.1934338232693145e-07,1.5430813259860894e-07
r2_1m,623,1394,1.1485148435163862e-07,9.821233075937214e-08,1.2834565560102456e-07
r2_1m,624,1394,1.0666485350865795e-07,9.137379552442091e-08,1.2177746740894758e-07
r2_1m,625,1394,1.2023406855011947e-07,1.0622842692994332e-07,1.3668481773853335e-07
r2_1m,626,1394,1.0631404847513752e-07,9.213782837220715e-08,1.2462232022479075e-07
r2_1m,627,1394,1.1451419153710377e-07,1.0166757921458307e-07,1.288708539886526e-07
r2_1m,628,1394,1.0132460642990804e-07,8.836219907417636e-08,1.1806409535904503e-07
r2_1m,629,1394,1.1480103881335021e-07,9.795489384781557e-08,1.33958567328164e-07
r2_1m,630,1394,1.0386989612447015e-07,8.924016995027367e-08,1.1629699815106735e-07
r2_1m,631,1394,1.5531911020989346e-07,1.3641495528805014e-07,1.8827729777593772e-07
r2_1m,632,1394,1.103209684540827e-07,9.761060605791622e-08,1.353861191338314e-07
r2_1m,633,1394,1.0828583329330265e-07,9.467496231849925e-08,1.2025989147128537e-07
r2_1m,634,1394,1.1044730443063756e-07,9.868639641153553e-08,1.2663296795550518e-07
r2_1m,635,1394,8.752809931270544e-08,7.921837615769561e-08,9.8546257762774e-08
r2_1m,636,1394,1.1361187248851512e-07,1.0069941538490635e-07,1.2638979491159086e-07
r2_1m,637,1394,1.1753166881718966e-07,1.0088100371486206e-07,1.2844422684441766e-07
r2_1m,638,1394,1.0016235790206459e-07,8.770406593745373e-08,1.1312600752143464e-07
r2_1m,639,1394,1.0805526117592267e-07,9.892683836804986e-08,1.235204057237261e-07
r2_1m,640,1394,9.72568964506115e-08,8.323356479466833e-08,1.1611197207134911e-07
r2_1m,641,1394,1.1684989332055483e-07,1.0479158829122747e-07,1.357067643074791e-07
r2_1m,642,1393,9.777079317262354e-08,8.314521339166736e-08,1.0815606815601239e-07
r2_1m,643,1392,9.922565973826938e-08,8.775310717005854e-08,1.1253574544809983e-07
r2_1m,644,1393,8.335391612955998e-08,7.2674312849159e-08,9.264298485212298e-08
r2_1m,645,1393,8.737116034687473e-08,8.000611714376171e-08,9.927812452224806e-08
r2_1m,646,1393,1.0927011373298785e-07,9.38400165399087e-08,1.1912897886241608e-07
r2_1m,647,1392,1.1323060002370908e-07,9.58857765837438e-08,1.2679168865833854e-07
r2_1m,648,1392,8.569932691598006e-08,7.696870388432237e-08,9.619763713601122e-08
r2_1m,649,1392,9.662437865060863e-08,8.463654050410587e-08,1.1115325437887323e-07
r2_1m,650,1393,8.737081485357929e-08,7.352326651782702e-08,1.0267773239131862e-07
r2_1m,651,1393,1.146878037510064e-07,1.0144046007235917e-07,1.2914321707879656e-07
r2_1m,652,1394,9.66847458893345e-08,8.684956611905449e-08,1.1386332687608383e-07
r2_1m,653,1394,8.740551069239007e-08,7.50764138590842e-08,1.0452905560677145e-07
r2_1m,654,1393,7.115989894884117e-08,6.121833917630333e-08,8.229486451918479e-08
r2_1m,655,1393,7.851519489069658e-08,6.620278377454562e-08,8.826055017832116e-08
r2_1m,656,1393,9.614982331628978e-08,8.610801603878218e-08,1.1040095531681933e-07
r2_1m,657,1394,8.174388254570382e-08,6.904606673606572e-08,9.127550323278711e-08
r2_1m,658,1394,7.826677372985641e-08,7.019817077969344e-08,8.562938771407901e-08
r2_1m,659,1394,7.597126137302943e-08,6.594941639321357e-08,8.684537873962696e-08
r2_1m,660,1394,7.176909680843497e-08,6.188173603524498e-08,8.20851259231687e-08
r2_1m,661,1394,1.3376063873921056e-07,1.213089050721852e-07,1.5219679420536495e-07
r2_1m,662,1394,1.067549330968193e-07,9.301724440464765e-08,1.2493686470569477e-07
r2_1m,663,1394,9.926187361049812e-08,9.140769835228444e-08,1.1030330753346469e-07
r2_1m,664,1394,7.568110507938353e-08,6.745656835230567e-08,8.95775470406528e-08
r2_1m,665,1394,6.94342881697102e-08,6.164944954262278e-08,7.934589530708827e-08
r2_1m,666,1394,9.893355398885376e-08,8.803557392155718e-08,1.1484053935982519e-07
r2_1m,667,1394,9.904492144235941e-08,8.72993418262959e-08,1.1104775630187557e-07
r2_1m,668,1394,8.826504127160643e-08,7.790345027847224e-08,9.865263029810132e-08
r2_1m,669,1394,7.560979176979176e-08,6.37713401832523e-08,8.691768270088773e-08
r2_1m,670,1394,6.19587315160306e-08,5.4276239397207884e-08,7.186695051257785e-08
r2_1m,671,1394,1.0076686045183685e-07,8.99642841827756e-08,1.1461344696454528e-07
r2_1m,672,1394,8.111141916969538e-08,7.041238887943003e-08,9.31420846716191e-08
r2_1m,673,1394,7.63692943611874e-08,6.681814136528881e-08,8.884255202232766e-08
r2_1m,674,1394,7.315544853921628e-08,6.432915283288764e-08,8.661424408126407e-08
r2_1m,675,1394,6.940278499797418e-08,6.002236625655475e-08,8.023333363317073e-08
r2_1m,676,1394,8.908428234789149e-08,8.050093963687918e-08,1.0455239270037471e-07
r2_1m,677,1394,7.180947542476218e-08,6.212414789513711e-08,8.299850731785942e-08
r2_1m,678,1394,7.034653543121859e-08,6.231784393269413e-08,8.085543287258531e-08
r2_1m,679,1394,6.74634710265672e-08,5.886302334783587e-08,8.055985718112525e-08
r2_1m,680,1394,5.8238345546723917e-08,5.056770655493582e-08,6.859303511430686e-08
r2_1m,681,1393,7.902295683488614e-08,7.130022655901869e-08,9.263092435788117e-08
r2_1m,682,1393,7.739065277014056e-08,6.760245580766063e-08,8.64438418283011e-08
r2_1m,683,1394,6.703086827717982e-08,5.982994289404992e-08,7.583838278771996e-08
r2_1m,684,1394,5.836091124427449e-08,5.063512694624815e-08,7.164993930408979e-08
r2_1m,685,1394,6.417142950298597e-08,5.667741473840328e-08,7.707839874905285e-08
r2_1m,686,1393,7.091852796813496e-08,6.06983921260636e-08,8.015701173739564e-08
r2_1m,687,1393,7.371602121504324e-08,6.167735366196369e-08,8.612119946830501e-08
r2_1m,688,1394,5.668553715905461e-08,5.155576177456702e-08,6.763738062106939e-08
r2_1m,689,1394,6.993391006730963e-08,6.009087270805262e-08,7.929502435150211e-08
r2_1m,690,1394,5.140025720256191e-08,4.4765711906638334e-08,5.801780687388865e-08
r2_1m,691,1394,8.530948776037074e-08,7.442195386193161e-08,9.78571442299868e-08
r2_1m,692,1394,7.554568872485268e-08,6.649620166978648e-08,8.59697142279181e-08
r2_1m,693,1394,6.518187946015493e-08,5.7446712040767926e-08,7.418621712322669e-08
r2_1m,694,1394,6.116628613474806e-08,5.3589795809448384e-08,6.814844944982387e-08
r2_1m,695,1394,5.851989787662594e-08,5.160227297079533e-08,6.589845390245021e-08
r2_1m,696,1394,7.365154847203547e-08,6.331074240073327e-08,8.397423444587023e-08
r2_1m,697,1394,7.666277640985596e-08,6.505623621014686e-08,8.797386619004633e-08
r2_1m,698,1394,6.637208817964008e-08,5.483861465196074e-08,7.597121440747708e-08
r2_1m,699,1394,6.631525971314926e-08,5.688459497309459e-08,7.277077218677651e-08
r2_1m,700,1394,4.9485449674864485e-08,4.2261956555270494e-08,5.774644576275338e-08
r2_1m,701,1394,7.292585344148331e-08,6.209695678392694e-08,8.448814740830884e-08
r2_1m,702,1394,5.885340904200175e-08,5.248755971638089e-08,6.802471960654691e-08
r2_1m,703,1394,6.415337178091855e-08,5.7195715676532504e-08,7.776310224130757e-08
r2_1m,704,1394,5.2742743853723944e-08,4.5320399967364535e-08,6.055365057644302e-08
r2_1m,705,1394,5.26689127773109e-08,4.40149425081555e-08,6.093015213133128e-08
r2_1m,706,1394,6.341667940876273e-08,5.612268111987282e-08,7.505841747525985e-08
r2_1m,707,1394,6.352834641202634e-08,5.514942553503032e-08,7.338423057635497e-08
r2_1m,708,1394,5.857007931418507e-08,5.3027396757265245e-08,6.541094965953816e-08
r2_1m,709,1394,5.141140821234211e-08,4.596860187743787e-08,5.8550930494185065e-08
r2_1m,710,1394,4.4866819061623175e-08,4.024872978689596e-08,5.289174755376181e-08
r2_1m,711,1394,7.677093524082049e-08,6.535944514484712e-08,9.002425705435488e-08
r2_1m,712,1394,5.856820138570634e-08,5.142771215401913e-08,6.765043956237627e-08
r2_1m,713,1394,5.72831950592805e-08,5.1051032334839676e-08,6.536115744830353e-08
r2_1m,714,1394,5.225600860741751e-08,4.3561501141125926e-08,5.931353387025009e-08
r2_1m,715,1393,5.130831746789956e-08,4.467363271314149e-08,5.922841410564551e-08
r2_1m,716,1393,5.229668420873215e-08,4.682059723827012e-08,6.132217469654821e-08
r2_1m,717,1393,5.6746074828125744e-08,5.068763860076142e-08,6.639554946946241e-08
r2_1m,718,1393,5.2725861575492234e-08,4.575933584983315e-08,6.146308610775771e-08
r2_1m,719,1393,4.522123250070671e-08,3.9009748535280554e-08,5.2058278647308036e-08
r2_1m,720,1393,4.818293326286918e-08,4.0651255415651174e-08,5.528140290945914e-08
r2_1m,721,1393,8.373162103972995e-08,7.411846031119688e-08,9.704113811233461e-08
r2_1m,722,1393,8.166635426972979e-08,6.846816417429754e-08,8.94000179291787e-08
r2_1m,723,1393,6.120283949960028e-08,5.280897581774016e-08,7.068263735883637e-08
r2_1m,724,1394,6.034228855166194e-08,5.0167026499571665e-08,6.898074390547546e-08
r2_1m,725,1394,5.019942694617171e-08,4.3881998870982984e-08,5.976309175467301e-08
r2_1m,726,1394,6.229912544201305e-08,5.411950105124454e-08,6.813516976712628e-08
r2_1m,727,1394,5.935683225697768e-08,5.379490955778157e-08,6.755920332204902e-08
r2_1m,728,1394,5.254442809418964e-08,4.531831136261607e-08,6.204001731037824e-08
r2_1m,729,1394,5.313606964553619e-08,4.67059744923031e-08,6.189752133752242e-08
r2_1m,730,1394,4.826455495035718e-08,4.188210274856979e-08,5.520220811755185e-08
r2_1m,731,1394,6.062827514747308e-08,5.238850740547256e-08,6.734891172792362e-08
r2_1m,732,1394,5.479218716737425e-08,4.728338503178656e-08,6.223243509405745e-08
r2_1m,733,1394,5.38099140372936e-08,4.510666330644346e-08,6.261806538930204e-08
r2_1m,734,1394,4.2142893561145455e-08,3.676019645791009e-08,4.839903240490924e-08
r2_1m,735,1394,4.135910258981328e-08,3.5221976179818366e-08,4.649180478428358e-08
r2_1m,736,1394,5.961389285995723e-08,5.215173193054434e-08,6.779610268273156e-08
r2_1m,737,1394,5.3447015592373104e-08,4.6960124840077e-08,5.934612580593496e-08
r2_1m,738,1394,4.695735761069342e-08,4.213738924405802e-08,5.323023680436833e-08
r2_1m,739,1394,4.809613116362638e-08,4.2205922151814604e-08,5.406614168102955e-08
r2_1m,740,1394,4.5611880096650026e-08,3.989072988662355e-08,5.123575688817718e-08
r2_1m,741,1394,4.9480143838156895e-08,4.386763364141836e-08,5.7587714518537054e-08
r2_1m,742,1394,5.5318715744352866e-08,4.6097095416458287e-08,6.183996509835305e-08
r2_1m,743,1394,4.9833887077665055e-08,4.1039957666068916e-08,5.7416723712263274e-08
r2_1m,744,1394,5.030181368794374e-08,4.174183802992044e-08,5.700181298543572e-08
r2_1m,745,1394,4.224716791753268e-08,3.728924622492961e-08,4.681215027412548e-08
r2_1m,746,1394,5.202349048642091e-08,4.7292611519786755e-08,5.8329108733872847e-08
r2_1m,747,1394,4.844937575934145e-08,4.141708457564334e-08,5.8158950531930803e-08
r2_1m,748,1394,4.1036565835588946e-08,3.487803572964978e-08,4.8078091605187956e-08
r2_1m,749,1394,4.348554296816357e-08,3.7299001980778284e-08,4.9666143638961136e-08
r2_1m,750,1394,3.5987113301670966e-08,3.192599344958544e-08,4.211140424535205e-08
r2_1m,751,1394,6.626902848369977e-08,5.740270761242928e-08,7.418772464036151e-08
r2_1m,752,1394,5.9297982358141114e-08,5.1108758766351855e-08,6.703536772179596e-08
r2_1m,753,1394,4.4792260932133155e-08,3.983470754167202e-08,5.2475175768931505e-08
r2_1m,754,1394,4.4466244350896714e-08,3.716857357234954e-08,5.229381990524012e-08
r2_1m,755,1394,4.5968443553173306e-08,3.9203103058336774e-08,5.133806996925831e-08
r2_1m,756,1394,4.485697588114153e-08,3.876915471159287e-08,5.2007643430871036e-08
r2_1m,757,1394,5.37874221647955e-08,4.862800625174416e-08,6.157073178381182e-08
r2_1m,758,1394,3.959234894452646e-08,3.4953888361112976e-08,4.3530345604700686e-08
r2_1m,759,1394,4.334607008661996e-08,3.770047844109047e-08,4.901062475698586e-08
r2_1m,760,1394,3.8915184762607685e-08,3.4103903888823936e-08,4.4995560469304004e-08
r2_1m,761,1394,5.217248148670334e-08,4.5138005219272016e-08,6.203966859234801e-08
r2_1m,762,1394,4.510921916944089e-08,4.0166834624662504e-08,5.177577430772684e-08
r2_1m,763,1394,3.8491732883206646e-08,3.3754296995706963e-08,4.430495176606942e-08
r2_1m,764,1394,3.9990002815889104e-08,3.565274490370778e-08,4.68358788501677e-08
r2_1m,765,1394,3.367729646699936e-08,2.885780587607927e-08,3.856595617926776e-08
r2_1m,766,1394,4.8512362902374296e-08,4.384350381343692e-08,5.5275076103264e-08
r2_1m,767,1394,3.9849134109951214e-08,3.4977267113912966e-08,4.614070792869988e-08
r2_1m,768,1394,4.367818448769625e-08,3.893063661241958e-08,5.1880953586221234e-08
r2_1m,769,1394,3.928469536636687e-08,3.3262503532387116e-08,4.507966601009701e-08
r2_1m,770,1394,3.6763504333429204e-08,3.3564004651037494e-08,4.2427882043671176e-08
r2_1m,771,1394,5.409924447145903e-08,4.762381882949246e-08,6.210086759345618e-08
r2_1m,772,1394,4.33238306226002e-08,3.773394793149039e-08,5.084309309765883e-08
r2_1m,773,1394,4.662498898379665e-08,4.073148228223404e-08,5.3169569883715374e-08
r2_1m,774,1394,4.3457903056946604e-08,3.7915893050678804e-08,4.975447377362692e-08
r2_1m,775,1394,3.333926193417846e-08,2.988875159216808e-08,3.739544621552682e-08
r2_1m,776,1394,4.308810386724556e-08,3.739482267821903e-08,4.857369079305916e-08
r2_1m,777,1394,4.302201455033481e-08,3.753195291875286e-08,4.9482534293932474e-08
r2_1m,778,1393,3.801239175229146e-08,3.36836909159793e-08,4.39673523812097e-08
r2_1m,779,1392,3.748485576841909e-08,3.373835338597055e-08,4.3636439237360376e-08
r2_1m,780,1393,3.609406085918394e-08,3.2114083271749526e-08,4.0475616923899415e-08
r2_1m,781,1346,6.957866170918091e-08,6.074977677412142e-08,7.930636948308353e-08
r2_1m,782,1347,7.204337631543447e-08,5.8173993106370473e-08,8.454237506671386e-08
r2_1m,783,1347,6.977210141100746e-08,6.155287336839554e-08,7.881421223854304e-08
r2_1m,784,1347,5.6783943412535895e-08,4.9049265085456075e-08,6.465636038595096e-08
r2_1m,785,1347,4.502712703939176e-08,3.95354093497233e-08,5.302093843960276e-08
r2_1m,786,1347,5.375578256990361e-08,4.7364149131443934e-08,6.088902466994825e-08
r2_1m,787,1347,6.158058305200184e-08,5.652100051259009e-08,7.01532738064371e-08
r2_1m,788,1347,4.971137119711495e-08,4.32991454735946e-08,5.647526784942146e-08
r2_1m,789,1347,4.4352209530186525e-08,3.766725757281077e-08,5.091976801082482e-08
r2_1m,790,1347,3.171607142038997e-08,2.7483075859390046e-08,3.594525340724541e-08
r2_1m,791,1347,5.5726120394760913e-08,4.884270987745102e-08,6.262387721660756e-08
r2_1m,792,1347,5.041933233502349e-08,4.590426508679529e-08,5.620300408606956e-08
r2_1m,793,1347,4.652092020845529e-08,4.1072487844233575e-08,5.286630926677941e-08
r2_1m,794,1347,4.252300885072861e-08,3.713396185637089e-08,5.082150823693199e-08
r2_1m,795,1346,3.913907774345527e-08,3.4120999352057996e-08,4.3743887196751604e-08
r2_1m,796,1346,5.1364732177179167e-08,4.6109758453835664e-08,5.886842147876167e-08
r2_1m,797,1347,4.8364650534722944e-08,4.304107593703995e-08,5.544809285179142e-08
r2_1m,798,1347,4.180985641208727e-08,3.781144300935731e-08,4.955351752115235e-08
r2_1m,799,1347,4.261610983538105e-08,3.6450185798304606e-08,4.8677064279581515e-08
r2_1m,800,1347,3.8185130944136284e-08,3.3058280501392974e-08,4.361515984082353e-08
r2_1m,801,1347,5.077499306570429e-08,4.366601886753396e-08,5.887956715692731e-08
r2_1m,802,1346,4.9295193075919554e-08,4.0599564225536657e-08,5.582720798925754e-08
r2_1m,803,1346,4.33210164464845e-08,3.8043650663228856e-08,4.950580534923682e-08
r2_1m,804,1347,4.325546414588068e-08,3.905276032744551e-08,5.218419816721718e-08
r2_1m,805,1347,4.175434290951271e-08,3.631474673074422e-08,4.6996812079636324e-08
r2_1m,806,1346,4.6414083419104376e-08,4.0287971823425534e-08,5.346726692691906e-08
r2_1m,807,1346,4.5692744911704266e-08,3.989078837276483e-08,5.286371051154687e-08
r2_1m,808,1347,3.914979818770499e-08,3.4469685347274984e-08,4.350539350272603e-08
r2_1m,809,1347,3.957541062297843e-08,3.4412204726568943e-08,4.828437916587788e-08
r2_1m,810,1347,3.995204343151041e-08,3.434407718955442e-08,4.561086520656256e-08
r2_1m,811,1347,7.820096807835303e-08,6.744748332386453e-08,8.478785786464255e-08
r2_1m,812,1347,4.798248813420221e-08,4.3836393212089816e-08,5.279215075753402e-08
r2_1m,813,1347,4.415975634776409e-08,3.8241878430056514e-08,5.060725105855342e-08
r2_1m,814,1347,4.151016501330592e-08,3.5552206028887475e-08,4.787131748805423e-08
r2_1m,815,1346,3.927126646885536e-08,3.3725219846437635e-08,4.636160871111306e-08
r2_1m,816,1346,4.5563052351265926e-08,3.940885781841714e-08,5.3693797433577474e-08
r2_1m,817,1347,4.6488659916334365e-08,4.0499425840369317e-08,5.4258996484651806e-08
r2_1m,818,1346,4.831225294489817e-08,4.100530883783554e-08,5.527797125018697e-08
r2_1m,819,1346,4.16647214786606e-08,3.7935811198600366e-08,4.782945217346259e-08
r2_1m,820,1347,3.829963430072537e-08,3.3825727548694513e-08,4.296987553936265e-08
r2_1m,821,1347,5.346534951668909e-08,4.604589218301731e-08,6.161977058833682e-08
r2_1m,822,1347,4.502951577818364e-08,4.011365298919502e-08,5.229050972347153e-08
r2_1m,823,1347,4.279058346123984e-08,3.766980743442965e-08,4.8497509083253844e-08
r2_1m,824,1347,3.543845548443464e-08,3.196676590267054e-08,4.0239739234180034e-08
r2_1m,825,1347,3.00682717622559e-08,2.696578772455151e-08,3.4350567629443436e-08
r2_1m,826,1347,4.726925494488339e-08,3.997276227265296e-08,5.2440934784003537e-08
r2_1m,827,1347,4.42151499368081e-08,3.70720226966565e-08,5.134322058891737e-08
r2_1m,828,1347,3.819064948430514e-08,3.307490193019512e-08,4.301905370112128e-08
r2_1m,829,1347,4.033750579100531e-08,3.672945126188423e-08,4.645114157208993e-08
r2_1m,830,1346,3.64663120969018e-08,3.1414766688038026e-08,4.119484563733083e-08
r2_1m,831,1346,4.808095664961003e-08,4.171968280649828e-08,5.402338597171702e-08
r2_1m,832,1347,4.54233462611201e-08,3.942406391417557e-08,5.123491143796868e-08
r2_1m,833,1347,4.403064170526466e-08,3.927387206303226e-08,4.882058625990635e-08
r2_1m,834,1347,3.738685712473561e-08,3.2785636296685767e-08,4.190870165341578e-08
r2_1m,835,1346,3.398978618535027e-08,3.053241468031598e-08,3.798840499316922e-08
r2_1m,836,1345,4.586266041855762e-08,3.912349718874125e-08,5.2835818013023806e-08
r2_1m,837,1345,4.161703238462113e-08,3.68333649423712e-08,4.777779080322262e-08
r2_1m,838,1346,3.923700729306308e-08,3.452906951237505e-08,4.390465769244085e-08
r2_1m,839,1347,3.7538921963739834e-08,3.0339594991430884e-08,4.318935857043113e-08
r2_1m,840,1346,2.920783125294198e-08,2.437960533894294e-08,3.484483771230947e-08
r2_1m,841,1346,8.629911320039882e-08,7.325657476243791e-08,1.007467046034412e-07
r2_1m,842,1347,6.896593651165211e-08,5.9312622675837995e-08,8.443312218852206e-08
r2_1m,843,1347,5.934913222465018e-08,5.1291095627531545e-08,6.769629453491389e-08
r2_1m,844,1346,5.538641143303052e-08,5.037859584137311e-08,6.577805589880324e-08
r2_1m,845,1346,4.861032444794438e-08,4.475287890023089e-08,5.3699039245210915e-08
r2_1m,846,1346,6.345728535118667e-08,5.7244326798772085e-08,7.384624794960379e-08
r2_1m,847,1346,5.849306450909698e-08,5.1756690068067335e-08,6.782743866771989e-08
r2_1m,848,1346,5.5397828924518134e-08,4.7550290793861776e-08,6.511075389474095e-08
r2_1m,849,1346,4.9496770555195484e-08,4.265112601455842e-08,5.9118120317663354e-08
r2_1m,850,1346,3.8490536966677365e-08,3.378409688053007e-08,4.452949135705586e-08
r2_1m,851,1345,5.6106128755895214e-08,4.892182813106433e-08,6.392411081270871e-08
r2_1m,852,1345,4.931609616635236e-08,4.2457371150471496e-08,5.769214512028843e-08
r2_1m,853,1346,5.1244846157880156e-08,4.3339658666342866e-08,6.071121211880891e-08
r2_1m,854,1347,4.629906283226987e-08,4.170962478148229e-08,5.372792515558127e-08
r2_1m,855,1347,3.968059264567774e-08,3.459400366711131e-08,4.606345164911487e-08
r2_1m,856,1347,6.057467460201899e-08,5.32325362180579e-08,6.843648423274479e-08
r2_1m,857,1347,5.295221772943104e-08,4.772125492987209e-08,6.112483077944436e-08
r2_1m,858,1347,3.954000606744382e-08,3.496940447598832e-08,4.706268217694855e-08
r2_1m,859,1347,4.394122932350207e-08,3.894963977213788e-08,5.24707331151209e-08
r2_1m,860,1346,4.3841895157256034e-08,3.979868720070591e-08,4.8920922421479015e-08
r2_1m,861,1346,5.8656424425487846e-08,5.035836609911373e-08,7.03811038759807e-08
r2_1m,862,1346,5.188785502566523e-08,4.304512242560837e-08,5.80792099774998e-08
r2_1m,863,1346,4.5062513960744405e-08,4.02415881849438e-08,5.403582994962688e-08
r2_1m,864,1346,4.6885321703963794e-08,4.02324383021218e-08,5.456964018408742e-08
r2_1m,865,1346,3.556924697828623e-08,3.247683443894243e-08,3.989319817729547e-08
r2_1m,866,1346,5.3410497600127677e-08,4.7884545953550906e-08,6.02951782021464e-08
r2_1m,867,1346,4.513742407003837e-08,3.8905244769170186e-08,5.007072556939923e-08
r2_1m,868,1346,4.283731349006079e-08,3.765635544396593e-08,4.988625652427293e-08
r2_1m,869,1346,3.816935037860669e-08,3.344438844939891e-08,4.3892897090553094e-08
r2_1m,870,1347,3.3991995039020207e-08,2.7950786717821576e-08,3.886938166294641e-08
r2_1m,871,1347,8.149030739786585e-08,7.252274681204453e-08,9.019790126710982e-08
r2_1m,872,1347,6.071393203341034e-08,5.4736163052866956e-08,7.074730000549335e-08
r2_1m,873,1347,4.8222600930268016e-08,4.227474265410194e-08,5.7901637054771286e-08
r2_1m,874,1347,4.613560780167177e-08,3.868489858636736e-08,5.318650159006013e-08
r2_1m,875,1347,3.917304743649249e-08,3.423301336350935e-08,4.3623837928269156e-08
r2_1m,876,1347,5.889114239163813e-08,5.2142691267651324e-08,6.64768071372748e-08
r2_1m,877,1347,4.218243087595436e-08,3.798506744526554e-08,5.0227115458710134e-08
r2_1m,878,1347,4.7959577572030454e-08,3.954224167061581e-08,5.4538426202289684e-08
r2_1m,879,1347,4.353671156308724e-08,3.643735280899162e-08,4.9738269831983926e-08
r2_1m,880,1346,3.533670352528851e-08,3.1265213991094194e-08,4.1169202356730885e-08
r2_1m,881,1346,5.32254861750952e-08,4.5181964740625944e-08,6.340748974876174e-08
r2_1m,882,1346,4.742247582956906e-08,4.1902131784090616e-08,5.486103531743279e-08
r2_1m,883,1347,5.263269033892837e-08,4.631654819160484e-08,6.02025003969197e-08
r2_1m,884,1347,4.172118254905774e-08,3.818827055036428e-08,4.872605538786568e-08
r2_1m,885,1347,3.4059780676851976e-08,3.006827176224384e-08,3.9131928263366994e-08
r2_1m,886,1347,4.689128629618586e-08,4.144638702169354e-08,5.593157757110873e-08
r2_1m,887,1347,4.616535085520447e-08,4.097848265571425e-08,5.454031394577855e-08
r2_1m,888,1347,4.3424487621678116e-08,3.802365110544359e-08,5.5223138486611894e-08
r2_1m,889,1347,4.2407497673875524e-08,3.8025570622400367e-08,5.0629466938062763e-08
r2_1m,890,1347,3.842551521175338e-08,3.3619649565117675e-08,4.551659163770114e-08
r2_1m,891,1347,5.681309889317261e-08,4.741504109357707e-08,6.622079835242816e-08
r2_1m,892,1347,5.511664309919007e-08,4.6305136685232304e-08,6.134898624983156e-08
r2_1m,893,1347,4.799904648550539e-08,4.0703834654037064e-08,5.5919180676978395e-08
r2_1m,894,1347,4.4454593726600317e-08,3.9353138050531464e-08,5.225573346523341e-08
r2_1m,895,1347,4.1683833951253814e-08,3.597575231155054e-08,4.698110902167325e-08
r2_1m,896,1347,6.119526965305905e-08,5.524023728146913e-08,6.842517537385937e-08
r2_1m,897,1347,5.104012993640875e-08,4.32322749866051e-08,6.154812891160227e-08
r2_1m,898,1347,4.126334120605947e-08,3.5176730469169754e-08,4.719844249752568e-08
r2_1m,899,1347,4.1439032838578256e-08,3.551256325012906e-08,4.772320408022289e-08
r2_1m,900,1347,3.791981840640029e-08,3.2924449886430744e-08,4.514946148997515e-08
r2_1m,901,1347,9.590576262187791e-08,8.18387376898384e-08,1.0519113628448631e-07
r2_1m,902,1347,7.640368871527787e-08,6.568313292023874e-08,8.73338712081868e-08
r2_1m,903,1346,6.36063087371681e-08,5.599263190030357e-08,7.400681628190844e-08
r2_1m,904,1346,5.403455239543819e-08,4.8221735099430635e-08,6.420080573458604e-08
r2_1m,905,1346,4.9182252873920894e-08,4.2877558154412253e-08,5.6844361832959556e-08
r2_1m,906,1346,6.305477633174288e-08,5.210250862167369e-08,7.27836860918325e-08
r2_1m,907,1346,5.563054847772437e-08,4.695471495755651e-08,6.312407165386643e-08
r2_1m,908,1346,4.703750131193066e-08,4.126808174286851e-08,5.473689418260562e-08
r2_1m,909,1346,4.966851554599063e-08,4.1123355703300497e-08,5.858521884817792e-08
r2_1m,910,1346,4.1153442415912824e-08,3.396087117762018e-08,4.716278688513177e-08
r2_1m,911,1346,6.609187018961837e-08,5.917470785116283e-08,7.391726388842754e-08
r2_1m,912,1346,6.157504412356463e-08,5.60257520740864e-08,7.185358396117331e-08
r2_1m,913,1346,5.176628715267334e-08,4.595916956156669e-08,6.114735988887834e-08
r2_1m,914,1346,4.925848923094956e-08,4.459002868611754e-08,5.434454785913711e-08
r2_1m,915,1345,5.130914762230526e-08,4.590993331185137e-08,5.79216436138693e-08
r2_1m,916,1346,6.691968617737856e-08,5.771839273158273e-08,7.460590343918856e-08
r2_1m,917,1347,6.142805209646366e-08,5.295122291460582e-08,7.08997335817737e-08
r2_1m,918,1347,5.4556174347200524e-08,4.7227656877682385e-08,6.209147768905627e-08
r2_1m,919,1347,5.101323486087866e-08,4.338469925058022e-08,5.787098175541428e-08
r2_1m,920,1347,4.419656120828712e-08,3.8162547683814655e-08,4.9153067859452444e-08
r2_1m,921,1347,7.009092830363157e-08,6.205469809070247e-08,7.857006612545754e-08
r2_1m,922,1347,5.64441871910528e-08,5.0213676226791746e-08,6.676872043126013e-08
r2_1m,923,1347,5.022682767850977e-08,4.3818617498265e-08,5.8347652525440195e-08
r2_1m,924,1347,4.759292168617307e-08,4.2177871017109884e-08,5.711887258544495e-08
r2_1m,925,1347,4.957532193848552e-08,4.4385637997584906e-08,5.4994464657267205e-08
r2_1m,926,1347,5.376062698579099e-08,4.409287206555877e-08,6.375143480811191e-08
r2_1m,927,1347,5.351180807512413e-08,4.6010610652418865e-08,6.144218595879814e-08
r2_1m,928,1347,4.719660895034346e-08,3.908008107415873e-08,5.505339494824806e-08
r2_1m,929,1347,4.846603016137974e-08,4.255192641357682e-08,5.361056189573403e-08
r2_1m,930,1347,4.3258463051461475e-08,3.6969730654702516e-08,5.089763308774534e-08
r2_1m,931,1346,8.879048497290233e-08,7.522266417397945e-08,1.0082058846490683e-07
r2_1m,932,1346,6.481136664984364e-08,5.592333971424321e-08,7.193613683083453e-08
r2_1m,933,1346,5.970360854469974e-08,5.075890888518489e-08,7.404018538855471e-08
r2_1m,934,1346,6.006571282086648e-08,5.508967426160702e-08,6.713181540905761e-08
r2_1m,935,1346,5.2539644380623544e-08,4.5457031033859257e-08,6.161971050536186e-08
r2_1m,936,1347,6.86463971477716e-08,5.854172274190589e-08,7.698899309445134e-08
r2_1m,937,1347,5.720118755451612e-08,4.9076673492190035e-08,6.545756927080905e-08
r2_1m,938,1347,5.318895487029564e-08,4.722448999031334e-08,6.107712297951059e-08
r2_1m,939,1347,5.103398061568538e-08,4.351170998337168e-08,5.991876743736296e-08
r2_1m,940,1347,5.298990061783711e-08,4.562278736271162e-08,6.021751237798973e-08
r2_1m,941,1346,7.488967982503185e-08,6.50826052643436e-08,8.418353647543514e-08
r2_1m,942,1346,5.567731230022451e-08,4.903968669245501e-08,6.474460332839133e-08
r2_1m,943,1346,6.538066030246835e-08,5.8385792766641524e-08,7.6708038661927e-08
r2_1m,944,1346,5.42975025543566e-08,4.7619989778626896e-08,6.127551148118941e-08
r2_1m,945,1346,5.807974238288787e-08,5.113074263512029e-08,6.442826786671522e-08
r2_1m,946,1346,8.561602106973491e-08,7.189539116497803e-08,9.91280145669349e-08
r2_1m,947,1347,6.363349251935853e-08,5.473266929966575e-08,7.511020281745778e-08
r2_1m,948,1347,6.028300313526798e-08,5.008120828622553e-08,7.150069075805596e-08
r2_1m,949,1347,6.715068507410359e-08,5.833947645381417e-08,7.662773892089912e-08
r2_1m,950,1347,7.007641853395158e-08,6.310569828940186e-08,8.099672337814589e-08
r2_1m,951,1347,3.0715317992615375e-07,2.698682399005087e-07,3.523298743315925e-07
r2_1m,952,1347,1.0947749854179589e-07,9.487913078628897e-08,1.213894227987704e-07
r2_1m,953,1347,8.295557470488318e-08,7.23561647772135e-08,9.385946651481024e-08
r2_1m,954,1347,8.167640352857203e-08,7.189581263283297e-08,9.240591839297775e-08
r2_1m,955,1347,1.9889467004795882e-07,1.6788630208849322e-07,2.28111664941258e-07
r2_1m,956,1347,1.6677067852268228e-07,1.4654084615157497e-07,1.8763769463742263e-07
r2_1m,957,1347,7.300936965285143e-08,6.413507010511394e-08,8.499550119535725e-08
r2_1m,958,1347,5.5959883297682925e-08,4.8933144991144464e-08,6.368564137225171e-08
r2_1m,959,1347,6.050083815026596e-08,5.334100133952578e-08,6.828378702164804e-08
r2_1m,960,1347,1.9156985375236207e-07,1.6948303339421842e-07,2.2515756416012154e-07
r2_1m,961,1347,1.590279398915614e-07,1.4207688683932843e-07,1.8120234292451974e-07
r2_1m,962,1347,5.4413606193145806e-08,4.603104728479165e-08,6.261824336831248e-08
r2_1m,963,1347,4.022067386359897e-08,3.326991916660212e-08,4.5344008908071036e-08
r2_1m,964,1347,3.085850278090964e-08,2.6987392969957983e-08,3.584179966706306e-08
r2_1m,965,1347,2.844757428765636e-08,2.4961717037256914e-08,3.196169721715063e-08
r2_1m,966,1347,4.091679823899816e-08,3.612428214323825e-08,4.8997966654007495e-08
r2_1m,967,1347,2.5117611827430334e-08,2.1402900818952006e-08,2.9354868587346947e-08
r2_1m,968,1345,2.221584519128325e-08,1.8815695826979108e-08,2.610089629861274e-08
r2_1m,969,1345,1.846605814234355e-08,1.6311518848773642e-08,2.0816857343565415e-08
r2_1m,970,1345,1.7290586408422432e-08,1.545303822678982e-08,1.9014807580433685e-08
r2_1m,971,1345,1.8819345730975546e-08,1.654650374744407e-08,2.0773406877479746e-08
r2_1m,972,1345,1.3731730091795566e-08,1.242497832779412e-08,1.5798481240118926e-08
r2_1m,973,1345,1.2402573607077031e-08,1.0837192058619582e-08,1.3671426604367819e-08
r2_1m,974,1345,2.2541682910699294e-08,1.9338194925655508e-08,2.635266386256249e-08
r2_1m,975,1345,2.3585768887002135e-08,2.1331752189450032e-08,2.7535205798575606e-08
r2_1m,976,992,1.8484705943363597e-08,1.6647546257239332e-08,2.1970604529494045e-08
r2_1m,977,981,1.2403340995697711e-08,1.0465417546617762e-08,1.3680565640084013e-08
r2_1m,978,981,7.727176526849821e-09,6.7960056025482434e-09,9.803130192559818e-09
r2_1m,979,980,7.02488240560669e-09,6.25265644038069e-09,8.623437957135224e-09
r2_1m,980,980,7.3955333659810085e-09,6.3360505758640295e-09,8.950486197452661e-09
r2_1m,981,979,9.41247525041821e-09,7.682818117603469e-09,1.066613782732372e-08
r2_1m,982,978,7.102508033856484e-09,6.300180538033062e-09,8.790326246197155e-09
r2_1m,983,981,6.659307350982337e-09,5.6216624138104286e-09,7.707472182007957e-09
r2_1m,984,981,6.658220624062117e-09,5.7153110103605076e-09,7.766850551776879e-09
r2_1m,985,982,6.150022113337837e-09,4.959456550888016e-09,6.9387935298404956e-09
r2_1m,986,982,5.7306073796162935e-09,4.648390568490947e-09,6.697197848491112e-09
r2_1m,987,981,6.1215800759096595e-09,4.784015430485302e-09,7.084654903893106e-09
r2_1m,988,981,5.683959489758522e-09,4.573998594444144e-09,6.4356510289103265e-09
r2_1m,989,983,4.81767851225527e-09,4.074089576206862e-09,6.416415517922135e-09
r2_1m,990,983,4.376666677731121e-09,3.856029688598196e-09,5.028774035801213e-09
r2_1m,991,983,7.020879882042501e-09,6.275584667434515e-09,8.335794619104818e-09
r2_1m,992,1344,9.129247504529644e-09,7.184665414015722e-09,1.0679029327382435e-08
r2_1m,993,1344,6.7334332290083e-09,5.692969217891246e-09,7.470285837684162e-09
r2_1m,994,1347,6.698607405711348e-09,5.643260704455832e-09,7.410596900192893e-09
r2_1m,995,1347,5.740514878503975e-09,4.571087377007215e-09,6.600425574652552e-09
r2_1m,996,1347,6.200826136449504e-09,4.95952504274468e-09,6.904410654958465e-09
r2_1m,997,1347,6.974829293958659e-09,6.071300608094228e-09,7.650989050722141e-09
r2_1m,998,1347,5.338060183250184e-09,4.5140401319885e-09,6.54842940827209e-09
r2_1m,999,1347,5.10191934566685e-09,4.385770404161223e-09,6.265872153241459e-09
r2_1m,1000,1345,4.744564856579424e-09,4.2548520365417515e-09,5.7518159954773495e-09
r2_1m,1001,1345,5.811628631355918e-09,5.168262561400003e-09,6.811809116594176e-09
r2_1m,1002,1345,4.78855189405855e-09,4.250494127195319e-09,5.789011014645768e-09
r2_1m,1003,1346,4.760779367903557e-09,4.360602736585254e-09,6.081157175550383e-09
r2_1m,1004,1345,5.152090222142078e-09,4.5577125599264514e-09,5.943877125366444e-09
r2_1m,1005,1346,5.905262636730426e-09,4.872707217161705e-09,6.756430118404298e-09
r2_1m,1006,1346,8.803404537605946e-09,7.568185595411879e-09,9.869394344015768e-09
r2_1m,1007,1345,6.513093105526028e-09,5.525019634923041e-09,7.0638599458944615e-09
r2_1m,1008,1345,5.629925112150671e-09,4.690539731114717e-09,6.439057105028359e-09
r2_1m,1009,1346,4.371502884465776e-09,3.839851342358778e-09,4.8509398190124136e-09
r2_1m,1010,1347,7.265029517154566e-09,6.4873972298729525e-09,8.274287852569256e-09
r2_1m,1011,1347,6.832280067704896e-09,5.9024752845690026e-09,7.67883795345276e-09
r2_1m,1012,1347,4.922692016534401e-09,4.4227609740182115e-09,5.782424649695886e-09
r2_1m,1013,1344,5.063409237704551e-09,4.364749431332531e-09,5.956602186379302e-09
r2_1m,1014,1343,4.276052433750338e-09,3.9212089059183545e-09,5.236231969139557e-09
r2_1m,1015,1344,5.123337657206439e-09,4.508322120290111e-09,6.020669556652906e-09
r2_1m,1016,1344,5.951254437010242e-09,4.873907257379295e-09,6.619613454956159e-09
r2_1m,1017,1342,4.900593760930554e-09,4.389416584542476e-09,5.877908403001263e-09
r2_1m,1018,1341,5.141997016768646e-09,4.583861932131957e-09,6.5551618695384495e-09
r2_1m,1019,1343,6.283098266212162e-09,5.2422460955006004e-09,6.946687190130978e-09
r2_1m,1020,1343,9.854604953205198e-09,8.8275340619112e-09,1.130419456809101e-08
r2_1m,1021,0,,,
r2_1m,1022,0,,,
r2_1m,1023,0,,,
r2_1m,1024,0,,,
r2_1m,1025,0,,,
r2_1m,1026,0,,,
r2_1m,1027,0,,,
r2_1m,1028,0,,,
r2_1m,1029,0,,,
r2_1m,1030,0,,,
r2_1m,1031,0,,,
r2_1m,1032,0,,,
r2_1m,1033,0,,,
r2_1m,1034,0,,,
r2_1m,1035,0,,,
r2_1m,1036,0,,,
r2_1m,1037,0,,,
r2_1m,1038,0,,,
r2_1m,1039,0,,,
r2_1m,1040,0,,,
r2_1m,1041,0,,,
r2_1m,1042,0,,,
r2_1m,1043,0,,,
r2_1m,1044,0,,,
r2_1m,1045,0,,,
r2_1m,1046,0,,,
r2_1m,1047,0,,,
r2_1m,1048,0,,,
r2_1m,1049,0,,,
r2_1m,1050,0,,,
r2_1m,1051,0,,,
r2_1m,1052,0,,,
r2_1m,1053,0,,,
r2_1m,1054,0,,,
r2_1m,1055,0,,,
r2_1m,1056,0,,,
r2_1m,1057,0,,,
r2_1m,1058,0,,,
r2_1m,1059,0,,,
r2_1m,1060,0,,,
r2_1m,1061,0,,,
r2_1m,1062,0,,,
r2_1m,1063,0,,,
r2_1m,1064,0,,,
r2_1m,1065,0,,,
r2_1m,1066,0,,,
r2_1m,1067,0,,,
r2_1m,1068,0,,,
r2_1m,1069,0,,,
r2_1m,1070,0,,,
r2_1m,1071,0,,,
r2_1m,1072,0,,,
r2_1m,1073,0,,,
r2_1m,1074,0,,,
r2_1m,1075,0,,,
r2_1m,1076,0,,,
r2_1m,1077,0,,,
r2_1m,1078,0,,,
r2_1m,1079,0,,,
r2_1m,1080,0,,,
r2_1m,1081,0,,,
r2_1m,1082,1395,3.300082538156192e-08,2.879077969520509e-08,3.800630203758415e-08
r2_1m,1083,1393,2.4123896972581496e-08,2.1371859759508056e-08,2.801812024051135e-08
r2_1m,1084,1393,1.904269561344399e-08,1.5921411024917674e-08,2.205007090708538e-08
r2_1m,1085,1393,1.7293546080746523e-08,1.4982878708881113e-08,2.0586339157784747e-08
r2_1m,1086,1394,2.4380618808904926e-08,2.17885051385282e-08,2.7435298668333443e-08
r2_1m,1087,1395,1.6004024839848655e-08,1.3760094434914155e-08,1.8073752858950678e-08
r2_1m,1088,1394,1.2532312049365607e-08,1.0630377733988465e-08,1.4573332553267326e-08
r2_1m,1089,1392,1.0609157457517585e-08,8.888388970872237e-09,1.189607713615446e-08
r2_1m,1090,1394,1.162123684159853e-08,9.965601184931673e-09,1.321342883183666e-08
r2_1m,1091,1393,1.3495388578710316e-08,1.2458969748816614e-08,1.6100879959094378e-08
r2_1m,1092,1393,1.0662414440658734e-08,9.363340188898555e-09,1.2414877643054082e-08
r2_1m,1093,1393,1.147672249875427e-08,9.79936533113382e-09,1.3199848426402845e-08
r2_1m,1094,1391,9.830518531791918e-09,8.779754117060485e-09,1.1366802238958187e-08
r2_1m,1095,1392,9.182066547116845e-09,7.868099093331978e-09,1.0750996204447145e-08
r2_1m,1096,1392,1.1869488048872218e-08,9.893310073313005e-09,1.3750629896782346e-08
r2_1m,1097,1390,8.898471042697944e-09,7.665256589416553e-09,1.0158858623957825e-08
r2_1m,1098,1392,9.25728897221386e-09,7.442055356267639e-09,1.071694046276801e-08
r2_1m,1099,1391,8.198494256411615e-09,7.253359194416922e-09,9.772929242070148e-09
r2_1m,1100,1389,7.90088342402303e-09,7.196096085784271e-09,9.468443849337059e-09
r2_1m,1101,1390,1.0935223525179694e-08,9.565989002490685e-09,1.2823471500195967e-08
r2_1m,1102,1391,7.795060624789692e-09,6.737387276680984e-09,9.512147791823171e-09
r2_1m,1103,1391,8.280263051616669e-09,7.038178097039197e-09,9.414249882929708e-09
r2_1m,1104,1393,8.105997339249964e-09,7.112780151494945e-09,9.760393673635983e-09
r2_1m,1105,1392,6.988035968990912e-09,6.034489682291558e-09,8.00218367153733e-09
r2_1m,1106,1391,8.533439838252063e-09,7.322774648591225e-09,1.0095361279109494e-08
r2_1m,1107,1390,7.524619268868137e-09,6.7733075637805495e-09,8.35149600207691e-09
r2_1m,1108,1392,6.240737450329299e-09,5.565193837693643e-09,6.9277521913624225e-09
r2_1m,1109,1393,6.527484156078331e-09,5.8585187004894065e-09,7.3887970095972066e-09
r2_1m,1110,1389,5.9652432922200146e-09,5.238084320022748e-09,6.707989674348618e-09
r2_1m,1111,1389,1.364628449004423e-08,1.196426151454638e-08,1.6559212797970755e-08
r2_1m,1112,1392,8.427739769529956e-09,7.698051262636732e-09,1.0548997597145345e-08
r2_1m,1113,1390,8.546781349612267e-09,7.203414347433575e-09,9.728410341515477e-09
r2_1m,1114,1393,7.700483335545021e-09,6.985131631604328e-09,8.984114226668167e-09
r2_1m,1115,1391,6.601768810934377e-09,5.774285182522462e-09,7.541965085374859e-09
r2_1m,1116,1390,7.332406184896123e-09,6.551280855618494e-09,8.601053694706182e-09
r2_1m,1117,1389,7.171022921020063e-09,6.4991635739943846e-09,7.951691698365546e-09
r2_1m,1118,1388,6.763922600587173e-09,6.041721525912907e-09,7.490798250515552e-09
r2_1m,1119,1391,6.627591619929273e-09,5.887406753978331e-09,7.441569176719794e-09
r2_1m,1120,1395,6.522941067044969e-09,5.542527499977899e-09,7.247764504306936e-09
r2_1m,1121,1394,6.738450475657693e-09,5.90703567497876e-09,7.3003784232419114e-09
r2_1m,1122,1392,7.03243138988366e-09,6.316181730739093e-09,7.55388091311241e-09
r2_1m,1123,1392,6.146230326982591e-09,5.468944086630798e-09,6.8287709400414776e-09
r2_1m,1124,1393,6.071503285835296e-09,4.995872014572152e-09,6.8858501041713666e-09
r2_1m,1125,1393,5.446950916964648e-09,4.347074457156449e-09,6.558938782742465e-09
r2_1m,1126,1391,8.755376694774896e-09,7.191958248552433e-09,9.9974815173963e-09
r2_1m,1127,1388,7.394968565872903e-09,6.5921045963765335e-09,8.691486270938802e-09
r2_1m,1128,1388,6.347552037148358e-09,5.171517200710015e-09,7.2637863408647954e-09
r2_1m,1129,1388,5.645129396776249e-09,4.6723115887706705e-09,6.510108313434392e-09
r2_1m,1130,1391,5.711053059728658e-09,4.650350831886298e-09,6.5895558144228416e-09
r2_1m,1131,1391,6.965906106897349e-09,6.423321829067095e-09,7.544044763571157e-09
r2_1m,1132,1388,5.756571565124351e-09,5.0105493203328245e-09,6.485723993664595e-09
r2_1m,1133,1390,5.888170938117466e-09,4.900706500031895e-09,6.899658034903323e-09
r2_1m,1134,1392,4.758433925575465e-09,4.3147410040265525e-09,5.85708403075883e-09
r2_1m,1135,1391,5.577351747197912e-09,4.416233781305145e-09,6.5132706481085055e-09
r2_1m,1136,1388,5.432115171979044e-09,4.5001171649226814e-09,6.484813354629907e-09
r2_1m,1137,1388,5.189302308218183e-09,4.500956287106391e-09,6.469089252961979e-09
r2_1m,1138,1394,4.820383302268666e-09,4.2360700844523106e-09,5.966349187159472e-09
r2_1m,1139,1389,5.402998294214718e-09,4.532600579288067e-09,6.452649030349416e-09
r2_1m,1140,1391,4.710758415881668e-09,4.24919650166096e-09,5.458909392344698e-09
r2_1m,1141,1393,1.4969302986738476e-08,1.3074011100202407e-08,1.7714382353649522e-08
r2_1m,1142,1389,1.078904415901252e-08,9.443370883129616e-09,1.2642849168394763e-08
r2_1m,1143,1390,9.423580358712412e-09,8.37442660125062e-09,1.070800655117526e-08
r2_1m,1144,1393,9.41932783003399e-09,8.20542712955548e-09,1.0549480527472693e-08
r2_1m,1145,1393,8.465918844800403e-09,7.372331792482013e-09,9.98172547619001e-09
r2_1m,1146,1394,8.88523066239658e-09,7.580220624974227e-09,9.9869892846756e-09
r2_1m,1147,1393,9.496128007783757e-09,7.943644798181998e-09,1.1240791479124123e-08
r2_1m,1148,1390,8.627183336751107e-09,7.278833043507029e-09,9.727259413928947e-09
r2_1m,1149,1389,7.120764965317409e-09,6.322646668486455e-09,8.34545293771466e-09
r2_1m,1150,1391,7.319338326952554e-09,6.43842278030307e-09,8.432400148431666e-09
r2_1m,1151,1389,7.193218909377577e-09,6.4777418857963475e-09,8.393431246540318e-09
r2_1m,1152,1388,7.2248658764089e-09,6.393181148278658e-09,8.463622189157637e-09
r2_1m,1153,1391,6.8246812477936074e-09,6.231375049590202e-09,7.974385596678226e-09
r2_1m,1154,1393,5.851410298222116e-09,4.9130273571943375e-09,6.676825410412894e-09
r2_1m,1155,1387,6.582927881140357e-09,5.845936824010545e-09,7.0938873948821105e-09
r2_1m,1156,1388,8.362628687273417e-09,6.996236999900453e-09,9.838320659325105e-09
r2_1m,1157,1391,7.395245674817935e-09,6.658250892304538e-09,8.810278164696393e-09
r2_1m,1158,1390,6.255119697059115e-09,5.517456965843734e-09,7.09870386181238e-09
r2_1m,1159,1391,6.733738857107029e-09,5.713111698576623e-09,7.709957737962548e-09
r2_1m,1160,1394,6.234426110431305e-09,5.379946343531258e-09,7.0343517445111785e-09
r2_1m,1161,1394,7.634240308159941e-09,6.835895837736064e-09,8.977837013680476e-09
r2_1m,1162,1393,6.815200536785316e-09,6.067861636389087e-09,7.749479128739261e-09
r2_1m,1163,1391,6.9328848299135885e-09,6.150615916355828e-09,7.718432497677463e-09
r2_1m,1164,1389,6.208907022413619e-09,4.838309687721692e-09,6.972550151028953e-09
r2_1m,1165,1390,5.998194512536577e-09,4.612095043276569e-09,6.585919902486341e-09
r2_1m,1166,1394,6.689277617679722e-09,5.926884740884418e-09,7.467990407534394e-09
r2_1m,1167,1390,6.345479511552963e-09,5.392756302470027e-09,7.259361713982174e-09
r2_1m,1168,1389,6.284011431822165e-09,5.292084215085193e-09,7.002116031806684e-09
r2_1m,1169,1391,6.515897375828664e-09,5.671230710326019e-09,7.049327883100123e-09
r2_1m,1170,1391,6.823084100395691e-09,6.134148032963834e-09,7.3999008463997286e-09
r2_1m,1171,1391,1.2023662580878885e-08,1.048946588378016e-08,1.3477975820436732e-08
r2_1m,1172,1389,7.646784186739834e-09,6.771463018411231e-09,8.83898437715911e-09
r2_1m,1173,1390,7.887790615852136e-09,7.005091259340793e-09,9.227621835974116e-09
r2_1m,1174,1390,6.505786026369088e-09,5.6091145914457565e-09,7.441401508501818e-09
r2_1m,1175,1390,6.216057220969822e-09,5.180547322834868e-09,6.9953007901251475e-09
r2_1m,1176,1393,7.21502780190167e-09,6.337844783429127e-09,8.145990142117716e-09
r2_1m,1177,1392,6.984753228232311e-09,6.358773137018803e-09,8.07398086394309e-09
r2_1m,1178,1390,6.415428650783656e-09,5.297397183936864e-09,7.349367629754686e-09
r2_1m,1179,1389,6.469423752897549e-09,5.531391865180446e-09,7.395007451772779e-09
r2_1m,1180,1393,6.2758829638318e-09,4.926035493075323e-09,7.026848665258384e-09
r2_1m,1181,1390,7.68473394238013e-09,6.6503110652804966e-09,8.764546022075823e-09
r2_1m,1182,1389,6.107809429821298e-09,5.135009832149497e-09,6.774363263859134e-09
r2_1m,1183,1389,6.088760486012853e-09,5.334187443045902e-09,6.896869184418463e-09
r2_1m,1184,1389,5.834289929175328e-09,4.9915442144971554e-09,6.69251071954855e-09
r2_1m,1185,1391,5.377144455833071e-09,4.7131629331852235e-09,6.399344336869088e-09
r2_1m,1186,1393,9.336234548714849e-09,8.22359324219244e-09,1.044578341946004e-08
r2_1m,1187,1394,7.3727419720768654e-09,6.711030720737024e-09,8.850632906669271e-09
r2_1m,1188,1393,6.5534908335986464e-09,5.727222484081352e-09,7.449495484905074e-09
r2_1m,1189,1393,7.250234723391249e-09,6.618105693012169e-09,8.29491962449766e-09
r2_1m,1190,1394,6.311060075421561e-09,5.4111713710291195e-09,7.06208628716264e-09
r2_1m,1191,1392,8.943236024413626e-09,7.363653673322765e-09,1.0981884044580876e-08
r2_1m,1192,1391,6.726340570404288e-09,6.197339634032406e-09,7.808606978942132e-09
r2_1m,1193,1394,6.895588428985698e-09,6.2135410951054445e-09,7.577520602402238e-09
r2_1m,1194,1395,6.51707470731895e-09,5.599017288459876e-09,7.058897223993247e-09
r2_1m,1195,1392,6.253507940560581e-09,5.431066391970173e-09,6.884621620206308e-09
r2_1m,1196,1392,7.685815744461561e-09,6.902391047805786e-09,8.57608788230068e-09
r2_1m,1197,1393,6.953519695724426e-09,6.066124745661049e-09,7.87672735919054e-09
r2_1m,1198,1393,6.207537374597942e-09,5.201196491223522e-09,6.8476733187862805e-09
r2_1m,1199,1392,5.918291934361982e-09,4.8771145110697715e-09,6.734698409941077e-09
r2_1m,1200,1391,6.985014873631598e-09,6.257739104023647e-09,7.911387998367394e-09
r2_1m,1201,1391,2.868263442858145e-08,2.4880961222418233e-08,3.297110052736061e-08
r2_1m,1202,1395,2.0407677434755575e-08,1.765609611843884e-08,2.3023848391757184e-08
r2_1m,1203,1395,1.498078686968908e-08,1.2919778635138485e-08,1.77582386328065e-08
r2_1m,1204,1395,1.6041923514635736e-08,1.3301021946746359e-08,1.78107887179654e-08
r2_1m,1205,1396,1.357896157236602e-08,1.2135774155315958e-08,1.5319021670957416e-08
r2_1m,1206,1395,1.54853185952871e-08,1.3515335753747442e-08,1.7770474496785388e-08
r2_1m,1207,1395,1.474296730554539e-08,1.2985004967375998e-08,1.7364522844738908e-08
r2_1m,1208,1395,1.2078490743472588e-08,1.025937775574079e-08,1.4424800022072133e-08
r2_1m,1209,1394,1.3387265782571268e-08,1.160718454295487e-08,1.562025781682318e-08
r2_1m,1210,1396,1.1818306588023185e-08,9.81841795360349e-09,1.3651978973967147e-08
r2_1m,1211,1392,1.2706104286983597e-08,1.1041724165363615e-08,1.4189818519868997e-08
r2_1m,1212,1393,1.0177323985334706e-08,8.961601208322108e-09,1.1963558033898866e-08
r2_1m,1213,1394,1.0802711241735333e-08,9.407459850532673e-09,1.2569214233486932e-08
r2_1m,1214,1393,9.87910730574205e-09,8.852300930497106e-09,1.1844948928356335e-08
r2_1m,1215,1391,9.406040641633934e-09,7.995765524256146e-09,1.1263831504826081e-08
r2_1m,1216,1391,2.0345625216398064e-08,1.7479789506818436e-08,2.2757697813334523e-08
r2_1m,1217,1389,1.3857454438422631e-08,1.216672456749891e-08,1.6077081625305763e-08
r2_1m,1218,1391,1.1942625210325336e-08,1.011768382215172e-08,1.3629187073395161e-08
r2_1m,1219,1392,1.1313164399812726e-08,9.575568420916128e-09,1.2591874847171124e-08
r2_1m,1220,1393,9.966418167832689e-09,8.750056963070755e-09,1.1445527232698094e-08
r2_1m,1221,1394,1.2311884491848695e-08,1.0748253896662493e-08,1.3890156226538752e-08
r2_1m,1222,1394,1.2631818566686547e-08,1.0803377989424111e-08,1.4896641855580951e-08
r2_1m,1223,1395,1.0667676672823632e-08,9.152985885185258e-09,1.2036906953939226e-08
r2_1m,1224,1396,8.97167910277154e-09,8.053196202858725e-09,1.0032322786286946e-08
r2_1m,1225,1395,9.333483733053792e-09,8.230383431086718e-09,1.059928483957263e-08
r2_1m,1226,1394,1.0814777236641312e-08,9.429192709683916e-09,1.2492109271411446e-08
r2_1m,1227,1394,9.736814168627084e-09,8.618044582937015e-09,1.1398117844076658e-08
r2_1m,1228,1395,9.371894393385381e-09,8.077189840894155e-09,1.0667746306310485e-08
r2_1m,1229,1394,8.789142832820284e-09,7.658858366982448e-09,1.0715981172234353e-08
r2_1m,1230,1393,7.540767392723641e-09,6.829958221268509e-09,8.92462402758992e-09
r2_1m,1231,1393,1.5498044589833694e-08,1.3166329303971929e-08,1.7710618355986265e-08
r2_1m,1232,1392,1.2556760565418068e-08,1.0859492803061177e-08,1.4346678051302014e-08
r2_1m,1233,1393,1.1496419739448582e-08,1.0198477923521056e-08,1.3146406488954819e-08
r2_1m,1234,1392,1.2026504218515892e-08,1.0682007912767167e-08,1.3793685518793998e-08
r2_1m,1235,1391,1.0958414478805445e-08,9.47183297507101e-09,1.2367339405435175e-08
r2_1m,1236,1393,1.1021087187085938e-08,9.581416738609996e-09,1.274238280763503e-08
r2_1m,1237,1394,1.0637502940648173e-08,9.381864804803602e-09,1.2099314386865451e-08
r2_1m,1238,1395,9.616401172245848e-09,8.103868956885365e-09,1.120743995590236e-08
r2_1m,1239,1394,9.657160579267679e-09,8.471851809746655e-09,1.1495878821342046e-08
r2_1m,1240,1390,9.561115496835585e-09,8.45600888768e-09,1.0772931492417283e-08
r2_1m,1241,1390,1.0772570722608769e-08,9.898730461879777e-09,1.246251902045579e-08
r2_1m,1242,1395,9.948532870774535e-09,8.121461985180671e-09,1.170493057652509e-08
r2_1m,1243,1393,8.681366477777908e-09,7.285696156590698e-09,9.976040678619685e-09
r2_1m,1244,1392,8.936178184012727e-09,7.477898496797999e-09,1.0179890232439162e-08
r2_1m,1245,1392,7.186199103962103e-09,6.475166988787212e-09,8.455101220912593e-09
r2_1m,1246,1393,1.1522211991440296e-08,9.65983699919717e-09,1.281391630401992e-08
r2_1m,1247,1393,1.071570555552738e-08,9.048756621232374e-09,1.2356937305940048e-08
r2_1m,1248,1392,8.947657942038735e-09,7.784423925791533e-09,1.004756905788241e-08
r2_1m,1249,1393,8.840233978018805e-09,7.2217733923185095e-09,9.985624463614446e-09
r2_1m,1250,1393,7.0812717231068045e-09,6.37855007571381e-09,8.239746332168187e-09
r2_1m,1251,1394,9.746804629988962e-09,8.681164262236988e-09,1.1422724251976497e-08
r2_1m,1252,1392,8.65639866686929e-09,7.3245026460790106e-09,9.763776460290897e-09
r2_1m,1253,1390,8.276559834568226e-09,7.257213687693188e-09,9.489408177895071e-09
r2_1m,1254,1392,7.205075579909156e-09,5.9992081425963e-09,8.446996107091252e-09
r2_1m,1255,1393,7.318801620208765e-09,6.491215480199285e-09,8.473141759410963e-09
r2_1m,1256,1393,8.899544618552424e-09,7.2156370208428686e-09,9.953315894059041e-09
r2_1m,1257,1391,9.724493405425172e-09,8.384001099135672e-09,1.104889017664099e-08
r2_1m,1258,1389,7.661171521843246e-09,7.117512880700656e-09,9.18432133582292e-09
r2_1m,1259,1391,7.0282813038782525e-09,6.155905955039376e-09,8.223526315753274e-09
r2_1m,1260,1393,6.800539756411698e-09,6.1279502814667316e-09,7.62291133276886e-09
r2_1m,1261,1393,1.418753249042161e-08,1.2583634299965643e-08,1.6425810316583898e-08
r2_1m,1262,1393,1.2723117343646344e-08,1.1068010276573759e-08,1.4209302943472079e-08
r2_1m,1263,1394,1.1088613078133737e-08,9.786952419603132e-09,1.283062856477082e-08
r2_1m,1264,1396,9.611570169559812e-09,8.290799097580927e-09,1.0919155552489437e-08
r2_1m,1265,1394,9.213575451284506e-09,7.932022253546682e-09,1.0187598920558469e-08
r2_1m,1266,1392,9.8757558239327e-09,8.798762044658191e-09,1.1031929952427715e-08
r2_1m,1267,1393,1.0087824298319933e-08,8.822630496435843e-09,1.182250022904229e-08
r2_1m,1268,1394,9.201934990607024e-09,7.746837122149024e-09,1.0054488305491174e-08
r2_1m,1269,1395,8.393682171116076e-09,7.057496118169289e-09,9.655181711609312e-09
r2_1m,1270,1397,7.201767604703841e-09,6.515292097509467e-09,8.361533444826518e-09
r2_1m,1271,1395,8.708324237055379e-09,7.2944810801483446e-09,1.0308627411644169e-08
r2_1m,1272,1392,8.025322067162755e-09,6.996547625667549e-09,9.501962684154822e-09
r2_1m,1273,1393,8.809146918394082e-09,7.672486115860303e-09,9.749217814438807e-09
r2_1m,1274,1394,7.034372490295305e-09,6.030290248917268e-09,8.01193116482585e-09
r2_1m,1275,1394,8.003744195908693e-09,6.798679218586254e-09,8.804066877322202e-09
r2_1m,1276,1393,1.485289369032433e-08,1.2883715968798612e-08,1.6874408250384402e-08
r2_1m,1277,1395,1.1521112681404714e-08,9.843991168614188e-09,1.2767159854059308e-08
r2_1m,1278,1394,9.689252179336943e-09,8.06799959894e-09,1.1472456141342098e-08
r2_1m,1279,1394,8.553341032172929e-09,7.177180408963531e-09,9.58699089446237e-09
r2_1m,1280,1393,7.953322810975245e-09,6.9387799216263644e-09,9.259246565171573e-09
r2_1m,1281,1395,1.117147748960022e-08,9.449775633191778e-09,1.3007968469821212e-08
r2_1m,1282,1392,7.544456648703143e-09,6.8878864212479956e-09,9.147616480109559e-09
r2_1m,1283,1391,7.954883475317028e-09,6.938545435596498e-09,9.369521404213187e-09
r2_1m,1284,1393,7.524749814505227e-09,6.568591464155768e-09,8.87625003914688e-09
r2_1m,1285,1394,7.345576252812032e-09,6.561922449676452e-09,8.817405886029643e-09
r2_1m,1286,1391,9.56162703869331e-09,8.093162907523822e-09,1.0791316970561637e-08
r2_1m,1287,1390,7.358084830431771e-09,6.496895360454341e-09,8.553001461517387e-09
r2_1m,1288,1391,7.515945601187779e-09,6.6297104673919836e-09,8.650600314746391e-09
r2_1m,1289,1393,7.34651897742033e-09,6.469484492534687e-09,8.714799389230975e-09
r2_1m,1290,1391,7.370189158901159e-09,6.632090178557919e-09,8.279812768537765e-09
r2_1m,1291,1392,1.707730003782395e-08,1.4896972471783872e-08,1.93260701002907e-08
r2_1m,1292,1395,1.1917288306803727e-08,1.0662961351746464e-08,1.3799671404527853e-08
r2_1m,1293,1395,1.1797640599946075e-08,1.0232614853125376e-08,1.3037765347148832e-08
r2_1m,1294,1395,9.676087566241178e-09,8.758763877846975e-09,1.103340960656442e-08
r2_1m,1295,1395,9.955648095865808e-09,8.61179643922877e-09,1.1253531191223933e-08
r2_1m,1296,1393,1.0143322443614435e-08,8.973180075532858e-09,1.2021497159470157e-08
r2_1m,1297,1393,1.0901167358423017e-08,9.401663406228047e-09,1.235401329405418e-08
r2_1m,1298,1391,1.0404364167600684e-08,8.923604340751442e-09,1.1743886663981512e-08
r2_1m,1299,1390,9.729706162216716e-09,8.226645326865141e-09,1.0909519748521371e-08
r2_1m,1300,1392,7.633636147169073e-09,6.73282049453277e-09,9.046273952596853e-09
r2_1m,1301,1391,1.2466355393175076e-08,1.1165983178499005e-08,1.3798051159776517e-08
r2_1m,1302,1390,8.874845048051109e-09,7.866838628561456e-09,1.021103106589103e-08
r2_1m,1303,1392,9.405135367788185e-09,8.373292097283935e-09,1.0772492286918278e-08
r2_1m,1304,1392,9.406989430708416e-09,8.438685270531106e-09,1.0904006814008522e-08
r2_1m,1305,1391,7.630570647366143e-09,6.696878273538129e-09,9.523557922584702e-09
r2_1m,1306,1392,1.0245670027073537e-08,9.38964175163934e-09,1.2312031169907101e-08
r2_1m,1307,1391,8.733162977336868e-09,7.425657981378791e-09,1.0335572643495268e-08
r2_1m,1308,1391,7.516457592147893e-09,6.859030710125287e-09,8.689396215387819e-09
r2_1m,1309,1395,8.997653392991953e-09,7.616271462005997e-09,1.0478585036492056e-08
r2_1m,1310,1396,7.54527681184164e-09,6.657804593071954e-09,8.876998780588361e-09
r2_1m,1311,1394,9.867991191801285e-09,9.08813622011729e-09,1.0849816459802257e-08
r2_1m,1312,1395,9.002776466071496e-09,7.388377296959575e-09,1.0213796812228619e-08
r2_1m,1313,1396,7.197745792165444e-09,6.54175799657428e-09,8.454764888159065e-09
r2_1m,1314,1392,7.125474396077648e-09,6.100217410823497e-09,8.209262694468617e-09
r2_1m,1315,1391,6.99292210263989e-09,6.534908878733272e-09,8.324742033406585e-09
r2_1m,1316,1391,8.096934452790958e-09,7.101272264316355e-09,9.323865959021846e-09
r2_1m,1317,1391,6.8154818572983625e-09,6.360471014235471e-09,7.564416413882254e-09
r2_1m,1318,1394,7.50944543443362e-09,6.701673262923962e-09,8.643612140832145e-09
r2_1m,1319,1392,7.548876777059948e-09,6.521738361643308e-09,8.832951754641374e-09
r2_1m,1320,1392,6.324724810787394e-09,5.50200669244066e-09,6.954146420377724e-09
r2_1m,1321,1392,1.1344621490606034e-08,9.534647946571596e-09,1.2811343986000102e-08
r2_1m,1322,1395,9.789386361338632e-09,8.634540361360585e-09,1.0968516409696828e-08
r2_1m,1323,1397,8.818083157931126e-09,7.513618415332848e-09,1.0298546069293684e-08
r2_1m,1324,1396,7.45427284584487e-09,6.6833149596326296e-09,9.157246236810882e-09
r2_1m,1325,1395,6.6363873610222446e-09,5.81339123261075e-09,7.357729779244563e-09
r2_1m,1326,1394,7.333794533567322e-09,6.5123278119804804e-09,8.848373719920884e-09
r2_1m,1327,1396,7.553949242501711e-09,6.625517718400679e-09,8.794518979386925e-09
r2_1m,1328,1397,6.725946547786121e-09,5.912534871100707e-09,7.53096212322206e-09
r2_1m,1329,1398,7.172745013291875e-09,6.277397284750383e-09,7.784129510356302e-09
r2_1m,1330,1397,6.54104117057376e-09,5.525327467455119e-09,7.180942968915667e-09
r2_1m,1331,1396,7.140646649416743e-09,6.5012975224197754e-09,8.345699450849285e-09
r2_1m,1332,1393,6.631190100497297e-09,5.632680821417054e-09,7.381670636192474e-09
r2_1m,1333,1394,6.707253144542769e-09,5.968725239266724e-09,7.673290731153796e-09
r2_1m,1334,1395,6.427050790656181e-09,5.401794630602842e-09,7.0465403784607505e-09
r2_1m,1335,1393,6.441674435093306e-09,5.13726190992191e-09,7.307498903626291e-09
r2_1m,1336,1396,7.555897930635968e-09,6.721011065720002e-09,8.59606337745068e-09
r2_1m,1337,1397,6.571033427779842e-09,5.787463925413275e-09,7.205632937894589e-09
r2_1m,1338,1397,6.109719239277295e-09,5.148297912773238e-09,6.955116401788401e-09
r2_1m,1339,1395,6.382627454821582e-09,5.396475635625457e-09,7.018919344821465e-09
r2_1m,1340,1394,6.20989195489989e-09,5.349498717575155e-09,6.849224662330138e-09
r2_1m,1341,1396,8.078861097127023e-09,6.875725330277318e-09,9.220966250955207e-09
r2_1m,1342,1393,7.432269721373135e-09,6.488766375575035e-09,8.539462555873565e-09
r2_1m,1343,1393,6.376767450883904e-09,5.4800506155543966e-09,6.93871648668276e-09
r2_1m,1344,1397,5.522295371981417e-09,4.6930722152107555e-09,6.535049754099628e-09
r2_1m,1345,1397,5.872204392223899e-09,4.552655953689047e-09,6.728421187106723e-09
r2_1m,1346,1396,8.106735103352605e-09,6.897041912232129e-09,9.192151328961253e-09
r2_1m,1347,1395,6.472182507908085e-09,5.11858813677735e-09,7.3218847286473654e-09
r2_1m,1348,1396,5.80728247399826e-09,4.545211525492426e-09,6.536121863700076e-09
r2_1m,1349,1394,5.658336116407114e-09,4.828738754950045e-09,6.2523079319619735e-09
r2_1m,1350,1394,5.29821150544996e-09,4.568594106339982e-09,6.1595292496721154e-09
r2_1m,1351,1393,9.347747037874124e-09,8.127135571268656e-09,1.1327801260966378e-08
r2_1m,1352,1393,8.079787916444912e-09,6.999178147572484e-09,8.961332279391275e-09
r2_1m,1353,1396,6.758697617053828e-09,5.959268282435433e-09,7.4206768662547876e-09
r2_1m,1354,1396,6.131762823838596e-09,5.3375440537539e-09,6.994930898036467e-09
r2_1m,1355,1396,6.345696265515856e-09,5.3077626925223476e-09,6.8955898857368214e-09
r2_1m,1356,1394,6.741789696336567e-09,5.996464284524522e-09,7.260758673855361e-09
r2_1m,1357,1392,6.21248037675109e-09,4.999398157110108e-09,7.0365394491788214e-09
r2_1m,1358,1396,6.054439324019691e-09,4.997150844597173e-09,6.7508641709637255e-09
r2_1m,1359,1395,5.966349187141954e-09,4.9905203166837275e-09,6.657672337064568e-09
r2_1m,1360,1394,5.109877886333236e-09,4.305705431913836e-09,6.299928675013255e-09
r2_1m,1361,1393,6.1365508956532525e-09,5.298114798092017e-09,6.8936658774511034e-09
r2_1m,1362,1391,5.194383577254729e-09,4.382102509458828e-09,5.997924142049547e-09
r2_1m,1363,1391,5.993725574236638e-09,5.17864203485367e-09,6.763429770555938e-09
r2_1m,1364,1393,5.457821263690846e-09,4.619178437583652e-09,6.087020884352533e-09
r2_1m,1365,1396,4.379032475533216e-09,3.9061035222919876e-09,4.998384840924347e-09
r2_1m,1366,1396,6.043879456317415e-09,4.8753051592460035e-09,6.906752385610896e-09
r2_1m,1367,1395,6.168724439168987e-09,5.282363878854514e-09,6.913073147224905e-09
r2_1m,1368,1394,5.413555306691301e-09,4.710244725536943e-09,6.37884316769515e-09
r2_1m,1369,1394,4.582450058256441e-09,4.052552117772874e-09,5.396747922176258e-09
r2_1m,1370,1396,4.381317686140558e-09,3.7183971331916856e-09,5.2632555703557e-09
r2_1m,1371,1395,6.750124664270673e-09,5.99482347632011e-09,7.625469706542525e-09
r2_1m,1372,1395,5.729006383213286e-09,4.84683757214097e-09,6.7031622948854126e-09
r2_1m,1373,1393,5.673261482496331e-09,4.692783281806555e-09,6.512883912406205e-09
r2_1m,1374,1390,4.477865258586218e-09,4.0651482118844385e-09,5.2851298466206205e-09
r2_1m,1375,1392,4.470322172788954e-09,3.889070870393788e-09,5.4427069990485235e-09
r2_1m,1376,1394,5.266608201428817e-09,4.4040089151304615e-09,6.350202539811126e-09
r2_1m,1377,1393,4.919412494581641e-09,4.29463015816567e-09,5.997448785044287e-09
r2_1m,1378,1392,5.057632202934771e-09,4.410723512790453e-09,5.878055348229819e-09
r2_1m,1379,1392,4.349548797467252e-09,3.891886171869491e-09,5.057986543258087e-09
r2_1m,1380,1393,4.0797431983707636e-09,3.6464801605830832e-09,4.535015662632188e-09
r2_1m,1381,1390,7.335722026122006e-09,6.577376676874311e-09,8.795262962563074e-09
r2_1m,1382,1408,6.718705660651699e-09,5.755331353474821e-09,7.578089907396319e-09
r2_1m,1383,1407,6.648761824169887e-09,5.728022004720789e-09,7.351348932247805e-09
r2_1m,1384,1408,6.03555346845198e-09,5.206600821196928e-09,6.735189912512281e-09
r2_1m,1385,1408,4.27009971701137e-09,3.799047897171302e-09,4.994796668495157e-09
r2_1m,1386,1409,5.776873435793302e-09,4.851213830176281e-09,6.563758016377209e-09
r2_1m,1387,1411,6.0996074443521975e-09,4.91414657647923e-09,6.786405378375285e-09
r2_1m,1388,1411,4.989505850927112e-09,4.45120220506814e-09,5.873712176280096e-09
r2_1m,1389,1411,4.581769188135611e-09,3.930370424524835e-09,5.260575109087074e-09
r2_1m,1390,1408,4.804514182438087e-09,4.257240543123778e-09,5.65484123399061e-09
r2_1m,1391,1406,5.817393120696377e-09,4.891102993399242e-09,6.702887694663787e-09
r2_1m,1392,1406,5.007209278824272e-09,4.514270279807195e-09,5.906895489299952e-09
r2_1m,1393,1407,4.89329389529359e-09,4.2487380784045515e-09,5.8671827398277225e-09
r2_1m,1394,1408,3.922978558427513e-09,3.321390195080086e-09,4.561702815817919e-09
r2_1m,1395,1410,4.447261134167249e-09,3.916291152597812e-09,4.971112454714983e-09
r2_1m,1396,1410,6.2081909947914155e-09,5.0116065576397805e-09,6.870161494879723e-09
r2_1m,1397,1408,5.504147329567392e-09,4.7584640421985265e-09,6.511866806500363e-09
r2_1m,1398,1406,4.443260225082658e-09,3.916264131706046e-09,5.103639988747266e-09
r2_1m,1399,1407,4.446914612727188e-09,3.956294507747482e-09,4.930993536649587e-09
r2_1m,1400,1407,4.989740819825659e-09,4.263849070203452e-09,6.029231780407159e-09
r2_1m,1401,1406,4.8759693240199505e-09,4.249356004020638e-09,5.984152078082587e-09
r2_1m,1402,1409,4.59186520761913e-09,4.128493283124568e-09,5.544632097665123e-09
r2_1m,1403,1411,4.220672704856863e-09,3.7243052102445534e-09,4.883034231464641e-09
r2_1m,1404,1409,3.956584802594558e-09,3.413303165681949e-09,4.575682402793845e-09
r2_1m,1405,1410,4.295019564565853e-09,3.784274621898144e-09,4.884908453044564e-09
r2_1m,1406,1412,4.660423739559477e-09,4.1213704607916555e-09,5.773713388687023e-09
r2_1m,1407,1413,4.35442791281735e-09,3.99107683648336e-09,5.044347576579707e-09
r2_1m,1408,1409,4.441186980184475e-09,3.880523459276414e-09,5.291188126008891e-09
r2_1m,1409,1408,4.070855375550835e-09,3.690385546148292e-09,4.492805951148087e-09
r2_1m,1410,1410,4.121106299230582e-09,3.562629804978989e-09,4.716513522890276e-09
r2_1m,1411,1409,7.2831538908859065e-09,6.5670328079381395e-09,8.586980054696381e-09
r2_1m,1412,1409,5.750313485372369e-09,4.854485846725241e-09,6.6266621097769185e-09
r2_1m,1413,1409,4.900833110223253e-09,4.236066966673336e-09,6.001928789004181e-09
r2_1m,1414,1411,4.22250132016188e-09,3.70402642405244e-09,4.905210455680303e-09
r2_1m,1415,1412,4.7245325101892645e-09,4.382579368109273e-09,5.462459504448212e-09
r2_1m,1416,1410,5.538724325298824e-09,4.740119326005488e-09,6.379569308542775e-09
r2_1m,1417,1409,5.020547262565865e-09,4.37767219442907e-09,6.02325368034071e-09
r2_1m,1418,1409,4.520609615212868e-09,3.913013329758365e-09,5.144583826024483e-09
r2_1m,1419,1408,5.4054308623792495e-09,4.503242103475085e-09,6.181016759253174e-09
r2_1m,1420,1407,4.307354004062827e-09,3.908611098396711e-09,4.819652035011232e-09
r2_1m,1421,1406,5.102094944808299e-09,4.285160146628716e-09,6.221672574531596e-09
r2_1m,1422,1408,3.901895180693597e-09,3.408140904089133e-09,4.384081730947776e-09
r2_1m,1423,1408,4.239119594278798e-09,3.6828164351541268e-09,4.8630390261256066e-09
r2_1m,1424,1407,3.8326010489980275e-09,3.3659596714891805e-09,4.3952795451881965e-09
r2_1m,1425,1408,4.1595818969095106e-09,3.560180840923645e-09,4.583475403206684e-09
r2_1m,1426,1409,5.07423950535408e-09,4.422837551213629e-09,6.030922642912208e-09
r2_1m,1427,1408,4.167460798816489e-09,3.6019661193501167e-09,4.720076169976975e-09
r2_1m,1428,1406,4.121283299603802e-09,3.4474639732762462e-09,4.614386091768598e-09
r2_1m,1429,1404,3.80514825826275e-09,3.241983798825062e-09,4.3402957199991355e-09
r2_1m,1430,1406,3.750983031311235e-09,3.0717602707361344e-09,4.189548160597153e-09
r2_1m,1431,1407,4.46197763517194e-09,4.089297271591446e-09,5.107374533406439e-09
r2_1m,1432,1408,3.872495531574895e-09,3.390703375762341e-09,4.330106343016366e-09
r2_1m,1433,1402,3.793121676892214e-09,3.2445080489396485e-09,4.342999877453742e-09
r2_1m,1434,1402,3.9023156963754746e-09,3.401164376820638e-09,4.276611723850287e-09
r2_1m,1435,1408,3.466898559163359e-09,3.0486781090300223e-09,3.985982089765423e-09
r2_1m,1436,1411,4.107163891967001e-09,3.693139484523034e-09,4.594199797108265e-09
r2_1m,1437,1410,3.795271236481074e-09,3.2861224612194078e-09,4.216288871652542e-09
r2_1m,1438,1408,3.86194449365621e-09,3.3717717346784168e-09,4.3412774185332866e-09
r2_1m,1439,1404,3.677868205149468e-09,3.197082718715322e-09,4.234278570148536e-09
zero_1m,0,1406,0.0903271692745377,0.07483271169633914,0.10615673582029356
zero_1m,1,1412,0.05099150141643059,0.039926354826295356,0.06174814132011605
zero_1m,2,1414,0.07213578500707214,0.057680527236967934,0.08738454589135025
zero_1m,3,1412,0.0679886685552408,0.05519790239736748,0.07986793530575327
zero_1m,4,1412,0.08569405099150142,0.07043060672129915,0.09951823028344174
zero_1m,5,1411,0.09000708717221828,0.07607402178297701,0.10553009912904947
zero_1m,6,1407,0.06680881307746979,0.053377091733066664,0.07929726676237461
zero_1m,7,1407,0.07391613361762615,0.06047354041757027,0.08677732857420357
zero_1m,8,1408,0.07244318181818182,0.05933419712675032,0.08578671381395418
zero_1m,9,1407,0.07107320540156362,0.057991164241164246,0.08409173046625289
zero_1m,10,1409,0.07877927608232789,0.06512935843548918,0.09217090356007615
zero_1m,11,1412,0.07436260623229461,0.060048399413068214,0.0874170827139371
zero_1m,12,1408,0.08380681818181818,0.06979573987983027,0.09870331809026076
zero_1m,13,1408,0.07244318181818182,0.05831943485419876,0.0861815023016997
zero_1m,14,1409,0.085166784953868,0.07128764053540365,0.09902413058907025
zero_1m,15,1407,0.0767590618336887,0.06214823053967177,0.09036092141964028
zero_1m,16,1406,0.0689900426742532,0.05686659260878011,0.08210732054015635
zero_1m,17,1408,0.08380681818181818,0.06827408702408702,0.09744305923357285
zero_1m,18,1408,0.08096590909090909,0.06715792999074571,0.094269837139964
zero_1m,19,1410,0.06879432624113475,0.05441209002596903,0.08292595823934397
zero_1m,20,1407,0.07889125799573561,0.06547589919256179,0.09455406781386823
zero_1m,21,1407,0.07391613361762615,0.06191537961191804,0.08913142779577468
zero_1m,22,1410,0.07872340425531915,0.06492838260953664,0.09290472820415899
zero_1m,23,1407,0.08599857853589196,0.07185679508440702,0.10126698969336523
zero_1m,24,1406,0.08961593172119488,0.07594038325053229,0.10599761638221249
zero_1m,25,1404,0.10256410256410256,0.08828303300486967,0.11895016525340969
zero_1m,26,1406,0.06685633001422475,0.0542819475141786,0.07969128715397372
zero_1m,27,1404,0.09045584045584046,0.07510418916219798,0.10446088040939627
zero_1m,28,1406,0.08250355618776671,0.06947768546023896,0.09631480644256923
zero_1m,29,1404,0.07122507122507123,0.058341196600233874,0.08367271311526103
zero_1m,30,1405,0.06690391459074733,0.054739350328323805,0.07889702446650787
zero_1m,31,1409,0.05535841022001419,0.04393893275470637,0.06889452665699183
zero_1m,32,1411,0.07087172218284904,0.05669539710284693,0.08393192926843336
zero_1m,33,1407,0.06751954513148543,0.055030215061628134,0.08082919330645415
zero_1m,34,1407,0.06538734896943853,0.051117309987741145,0.07846265826421744
zero_1m,35,1407,0.0767590618336887,0.06256555062525211,0.09036762487445732
zero_1m,36,1407,0.06965174129353234,0.057503064723121416,0.083432058919302
zero_1m,37,1410,0.07872340425531915,0.0652702233363031,0.09445541387884539
zero_1m,38,1409,0.08374733853797019,0.06776082327892122,0.09791237979994845
zero_1m,39,1409,0.0880056777856636,0.07493904765943012,0.1039457835267209
zero_1m,40,1411,0.06520198440822111,0.05238845984975611,0.07843624592437226
zero_1m,41,1407,0.08031272210376687,0.06616041571999487,0.09410925280259558
zero_1m,42,1407,0.07960199004975124,0.06697423408934457,0.09425939050318922
zero_1m,43,1410,0.07021276595744681,0.057406094968107724,0.08306857750903285
zero_1m,44,1409,0.0801987224982257,0.0657209120827219,0.09414761111531762
zero_1m,45,1405,0.07259786476868327,0.0573454157782516,0.08758710549688532
zero_1m,46,1405,0.08825622775800712,0.07436148890479599,0.10452437171298065
zero_1m,47,1407,0.09026297085998579,0.07570332648887244,0.10492138949381206
zero_1m,48,1406,0.07610241820768136,0.06376582037496764,0.08955878452954949
zero_1m,49,1400,0.085,0.07080812430491694,0.09907704174437612
zero_1m,50,1405,0.09750889679715302,0.08300197432013126,0.11329439133723557
zero_1m,51,1408,0.06605113636363637,0.05301595744680851,0.07992466430596327
zero_1m,52,1410,0.07943262411347518,0.0658617234016621,0.0936834634492548
zero_1m,53,1408,0.08380681818181818,0.06917979034338204,0.09737380079690935
zero_1m,54,1405,0.09252669039145907,0.07896867963535929,0.10718388138784371
zero_1m,55,1407,0.07746979388770434,0.06364430220752752,0.09353855056980055
zero_1m,56,1410,0.07163120567375887,0.05871644110551657,0.08451704545454546
zero_1m,57,1406,0.07183499288762446,0.059108867694805195,0.08671243574615285
zero_1m,58,1402,0.07774607703281027,0.06332391431690497,0.09292154092450197
zero_1m,59,1404,0.06267806267806268,0.051437189496096526,0.07533759772565743
zero_1m,60,1405,0.0797153024911032,0.06694921659991426,0.09509166810122223
zero_1m,61,1410,0.0475177304964539,0.03679860159824498,0.05852383385912952
zero_1m,62,1410,0.04609929078014184,0.03616894832701993,0.05604924522698559
zero_1m,63,1409,0.050390347764371894,0.03894233159895666,0.061979488246933515
zero_1m,64,1407,0.04548685145700071,0.03514164255935191,0.0561877667140825
zero_1m,65,1406,0.057610241820768134,0.04687335904881958,0.0703413056887899
zero_1m,66,1409,0.0539389638041164,0.042491434452685224,0.06488530029903315
zero_1m,67,1405,0.06334519572953737,0.05204718699097714,0.07716112336104479
zero_1m,68,1409,0.054648687012065295,0.04500384014540278,0.06525057353783689
zero_1m,69,1407,0.05401563610518834,0.041838373026491835,0.06676136363636363
zero_1m,70,1405,0.06192170818505338,0.049833900095710856,0.0743008964661017
zero_1m,71,1407,0.053304904051172705,0.042534470903300516,0.06560320284697509
zero_1m,72,1407,0.05046197583511016,0.03974310928433269,0.060455192034139404
zero_1m,73,1409,0.061745919091554295,0.05022731709026116,0.07371196287941686
zero_1m,74,1409,0.06103619588360539,0.04909198250507484,0.07427830057389424
zero_1m,75,1405,0.06263345195729537,0.050825147531470175,0.07397137343278523
zero_1m,76,1408,0.05894886363636364,0.04694167852062589,0.07039132006227758
zero_1m,77,1409,0.05819730305180979,0.046527064763410474,0.07049156248194023
zero_1m,78,1406,0.0732574679943101,0.059643556258098904,0.08622907183263853
zero_1m,79,1405,0.07259786476868327,0.057863992921935996,0.08661466525232572
zero_1m,80,1405,0.06975088967971531,0.05801667133054312,0.08283395392428149
zero_1m,81,1405,0.050533807829181494,0.039886039886039885,0.06201222002755526
zero_1m,82,1408,0.05539772727272727,0.04392261824095406,0.06686376703677155
zero_1m,83,1411,0.0673281360737066,0.05450862090569632,0.08008504606661943
zero_1m,84,1408,0.06889204545454546,0.05424471501204175,0.08133567940486151
zero_1m,85,1408,0.078125,0.06458255258704063,0.09284992912827782
zero_1m,86,1410,0.0574468085106383,0.045646706322713615,0.07036500933499289
zero_1m,87,1408,0.05752840909090909,0.04574674432370724,0.06948014837824389
zero_1m,88,1408,0.06605113636363637,0.05388065403038939,0.07781679316485751
zero_1m,89,1409,0.054648687012065295,0.04327550425633014,0.06708398815280463
zero_1m,90,1408,0.04971590909090909,0.03903341090425532,0.06142939161397508
zero_1m,91,1405,0.04911032028469751,0.03972700238185841,0.06110233632971506
zero_1m,92,1405,0.048398576512455514,0.038047513705876695,0.058470216634028196
zero_1m,93,1408,0.05113636363636364,0.040732349868402545,0.06301678250422033
zero_1m,94,1409,0.051809794180269694,0.040779988161177116,0.06435339925084543
zero_1m,95,1409,0.06529453513129879,0.05293342553827751,0.07746990232452484
zero_1m,96,1408,0.060369318181818184,0.04858989459696173,0.07486553010283435
zero_1m,97,1409,0.06245564229950319,0.05033587415996904,0.07452920808836269
zero_1m,98,1408,0.061079545454545456,0.047533749603612035,0.07486553010283435
zero_1m,99,1408,0.05539772727272727,0.04361165389161034,0.06747341042210638
zero_1m,100,1408,0.06818181818181818,0.05610599037661737,0.08254634281739032
zero_1m,101,1409,0.063875088715401,0.05223725382157878,0.07790988524205623
zero_1m,102,1406,0.07254623044096728,0.05980262737666872,0.08580241233940042
zero_1m,103,1407,0.05970149253731343,0.0484085470952043,0.07231607280184567
zero_1m,104,1407,0.06041222459132907,0.04903879376535627,0.07215429207616707
zero_1m,105,1408,0.07315340909090909,0.06100932508642542,0.08652482269503546
zero_1m,106,1408,0.05042613636363636,0.04012613992349527,0.06374401877877757
zero_1m,107,1409,0.060326472675656495,0.04808884687618004,0.0716820440028389
zero_1m,108,1410,0.06312056737588652,0.052367240735964014,0.07307906660442953
zero_1m,109,1405,0.05338078291814947,0.041931722205159706,0.06597546319173726
zero_1m,110,1403,0.0548823948681397,0.04338549075391181,0.0673228820803413
zero_1m,111,1408,0.041193181818181816,0.030648610121168925,0.05044495208616011
zero_1m,112,1410,0.05673758865248227,0.045307379781209876,0.06830431855342887
zero_1m,113,1409,0.06458481192334989,0.05249996224876553,0.07722700305672253
zero_1m,114,1408,0.07102272727272728,0.05860156230281921,0.08379202584234703
zero_1m,115,1409,0.0723917672107878,0.06031321577198529,0.08510944374500465
zero_1m,116,1410,0.04609929078014184,0.03468846264498881,0.05712467357667348
zero_1m,117,1410,0.06382978723404255,0.05171193633552843,0.07605107069539635
zero_1m,118,1409,0.06742370475514549,0.053586206670591656,0.08031561671569895
zero_1m,119,1410,0.06312056737588652,0.05009365339152574,0.07543421016333664
zero_1m,120,1411,0.06094968107725018,0.047530520706866315,0.07396554573867051
zero_1m,121,1412,0.026203966005665724,0.01837391820295831,0.03549471127946845
zero_1m,122,1412,0.031161473087818695,0.022662098374765453,0.03969105693507062
zero_1m,123,1413,0.03467799009200283,0.02544080981948074,0.04416560858602494
zero_1m,124,1412,0.03328611898016997,0.024408691075858958,0.042615171128036186
zero_1m,125,1413,0.04670912951167728,0.03604114724426438,0.057892293430751515
zero_1m,126,1411,0.041105598866052445,0.031203523371104814,0.05174012779035991
zero_1m,127,1411,0.042523033309709427,0.03286868027578342,0.052560656961552814
zero_1m,128,1411,0.039688164422395464,0.02912814340245142,0.05095912229253743
zero_1m,129,1412,0.04036827195467422,0.03112785800873081,0.05108285640940459
zero_1m,130,1413,0.036093418259023353,0.02693031362385229,0.045907288190031974
zero_1m,131,1413,0.05024769992922859,0.03855503076533947,0.06172968373430298
zero_1m,132,1413,0.04175513092710545,0.031194062859699122,0.05239031434133471
zero_1m,133,1409,0.0525195173882186,0.041147200768313894,0.0648775188616178
zero_1m,134,1408,0.05823863636363636,0.04612882736263,0.07011842065665533
zero_1m,135,1411,0.0517363571934798,0.04002599300825749,0.06385829351824447
zero_1m,136,1412,0.042492917847025496,0.03256579936606461,0.05282876635211495
zero_1m,137,1413,0.05732484076433121,0.0431211028166677,0.0697535806723885
zero_1m,138,1409,0.0468417317246274,0.03687814339225562,0.05786736024081333
zero_1m,139,1409,0.04187366926898509,0.031169848709498345,0.05121095083808208
zero_1m,140,1412,0.05311614730878187,0.04280299615338382,0.06621908127208478
zero_1m,141,1412,0.04320113314447592,0.03327149587750294,0.0537862703467799
zero_1m,142,1412,0.06444759206798867,0.05056997681653834,0.07720108940985283
zero_1m,143,1411,0.04535790219702339,0.03340323633292383,0.056434231682107025
zero_1m,144,1411,0.05315379163713678,0.04212110481586402,0.06568181474499207
zero_1m,145,1410,0.04539007092198582,0.03406324171196693,0.0570863374261375
zero_1m,146,1409,0.03761533002129169,0.02764833064255082,0.04843479782773569
zero_1m,147,1410,0.0524822695035461,0.041460107644920544,0.06292087954378477
zero_1m,148,1412,0.059490084985835696,0.04704821781409571,0.07211156981422524
zero_1m,149,1412,0.05736543909348442,0.045708738039756565,0.06938429314228375
zero_1m,150,1410,0.04609929078014184,0.03679860159824498,0.057532610998456454
zero_1m,151,1411,0.03756201275690999,0.02824858757062147,0.04778460756349028
zero_1m,152,1411,0.040396881644223954,0.03123727865233105,0.0513401248026464
zero_1m,153,1411,0.04819277108433735,0.037861251033756864,0.06032864381850419
zero_1m,154,1411,0.041814316087880936,0.030780956319073755,0.05133821167795406
zero_1m,155,1411,0.04819277108433735,0.036498026135236124,0.06018025425606244
zero_1m,156,1413,0.052370842179759375,0.04042553191489362,0.06376309269740184
zero_1m,157,1413,0.044585987261146494,0.033574964639321074,0.056013647120086205
zero_1m,158,1413,0.029016277423920735,0.021208535543105044,0.03756336266650594
zero_1m,159,1412,0.049575070821529746,0.03787525674174351,0.06188071269207238
zero_1m,160,1412,0.04603399433427762,0.036073737033517385,0.05782147921205129
zero_1m,161,1411,0.04890148830616584,0.03829653352272699,0.062044269458928825
zero_1m,162,1411,0.05669737774627923,0.046724842568701394,0.06886882066988192
zero_1m,163,1411,0.05244507441530829,0.041119446496876114,0.06227883934890304
zero_1m,164,1411,0.060240963855421686,0.048527966970044,0.07289985550182437
zero_1m,165,1407,0.05970149253731343,0.046717101907034,0.07222465068152664
zero_1m,166,1409,0.042583392476934,0.033296178343949046,0.05319148936170213
zero_1m,167,1411,0.0517363571934798,0.040362877985362096,0.06299597356043139
zero_1m,168,1410,0.05106382978723404,0.03903208469145615,0.06350705801342743
zero_1m,169,1410,0.05602836879432624,0.04469591380638147,0.0680139655438953
zero_1m,170,1408,0.05113636363636364,0.039075687411158494,0.06234840613753745
zero_1m,171,1408,0.044744318181818184,0.03433378809119567,0.056478595060790525
zero_1m,172,1409,0.0631653655074521,0.05052864313156529,0.07624504860229116
zero_1m,173,1410,0.0475177304964539,0.03752146448698748,0.05809526223541056
zero_1m,174,1409,0.05535841022001419,0.044341301982591876,0.06813342796309439
zero_1m,175,1412,0.051699716713881017,0.04009890284928518,0.06245564229950319
zero_1m,176,1412,0.042492917847025496,0.032220815431256024,0.05283694226216504
zero_1m,177,1413,0.050955414012738856,0.03831078326261269,0.06195643021255608
zero_1m,178,1412,0.04320113314447592,0.03186857583951392,0.053003533568904596
zero_1m,179,1412,0.0453257790368272,0.03472714386959603,0.05595101775905922
zero_1m,180,1413,0.047416843595187545,0.03506187098708786,0.05836803615357468
zero_1m,181,1413,0.026185421089879687,0.017315738896285248,0.03398290659978468
zero_1m,182,1412,0.026912181303116147,0.019094766619519095,0.03466634083790544
zero_1m,183,1411,0.022678951098511695,0.015220979906123096,0.030812182919213237
zero_1m,184,1409,0.029098651525904896,0.02127585195707055,0.03688212239248004
zero_1m,185,1408,0.02911931818181818,0.02063214908364162,0.037668798862828715
zero_1m,186,1410,0.02695035460992908,0.019155391631306345,0.03583955815510376
zero_1m,187,1412,0.026203966005665724,0.018683839096683134,0.03512717695724953
zero_1m,188,1412,0.028328611898016998,0.019822660483691502,0.03684223999036304
zero_1m,189,1410,0.028368794326241134,0.019148936170212766,0.03553788350252166
zero_1m,190,1411,0.03614457831325301,0.027270977269131375,0.04669513708845934
zero_1m,191,1413,0.03113941967445152,0.0226628895184136,0.041094459375065756
zero_1m,192,1410,0.031205673758865248,0.022727272727272728,0.041004618129657486
zero_1m,193,1410,0.029078014184397163,0.020197059077986645,0.03682987751662704
zero_1m,194,1412,0.03328611898016997,0.02475161236273973,0.043189797759566946
zero_1m,195,1410,0.03971631205673759,0.02971193405339393,0.050794997124784344
zero_1m,196,1410,0.031914893617021274,0.022701903872173187,0.04120855240841248
zero_1m,197,1412,0.03186968838526912,0.024052518043223656,0.042492917847025496
zero_1m,198,1410,0.029787234042553193,0.021907364011219524,0.03830514442362586
zero_1m,199,1410,0.031914893617021274,0.02338528774752475,0.04101838755304102
zero_1m,200,1412,0.04107648725212465,0.031912694356811745,0.051645773085042805
zero_1m,201,1410,0.031914893617021274,0.023016768152564874,0.041223944862925126
zero_1m,202,1409,0.031227821149751596,0.023035033889566542,0.04258865248226947
zero_1m,203,1411,0.029057406094968107,0.020538243626062325,0.038284979718624185
zero_1m,204,1413,0.03680113234253362,0.027269381395608156,0.046243963806746176
zero_1m,205,1414,0.04031117397454031,0.029639053572709236,0.051606051985386564
zero_1m,206,1412,0.034702549575070823,0.026193328936011957,0.044257759872008716
zero_1m,207,1411,0.031892274982282066,0.022685809757990418,0.04171159430430675
zero_1m,208,1410,0.027659574468085105,0.019094100965542076,0.03680381054461036
zero_1m,209,1412,0.030453257790368272,0.021304644998247125,0.04028412904849807
zero_1m,210,1411,0.040396881644223954,0.03220699709039731,0.051999992497730546
zero_1m,211,1411,0.026222537207654145,0.019121145503708352,0.035828930868858605
zero_1m,212,1414,0.024752475247524754,0.016294435365190138,0.032509998881244055
zero_1m,213,1412,0.0339943342776204,0.024831063225767485,0.043170559094125975
zero_1m,214,1412,0.034702549575070823,0.025458801287389435,0.043909348441926344
zero_1m,215,1411,0.03897944720056697,0.02938570294218918,0.049562063002781744
zero_1m,216,1411,0.024805102763997167,0.017045454545454544,0.03327492937895583
zero_1m,217,1413,0.03821656050955414,0.027957552703633315,0.04888681844875096
zero_1m,218,1412,0.037535410764872525,0.02831711236325617,0.04885042823719048
zero_1m,219,1411,0.03897944720056697,0.03048510688561505,0.04917975495127554
zero_1m,220,1409,0.029098651525904896,0.01983670392284017,0.03899538227541683
zero_1m,221,1411,0.039688164422395464,0.031248906032546382,0.0503376585189318
zero_1m,222,1411,0.03330970942593905,0.024079320113314446,0.04399252831099112
zero_1m,223,1412,0.04461756373937677,0.03502913314788362,0.05597186460074385
zero_1m,224,1413,0.03397027600849257,0.02444330345653992,0.04306621828385174
zero_1m,225,1413,0.03680113234253362,0.02828755698598826,0.046168144628390986
zero_1m,226,1412,0.029745042492917848,0.021268679222522128,0.03851915763310773
zero_1m,227,1412,0.030453257790368272,0.021969466377353183,0.039745930045132175
zero_1m,228,1412,0.0339943342776204,0.02514239648001929,0.043173700831177546
zero_1m,229,1411,0.0368532955350815,0.027649282989278767,0.04722825840402848
zero_1m,230,1412,0.034702549575070823,0.025851139171840155,0.04380314707546972
zero_1m,231,1412,0.04320113314447592,0.03327041807508631,0.05350374937886795
zero_1m,232,1412,0.042492917847025496,0.032552609106139795,0.05386250885896527
zero_1m,233,1413,0.03750884642604388,0.028237152810657522,0.04603399433427762
zero_1m,234,1410,0.036170212765957444,0.027627820447055352,0.04608377188352911
zero_1m,235,1409,0.03761533002129169,0.028666601462577868,0.0478970608961775
zero_1m,236,1412,0.030453257790368272,0.022260667242841824,0.03907707555970149
zero_1m,237,1411,0.04535790219702339,0.034041363131312875,0.05700126156307513
zero_1m,238,1409,0.04045422285308729,0.030155788780727787,0.05086343217895407
zero_1m,239,1409,0.036905606813342796,0.027300419797953362,0.045295326780755776
zero_1m,240,1411,0.04535790219702339,0.034710751786861546,0.05595101775905922
zero_1m,241,1412,0.021954674220963172,0.01487200205843983,0.030752285597070106
zero_1m,242,1412,0.025495750708215296,0.018036425832644164,0.03327492937895583
zero_1m,243,1411,0.03330970942593905,0.025177430801987227,0.043186610470559696
zero_1m,244,1411,0.024096385542168676,0.016253850718001582,0.03291266679346138
zero_1m,245,1411,0.03047484053862509,0.0219776351966062,0.0400485988766921
zero_1m,246,1410,0.02695035460992908,0.01910828025477707,0.03542523075996446
zero_1m,247,1411,0.03118355776045358,0.021930990869787614,0.03895467814258629
zero_1m,248,1412,0.029745042492917848,0.021953907800554034,0.0375886524822695
zero_1m,249,1413,0.040339702760084924,0.03008313521321737,0.04943679849181194
zero_1m,250,1411,0.03897944720056697,0.028676348797638945,0.049187417604362786
zero_1m,251,1410,0.03049645390070922,0.021630461720106867,0.03899684293170559
zero_1m,252,1409,0.034066713981547196,0.025458801287389435,0.04553787837369927
zero_1m,253,1410,0.03900709219858156,0.029775125307362423,0.048176558926925836
zero_1m,254,1412,0.024787535410764873,0.017679723116242663,0.032919901199717695
zero_1m,255,1410,0.04680851063829787,0.03686571065237169,0.057972046321239895
zero_1m,256,1410,0.0375886524822695,0.028346736704744597,0.04758522727272727
zero_1m,257,1410,0.036170212765957444,0.02756183745583039,0.04545618253657193
zero_1m,258,1409,0.0397444996451384,0.030256392045454546,0.0496304865323487
zero_1m,259,1410,0.03404255319148936,0.02561320826351731,0.043186610470559696
zero_1m,260,1411,0.03472714386959603,0.02480423623249553,0.046149209727240466
zero_1m,261,1410,0.024113475177304965,0.017033356990773598,0.03265216482434335
zero_1m,262,1410,0.04184397163120567,0.03079231944064783,0.05092120366410839
zero_1m,263,1410,0.04397163120567376,0.033306318913141314,0.054552868196666014
zero_1m,264,1409,0.04045422285308729,0.029766123316796598,0.05078587228203983
zero_1m,265,1409,0.032647267565649396,0.0248403122782115,0.042540417027727456
zero_1m,266,1410,0.04326241134751773,0.03295072198754667,0.05324908814681592
zero_1m,267,1409,0.03903477643718949,0.02915776140248995,0.049128684186513366
zero_1m,268,1410,0.04113475177304964,0.03079231944064783,0.051155444369063774
zero_1m,269,1411,0.03756201275690999,0.02840713053479011,0.04863183027079302
zero_1m,270,1411,0.041814316087880936,0.03179032910103611,0.05064919610680455
zero_1m,271,1412,0.034702549575070823,0.025566417481311096,0.04394204689289374
zero_1m,272,1412,0.0339943342776204,0.025576813578212832,0.04323822583197088
zero_1m,273,1411,0.03472714386959603,0.024821827283248974,0.04432383649392008
zero_1m,274,1410,0.029787234042553193,0.02165266570219691,0.03861707602233586
zero_1m,275,1411,0.040396881644223954,0.03048510688561505,0.051395675962383154
zero_1m,276,1411,0.039688164422395464,0.030453257790368272,0.051193687318020056
zero_1m,277,1410,0.05035460992907802,0.03826514983469067,0.06028808468001545
zero_1m,278,1412,0.03611898016997167,0.027940192421638695,0.04603564752327657
zero_1m,279,1411,0.04961020552799433,0.039603960396039604,0.06138344319792538
zero_1m,280,1409,0.046132008516678494,0.0354226855765003,0.056089039514646104
zero_1m,281,1411,0.039688164422395464,0.030124945991120162,0.050497866287339974
zero_1m,282,1413,0.05024769992922859,0.03927377107354012,0.06007067137809187
zero_1m,283,1412,0.034702549575070823,0.026185421089879687,0.04533611994370306
zero_1m,284,1410,0.04822695035460993,0.036905606813342796,0.058742376918792645
zero_1m,285,1409,0.0347764371894961,0.02627748916373219,0.04436687258469436
zero_1m,286,1409,0.0383250532292406,0.029107464198763023,0.04822695035460993
zero_1m,287,1411,0.04748405386250886,0.03679860159824498,0.058077883776219565
zero_1m,288,1411,0.041105598866052445,0.030114694185698173,0.05498449775388447
zero_1m,289,1411,0.04535790219702339,0.03326140156508569,0.05639421183436773
zero_1m,290,1413,0.04883227176220807,0.03750884642604388,0.05977262087674652
zero_1m,291,1413,0.029016277423920735,0.021553968791434577,0.03899471470446512
zero_1m,292,1410,0.0524822695035461,0.03999764513279796,0.06518005031289965
zero_1m,293,1408,0.03977272727272727,0.029149858814037918,0.05049968763199761
zero_1m,294,1409,0.042583392476934,0.032585603718278185,0.05405600366241998
zero_1m,295,1412,0.04320113314447592,0.031912694356811745,0.05334671838578088
zero_1m,296,1413,0.043170559094125975,0.03256467921774459,0.053752140650757826
zero_1m,297,1412,0.05099150141643059,0.03858355047185308,0.06202805738050749
zero_1m,298,1409,0.0468417317246274,0.03660553786270347,0.057107681760314735
zero_1m,299,1408,0.04332386363636364,0.03192565271884391,0.05344276289137102
zero_1m,300,1410,0.05602836879432624,0.04361813453976576,0.06848039955906557
zero_1m,301,1411,0.03330970942593905,0.024060624121929414,0.04284695567359711
zero_1m,302,1413,0.03680113234253362,0.0275516185542313,0.04597053108565341
zero_1m,303,1411,0.03827072997873848,0.029078014184397163,0.048956189899974224
zero_1m,304,1411,0.04323175053153792,0.033343421312254366,0.052560656961552814
zero_1m,305,1405,0.03558718861209965,0.025676700737636237,0.04510848757515363
zero_1m,306,1406,0.0476529160739687,0.0363370844527295,0.059076865326865326
zero_1m,307,1404,0.03561253561253561,0.025981479875020738,0.0457848080863899
zero_1m,308,1404,0.05128205128205128,0.039546551892313694,0.062033199186987735
zero_1m,309,1407,0.04477611940298507,0.03444636769027767,0.05636073706591068
zero_1m,310,1406,0.041251778093883355,0.032254597500818626,0.05123011317041167
zero_1m,311,1405,0.04911032028469751,0.03841981239527596,0.06065490663864501
zero_1m,312,1405,0.040569395017793594,0.030602865926958225,0.05195917070917071
zero_1m,313,1404,0.042735042735042736,0.034261241970021415,0.05274864172786631
zero_1m,314,1405,0.04697508896797153,0.03735215418720011,0.05734323817428143
zero_1m,315,1408,0.04403409090909091,0.03400577815344029,0.05405405405405406
zero_1m,316,1409,0.03903477643718949,0.029787234042553193,0.04904051172707889
zero_1m,317,1409,0.0397444996451384,0.030146326966473243,0.050318922749822824
zero_1m,318,1409,0.0347764371894961,0.024778325604614376,0.04479447640326755
zero_1m,319,1408,0.04332386363636364,0.03343946634403649,0.054552868196666014
zero_1m,320,1413,0.050955414012738856,0.04095902606162923,0.062237026700576924
zero_1m,321,1414,0.04172560113154172,0.031117397454031116,0.052283126559042215
zero_1m,322,1414,0.05091937765205092,0.04026775019464574,0.06262946813334652
zero_1m,323,1413,0.040339702760084924,0.031093270922640408,0.0499188647734529
zero_1m,324,1411,0.04961020552799433,0.038978085508207264,0.06022514638668571
zero_1m,325,1410,0.04397163120567376,0.03399087642038686,0.0544756784595657
zero_1m,326,1410,0.04113475177304964,0.030527340501141708,0.05024950314740094
zero_1m,327,1411,0.04394046775336641,0.03394506838318591,0.0549433026222537
zero_1m,328,1412,0.05453257790368272,0.0425531914893617,0.06518486432441277
zero_1m,329,1413,0.048124557678697805,0.03541076487252125,0.058617918211719876
zero_1m,330,1414,0.048797736916548796,0.03886519821144555,0.060738873605273073
zero_1m,331,1414,0.04314002828854314,0.03286964237128087,0.05379018464212284
zero_1m,332,1414,0.038896746817538894,0.02969194976034706,0.0484256257042169
zero_1m,333,1413,0.040339702760084924,0.029755055884260254,0.050621316178562394
zero_1m,334,1413,0.047416843595187545,0.0367998485400948,0.05768977641543454
zero_1m,335,1414,0.05091937765205092,0.03920383034066119,0.061594018212109726
zero_1m,336,1415,0.045229681978798585,0.035648277451158374,0.055792958297902054
zero_1m,337,1414,0.04384724186704385,0.03322445626858003,0.05517090297992377
zero_1m,338,1413,0.035385704175513094,0.026157193836496218,0.04534599257350454
zero_1m,339,1414,0.04384724186704385,0.03325021196387155,0.055183154803196424
zero_1m,340,1413,0.051663128096249115,0.040324725147674004,0.0629888138044885
zero_1m,341,1414,0.039603960396039604,0.02938324285309878,0.05021216407355021
zero_1m,342,1412,0.04745042492917847,0.036824661189523204,0.05748964881528046
zero_1m,343,1413,0.04600141542816702,0.0353713500635642,0.0551932287415374
zero_1m,344,1413,0.047416843595187545,0.0367998485400948,0.05799359306190122
zero_1m,345,1413,0.047416843595187545,0.036708298653854776,0.05803463743784334
zero_1m,346,1414,0.04526166902404526,0.03462659716384955,0.05704163989720526
zero_1m,347,1411,0.04606661941885188,0.03539760800659197,0.056699415345669336
zero_1m,348,1412,0.04320113314447592,0.03325021196387155,0.05311614730878187
zero_1m,349,1413,0.04600141542816702,0.035763607251847095,0.055610414682333666
zero_1m,350,1409,0.05535841022001419,0.043645078916381704,0.06534568162787646
zero_1m,351,1409,0.0411639460610362,0.031194062859699122,0.0522700400761082
zero_1m,352,1406,0.050497866287339974,0.04043916011053562,0.06155812816260576
zero_1m,353,1405,0.04412811387900356,0.03343946634403649,0.054114734834620794
zero_1m,354,1407,0.042643923240938165,0.032716927453769556,0.05321130875979645
zero_1m,355,1409,0.048970901348474094,0.037023197574798994,0.06060611920567056
zero_1m,356,1407,0.052594171997157074,0.04194735780556676,0.06319122472742669
zero_1m,357,1407,0.04477611940298507,0.03413820576831147,0.055341779886927386
zero_1m,358,1408,0.04261363636363636,0.03262186534251867,0.05288797230814641
zero_1m,359,1408,0.046875,0.036849544329432944,0.05595520467865588
zero_1m,360,1407,0.0412224591329069,0.03239346590909091,0.052456006698512005
zero_1m,361,1407,0.02771855010660981,0.019920695666964323,0.03595933990670831
zero_1m,362,1408,0.032670454545454544,0.02477747331784915,0.04172709744697771
zero_1m,363,1407,0.03980099502487562,0.030593554314756785,0.05034331524836918
zero_1m,364,1408,0.04758522727272727,0.03614457831325301,0.058666194021928686
zero_1m,365,1408,0.04261363636363636,0.03123727865233105,0.05394290066323238
zero_1m,366,1409,0.03903477643718949,0.02765860754419171,0.04869718736740012
zero_1m,367,1407,0.03980099502487562,0.029807331963249518,0.04944486936674435
zero_1m,368,1408,0.037642045454545456,0.028429282160625444,0.04867897936643506
zero_1m,369,1408,0.044744318181818184,0.03299751243781095,0.056089039514646104
zero_1m,370,1404,0.04985754985754986,0.039530472636815916,0.05915894511760513
zero_1m,371,1405,0.046263345195729534,0.036361733377258,0.058260367198100405
zero_1m,372,1409,0.0454222853087296,0.035447798704203545,0.05524481627494056
zero_1m,373,1407,0.02914001421464108,0.019940340909090908,0.03776479711241185
zero_1m,374,1403,0.042052744119743406,0.030710148654274728,0.05147311061550134
zero_1m,375,1402,0.039229671897289584,0.029846744320790774,0.04782298358315489
zero_1m,376,1408,0.053267045454545456,0.04191755558651547,0.06637686302342086
zero_1m,377,1407,0.04193319118692253,0.0315999210521268,0.05440701895925775
zero_1m,378,1407,0.053304904051172705,0.04277999152010721,0.06443318318318317
zero_1m,379,1407,0.0412224591329069,0.03264612548355899,0.05039216130722115
zero_1m,380,1407,0.04477611940298507,0.03436148999063231,0.054461920617865756
zero_1m,381,1407,0.03837953091684435,0.028797970568433202,0.049060617013102555
zero_1m,382,1408,0.041193181818181816,0.030636089267492804,0.052236963518446713
zero_1m,383,1408,0.04403409090909091,0.03334457061745919,0.053573693668299206
zero_1m,384,1406,0.03911806543385491,0.03022362861936056,0.051209103840682786
zero_1m,385,1408,0.04261363636363636,0.031903018833783194,0.053229240596167494
zero_1m,386,1408,0.045454545454545456,0.035447798704203545,0.057910029954175254
zero_1m,387,1406,0.049786628733997154,0.038105277185501066,0.060477782052515146
zero_1m,388,1405,0.05124555160142349,0.04028418803418803,0.06309205930690075
zero_1m,389,1407,0.052594171997157074,0.040839262025477475,0.06392045454545454
zero_1m,390,1405,0.0498220640569395,0.037776193870277974,0.06074218749999999
zero_1m,391,1405,0.044839857651245554,0.03490971953583246,0.055379051672688556
zero_1m,392,1406,0.051209103840682786,0.04082279087598237,0.06314974600566238
zero_1m,393,1409,0.0411639460610362,0.031238356103619587,0.05217632646811116
zero_1m,394,1410,0.05673758865248227,0.04537318234138054,0.07090417997709599
zero_1m,395,1408,0.056107954545454544,0.04388863660968832,0.06881995932933674
zero_1m,396,1407,0.04619758351101635,0.03629765899502742,0.05629745424897653
zero_1m,397,1406,0.041963015647226175,0.03171167246058222,0.051337820016817436
zero_1m,398,1403,0.045616535994297935,0.03640128897493377,0.055676533523537804
zero_1m,399,1404,0.051994301994301995,0.04031692867652753,0.06387672958280256
zero_1m,400,1403,0.05630791161796151,0.04600789585153416,0.06728582747049668
zero_1m,401,1406,0.03769559032716927,0.02743505338078292,0.047578560041102794
zero_1m,402,1407,0.0412224591329069,0.03020213776962234,0.0510294738111024
zero_1m,403,1406,0.03911806543385491,0.029118298803054585,0.04963234554944347
zero_1m,404,1404,0.04985754985754986,0.03907433871060557,0.061079545454545456
zero_1m,405,1405,0.046263345195729534,0.03629765899502742,0.05730869884362931
zero_1m,406,1405,0.04768683274021352,0.03710244669336453,0.05909898672728323
zero_1m,407,1408,0.04616477272727273,0.03552335219196227,0.05789251470908694
zero_1m,408,1409,0.0525195173882186,0.041061225287646684,0.06422364586321971
zero_1m,409,1408,0.04332386363636364,0.03268148401660528,0.05321130875979645
zero_1m,410,1410,0.03546099290780142,0.026194229924878056,0.04492392698791383
zero_1m,411,1409,0.0468417317246274,0.035814359448285024,0.0574468085106383
zero_1m,412,1410,0.03829787234042553,0.02835823896336284,0.04888681844875096
zero_1m,413,1411,0.050318922749822824,0.04046787040696174,0.060391844046811395
zero_1m,414,1410,0.05390070921985816,0.04312402227098025,0.06630498213127854
zero_1m,415,1409,0.0383250532292406,0.029138002015512882,0.046876688240839806
zero_1m,416,1409,0.050390347764371894,0.03798051968687436,0.06206968878766416
zero_1m,417,1412,0.036827195467422094,0.02796493897083108,0.047501734095330005
zero_1m,418,1414,0.04809052333804809,0.03670707602321694,0.0600929748451877
zero_1m,419,1412,0.04461756373937677,0.03398170368632829,0.05684674393662108
zero_1m,420,1411,0.04535790219702339,0.034028714636985626,0.056396320902008745
zero_1m,421,1413,0.01627742392073602,0.009893648263131398,0.023058667712150212
zero_1m,422,1413,0.03467799009200283,0.025769300642131964,0.04433870230286238
zero_1m,423,1413,0.036093418259023353,0.02612729277667805,0.044619166061021905
zero_1m,424,1413,0.03184713375796178,0.02336161769968634,0.03974740048869754
zero_1m,425,1411,0.042523033309709427,0.032928358611994224,0.05516463730278409
zero_1m,426,1409,0.027679205110007096,0.019182610183659625,0.035864999001941664
zero_1m,427,1409,0.035486160397444996,0.025540522175075124,0.04469749935822901
zero_1m,428,1411,0.03756201275690999,0.029342456538647494,0.0475177304964539
zero_1m,429,1412,0.04178470254957507,0.033355823863636364,0.052760009743598985
zero_1m,430,1411,0.042523033309709427,0.03151225706713781,0.053601845280340656
zero_1m,431,1412,0.031161473087818695,0.023345091041952374,0.0397444996451384
zero_1m,432,1410,0.04184397163120567,0.032588870730380276,0.05353963852296853
zero_1m,433,1411,0.028348688873139617,0.0198722498225692,0.03689590292165236
zero_1m,434,1411,0.04535790219702339,0.03433378809119567,0.05453654939962081
zero_1m,435,1411,0.0517363571934798,0.03971631205673759,0.06344544230807866
zero_1m,436,1413,0.040339702760084924,0.030060984649658815,0.04993920936055469
zero_1m,437,1414,0.03253182461103253,0.023362421284350697,0.042149882030046215
zero_1m,438,1414,0.042432814710042434,0.03079231944064783,0.05224236869490329
zero_1m,439,1414,0.039603960396039604,0.0297029702970297,0.05091937765205092
zero_1m,440,1411,0.041105598866052445,0.03112785800873081,0.05231623692404576
zero_1m,441,1411,0.041814316087880936,0.03258118955707019,0.05209860284012825
zero_1m,442,1411,0.0368532955350815,0.028277076061271247,0.04501423975528716
zero_1m,443,1411,0.041105598866052445,0.02905444841359136,0.05315379163713678
zero_1m,444,1412,0.04178470254957507,0.03263080934427962,0.05186593665196744
zero_1m,445,1412,0.039660056657223795,0.02974400411687966,0.050195308400097956
zero_1m,446,1413,0.040339702760084924,0.03039785676586659,0.051288627309761185
zero_1m,447,1413,0.03750884642604388,0.028944074474998905,0.04746808011917692
zero_1m,448,1414,0.04384724186704385,0.033202092893027585,0.05453654939962081
zero_1m,449,1413,0.04104741684359519,0.030050776284046888,0.05017667844522968
zero_1m,450,1411,0.03827072997873848,0.029083982241640532,0.04915467900968007
zero_1m,451,1410,0.03546099290780142,0.02592463407636105,0.044779392264774745
zero_1m,452,1413,0.03397027600849257,0.024724138739909585,0.04394204689289374
zero_1m,453,1413,0.03467799009200283,0.026523015779601464,0.04449152542372881
zero_1m,454,1412,0.03611898016997167,0.026902182085009895,0.045614084409898385
zero_1m,455,1413,0.048124557678697805,0.037501730416202715,0.058781869688385266
zero_1m,456,1412,0.04461756373937677,0.0342957887466341,0.055364554579926575
zero_1m,457,1412,0.04036827195467422,0.031453323903818955,0.05088339222614841
zero_1m,458,1414,0.04384724186704385,0.03389925830038835,0.05379018464212284
zero_1m,459,1413,0.03821656050955414,0.02905639101520905,0.04946996466431095
zero_1m,460,1412,0.04461756373937677,0.03429200350754964,0.054189912400594856
zero_1m,461,1413,0.03821656050955414,0.028288543140028287,0.04946996466431095
zero_1m,462,1413,0.04175513092710545,0.03114778337468361,0.05182343679530955
zero_1m,463,1411,0.041105598866052445,0.031194062859699122,0.05043173741648612
zero_1m,464,1411,0.05244507441530829,0.04148573758361898,0.06387738757253385
zero_1m,465,1410,0.0425531914893617,0.03363588110403397,0.05235324942867353
zero_1m,466,1411,0.03118355776045358,0.022662098374765453,0.03933207265901059
zero_1m,467,1411,0.031892274982282066,0.023745857123383656,0.04187366926898509
zero_1m,468,1410,0.04964539007092199,0.037642045454545456,0.060353433649248486
zero_1m,469,1412,0.053824362606232294,0.042523033309709427,0.06554460715766394
zero_1m,470,1412,0.037535410764872525,0.027980668000739367,0.04740263916555721
zero_1m,471,1412,0.04178470254957507,0.03257676641372534,0.052281175541689665
zero_1m,472,1413,0.04246284501061571,0.03184602277508204,0.05253910030485838
zero_1m,473,1412,0.04815864022662889,0.037668798862828715,0.05799359306190122
zero_1m,474,1412,0.03328611898016997,0.024119965731842608,0.043524071812530644
zero_1m,475,1412,0.04178470254957507,0.031104783667398373,0.053447991753849594
zero_1m,476,1412,0.029745042492917848,0.021215667739491198,0.038219341719403076
zero_1m,477,1413,0.047416843595187545,0.03576139494963184,0.06054748350504922
zero_1m,478,1412,0.04320113314447592,0.03248587570621469,0.052854609929078
zero_1m,479,1412,0.04178470254957507,0.03190191997217403,0.05159195474632208
zero_1m,480,1412,0.04603399433427762,0.03461494790975216,0.056803231669880924
zero_1m,481,1413,0.029016277423920735,0.021260773913567597,0.03828637532495471
zero_1m,482,1413,0.03326256192498231,0.02402826855123675,0.043189797759566946
zero_1m,483,1413,0.03326256192498231,0.024079320113314446,0.04312554665360529
zero_1m,484,1414,0.04314002828854314,0.033273751526196445,0.053712172064664096
zero_1m,485,1413,0.03467799009200283,0.02513451613842313,0.04362791008830612
zero_1m,486,1411,0.029766123316796598,0.020195510887536284,0.038914068537359806
zero_1m,487,1410,0.032624113475177303,0.024155045748374352,0.04123935922840504
zero_1m,488,1412,0.03541076487252125,0.026580209356613958,0.04532298052650556
zero_1m,489,1412,0.04461756373937677,0.03427054542910121,0.05676079988402809
zero_1m,490,1413,0.03467799009200283,0.025877640698850853,0.043832522828254554
zero_1m,491,1413,0.04175513092710545,0.03220007157442688,0.05168421836108891
zero_1m,492,1412,0.029745042492917848,0.021215667739491198,0.03820511216328492
zero_1m,493,1412,0.04036827195467422,0.029807331963249518,0.0500118832588649
zero_1m,494,1412,0.042492917847025496,0.032528519991377354,0.0531002243435845
zero_1m,495,1411,0.03543586109142452,0.025567286753901585,0.04535953227653547
zero_1m,496,1410,0.036170212765957444,0.026639335567103267,0.045474874435274225
zero_1m,497,1411,0.03897944720056697,0.028347698551423463,0.04845798122629278
zero_1m,498,1412,0.053824362606232294,0.04247425005638674,0.06515580736543909
zero_1m,499,1414,0.036775106082036775,0.027532168403047737,0.04675960131142801
zero_1m,500,1412,0.043909348441926344,0.032507701436003164,0.055304613612237014
zero_1m,501,1413,0.03680113234253362,0.027998806392665124,0.04598596233599702
zero_1m,502,1412,0.026912181303116147,0.019452484775580783,0.034716726144765175
zero_1m,503,1412,0.042492917847025496,0.03363588110403397,0.0524508868297544
zero_1m,504,1412,0.04107648725212465,0.030398900945117227,0.0514211051174461
zero_1m,505,1412,0.03824362606232295,0.028398505548745078,0.049269670709527306
zero_1m,506,1412,0.031161473087818695,0.022630045588790608,0.03933359801558579
zero_1m,507,1412,0.030453257790368272,0.02198581560283688,0.04034416696718355
zero_1m,508,1412,0.04107648725212465,0.031820364312937006,0.05134208938257396
zero_1m,509,1413,0.03043170559094126,0.023304273448858014,0.03960538062763986
zero_1m,510,1413,0.043170559094125975,0.033946251768033946,0.05300543295855009
zero_1m,511,1413,0.021939136588818117,0.01412903515601605,0.029058450364655534
zero_1m,512,1410,0.03404255319148936,0.02511603114346061,0.04358928381414341
zero_1m,513,1410,0.031205673758865248,0.02302652941206038,0.04082854811411991
zero_1m,514,1411,0.025513819985825654,0.01837391820295831,0.033958864494274724
zero_1m,515,1411,0.020552799433026223,0.014159043202636785,0.02806239515452608
zero_1m,516,1412,0.0226628895184136,0.014893096369949383,0.029756109925454192
zero_1m,517,1413,0.03043170559094126,0.020530612643823342,0.04044206991737001
zero_1m,518,1412,0.028328611898016998,0.02047882049941847,0.03576345171456983
zero_1m,519,1412,0.03541076487252125,0.026874115983026876,0.045958600018592574
zero_1m,520,1412,0.037535410764872525,0.027639006087637873,0.0487831291158372
zero_1m,521,1414,0.02616690240452617,0.017698804003295984,0.03497381617960603
zero_1m,522,1413,0.03184713375796178,0.024062278839348902,0.04206375070484226
zero_1m,523,1413,0.024769992922859165,0.017648825899389577,0.034314681663225606
zero_1m,524,1412,0.030453257790368272,0.023345893506548105,0.039606840479505766
zero_1m,525,1412,0.032577903682719546,0.024813459092942483,0.0401978397705009
zero_1m,526,1410,0.03049645390070922,0.021670440276370783,0.039745930045132175
zero_1m,527,1410,0.03475177304964539,0.024485715496329566,0.04467082902320082
zero_1m,528,1412,0.0339943342776204,0.02475077423536755,0.043879847818857155
zero_1m,529,1411,0.03330970942593905,0.023404255319148935,0.04249444386763991
zero_1m,530,1412,0.04320113314447592,0.03321439059765541,0.05233380480905234
zero_1m,531,1413,0.029016277423920735,0.020485714955925084,0.03718506222069851
zero_1m,532,1413,0.03680113234253362,0.02654333991397021,0.048124557678697805
zero_1m,533,1412,0.04036827195467422,0.030094234076150188,0.05130576882651476
zero_1m,534,1412,0.034702549575070823,0.024744380121795355,0.04595512163086113
zero_1m,535,1412,0.03541076487252125,0.02754237288135593,0.044927603099937714
zero_1m,536,1411,0.029766123316796598,0.021585090844889573,0.03902304992026931
zero_1m,537,1412,0.036827195467422094,0.027639006087637873,0.047434473795532776
zero_1m,538,1411,0.028348688873139617,0.019155391631306345,0.03609471352841476
zero_1m,539,1411,0.03330970942593905,0.02272495466479693,0.04326720959956058
zero_1m,540,1411,0.03472714386959603,0.025479704778513565,0.043925686080432375
zero_1m,541,1411,0.029057406094968107,0.020574309529921626,0.03881578554182305
zero_1m,542,1412,0.028328611898016998,0.01980863691464688,0.03684223999036304
zero_1m,543,1413,0.04246284501061571,0.03192565271884391,0.05182911246290083
zero_1m,544,1414,0.03182461103253183,0.02336161769968634,0.039534765498845735
zero_1m,545,1413,0.03326256192498231,0.024061439430061986,0.04321720727268347
zero_1m,546,1413,0.039631988676574664,0.030354939271456837,0.05056455885366425
zero_1m,547,1413,0.03255484784147204,0.023353750035060163,0.041770656028902
zero_1m,548,1414,0.033946251768033946,0.023985470605273663,0.044585987261146494
zero_1m,549,1413,0.029016277423920735,0.021877205363443897,0.038176713431060424
zero_1m,550,1412,0.026203966005665724,0.018095222602057367,0.034357965158388286
zero_1m,551,1412,0.04320113314447592,0.03251975449942773,0.053882564048434035
zero_1m,552,1412,0.0339943342776204,0.025136738807670724,0.043909348441926344
zero_1m,553,1412,0.03328611898016997,0.025450242651726053,0.042432814710042434
zero_1m,554,1413,0.03750884642604388,0.02898499857557689,0.04616477272727273
zero_1m,555,1413,0.03680113234253362,0.026194229924878056,0.04561776230626594
zero_1m,556,1409,0.031227821149751596,0.02200884180027744,0.0403547015872443
zero_1m,557,1409,0.0333569907735983,0.024121604276459842,0.043483108108108105
zero_1m,558,1410,0.04184397163120567,0.0318911608703514,0.05403778105791006
zero_1m,559,1410,0.03687943262411347,0.02689219701006928,0.046875
zero_1m,560,1410,0.05035460992907802,0.039317250316436625,0.06176894225030647
zero_1m,561,1410,0.02695035460992908,0.019141811300269915,0.035776796032357464
zero_1m,562,1410,0.03687943262411347,0.026966733021973815,0.04715768751715256
zero_1m,563,1409,0.042583392476934,0.032633986816248954,0.05306072577230426
zero_1m,564,1410,0.03900709219858156,0.028674052491304152,0.04899094950778025
zero_1m,565,1411,0.04323175053153792,0.03299751243781095,0.05384635075514598
zero_1m,566,1410,0.02553191489361702,0.016978831641125895,0.03474007418912194
zero_1m,567,1410,0.031914893617021274,0.023717453870501115,0.041815818817431134
zero_1m,568,1410,0.029078014184397163,0.02020395353449326,0.03872196664749855
zero_1m,569,1410,0.02269503546099291,0.016282339608872296,0.03183878334874893
zero_1m,570,1410,0.024113475177304965,0.016323633782824698,0.033349727819692455
zero_1m,571,1390,0.007913669064748202,0.0035810664150234682,0.013006256998989796
zero_1m,572,1393,0.007178750897343862,0.003568513627526503,0.011823875442277771
zero_1m,573,1393,0.007178750897343862,0.0035957646535539362,0.012173509854313274
zero_1m,574,1392,0.010775862068965518,0.005740837823056665,0.01641932254424198
zero_1m,575,1392,0.007183908045977011,0.003599712023038157,0.01214059743649879
zero_1m,576,1393,0.008614501076812634,0.003925300762435475,0.012959436485393817
zero_1m,577,1392,0.01221264367816092,0.007144560264843857,0.019424460431654675
zero_1m,578,1391,0.01509705248023005,0.008613900419749078,0.022206303724928367
zero_1m,579,1391,0.012940330697340043,0.007137758743754461,0.018672481529653118
zero_1m,580,1391,0.010783608914450037,0.005726354882742846,0.015867579908675798
zero_1m,581,1391,0.010783608914450037,0.005769618909892945,0.017192601657930587
zero_1m,582,1391,0.012221423436376708,0.006809263362307165,0.017896808011867153
zero_1m,583,1391,0.012221423436376708,0.0068191447594007784,0.01729169813494949
zero_1m,584,1391,0.012221423436376708,0.007152823649984164,0.018703088989204773
zero_1m,585,1391,0.014378145219266714,0.007921530701904534,0.02155499863752343
zero_1m,586,1391,0.010064701653486701,0.0053792839465503116,0.015835128021057666
zero_1m,587,1392,0.009339080459770116,0.00500476789430358,0.015141144878176579
zero_1m,588,1392,0.010775862068965518,0.006101394722983592,0.0158687738506931
zero_1m,589,1392,0.015086206896551725,0.009345463284544778,0.022114603874260525
zero_1m,590,1392,0.01293103448275862,0.007188570642991777,0.018828339774858597
zero_1m,591,1392,0.01293103448275862,0.0071915293071078724,0.018640083123674215
zero_1m,592,1393,0.010050251256281407,0.00504859335969646,0.015435200795400499
zero_1m,593,1394,0.019368723098995694,0.012866333095067906,0.028018262205553802
zero_1m,594,1394,0.010043041606886656,0.0050413214781434195,0.015777130638867688
zero_1m,595,1394,0.021520803443328552,0.014330542966210575,0.028736679185183387
zero_1m,596,1394,0.010760401721664276,0.005738678029162711,0.01579979206355264
zero_1m,597,1394,0.012195121951219513,0.0065051236317129136,0.017570542774982014
zero_1m,598,1393,0.012203876525484566,0.007160631767213,0.01760500667887002
zero_1m,599,1393,0.017946877243359655,0.011143375492432096,0.025053686471009307
zero_1m,600,1392,0.01293103448275862,0.007196209258384506,0.01804571411603643
zero_1m,601,1392,0.00646551724137931,0.002863278453829635,0.011156705078270348
zero_1m,602,1393,0.014357501794687724,0.008611256734584996,0.020804200212532195
zero_1m,603,1393,0.01866475233309404,0.012177650429799427,0.026210384264013224
zero_1m,604,1393,0.00933237616654702,0.004313443565780014,0.014709532374100706
zero_1m,605,1393,0.01507537688442211,0.009315167570598607,0.021813349921953426
zero_1m,606,1393,0.007178750897343862,0.002881742063374656,0.012208479280639652
zero_1m,607,1393,0.016511127063890883,0.010740947650819501,0.02296502286491163
zero_1m,608,1393,0.01722900215362527,0.011476962092019892,0.02438283826006825
zero_1m,609,1393,0.01148600143575018,0.006072973505914106,0.017968596676066227
zero_1m,610,1394,0.010760401721664276,0.005046341539485175,0.01685566089182884
zero_1m,611,1394,0.013629842180774749,0.0075225343004078305,0.020072414317603482
zero_1m,612,1394,0.013629842180774749,0.008648191261582191,0.020022548317823907
zero_1m,613,1394,0.015781922525107604,0.00926521726981998,0.02368180572878741
zero_1m,614,1394,0.020086083213773313,0.013246953600999844,0.028068158863837653
zero_1m,615,1394,0.012195121951219513,0.0071581961345740875,0.018728474121225448
zero_1m,616,1394,0.012195121951219513,0.006472376376397085,0.018032009800351648
zero_1m,617,1394,0.015064562410329985,0.008595390422472768,0.021923016182672825
zero_1m,618,1394,0.013629842180774749,0.007879656160458453,0.020021812023916532
zero_1m,619,1394,0.015781922525107604,0.009649626805976029,0.02286742428497177
zero_1m,620,1394,0.012195121951219513,0.006458442550938748,0.017241379310344827
zero_1m,621,1394,0.010760401721664276,0.005740837823056665,0.01573792468276709
zero_1m,622,1394,0.013629842180774749,0.007917803745947333,0.019377473174871613
zero_1m,623,1394,0.015781922525107604,0.01003206806954843,0.022307387332924786
zero_1m,624,1394,0.014347202295552367,0.00933237616654702,0.020159123421723716
zero_1m,625,1394,0.015781922525107604,0.00966652257704292,0.022303808920467717
zero_1m,626,1394,0.01291248206599713,0.007173347536453388,0.020060344827586205
zero_1m,627,1394,0.012195121951219513,0.007160631767213,0.019015467543767612
zero_1m,628,1394,0.01291248206599713,0.007509176567801771,0.018982682784855775
zero_1m,629,1394,0.01721664275466284,0.010042686551034744,0.023707760327776297
zero_1m,630,1394,0.015064562410329985,0.008950332327216867,0.02226505690433017
zero_1m,631,1394,0.00860832137733142,0.004305332685149518,0.012973689377577067
zero_1m,632,1394,0.01649928263988522,0.01009718671939292,0.02411984323784649
zero_1m,633,1394,0.015781922525107604,0.009313165905631658,0.022255771227733843
zero_1m,634,1394,0.013629842180774749,0.0085927581206556,0.02007998444946797
zero_1m,635,1394,0.02080344332855093,0.014316392269148175,0.02872433383765088
zero_1m,636,1394,0.01649928263988522,0.010779541820570664,0.022997182214069097
zero_1m,637,1394,0.019368723098995694,0.012483258715034631,0.026611611474416128
zero_1m,638,1394,0.015781922525107604,0.010059253956891752,0.02223141135476811
zero_1m,639,1394,0.020086083213773313,0.013624238157632206,0.027837259100642397
zero_1m,640,1394,0.015781922525107604,0.008268238595573246,0.02296417525215749
zero_1m,641,1394,0.011477761836441894,0.005765265044282264,0.017908960060344363
zero_1m,642,1393,0.015793251974156496,0.009361809011341721,0.022274401991289394
zero_1m,643,1392,0.01293103448275862,0.006787242143526784,0.018753290192365712
zero_1m,644,1393,0.01722900215362527,0.0114730426590587,0.023015447761657194
zero_1m,645,1393,0.022254127781765973,0.015764678395004672,0.0308720960194595
zero_1m,646,1393,0.019382627422828428,0.012938577110030932,0.027943482589107026
zero_1m,647,1392,0.01293103448275862,0.007530906023670456,0.01972749098282689
zero_1m,648,1392,0.015804597701149427,0.009314852928036873,0.02193043956554747
zero_1m,649,1392,0.016522988505747127,0.009379175895824819,0.02363896848137536
zero_1m,650,1393,0.01722900215362527,0.010744985673352435,0.023031136764337226
zero_1m,651,1393,0.015793251974156496,0.010384500190663804,0.02251380623515293
zero_1m,652,1394,0.01721664275466284,0.010744985673352435,0.024013939239999678
zero_1m,653,1394,0.021520803443328552,0.01400048064996279,0.028710812375245382
zero_1m,654,1393,0.01866475233309404,0.011485595079074522,0.025918872970787633
zero_1m,655,1393,0.020100502512562814,0.013628892484273623,0.028635990981758553
zero_1m,656,1393,0.015793251974156496,0.00965301724137931,0.022989343348146712
zero_1m,657,1394,0.018651362984218076,0.01219347268965943,0.0255541405658429
zero_1m,658,1394,0.017934002869440458,0.011473442248653987,0.02649528615350536
zero_1m,659,1394,0.019368723098995694,0.013614949522958582,0.02661371782339524
zero_1m,660,1394,0.019368723098995694,0.011501713028786843,0.027211374968464968
zero_1m,661,1394,0.013629842180774749,0.008555998304021442,0.019459812607393896
zero_1m,662,1394,0.012195121951219513,0.006789693950908905,0.019751941713074476
zero_1m,663,1394,0.014347202295552367,0.008617440651533529,0.020065594546214524
zero_1m,664,1394,0.01291248206599713,0.007173347536453388,0.0193162258466589
zero_1m,665,1394,0.014347202295552367,0.008595104594759768,0.019813591580832946
zero_1m,666,1394,0.013629842180774749,0.007170901405408741,0.01937089696674655
zero_1m,667,1394,0.021520803443328552,0.014391945296467909,0.02991989045843518
zero_1m,668,1394,0.01721664275466284,0.01107341708115592,0.025126542942660663
zero_1m,669,1394,0.020086083213773313,0.012893527605237029,0.026884795111430614
zero_1m,670,1394,0.023672883787661407,0.014992390561747341,0.030764119958309
zero_1m,671,1394,0.01721664275466284,0.01108183776022972,0.024712544732343775
zero_1m,672,1394,0.019368723098995694,0.012856690233005221,0.027624550813831732
zero_1m,673,1394,0.019368723098995694,0.012242365630216098,0.026187076071808733
zero_1m,674,1394,0.015781922525107604,0.009991838157074209,0.02229536723269035
zero_1m,675,1394,0.019368723098995694,0.012522696719451089,0.026897255990557128
zero_1m,676,1394,0.019368723098995694,0.012865012732527008,0.026796793206405822
zero_1m,677,1394,0.02080344332855093,0.013614475680105658,0.027987588588566936
zero_1m,678,1394,0.017934002869440458,0.01148600143575018,0.024738941634441194
zero_1m,679,1394,0.021520803443328552,0.015031681567199971,0.028633824005640476
zero_1m,680,1394,0.017934002869440458,0.01107835832940915,0.024399436205417332
zero_1m,681,1393,0.02297200287150036,0.016155454394266654,0.030834939440028047
zero_1m,682,1393,0.024407753050969132,0.016545606429494188,0.03181853599466574
zero_1m,683,1394,0.013629842180774749,0.007859273029530368,0.01944579736214763
zero_1m,684,1394,0.02223816355810617,0.015005092923516797,0.03016800703033378
zero_1m,685,1394,0.018651362984218076,0.011513556237174328,0.026879167596719017
zero_1m,686,1393,0.025843503230437905,0.017914407267050764,0.03508964419216392
zero_1m,687,1393,0.016511127063890883,0.010751939470334596,0.023837549313086053
zero_1m,688,1394,0.017934002869440458,0.012154833632955584,0.024337866857551897
zero_1m,689,1394,0.020086083213773313,0.013245282989780519,0.02781840992306178
zero_1m,690,1394,0.02223816355810617,0.014326647564469915,0.02948633041805233
zero_1m,691,1394,0.019368723098995694,0.012906736726482858,0.0276168157493888
zero_1m,692,1394,0.024390243902439025,0.017136433159987766,0.03274632469395739
zero_1m,693,1394,0.01291248206599713,0.0071863612137137755,0.020152244668795075
zero_1m,694,1394,0.027259684361549498,0.018983709546873593,0.03699504547620569
zero_1m,695,1394,0.021520803443328552,0.014414156567052227,0.029423935545668023
zero_1m,696,1394,0.024390243902439025,0.01717967072297781,0.03265368636808771
zero_1m,697,1394,0.013629842180774749,0.007887716828102855,0.01929366056740587
zero_1m,698,1394,0.027259684361549498,0.01928437609056345,0.03577881993194081
zero_1m,699,1394,0.019368723098995694,0.012925710165885014,0.026514272730073635
zero_1m,700,1394,0.024390243902439025,0.016438627380451175,0.032846002855103494
zero_1m,701,1394,0.014347202295552367,0.0085986162190141,0.021158303082874596
zero_1m,702,1394,0.02582496413199426,0.018596704871060174,0.03522645578720345
zero_1m,703,1394,0.02223816355810617,0.015340584412933983,0.03003382247673586
zero_1m,704,1394,0.02080344332855093,0.01433641106173408,0.030189692197566207
zero_1m,705,1394,0.02223816355810617,0.015053231614820783,0.03002144388849178
zero_1m,706,1394,0.019368723098995694,0.012906736726482858,0.026619676320933865
zero_1m,707,1394,0.023672883787661407,0.01679422708517536,0.03228358734314791
zero_1m,708,1394,0.02080344332855093,0.013600572655690766,0.028169526408046576
zero_1m,709,1394,0.025107604017216643,0.01789549033643522,0.033741357665858604
zero_1m,710,1394,0.03012912482065997,0.0215193039225373,0.03944585774686853
zero_1m,711,1394,0.025107604017216643,0.01608804581245526,0.03278688524590164
zero_1m,712,1394,0.013629842180774749,0.007546846865084247,0.01868521054893114
zero_1m,713,1394,0.014347202295552367,0.008598915488184367,0.020796359718815403
zero_1m,714,1394,0.019368723098995694,0.012921751615218953,0.027348462482713613
zero_1m,715,1393,0.020100502512562814,0.012860628593776964,0.027898007729214497
zero_1m,716,1393,0.015793251974156496,0.010006121014187673,0.02290705920451238
zero_1m,717,1393,0.020100502512562814,0.01324932454600338,0.028018262205553802
zero_1m,718,1393,0.02512562814070352,0.015450958653971567,0.033815452234257505
zero_1m,719,1393,0.020100502512562814,0.013585272011453113,0.02659458841101261
zero_1m,720,1393,0.01722900215362527,0.01075965196126865,0.023337848819364754
zero_1m,721,1393,0.0208183776022972,0.014341802810817482,0.028706278581139538
zero_1m,722,1393,0.022254127781765973,0.015074843541285311,0.02977325109610215
zero_1m,723,1393,0.027279253409906678,0.019395865018839706,0.035128038186638275
zero_1m,724,1394,0.01721664275466284,0.010783226866782437,0.023648736429467118
zero_1m,725,1394,0.02295552367288379,0.015118254099890116,0.029705847112389158
zero_1m,726,1394,0.023672883787661407,0.015058368490014542,0.03166781305096369
zero_1m,727,1394,0.02223816355810617,0.014695671922652651,0.030055314786861673
zero_1m,728,1394,0.02582496413199426,0.018617642594753802,0.034350230414746545
zero_1m,729,1394,0.02295552367288379,0.015020415472779368,0.031188854997894633
zero_1m,730,1394,0.02654232424677188,0.017926629154779217,0.03525308485745295
zero_1m,731,1394,0.020086083213773313,0.01293778054572847,0.02644746247319514
zero_1m,732,1394,0.020086083213773313,0.013576036454610436,0.02720114531138153
zero_1m,733,1394,0.024390243902439025,0.01727683236303926,0.03193640012206499
zero_1m,734,1394,0.027259684361549498,0.019264064250076367,0.03661433331014278
zero_1m,735,1394,0.02582496413199426,0.018617642594753802,0.03353859543548607
zero_1m,736,1394,0.02582496413199426,0.017957337968506147,0.03435934144595562
zero_1m,737,1394,0.023672883787661407,0.015781922525107604,0.030532826621063238
zero_1m,738,1394,0.02582496413199426,0.01863799283154122,0.03384110501567398
zero_1m,739,1394,0.021520803443328552,0.01298209721064804,0.029360722691402462
zero_1m,740,1394,0.02654232424677188,0.018623345915357664,0.03668432088500051
zero_1m,741,1394,0.020086083213773313,0.013000394399526721,0.027540978703038992
zero_1m,742,1394,0.01721664275466284,0.011105696688175588,0.025126542942660663
zero_1m,743,1394,0.023672883787661407,0.016522988505747127,0.03227140357950209
zero_1m,744,1394,0.020086083213773313,0.013653609775496187,0.0273422894656754
zero_1m,745,1394,0.02223816355810617,0.015090831857127363,0.02934966960578149
zero_1m,746,1394,0.029411764705882353,0.020100502512562814,0.036473888705387404
zero_1m,747,1394,0.021520803443328552,0.013651438620411831,0.029360722691402462
zero_1m,748,1394,0.027977044476327116,0.02006413613909686,0.03721134211706684
zero_1m,749,1394,0.02295552367288379,0.01612829468102966,0.03090246360015535
zero_1m,750,1394,0.027977044476327116,0.020465892352854897,0.03743837206891547
zero_1m,751,1394,0.014347202295552367,0.008620689655172414,0.021181506849315055
zero_1m,752,1394,0.021520803443328552,0.014367307421362744,0.029247199957264845
zero_1m,753,1394,0.02080344332855093,0.013644281031594756,0.028694404591104734
zero_1m,754,1394,0.020086083213773313,0.013273832748081676,0.027669010769869128
zero_1m,755,1394,0.023672883787661407,0.016113765020740235,0.03089193012407214
zero_1m,756,1394,0.027259684361549498,0.019375327652816243,0.03590729200188133
zero_1m,757,1394,0.023672883787661407,0.016522403534567156,0.03210903206493018
zero_1m,758,1394,0.02654232424677188,0.018636074934635687,0.035555903413907616
zero_1m,759,1394,0.019368723098995694,0.012889137180983402,0.026601535911585074
zero_1m,760,1394,0.025107604017216643,0.01683229055590529,0.0329189708141321
zero_1m,761,1394,0.02223816355810617,0.015090831857127363,0.03090246360015535
zero_1m,762,1394,0.024390243902439025,0.017969139646845097,0.03296875320940741
zero_1m,763,1394,0.020086083213773313,0.01324659223762478,0.028574621005912782
zero_1m,764,1394,0.025107604017216643,0.017901579418032502,0.03364063629790309
zero_1m,765,1394,0.019368723098995694,0.012181796941594521,0.02654232424677188
zero_1m,766,1394,0.021520803443328552,0.014356993848843154,0.029718193016544495
zero_1m,767,1394,0.018651362984218076,0.011489520147453346,0.025520968908170634
zero_1m,768,1394,0.027259684361549498,0.019027842335223574,0.03580444074798022
zero_1m,769,1394,0.029411764705882353,0.02142857142857143,0.037266087231579925
zero_1m,770,1394,0.03156384505021521,0.02255802638403196,0.04123317528433659
zero_1m,771,1394,0.023672883787661407,0.016822848146310954,0.03144270839183618
zero_1m,772,1394,0.018651362984218076,0.012159800204973079,0.025458407503484104
zero_1m,773,1394,0.018651362984218076,0.011469128849387264,0.026012513997979592
zero_1m,774,1394,0.020086083213773313,0.013268629360156284,0.027551373096006446
zero_1m,775,1394,0.027259684361549498,0.01931987152113204,0.0355137777283731
zero_1m,776,1394,0.02295552367288379,0.015064029826552116,0.03148771121351766
zero_1m,777,1394,0.02223816355810617,0.014419098352815931,0.03002480083711766
zero_1m,778,1393,0.028715003589375447,0.020400199405682808,0.03799859096232339
zero_1m,779,1392,0.028017241379310345,0.020041555540183595,0.0367008169039016
zero_1m,780,1393,0.03374012921751615,0.02513420190030613,0.04441422094965402
zero_1m,781,1346,0.02674591381872214,0.017957017901370033,0.036587371254681644
zero_1m,782,1347,0.014105419450631032,0.008130081300813009,0.021216184494915483
zero_1m,783,1347,0.022271714922048998,0.015572011878247959,0.029620341168781605
zero_1m,784,1347,0.021529324424647365,0.013395323558058286,0.029494114872216256
zero_1m,785,1347,0.026726057906458798,0.018628228342281325,0.03514359382860976
zero_1m,786,1347,0.0200445434298441,0.012698389441110278,0.0271332554061952
zero_1m,787,1347,0.016332590942835932,0.00968048502510243,0.02290165589627697
zero_1m,788,1347,0.015590200445434299,0.009992633844610691,0.02360250609119387
zero_1m,789,1347,0.017074981440237565,0.010459784048358688,0.023892795198879973
zero_1m,790,1347,0.03637713437268003,0.028084712838576036,0.04584188872415889
zero_1m,791,1347,0.0200445434298441,0.012990352321187884,0.02749958572004618
zero_1m,792,1347,0.022271714922048998,0.01362440754105404,0.03076722653452993
zero_1m,793,1347,0.01855976243504083,0.011881596597126618,0.026478363439493204
zero_1m,794,1347,0.028953229398663696,0.020871017214745335,0.03843455289171685
zero_1m,795,1346,0.030460624071322436,0.020739983945121505,0.03921886712893552
zero_1m,796,1346,0.022288261515601784,0.014247953855030474,0.030545498883085144
zero_1m,797,1347,0.020786933927245732,0.014005391595827586,0.028966769366197184
zero_1m,798,1347,0.028953229398663696,0.019613093996984337,0.03931898742118636
zero_1m,799,1347,0.031180400890868598,0.022704415113435104,0.040001503430180205
zero_1m,800,1347,0.0200445434298441,0.013362066352330379,0.028307017018216682
zero_1m,801,1347,0.0200445434298441,0.013288793079954434,0.028406537896343165
zero_1m,802,1346,0.02526002971768202,0.017111270550681023,0.033410126184616994
zero_1m,803,1346,0.018573551263001486,0.011922503725782414,0.025101980192623198
zero_1m,804,1347,0.017817371937639197,0.012186706559898113,0.025130284583045632
zero_1m,805,1347,0.0200445434298441,0.01327433628318584,0.02716852128292678
zero_1m,806,1346,0.02600297176820208,0.01638063524590164,0.03411525555336809
zero_1m,807,1346,0.02600297176820208,0.017876118568232662,0.03538241541647522
zero_1m,808,1347,0.0200445434298441,0.013437114394919795,0.028359282891113217
zero_1m,809,1347,0.024498886414253896,0.016700489107545704,0.03223649664113566
zero_1m,810,1347,0.020786933927245732,0.013410936906562544,0.029051938518696068
zero_1m,811,1347,0.020786933927245732,0.01335082294165526,0.028673433939266888
zero_1m,812,1347,0.023756495916852263,0.015156282168654644,0.032975790185263615
zero_1m,813,1347,0.023756495916852263,0.015572572165776165,0.03156872654882473
zero_1m,814,1347,0.030438010393466965,0.020036736764190783,0.03891015510456901
zero_1m,815,1346,0.0274888558692422,0.018609142307749887,0.037014105978479615
zero_1m,816,1346,0.033432392273402674,0.02449627976190476,0.04437595670238354
zero_1m,817,1347,0.0200445434298441,0.013521317094318152,0.026738556338028165
zero_1m,818,1346,0.021545319465081723,0.014120374973486054,0.029224658613445368
zero_1m,819,1346,0.02897473997028232,0.019984467455621303,0.037961262432188066
zero_1m,820,1347,0.021529324424647365,0.014530992259865498,0.030217194152402465
zero_1m,821,1347,0.028210838901262063,0.01997743562734595,0.036900581967887286
zero_1m,822,1347,0.023756495916852263,0.015657759006598024,0.0317935679861102
zero_1m,823,1347,0.028953229398663696,0.02008854946618429,0.03783525204680197
zero_1m,824,1347,0.0200445434298441,0.013357824509460521,0.028241185393221208
zero_1m,825,1347,0.019302152932442463,0.011860637509266123,0.026380044513825553
zero_1m,826,1347,0.025241276911655532,0.017035812424279668,0.033361917186139955
zero_1m,827,1347,0.028953229398663696,0.020036736764190783,0.038200456219733364
zero_1m,828,1347,0.022271714922048998,0.015011484210971296,0.030658426379651334
zero_1m,829,1347,0.019302152932442463,0.012643416028739632,0.027129899689254756
zero_1m,830,1346,0.02451708766716196,0.017369776496918784,0.033224471675529305
zero_1m,831,1346,0.02674591381872214,0.01855253404091739,0.035682358010097545
zero_1m,832,1347,0.017074981440237565,0.009927723534174556,0.02515964558242716
zero_1m,833,1347,0.017074981440237565,0.01033572795107567,0.023818831330000352
zero_1m,834,1347,0.034892353377876766,0.025263158766932147,0.043807929153165816
zero_1m,835,1346,0.034918276374442794,0.02559964844137618,0.04479367538706765
zero_1m,836,1345,0.02379182156133829,0.016779092616480747,0.030409564393939388
zero_1m,837,1345,0.02453531598513011,0.017466901211569283,0.033311462881117374
zero_1m,838,1346,0.023031203566121844,0.014997300671457974,0.03055498332828971
zero_1m,839,1347,0.02746844840386043,0.020019783440751414,0.03641976382702301
zero_1m,840,1346,0.03194650817236255,0.023036921426590765,0.042199355021104806
zero_1m,841,1346,0.015601783060921248,0.009636074792957675,0.02234678794832842
zero_1m,842,1347,0.020786933927245732,0.013252116989710043,0.02874634079183815
zero_1m,843,1347,0.016332590942835932,0.010480352160690416,0.024117668893838144
zero_1m,844,1346,0.02823179791976226,0.020462537113582115,0.03573676459189209
zero_1m,845,1346,0.020059435364041606,0.013283181401519918,0.026278308214313893
zero_1m,846,1346,0.018573551263001486,0.01185602503912363,0.02535421327367636
zero_1m,847,1346,0.018573551263001486,0.01120556705381184,0.025185185185185185
zero_1m,848,1346,0.022288261515601784,0.014109888806768667,0.029731589890209922
zero_1m,849,1346,0.022288261515601784,0.015139081286688453,0.0307311176675241
zero_1m,850,1346,0.0237741456166419,0.015659380074293214,0.03153019896174742
zero_1m,851,1345,0.015613382899628252,0.00893838227248869,0.023668639053254437
zero_1m,852,1345,0.02379182156133829,0.015543474687705457,0.032470320966797354
zero_1m,853,1346,0.021545319465081723,0.014798100464700703,0.028936298076923075
zero_1m,854,1347,0.0200445434298441,0.01191784302998492,0.02793163338572897
zero_1m,855,1347,0.021529324424647365,0.01376845715097994,0.03070915258134989
zero_1m,856,1347,0.017817371937639197,0.011460454616735151,0.023812299766321376
zero_1m,857,1347,0.023756495916852263,0.015202101649926367,0.03224643490580023
zero_1m,858,1347,0.025983667409057165,0.018647449981301422,0.03524863344405092
zero_1m,859,1347,0.026726057906458798,0.018995622146448593,0.035259545280809636
zero_1m,860,1346,0.020802377414561663,0.013347438752783965,0.029611917209004576
zero_1m,861,1346,0.020802377414561663,0.013447640130342903,0.028480209111277067
zero_1m,862,1346,0.020059435364041606,0.013303285028799175,0.027856909801984985
zero_1m,863,1346,0.021545319465081723,0.01372541551858132,0.029554684600100436
zero_1m,864,1346,0.0237741456166419,0.016433732128723427,0.03288743408704978
zero_1m,865,1346,0.0274888558692422,0.018510012369478968,0.03638136574074074
zero_1m,866,1346,0.017830609212481426,0.011085679324594875,0.02592893462848376
zero_1m,867,1346,0.0237741456166419,0.016405064839735747,0.032086114515125504
zero_1m,868,1346,0.021545319465081723,0.014136386661388944,0.029773539162500442
zero_1m,869,1346,0.029717682020802376,0.021393161886122506,0.039025798839317366
zero_1m,870,1347,0.02301410541945063,0.014776234441544092,0.03253811973960713
zero_1m,871,1347,0.014847809948032665,0.009258688109269154,0.02113845732825131
zero_1m,872,1347,0.019302152932442463,0.011883629980652835,0.026587887740029542
zero_1m,873,1347,0.023756495916852263,0.015867477278309998,0.03270346139569413
zero_1m,874,1347,0.026726057906458798,0.018441740766985928,0.03566121842496285
zero_1m,875,1347,0.03414996288047513,0.02417141647035375,0.04435739379432002
zero_1m,876,1347,0.020786933927245732,0.013377679700834635,0.029289630864240263
zero_1m,877,1347,0.03192279138827023,0.022761351365822753,0.04123422983489618
zero_1m,878,1347,0.021529324424647365,0.013381149135286534,0.02909416841964673
zero_1m,879,1347,0.031180400890868598,0.021853523410135113,0.039615102643316254
zero_1m,880,1346,0.0274888558692422,0.018049648158645997,0.03665817638051996
zero_1m,881,1346,0.022288261515601784,0.014116494315733651,0.03127445044709389
zero_1m,882,1346,0.022288261515601784,0.01421545657614081,0.029845624210430338
zero_1m,883,1347,0.028953229398663696,0.020939463053682883,0.03853350904648162
zero_1m,884,1347,0.02301410541945063,0.015162515146696786,0.032174194057658805
zero_1m,885,1347,0.025983667409057165,0.01883203972635077,0.035134109290539305
zero_1m,886,1347,0.022271714922048998,0.014819498470195723,0.031113483925341946
zero_1m,887,1347,0.017074981440237565,0.01033172768983412,0.024355155488163555
zero_1m,888,1347,0.017074981440237565,0.01107399423329536,0.02441965600647342
zero_1m,889,1347,0.0200445434298441,0.013283649886929583,0.028299326969510978
zero_1m,890,1347,0.022271714922048998,0.015525420254202543,0.03231254639940607
zero_1m,891,1347,0.022271714922048998,0.015570433758314857,0.02982961496541139
zero_1m,892,1347,0.019302152932442463,0.01220994083776016,0.027531871217472755
zero_1m,893,1347,0.022271714922048998,0.014852514533440702,0.030946806276089235
zero_1m,894,1347,0.025983667409057165,0.016611234294161125,0.03402761099516109
zero_1m,895,1347,0.025241276911655532,0.016992060416166292,0.03417533432392273
zero_1m,896,1347,0.019302152932442463,0.011101708751736803,0.026486046874043396
zero_1m,897,1347,0.025983667409057165,0.017856488414386036,0.034598706731545824
zero_1m,898,1347,0.03192279138827023,0.023700400113252022,0.04236422664980087
zero_1m,899,1347,0.02969561989606533,0.02174531946625157,0.039195307195502356
zero_1m,900,1347,0.030438010393466965,0.021018054252939903,0.03980288051956672
zero_1m,901,1347,0.015590200445434299,0.00889861266615781,0.021378944639724534
zero_1m,902,1347,0.020786933927245732,0.014042356419288018,0.030360849698001145
zero_1m,903,1346,0.019316493313521546,0.01146921298584341,0.02706355214100101
zero_1m,904,1346,0.020802377414561663,0.013015447697677578,0.027792678064837113
zero_1m,905,1346,0.020059435364041606,0.012591255594677834,0.027432031805955097
zero_1m,906,1346,0.021545319465081723,0.014875143830766506,0.029352743627788665
zero_1m,907,1346,0.02451708766716196,0.016707940208144596,0.03178241873738124
zero_1m,908,1346,0.017830609212481426,0.011089585895858959,0.026273187437719683
zero_1m,909,1346,0.021545319465081723,0.014874607092634861,0.02952029520295203
zero_1m,910,1346,0.020802377414561663,0.01403550166981269,0.028339321993962798
zero_1m,911,1346,0.018573551263001486,0.011228321754781409,0.025450068491423863
zero_1m,912,1346,0.0237741456166419,0.01620428002261783,0.030794186483888476
zero_1m,913,1346,0.018573551263001486,0.011155187235709213,0.025975503840277924
zero_1m,914,1346,0.022288261515601784,0.014847809948032665,0.030007383044184672
zero_1m,915,1345,0.013382899628252789,0.007396180213063822,0.019727654733135674
zero_1m,916,1346,0.017830609212481426,0.01004369594927416,0.02562525352957256
zero_1m,917,1347,0.017817371937639197,0.011221225258957274,0.025541597775028183
zero_1m,918,1347,0.028210838901262063,0.018698578908002993,0.037091988130563795
zero_1m,919,1347,0.023756495916852263,0.015949251541592668,0.03160020930668404
zero_1m,920,1347,0.02301410541945063,0.015729194078624366,0.03155228788766648
zero_1m,921,1347,0.01855976243504083,0.011155955319476146,0.02638477263035097
zero_1m,922,1347,0.015590200445434299,0.009590038086882503,0.023427611415531166
zero_1m,923,1347,0.016332590942835932,0.010529693907108523,0.02289131064745818
zero_1m,924,1347,0.01855976243504083,0.012033935893838315,0.024955006653359937
zero_1m,925,1347,0.02746844840386043,0.020007042253521127,0.035913208035099856
zero_1m,926,1347,0.017074981440237565,0.011081393330407498,0.023792719167904902
zero_1m,927,1347,0.026726057906458798,0.01846248756349165,0.035687732342007436
zero_1m,928,1347,0.02746844840386043,0.018600508764985455,0.037151426803561496
zero_1m,929,1347,0.02969561989606533,0.02083256981678371,0.038708610482297366
zero_1m,930,1347,0.023756495916852263,0.016460599742922532,0.032545902649069966
zero_1m,931,1346,0.01634472511144131,0.01034663403628855,0.02300064718934911
zero_1m,932,1346,0.021545319465081723,0.015175776745412014,0.030872199594919675
zero_1m,933,1346,0.017830609212481426,0.011060411590671771,0.025297619047619048
zero_1m,934,1346,0.019316493313521546,0.011518842805428963,0.0266604270774049
zero_1m,935,1346,0.018573551263001486,0.012573506362208497,0.025685510233480705
zero_1m,936,1347,0.01855976243504083,0.011798162533100346,0.026658307051903446
zero_1m,937,1347,0.021529324424647365,0.014831021110263016,0.029853040438940603
zero_1m,938,1347,0.023756495916852263,0.015895587969579003,0.03217224633386228
zero_1m,939,1347,0.023756495916852263,0.01628937828152346,0.03181709308029555
zero_1m,940,1347,0.020786933927245732,0.013773114833168667,0.02883941398741775
zero_1m,941,1346,0.022288261515601784,0.015601212111176427,0.029887093821305933
zero_1m,942,1346,0.020802377414561663,0.01337672976263337,0.028498534372977703
zero_1m,943,1346,0.020059435364041606,0.012696041822255415,0.026765799256505577
zero_1m,944,1346,0.018573551263001486,0.01198414786942809,0.025732925244294505
zero_1m,945,1346,0.01634472511144131,0.010385377163539987,0.02349190026928714
zero_1m,946,1346,0.019316493313521546,0.012957168293326299,0.02676784846610404
zero_1m,947,1347,0.022271714922048998,0.014402855212213787,0.02981792843163731
zero_1m,948,1347,0.014105419450631032,0.00814468914076173,0.01928177843768044
zero_1m,949,1347,0.015590200445434299,0.009613738108485299,0.02218416460570596
zero_1m,950,1347,0.023756495916852263,0.01569139116129807,0.032815169229126626
zero_1m,951,1347,0.011135857461024499,0.005961251862891207,0.01702572379858174
zero_1m,952,1347,0.017817371937639197,0.011147664452752148,0.02536414682738433
zero_1m,953,1347,0.016332590942835932,0.00964016372167096,0.023422083130329865
zero_1m,954,1347,0.014105419450631032,0.008123781237812377,0.020296786821902484
zero_1m,955,1347,0.012620638455827766,0.007045004618877638,0.019427401664461892
zero_1m,956,1347,0.010393466963622866,0.005932195001237317,0.016001496484230198
zero_1m,957,1347,0.020786933927245732,0.014058195441465669,0.030089388935220104
zero_1m,958,1347,0.014105419450631032,0.008152292180472944,0.020640550455227988
zero_1m,959,1347,0.0200445434298441,0.013050899655522235,0.028097710870114263
zero_1m,960,1347,0.007423904974016332,0.0029868844138423397,0.011152416356877323
zero_1m,961,1347,0.012620638455827766,0.0067011689642324885,0.018948987584046232
zero_1m,962,1347,0.020786933927245732,0.012966783398633889,0.028294862248696945
zero_1m,963,1347,0.026726057906458798,0.018481417925297776,0.03480666868438973
zero_1m,964,1347,0.030438010393466965,0.021155797131447274,0.0397127512631311
zero_1m,965,1347,0.025983667409057165,0.018511322203032046,0.03434473560281336
zero_1m,966,1347,0.022271714922048998,0.014156949626865672,0.030274834437086087
zero_1m,967,1347,0.03934669636228656,0.028661293902236033,0.04957368641110337
zero_1m,968,1345,0.041635687732342004,0.03196908940953796,0.05247663331338785
zero_1m,969,1345,0.03494423791821561,0.026145433893177493,0.04391597026468815
zero_1m,970,1345,0.030483271375464683,0.02186684827472346,0.04051333515252484
zero_1m,971,1345,0.0379182156133829,0.027305280323133032,0.04665951843491347
zero_1m,972,1345,0.05278810408921933,0.040422940606701006,0.06506414561784932
zero_1m,973,1345,0.04237918215613383,0.031978203409033075,0.0530786625515763
zero_1m,974,1345,0.03420074349442379,0.025509032866296716,0.04234929334911948
zero_1m,975,1345,0.035687732342007436,0.026210177940372125,0.04530699823943662
zero_1m,976,992,0.036290322580645164,0.026583535724105916,0.04810221800414776
zero_1m,977,981,0.03669724770642202,0.02687136639552846,0.04970480061943476
zero_1m,978,981,0.05198776758409786,0.03923549566867214,0.0672892039503217
zero_1m,979,980,0.06020408163265306,0.044159450738230105,0.07361781624643836
zero_1m,980,980,0.05714285714285714,0.042792598692610186,0.07024793388429752
zero_1m,981,979,0.05005107252298264,0.03688902594302085,0.06506193874179533
zero_1m,982,978,0.06134969325153374,0.04667971881172545,0.07584574573753218
zero_1m,983,981,0.07747196738022426,0.06073919768850234,0.09534856777154962
zero_1m,984,981,0.0652395514780836,0.050276284996099506,0.08026092052695874
zero_1m,985,982,0.06313645621181263,0.048575162330378376,0.07665697904897821
zero_1m,986,982,0.0560081466395112,0.042625875392417294,0.07153834401292922
zero_1m,987,981,0.06320081549439348,0.05038183819471025,0.07720684581845044
zero_1m,988,981,0.07339449541284404,0.05747897176208051,0.09050521818620418
zero_1m,989,983,0.07833163784333673,0.061408093032776404,0.09479562820736961
zero_1m,990,983,0.06612410986775177,0.05221122115673074,0.08043215101173135
zero_1m,991,983,0.0508646998982706,0.040522909363403525,0.06701544370500481
zero_1m,992,1344,0.04985119047619048,0.0389130287739242,0.06180193596425912
zero_1m,993,1344,0.05580357142857143,0.04376854599406528,0.06887777676128377
zero_1m,994,1347,0.07869339272457312,0.06440602129075182,0.09320034380126761
zero_1m,995,1347,0.06904231625835189,0.054085820895522385,0.08154810673937807
zero_1m,996,1347,0.0645879732739421,0.05171316887523499,0.07778214077952297
zero_1m,997,1347,0.05493689680772086,0.04244073677347243,0.0655171306731978
zero_1m,998,1347,0.06607275426874536,0.05361505055859824,0.079351772626382
zero_1m,999,1347,0.07423904974016332,0.0625221053611318,0.08932404057640209
zero_1m,1000,1345,0.07211895910780669,0.05888608428446005,0.08442216733235232
zero_1m,1001,1345,0.06691449814126393,0.05401963480976434,0.08061184809349621
zero_1m,1002,1345,0.07063197026022305,0.05731192991437081,0.0846977722172005
zero_1m,1003,1346,0.07057949479940565,0.05614767789689731,0.08439517090048404
zero_1m,1004,1345,0.08550185873605948,0.07244640598330729,0.10060704784235919
zero_1m,1005,1346,0.060178306092124816,0.04740237400349302,0.07381902796495957
zero_1m,1006,1346,0.05200594353640416,0.0431023189945123,0.0628830909353622
zero_1m,1007,1345,0.0654275092936803,0.05190489571865208,0.0802156690140845
zero_1m,1008,1345,0.07286245353159851,0.06071495541295108,0.08759860436893202
zero_1m,1009,1346,0.07578008915304606,0.06396311847229598,0.0904846954207247
zero_1m,1010,1347,0.062360801781737196,0.04932045118343195,0.07571562284177236
zero_1m,1011,1347,0.06310319227913883,0.04979116078313533,0.07795402440022926
zero_1m,1012,1347,0.08685968819599109,0.07248243375240256,0.10044507621555791
zero_1m,1013,1344,0.06547619047619048,0.05162273698848858,0.07932054396457616
zero_1m,1014,1343,0.08116157855547282,0.06710923845436492,0.09529262207344406
zero_1m,1015,1344,0.07068452380952381,0.05779402946719205,0.0831586881216086
zero_1m,1016,1344,0.060267857142857144,0.04860946780319241,0.07435094544522536
zero_1m,1017,1342,0.07526080476900149,0.06197743055555555,0.09142175179378388
zero_1m,1018,1341,0.06785980611483967,0.05495628389983354,0.08032153362693056
zero_1m,1019,1343,0.07073715562174236,0.05728555793054082,0.08492443743764704
zero_1m,1020,1343,0.045420699925539834,0.03445095948827292,0.0577773878745849
zero_1m,1021,0,,,
zero_1m,1022,0,,,
zero_1m,1023,0,,,
zero_1m,1024,0,,,
zero_1m,1025,0,,,
zero_1m,1026,0,,,
zero_1m,1027,0,,,
zero_1m,1028,0,,,
zero_1m,1029,0,,,
zero_1m,1030,0,,,
zero_1m,1031,0,,,
zero_1m,1032,0,,,
zero_1m,1033,0,,,
zero_1m,1034,0,,,
zero_1m,1035,0,,,
zero_1m,1036,0,,,
zero_1m,1037,0,,,
zero_1m,1038,0,,,
zero_1m,1039,0,,,
zero_1m,1040,0,,,
zero_1m,1041,0,,,
zero_1m,1042,0,,,
zero_1m,1043,0,,,
zero_1m,1044,0,,,
zero_1m,1045,0,,,
zero_1m,1046,0,,,
zero_1m,1047,0,,,
zero_1m,1048,0,,,
zero_1m,1049,0,,,
zero_1m,1050,0,,,
zero_1m,1051,0,,,
zero_1m,1052,0,,,
zero_1m,1053,0,,,
zero_1m,1054,0,,,
zero_1m,1055,0,,,
zero_1m,1056,0,,,
zero_1m,1057,0,,,
zero_1m,1058,0,,,
zero_1m,1059,0,,,
zero_1m,1060,0,,,
zero_1m,1061,0,,,
zero_1m,1062,0,,,
zero_1m,1063,0,,,
zero_1m,1064,0,,,
zero_1m,1065,0,,,
zero_1m,1066,0,,,
zero_1m,1067,0,,,
zero_1m,1068,0,,,
zero_1m,1069,0,,,
zero_1m,1070,0,,,
zero_1m,1071,0,,,
zero_1m,1072,0,,,
zero_1m,1073,0,,,
zero_1m,1074,0,,,
zero_1m,1075,0,,,
zero_1m,1076,0,,,
zero_1m,1077,0,,,
zero_1m,1078,0,,,
zero_1m,1079,0,,,
zero_1m,1080,0,,,
zero_1m,1081,0,,,
zero_1m,1082,1395,0.030107526881720432,0.021071380397061888,0.03869650614659396
zero_1m,1083,1393,0.03158650394831299,0.022900419923701478,0.03997312524620072
zero_1m,1084,1393,0.04450825556353195,0.03375979538079156,0.05737579308635423
zero_1m,1085,1393,0.03374012921751615,0.024067354326281015,0.043134435657800146
zero_1m,1086,1394,0.023672883787661407,0.016415706769472342,0.03202829214565979
zero_1m,1087,1395,0.03655913978494624,0.027525456935425525,0.047060109980568886
zero_1m,1088,1394,0.043041606886657105,0.0323010502772567,0.05380597890524651
zero_1m,1089,1392,0.035919540229885055,0.02720114531138153,0.04452668672455744
zero_1m,1090,1394,0.05164992826398852,0.03928433126751595,0.06279209070249973
zero_1m,1091,1393,0.0416367552045944,0.031155958619995542,0.052690662865288666
zero_1m,1092,1393,0.05814788226848528,0.046845877540160306,0.07154108902294311
zero_1m,1093,1393,0.04522613065326633,0.035213169947197503,0.05456253591315394
zero_1m,1094,1391,0.05391804457225018,0.041888801656391195,0.0656166309726785
zero_1m,1095,1392,0.05603448275862069,0.043678334640884824,0.06792376409026445
zero_1m,1096,1392,0.04669540229885057,0.03694455516520052,0.057516828904502076
zero_1m,1097,1390,0.05107913669064748,0.04166375937987057,0.06180721180413888
zero_1m,1098,1392,0.05316091954022988,0.042963790603278006,0.0653735632183908
zero_1m,1099,1391,0.053199137311286844,0.04113964555300296,0.06600200079043572
zero_1m,1100,1389,0.04967602591792657,0.03825019172479275,0.06243852467458631
zero_1m,1101,1390,0.0539568345323741,0.04119048242587069,0.06568125779543339
zero_1m,1102,1391,0.056074766355140186,0.044902621548758945,0.068428215382381
zero_1m,1103,1391,0.055355859094176854,0.04436111111111111,0.06837368726912614
zero_1m,1104,1393,0.05886575735821967,0.04661085913515682,0.07030384899407431
zero_1m,1105,1392,0.07255747126436782,0.05736327433992381,0.08608634570702978
zero_1m,1106,1391,0.06973400431344356,0.05544712362389985,0.08273683180830796
zero_1m,1107,1390,0.05611510791366906,0.0444595887135342,0.06829868002150004
zero_1m,1108,1392,0.07040229885057471,0.05873718131274647,0.08303507516105942
zero_1m,1109,1393,0.06030150753768844,0.04906483675273979,0.07314581694204038
zero_1m,1110,1389,0.06263498920086392,0.04994926034057979,0.0760988779475335
zero_1m,1111,1389,0.04175665946724262,0.03100767965492272,0.052677591645930714
zero_1m,1112,1392,0.0603448275862069,0.047768695003682346,0.07258753944439567
zero_1m,1113,1390,0.045323741007194246,0.035213169947197503,0.05610234510038386
zero_1m,1114,1393,0.050969131371141424,0.04030154709925364,0.06320156777803564
zero_1m,1115,1391,0.04601006470165349,0.035046472181928426,0.05785411306585077
zero_1m,1116,1390,0.04892086330935252,0.03627653690143813,0.0591932774709285
zero_1m,1117,1389,0.06047516198704104,0.04946061816298258,0.07498939047017485
zero_1m,1118,1388,0.05763688760806916,0.04430836442175535,0.06996160232461603
zero_1m,1119,1391,0.06973400431344356,0.0565808493573708,0.08249922137784975
zero_1m,1120,1395,0.06953405017921147,0.05585098527850847,0.08363517458040098
zero_1m,1121,1394,0.06456241032998565,0.051798561151079135,0.07767418261711477
zero_1m,1122,1392,0.0639367816091954,0.05272202757254932,0.0746054519368723
zero_1m,1123,1392,0.07830459770114942,0.06589310556241967,0.09177389516957861
zero_1m,1124,1393,0.08040201005025126,0.06685730151052335,0.09595590120458698
zero_1m,1125,1393,0.06891600861450108,0.057927465970538876,0.08139231806428919
zero_1m,1126,1391,0.056074766355140186,0.04487349576539974,0.06889768239954351
zero_1m,1127,1388,0.06844380403458213,0.056996530443858516,0.08200808040651285
zero_1m,1128,1388,0.07132564841498559,0.057917437108628435,0.08671556692835136
zero_1m,1129,1388,0.06195965417867435,0.04786278735632184,0.07539222214130398
zero_1m,1130,1391,0.06613946800862688,0.05228862507004267,0.07772720916139658
zero_1m,1131,1391,0.06470165348670022,0.05090068025741582,0.07875086632255128
zero_1m,1132,1388,0.06628242074927954,0.05335066390541895,0.0784390008338289
zero_1m,1133,1390,0.08129496402877698,0.0678320415133999,0.09585759543642178
zero_1m,1134,1392,0.0668103448275862,0.05584910004379025,0.07864045587601261
zero_1m,1135,1391,0.0682961897915169,0.0561111870217629,0.08246743108606616
zero_1m,1136,1388,0.07708933717579251,0.0639021988359104,0.09279706552514917
zero_1m,1137,1388,0.08429394812680115,0.07177365115474012,0.09939709822887392
zero_1m,1138,1394,0.07532281205164992,0.06245077804318081,0.08752111813548026
zero_1m,1139,1389,0.06839452843772498,0.05531223228017299,0.08135951738361295
zero_1m,1140,1391,0.07260963335729691,0.05778155714613635,0.08729751682524943
zero_1m,1141,1393,0.0524048815506102,0.04147227071042979,0.06463796704571825
zero_1m,1142,1389,0.047516198704103674,0.03746264682387053,0.058116344587019836
zero_1m,1143,1390,0.05611510791366906,0.04569362247197064,0.07023092431970936
zero_1m,1144,1393,0.05312275664034458,0.041585690704048626,0.06533655117182607
zero_1m,1145,1393,0.05671213208901651,0.04517066404060455,0.06812600597542977
zero_1m,1146,1394,0.06958393113342898,0.05632698883480783,0.0832737786543291
zero_1m,1147,1393,0.0732232591529074,0.060473016399560466,0.08671531836579176
zero_1m,1148,1390,0.05467625899280575,0.04319501171397176,0.06730705284584426
zero_1m,1149,1389,0.059755219582433405,0.04857705037759891,0.07298144791632749
zero_1m,1150,1391,0.06110711718188354,0.0504287479107623,0.07504752782433965
zero_1m,1151,1389,0.0503959683225342,0.0382500114606971,0.062404090342086
zero_1m,1152,1388,0.05979827089337176,0.04731878937852131,0.07104970131497082
zero_1m,1153,1391,0.06613946800862688,0.0535718829779751,0.07968703618958096
zero_1m,1154,1393,0.06532663316582915,0.05287147310774974,0.0809225545516139
zero_1m,1155,1387,0.07065609228550829,0.0580528305950211,0.08516935731737175
zero_1m,1156,1388,0.0569164265129683,0.043348862961444835,0.06906474820143885
zero_1m,1157,1391,0.051042415528396834,0.04157559207902883,0.06361178356801307
zero_1m,1158,1390,0.0539568345323741,0.04243002291193645,0.066458805902251
zero_1m,1159,1391,0.0682961897915169,0.05498384389251589,0.0797472724833046
zero_1m,1160,1394,0.06456241032998565,0.05085780333176828,0.07744851205627805
zero_1m,1161,1394,0.055236728837876614,0.043742498572993324,0.06721718464539699
zero_1m,1162,1393,0.06173725771715721,0.04945568083189749,0.07439468727790531
zero_1m,1163,1391,0.058231488138030196,0.04685589662657817,0.0695737812403579
zero_1m,1164,1389,0.06695464362850972,0.054537959319038314,0.08095858563166446
zero_1m,1165,1390,0.07482014388489208,0.06264179242235451,0.0880742498728598
zero_1m,1166,1394,0.06097560975609756,0.04802068345323741,0.07266771174481453
zero_1m,1167,1390,0.06978417266187051,0.05666944553798176,0.08699095034317374
zero_1m,1168,1389,0.059755219582433405,0.04839717976249982,0.073197548666186
zero_1m,1169,1391,0.0704529115744069,0.058885844452145786,0.08291579338049078
zero_1m,1170,1391,0.06110711718188354,0.04947749646719064,0.07460827809099947
zero_1m,1171,1391,0.04385334291876348,0.035213169947197503,0.054680305740501506
zero_1m,1172,1389,0.05399568034557235,0.043304890055792584,0.06559712230215826
zero_1m,1173,1390,0.060431654676258995,0.048112365617460885,0.07256011494258806
zero_1m,1174,1390,0.07410071942446043,0.06048969874268642,0.08860008911195115
zero_1m,1175,1390,0.06546762589928058,0.0538774028301103,0.07684444321818783
zero_1m,1176,1393,0.06604450825556353,0.05507485673352436,0.07913957825142501
zero_1m,1177,1392,0.0625,0.04992667259513724,0.07593459722856707
zero_1m,1178,1390,0.07841726618705036,0.06567195926707534,0.09258512220379496
zero_1m,1179,1389,0.08207343412526998,0.06822749218142739,0.09527419632112773
zero_1m,1180,1393,0.06604450825556353,0.05308277176975507,0.07816246115139852
zero_1m,1181,1390,0.05251798561151079,0.04200665457774917,0.06342457442409861
zero_1m,1182,1389,0.08135349172066235,0.06541824299181345,0.09534021936716268
zero_1m,1183,1389,0.0619150467962563,0.04897283721625036,0.0743043530692261
zero_1m,1184,1389,0.06047516198704104,0.0476878612716763,0.07199424046076314
zero_1m,1185,1391,0.06470165348670022,0.05315903745904216,0.07873831775700933
zero_1m,1186,1393,0.06030150753768844,0.049156496769562096,0.07294474118590075
zero_1m,1187,1394,0.05595408895265423,0.0436634559809142,0.06807718673937825
zero_1m,1188,1393,0.06604450825556353,0.05325019759693127,0.07905281386086252
zero_1m,1189,1393,0.07681263460157932,0.06316860307815991,0.09120452168477858
zero_1m,1190,1394,0.062410329985652796,0.04821623725597035,0.07663371545660962
zero_1m,1191,1392,0.05387931034482758,0.043881825747788934,0.06549479517358399
zero_1m,1192,1391,0.06182602444284687,0.04947111231101512,0.0745208896467899
zero_1m,1193,1394,0.07532281205164992,0.06285493002802552,0.08899283976607705
zero_1m,1194,1395,0.06881720430107527,0.05615654141005343,0.08125430416068866
zero_1m,1195,1392,0.0603448275862069,0.04802867383512545,0.07380603448275859
zero_1m,1196,1392,0.05603448275862069,0.0438667966907475,0.06740889012305683
zero_1m,1197,1393,0.048815506101938265,0.03786740641500995,0.06047944602263998
zero_1m,1198,1393,0.06604450825556353,0.05316091954022988,0.07953899488251015
zero_1m,1199,1392,0.05675287356321839,0.04528955284048623,0.06879378870505592
zero_1m,1200,1391,0.06470165348670022,0.05198017324430617,0.07770766994323687
zero_1m,1201,1391,0.03235082674335011,0.024478041756659467,0.04166818481851591
zero_1m,1202,1395,0.034408602150537634,0.02520487041515079,0.04379038047379756
zero_1m,1203,1395,0.03870967741935484,0.02834791774966788,0.05086334649006677
zero_1m,1204,1395,0.032974910394265235,0.024661532951289398,0.042099194603152736
zero_1m,1205,1396,0.04512893982808023,0.03512300226975968,0.055010021308848044
zero_1m,1206,1395,0.03870967741935484,0.02883922134102379,0.04989338730957512
zero_1m,1207,1395,0.04014336917562724,0.030857003298929573,0.05055555555555554
zero_1m,1208,1395,0.05304659498207885,0.0420841167238995,0.06366468430513052
zero_1m,1209,1394,0.050932568149210905,0.04032393762753501,0.06276318631307753
zero_1m,1210,1396,0.05300859598853868,0.044677841179267715,0.06470643870385559
zero_1m,1211,1392,0.05172413793103448,0.040812803878154405,0.06150542542242265
zero_1m,1212,1393,0.054558506819813356,0.042869637284275876,0.06490253779697625
zero_1m,1213,1394,0.05164992826398852,0.040588831803068375,0.06347780912339017
zero_1m,1214,1393,0.05384063173007897,0.04242854106154266,0.06641624730409776
zero_1m,1215,1391,0.04960460100647016,0.03845145641628054,0.0604361273973964
zero_1m,1216,1391,0.041696621135873475,0.032014424541143276,0.05322119920061567
zero_1m,1217,1389,0.03815694744420446,0.02909509606445615,0.04730299373523672
zero_1m,1218,1391,0.04385334291876348,0.034532374100719423,0.05452135228111886
zero_1m,1219,1392,0.04741379310344827,0.03818070387743899,0.05779216164495867
zero_1m,1220,1393,0.04235463029432879,0.032636046504442184,0.05190085271897673
zero_1m,1221,1394,0.05308464849354376,0.04060542983619012,0.06526242348135165
zero_1m,1222,1394,0.04806312769010043,0.03692060991839917,0.05908340433506532
zero_1m,1223,1395,0.053763440860215055,0.04214137354151711,0.06545867555470049
zero_1m,1224,1396,0.052292263610315186,0.039452057191318377,0.06252037628590625
zero_1m,1225,1395,0.06594982078853047,0.05371526137413988,0.07823147998054787
zero_1m,1226,1394,0.046628407460545196,0.03585325830955843,0.058438539298590345
zero_1m,1227,1394,0.05738880918220947,0.04416152593039747,0.06934299240953365
zero_1m,1228,1395,0.06379928315412187,0.05163049011894293,0.07731132481522929
zero_1m,1229,1394,0.05021520803443329,0.039539899352983465,0.06311589470382235
zero_1m,1230,1393,0.0524048815506102,0.042399531160911275,0.06503232758620688
zero_1m,1231,1393,0.030868628858578606,0.022277719762512707,0.040144828635206964
zero_1m,1232,1392,0.042385057471264365,0.03160491482457082,0.05240463754042771
zero_1m,1233,1393,0.05168700646087581,0.04093141552530254,0.061368287538185504
zero_1m,1234,1392,0.04382183908045977,0.03226793247860259,0.053150972957696496
zero_1m,1235,1391,0.0503235082674335,0.03988641326397449,0.0623701902497455
zero_1m,1236,1393,0.05599425699928212,0.04342056169167151,0.06993685174043389
zero_1m,1237,1394,0.05667144906743185,0.044650142899379124,0.06876790830945559
zero_1m,1238,1395,0.045878136200716846,0.03578730272596843,0.057412557162279075
zero_1m,1239,1394,0.05595408895265423,0.04383179309061589,0.0658330286747711
zero_1m,1240,1390,0.04892086330935252,0.03709856499940784,0.061026236317536224
zero_1m,1241,1390,0.04100719424460432,0.030073607457658406,0.050972895392551704
zero_1m,1242,1395,0.05734767025089606,0.04591104734576758,0.07116694327953442
zero_1m,1243,1393,0.05025125628140704,0.03932317631238527,0.062457406743185076
zero_1m,1244,1392,0.05890804597701149,0.04643964172148507,0.07059782975169744
zero_1m,1245,1392,0.0639367816091954,0.04929124272013624,0.07757487522085829
zero_1m,1246,1393,0.043072505384063174,0.03295012610227241,0.054838093477524094
zero_1m,1247,1393,0.04522613065326633,0.03514155258201083,0.05680230920503496
zero_1m,1248,1392,0.05244252873563218,0.040638950524597955,0.06280339843323533
zero_1m,1249,1393,0.05599425699928212,0.04268362518770895,0.06849469357572466
zero_1m,1250,1393,0.05599425699928212,0.04332926378383375,0.0672764507468851
zero_1m,1251,1394,0.04591104734576758,0.034544183227931693,0.05659231379068819
zero_1m,1252,1392,0.05387931034482758,0.0423531318540873,0.06571151438072723
zero_1m,1253,1390,0.06618705035971223,0.05251650258165437,0.08151833372012067
zero_1m,1254,1392,0.04741379310344827,0.03619848875669538,0.05780925332706672
zero_1m,1255,1393,0.050969131371141424,0.038736076696848296,0.06254955741372707
zero_1m,1256,1393,0.0524048815506102,0.039537138536454776,0.06323056049140215
zero_1m,1257,1391,0.04672897196261682,0.036223350018539116,0.05871094904897998
zero_1m,1258,1389,0.05399568034557235,0.043284157044841697,0.06400046619034623
zero_1m,1259,1391,0.05966930265995687,0.04810614968546064,0.07210184641985981
zero_1m,1260,1393,0.07178750897343862,0.05888082628332989,0.08396586484983315
zero_1m,1261,1393,0.04594400574300072,0.035764118249920825,0.05595408895265423
zero_1m,1262,1393,0.038765254845656856,0.02877697841726619,0.04809938220452184
zero_1m,1263,1394,0.05236728837876614,0.04161821595644535,0.06328496339019103
zero_1m,1264,1396,0.050143266475644696,0.03869511969682965,0.06152097830536226
zero_1m,1265,1394,0.04949784791965567,0.03679135554865695,0.06207969064356182
zero_1m,1266,1392,0.05028735632183908,0.039175997180042596,0.0631347752990258
zero_1m,1267,1393,0.04809763101220388,0.03725941171214749,0.05928761864163168
zero_1m,1268,1394,0.058823529411764705,0.04789135096497498,0.07075206481602508
zero_1m,1269,1395,0.05734767025089606,0.04574535050071531,0.06953917763477373
zero_1m,1270,1397,0.05798138869005011,0.04472507173601148,0.06817489527984254
zero_1m,1271,1395,0.04874551971326165,0.03771396853531488,0.060110629573723345
zero_1m,1272,1392,0.04956896551724138,0.0373141453466815,0.06148210741751425
zero_1m,1273,1393,0.05025125628140704,0.03826532022943094,0.06406196059311658
zero_1m,1274,1394,0.055236728837876614,0.04479551649146752,0.06630109324131414
zero_1m,1275,1394,0.05667144906743185,0.04605795383754313,0.06757974654758951
zero_1m,1276,1393,0.038765254845656856,0.028349468348999048,0.04796126663922051
zero_1m,1277,1395,0.03799283154121864,0.029749832609775588,0.04820319766223159
zero_1m,1278,1394,0.062410329985652796,0.05087514596250009,0.07473101662243901
zero_1m,1279,1394,0.06025824964131994,0.04901727191116249,0.0742004147976705
zero_1m,1280,1393,0.050969131371141424,0.039264582919082074,0.0641199712643678
zero_1m,1281,1395,0.052329749103942655,0.04126510680863498,0.06418556515478761
zero_1m,1282,1392,0.0603448275862069,0.04884884523263333,0.07415677544419795
zero_1m,1283,1391,0.06398274622573688,0.05205087542868931,0.07656753267426619
zero_1m,1284,1393,0.06317300789662599,0.052292263610315186,0.07556812001802446
zero_1m,1285,1394,0.05236728837876614,0.04138848142446336,0.06593760170419241
zero_1m,1286,1391,0.04457225017972682,0.03450754852624011,0.05453991622387403
zero_1m,1287,1390,0.0539568345323741,0.04268875136131356,0.06576095601686152
zero_1m,1288,1391,0.058231488138030196,0.04726016966360581,0.07150070729533461
zero_1m,1289,1393,0.061019382627422826,0.049025808873223116,0.07400257011697128
zero_1m,1290,1391,0.0603882099209202,0.04756522116832138,0.07245866561625151
zero_1m,1291,1392,0.035919540229885055,0.026598626271396676,0.046515937019969276
zero_1m,1292,1395,0.04516129032258064,0.03392331257020321,0.056322058233241726
zero_1m,1293,1395,0.052329749103942655,0.04150194623057994,0.06716592628476012
zero_1m,1294,1395,0.04802867383512545,0.037937101098171354,0.05983879349566442
zero_1m,1295,1395,0.05017921146953405,0.04020100502512563,0.06292800899887514
zero_1m,1296,1393,0.050969131371141424,0.03991932666373713,0.062433851466803164
zero_1m,1297,1393,0.05025125628140704,0.03879039666401742,0.060998590513543324
zero_1m,1298,1391,0.04457225017972682,0.034679647414813844,0.05441052514535561
zero_1m,1299,1390,0.04388489208633094,0.03386167146974063,0.053241350326277775
zero_1m,1300,1392,0.05531609195402299,0.043921717475605276,0.06817741163020641
zero_1m,1301,1391,0.041696621135873475,0.031537972966306546,0.05280773708885297
zero_1m,1302,1390,0.04748201438848921,0.03715667290755669,0.05997621257832443
zero_1m,1303,1392,0.04454022988505747,0.033751642551839656,0.05560642790115732
zero_1m,1304,1392,0.05531609195402299,0.04475862068965517,0.06675263877244551
zero_1m,1305,1391,0.0603882099209202,0.047345767575322814,0.07370891218060033
zero_1m,1306,1392,0.03879310344827586,0.030541193222196093,0.04964985831295368
zero_1m,1307,1391,0.056074766355140186,0.045648361253484634,0.06725864886810895
zero_1m,1308,1391,0.05895039539899353,0.04879712149598165,0.07226815240833931
zero_1m,1309,1395,0.04946236559139785,0.03857142857142857,0.0609882599774764
zero_1m,1310,1396,0.06160458452722063,0.048988796441222504,0.07444794241466524
zero_1m,1311,1394,0.04949784791965567,0.03775527394931191,0.059457747400343285
zero_1m,1312,1395,0.06379928315412187,0.05111242430192106,0.07648377329649009
zero_1m,1313,1396,0.055873925501432664,0.044531458050771355,0.06840728690756377
zero_1m,1314,1392,0.05603448275862069,0.04461801059507704,0.06674209770114942
zero_1m,1315,1391,0.06901509705248023,0.05683251738135572,0.08304764364291119
zero_1m,1316,1391,0.05966930265995687,0.047516198704103674,0.07142297560488399
zero_1m,1317,1391,0.06326383896477354,0.0515886820760467,0.07651990789699882
zero_1m,1318,1394,0.05738880918220947,0.04622006203417841,0.06837600071325797
zero_1m,1319,1392,0.0625,0.05160759212668344,0.07418486407701524
zero_1m,1320,1392,0.05962643678160919,0.04755043227665706,0.07366978091785194
zero_1m,1321,1392,0.05172413793103448,0.03970977842003853,0.06295658794466605
zero_1m,1322,1395,0.052329749103942655,0.0423516770637663,0.06511745227613228
zero_1m,1323,1397,0.05368647100930565,0.041633852028787215,0.06514194961283208
zero_1m,1324,1396,0.05945558739255014,0.04758867083418734,0.07105634553527562
zero_1m,1325,1395,0.056630824372759854,0.04540999535404434,0.0680515759312321
zero_1m,1326,1394,0.062410329985652796,0.05031999450094244,0.07468716736391316
zero_1m,1327,1396,0.07163323782234957,0.05849267822587087,0.0847376139058443
zero_1m,1328,1397,0.0572655690765927,0.04655531609195402,0.06857391253771047
zero_1m,1329,1398,0.056509298998569386,0.04509663564781675,0.06968644702406972
zero_1m,1330,1397,0.05583392984967788,0.04324754958354425,0.06715445858887163
zero_1m,1331,1396,0.07020057306590258,0.05739901774855188,0.0841300097150657
zero_1m,1332,1393,0.05384063173007897,0.041920141149555945,0.06494479824244277
zero_1m,1333,1394,0.05810616929698709,0.04753842437071465,0.06951829046609646
zero_1m,1334,1395,0.06594982078853047,0.052663119332764366,0.07971418824417655
zero_1m,1335,1393,0.06532663316582915,0.05306282229814648,0.07777247873851426
zero_1m,1336,1396,0.058022922636103154,0.04726016966360581,0.07023224132105448
zero_1m,1337,1397,0.06943450250536864,0.056114576015363515,0.08437763638650539
zero_1m,1338,1397,0.06084466714387974,0.04926071184574126,0.07365166565940724
zero_1m,1339,1395,0.06953405017921147,0.05779846924566952,0.08285518731988473
zero_1m,1340,1394,0.06097560975609756,0.048984702013155274,0.07536650678498012
zero_1m,1341,1396,0.05659025787965616,0.045209097856571234,0.06741393194776985
zero_1m,1342,1393,0.0624551328068916,0.049391553328561204,0.07461382535339411
zero_1m,1343,1393,0.07035175879396985,0.056483717287737385,0.08465474014425452
zero_1m,1344,1397,0.07158196134574088,0.05940889677982994,0.08521456898019292
zero_1m,1345,1397,0.06800286327845383,0.05648809286420609,0.08013684887360167
zero_1m,1346,1396,0.05730659025787966,0.04616004230409759,0.07129836017659633
zero_1m,1347,1395,0.07311827956989247,0.060251949877266606,0.08674474735884144
zero_1m,1348,1396,0.07521489971346705,0.06280792155276374,0.08881755316262371
zero_1m,1349,1394,0.06743185078909612,0.05593303096218818,0.08285302593659942
zero_1m,1350,1394,0.0703012912482066,0.05572383032028293,0.08334393063583814
zero_1m,1351,1393,0.04379038047379756,0.033417495975129795,0.05427061674377383
zero_1m,1352,1393,0.06532663316582915,0.05243886956431985,0.08040794766149002
zero_1m,1353,1396,0.0651862464183381,0.05130705843247296,0.07835648005915075
zero_1m,1354,1396,0.06160458452722063,0.05085605999963055,0.07408806288302691
zero_1m,1355,1396,0.05659025787965616,0.04574535050071531,0.06956280327137118
zero_1m,1356,1394,0.05236728837876614,0.03980191806242349,0.06497581982990394
zero_1m,1357,1392,0.06609195402298851,0.053484694917113794,0.07817451808015763
zero_1m,1358,1396,0.07664756446991404,0.06372962272819571,0.09093056287863298
zero_1m,1359,1395,0.06093189964157706,0.04867401650331419,0.0742902383911883
zero_1m,1360,1394,0.0667144906743185,0.053375975659854163,0.08100955745081886
zero_1m,1361,1393,0.07178750897343862,0.059077809798270896,0.08542713567839195
zero_1m,1362,1391,0.08554996405463695,0.07121336339413814,0.09882025646442541
zero_1m,1363,1391,0.06757728253055356,0.05553452695666106,0.08112283864344728
zero_1m,1364,1393,0.07106963388370424,0.059318075556870395,0.08456976440644781
zero_1m,1365,1396,0.07951289398280802,0.06594982078853047,0.09466278383320614
zero_1m,1366,1396,0.0680515759312321,0.057427975395372616,0.0816341249053949
zero_1m,1367,1395,0.06810035842293907,0.05533498134559608,0.08143830703012911
zero_1m,1368,1394,0.06743185078909612,0.054998063774522335,0.07931623685140189
zero_1m,1369,1394,0.0667144906743185,0.053680954088952654,0.08144152662956357
zero_1m,1370,1396,0.08094555873925502,0.06718848354792561,0.09147267972160981
zero_1m,1371,1395,0.05448028673835126,0.04385178925824858,0.06595221847212572
zero_1m,1372,1395,0.07311827956989247,0.059445702489389574,0.08624262112205426
zero_1m,1373,1393,0.07896625987078248,0.06381879979101401,0.09176255639175632
zero_1m,1374,1390,0.08273381294964029,0.06867984632524307,0.09677688617405214
zero_1m,1375,1392,0.07327586206896551,0.06082112218987341,0.08687898736467067
zero_1m,1376,1394,0.06743185078909612,0.054938936781609195,0.07971418824417655
zero_1m,1377,1393,0.07106963388370424,0.059514397127670954,0.08624589803260502
zero_1m,1378,1392,0.07183908045977011,0.05878136200716846,0.08533454792362075
zero_1m,1379,1392,0.07686781609195402,0.06244284077668002,0.0899994661323152
zero_1m,1380,1393,0.0832735104091888,0.06806569015097053,0.09964511807847068
zero_1m,1381,1390,0.06115107913669065,0.047968042353382125,0.07372015081692501
zero_1m,1382,1408,0.056818181818181816,0.04533649212977835,0.06872688353560238
zero_1m,1383,1407,0.06183368869936034,0.05171712094169044,0.07528680232619725
zero_1m,1384,1408,0.05894886363636364,0.046420412563897645,0.071209293687761
zero_1m,1385,1408,0.08380681818181818,0.06961820990398293,0.1001266110674521
zero_1m,1386,1409,0.06742370475514549,0.05378439402013856,0.08025568181818182
zero_1m,1387,1411,0.073706591070163,0.059142047251208384,0.08757039428843713
zero_1m,1388,1411,0.06803685329553508,0.05312122504353522,0.08147803074791826
zero_1m,1389,1411,0.08788093550673282,0.07525603970417447,0.10153577660991214
zero_1m,1390,1408,0.07386363636363637,0.06067168614769313,0.08878160651674205
zero_1m,1391,1406,0.04907539118065434,0.03836136400806847,0.05885204458612172
zero_1m,1392,1406,0.08890469416785206,0.07464812840613541,0.10509013570637177
zero_1m,1393,1407,0.06965174129353234,0.057729430681186036,0.08291133617626154
zero_1m,1394,1408,0.07883522727272728,0.06534090909090909,0.09324179949179949
zero_1m,1395,1410,0.06950354609929078,0.05731901370357014,0.08425235595848742
zero_1m,1396,1410,0.05815602836879433,0.0465050240610151,0.0695553775789813
zero_1m,1397,1408,0.06178977272727273,0.05003474266484934,0.07386629662192938
zero_1m,1398,1406,0.06756756756756757,0.0542961945125492,0.08108701194638694
zero_1m,1399,1407,0.07178393745557925,0.05898869394963145,0.0847728030646361
zero_1m,1400,1407,0.07746979388770434,0.0647664111479901,0.090306852590447
zero_1m,1401,1406,0.07254623044096728,0.05988594779648539,0.08519244476122592
zero_1m,1402,1409,0.07097232079488999,0.05776596525372102,0.08337903749452606
zero_1m,1403,1411,0.0744153082919915,0.061548264699081374,0.08834525013967956
zero_1m,1404,1409,0.07026259758694109,0.05752070167792547,0.08185652533585001
zero_1m,1405,1410,0.09290780141843971,0.07783815405851986,0.10794122435688698
zero_1m,1406,1412,0.07011331444759207,0.05592629691743094,0.08305653710247349
zero_1m,1407,1413,0.07006369426751592,0.05724381625441696,0.0833137681552789
zero_1m,1408,1409,0.07806955287437899,0.0634789650121559,0.09183450129378719
zero_1m,1409,1408,0.07599431818181818,0.06389663748467643,0.08875458373629913
zero_1m,1410,1410,0.07659574468085106,0.06128827376288349,0.09010776981589459
zero_1m,1411,1409,0.051809794180269694,0.040113785684920966,0.06447633319045176
zero_1m,1412,1409,0.054648687012065295,0.04392413011486038,0.06751954513148543
zero_1m,1413,1409,0.0631653655074521,0.05221023242384288,0.07496906949532924
zero_1m,1414,1411,0.07654145995747696,0.06542375006381439,0.09078014184397164
zero_1m,1415,1412,0.06444759206798867,0.052365518692150496,0.0758637436994473
zero_1m,1416,1410,0.06808510638297872,0.05628900960004815,0.08274398868458274
zero_1m,1417,1409,0.0695528743789922,0.05622835313666803,0.08339521452145214
zero_1m,1418,1409,0.0723917672107878,0.05916597519126913,0.08661851671882057
zero_1m,1419,1408,0.08451704545454546,0.06969883677696925,0.09794180269694819
zero_1m,1420,1407,0.0845771144278607,0.07126356071336595,0.09868831003209884
zero_1m,1421,1406,0.07610241820768136,0.06329576817858068,0.08889472995039588
zero_1m,1422,1408,0.08167613636363637,0.06729660252034615,0.0950104900517918
zero_1m,1423,1408,0.07599431818181818,0.06361241558152701,0.09091236507314386
zero_1m,1424,1407,0.08955223880597014,0.07644276077669608,0.1040621565194407
zero_1m,1425,1408,0.07599431818181818,0.06314184648838017,0.08865248226950355
zero_1m,1426,1409,0.0766501064584812,0.06321022727272728,0.08920512982443478
zero_1m,1427,1408,0.07883522727272728,0.06352810416005081,0.09401403293125629
zero_1m,1428,1406,0.08036984352773827,0.06720570403543889,0.09468818328738472
zero_1m,1429,1404,0.08903133903133903,0.07647933846644495,0.10511363636363637
zero_1m,1430,1406,0.0860597439544808,0.07192410255472358,0.10146104126533509
zero_1m,1431,1407,0.07178393745557925,0.05909267531777567,0.08596956623134328
zero_1m,1432,1408,0.08025568181818182,0.06678390212088905,0.09583684250823057
zero_1m,1433,1402,0.08202567760342368,0.0677073569717614,0.09679634550274592
zero_1m,1434,1402,0.08487874465049929,0.07222655347655348,0.10057944763271162
zero_1m,1435,1408,0.09659090909090909,0.08232501208897484,0.1117896495925719
zero_1m,1436,1411,0.07725017717930546,0.06348096582758256,0.09232954545454546
zero_1m,1437,1410,0.09078014184397164,0.07596338217725959,0.10492920367326627
zero_1m,1438,1408,0.07741477272727272,0.063875088715401,0.09198533640023
zero_1m,1439,1404,0.07905982905982906,0.06587428977272727,0.09188705591932025
extreme_flag,0,1406,0.0,0.0,0.0
extreme_flag,1,1412,0.0028328611898017,0.0007064517578008026,0.005667830461991275
extreme_flag,2,1414,0.0014144271570014145,0.0,0.003538570417551309
extreme_flag,3,1412,0.002124645892351275,0.0,0.0049469964664310955
extreme_flag,4,1412,0.00141643059490085,0.0,0.003537381718153617
extreme_flag,5,1411,0.002126151665485471,0.0,0.004267425320056899
extreme_flag,6,1407,0.0021321961620469083,0.0,0.004284418562678253
extreme_flag,7,1407,0.0014214641080312722,0.0,0.0035612535612535613
extreme_flag,8,1408,0.0007102272727272727,0.0,0.002502541041284654
extreme_flag,9,1407,0.0021321961620469083,0.0,0.004964717551791938
extreme_flag,10,1409,0.0028388928317956,0.0,0.005692026546119073
extreme_flag,11,1412,0.00141643059490085,0.0,0.003549939209787728
extreme_flag,12,1408,0.002840909090909091,0.0007087172218284905,0.005675872934378288
extreme_flag,13,1408,0.002130681818181818,0.0,0.004639193249764758
extreme_flag,14,1409,0.0021291696238466998,0.0,0.00496304865323487
extreme_flag,15,1407,0.0021321961620469083,0.0,0.00496991489370282
extreme_flag,16,1406,0.0,0.0,0.0
extreme_flag,17,1408,0.0014204545454545455,0.0,0.0035410764872521247
extreme_flag,18,1408,0.002130681818181818,0.0,0.004975124378109453
extreme_flag,19,1410,0.002127659574468085,0.0,0.004962867741303135
extreme_flag,20,1407,0.0,0.0,0.0
extreme_flag,21,1407,0.0014214641080312722,0.0,0.0035702177016416845
extreme_flag,22,1410,0.0035460992907801418,0.0007109721661960468,0.006394430546132972
extreme_flag,23,1407,0.0014214641080312722,0.0,0.0032142720031682628
extreme_flag,24,1406,0.001422475106685633,0.0,0.0035612535612535613
extreme_flag,25,1404,0.0014245014245014246,0.0,0.00322113635867857
extreme_flag,26,1406,0.0007112375533428165,0.0,0.0021444665849172286
extreme_flag,27,1404,0.0035612535612535613,0.0007107320540156361,0.006426391862955032
extreme_flag,28,1406,0.0007112375533428165,0.0,0.002135231316725979
extreme_flag,29,1404,0.0014245014245014246,0.0,0.0035651263900567665
extreme_flag,30,1405,0.0014234875444839859,0.0,0.0035741109748620476
extreme_flag,31,1409,0.0042583392476933995,0.0014184397163120568,0.007823895266929207
extreme_flag,32,1411,0.002126151665485471,0.0007067137809187279,0.004952334405415064
extreme_flag,33,1407,0.0021321961620469083,0.0,0.004985754985754986
extreme_flag,34,1407,0.0007107320540156361,0.0,0.0021360297472397117
extreme_flag,35,1407,0.0035536602700781805,0.0007104670438392454,0.006766890801383892
extreme_flag,36,1407,0.0014214641080312722,0.0,0.0035587188612099642
extreme_flag,37,1410,0.002127659574468085,0.0,0.004624596254934646
extreme_flag,38,1409,0.0021291696238466998,0.0,0.004962867741303135
extreme_flag,39,1409,0.0014194464158978,0.0,0.0035524614145183175
extreme_flag,40,1411,0.002126151665485471,0.0007062146892655367,0.004624996984172924
extreme_flag,41,1407,0.0014214641080312722,0.0,0.0035612535612535613
extreme_flag,42,1407,0.0021321961620469083,0.0,0.004971590909090909
extreme_flag,43,1410,0.0014184397163120568,0.0,0.003543586109142452
extreme_flag,44,1409,0.0014194464158978,0.0,0.0035575165913244206
extreme_flag,45,1405,0.0,0.0,0.0
extreme_flag,46,1405,0.0035587188612099642,0.0010486098296430438,0.0071436552514781955
extreme_flag,47,1407,0.0014214641080312722,0.0,0.0035561877667140826
extreme_flag,48,1406,0.0007112375533428165,0.0,0.0021400390212632813
extreme_flag,49,1400,0.0007142857142857143,0.0,0.002146729195916449
extreme_flag,50,1405,0.002135231316725979,0.0,0.004290388290839256
extreme_flag,51,1408,0.0035511363636363635,0.000709962638718627,0.0064172275021021795
extreme_flag,52,1410,0.002127659574468085,0.0,0.0049663888175810016
extreme_flag,53,1408,0.002130681818181818,0.0,0.00496304865323487
extreme_flag,54,1405,0.002135231316725979,0.0,0.004289093024360859
extreme_flag,55,1407,0.0021321961620469083,0.0,0.004964717551791938
extreme_flag,56,1410,0.002127659574468085,0.0,0.004964539007092199
extreme_flag,57,1406,0.001422475106685633,0.0,0.0035612535612535613
extreme_flag,58,1402,0.0021398002853067048,0.0,0.004989308624376337
extreme_flag,59,1404,0.0007122507122507123,0.0,0.0028429282160625444
extreme_flag,60,1405,0.002135231316725979,0.0,0.004655516591470718
extreme_flag,61,1410,0.0035460992907801418,0.0007102272727272727,0.0063898905776179115
extreme_flag,62,1410,0.005673758865248227,0.002122353955140737,0.009936482511283044
extreme_flag,63,1409,0.0014194464158978,0.0,0.0035474205839864294
extreme_flag,64,1407,0.0014214641080312722,0.0,0.003534880873246335
extreme_flag,65,1406,0.0021337126600284497,0.0,0.004962867741303135
extreme_flag,66,1409,0.0035486160397444995,0.0014149026367604913,0.0071025285213393635
extreme_flag,67,1405,0.0028469750889679717,0.0007087172218284905,0.0060677278718442515
extreme_flag,68,1409,0.0035486160397444995,0.0007089559740840709,0.007122507122507123
extreme_flag,69,1407,0.005685856432125089,0.002464702240432483,0.009262724056915077
extreme_flag,70,1405,0.004270462633451958,0.0014204545454545455,0.007495887844773741
extreme_flag,71,1407,0.0021321961620469083,0.0,0.004980523227854188
extreme_flag,72,1407,0.0021321961620469083,0.0,0.00497698208813684
extreme_flag,73,1409,0.0021291696238466998,0.0,0.0049613821168838276
extreme_flag,74,1409,0.0007097232079489,0.0,0.002130681818181818
extreme_flag,75,1405,0.0014234875444839859,0.0,0.003560179923330315
extreme_flag,76,1408,0.0035511363636363635,0.0007084537115300061,0.006401137980085348
extreme_flag,77,1409,0.0021291696238466998,0.0,0.004975124378109453
extreme_flag,78,1406,0.002844950213371266,0.0007074513183802457,0.006415791968372169
extreme_flag,79,1405,0.0014234875444839859,0.0,0.003558847308847309
extreme_flag,80,1405,0.002135231316725979,0.0,0.004984069410225994
extreme_flag,81,1405,0.0014234875444839859,0.0,0.0035651263900567665
extreme_flag,82,1408,0.0035511363636363635,0.000709962638718627,0.0070924536454170534
extreme_flag,83,1411,0.002126151665485471,0.0,0.004962867741303135
extreme_flag,84,1408,0.0035511363636363635,0.0007127583749109052,0.007094841167972859
extreme_flag,85,1408,0.0014204545454545455,0.0,0.0032155895546606846
extreme_flag,86,1410,0.00425531914893617,0.001417434443656981,0.008188575204180173
extreme_flag,87,1408,0.002130681818181818,0.0,0.0046447505695488165
extreme_flag,88,1408,0.002840909090909091,0.000708215297450425,0.005685856432125089
extreme_flag,89,1409,0.0028388928317956,0.0007097232079489,0.005668036921594314
extreme_flag,90,1408,0.004261363636363636,0.0014149026367604913,0.007115033182648841
extreme_flag,91,1405,0.004270462633451958,0.0014204545454545455,0.007834757834757835
extreme_flag,92,1405,0.0035587188612099642,0.0007124918520143039,0.007115293495890511
extreme_flag,93,1408,0.002840909090909091,0.0007069511847701681,0.005682022817071491
extreme_flag,94,1409,0.0021291696238466998,0.0,0.004267425320056899
extreme_flag,95,1409,0.0021291696238466998,0.0,0.0049663888175810016
extreme_flag,96,1408,0.002130681818181818,0.0,0.0042643923240938165
extreme_flag,97,1409,0.0021291696238466998,0.0,0.0049663888175810016
extreme_flag,98,1408,0.002840909090909091,0.0007071889246497065,0.006387738757253385
extreme_flag,99,1408,0.002840909090909091,0.0007074513183802457,0.0063786842263878
extreme_flag,100,1408,0.0007102272727272727,0.0,0.0021329923234872177
extreme_flag,101,1409,0.0014194464158978,0.0,0.003544905529502239
extreme_flag,102,1406,0.0035561877667140826,0.0007097232079489,0.007801699009958759
extreme_flag,103,1407,0.0007107320540156361,0.0,0.0021337126600284497
extreme_flag,104,1407,0.0021321961620469083,0.0,0.004962867741303135
extreme_flag,105,1408,0.002840909090909091,0.0007071889246497065,0.006056297367212668
extreme_flag,106,1408,0.004971590909090909,0.0017543980986632801,0.009193776520509194
extreme_flag,107,1409,0.0035486160397444995,0.0010448355787338842,0.007079772208288475
extreme_flag,108,1410,0.0028368794326241137,0.0,0.005675872934378288
extreme_flag,109,1405,0.002135231316725979,0.0,0.0049702827711145805
extreme_flag,110,1403,0.002851033499643621,0.0003354519774011303,0.005012621704717231
extreme_flag,111,1408,0.0014204545454545455,0.0,0.0035561877667140826
extreme_flag,112,1410,0.005673758865248227,0.002128376847922927,0.009922041105598866
extreme_flag,113,1409,0.0021291696238466998,0.0,0.004959351654242365
extreme_flag,114,1408,0.002840909090909091,0.000708215297450425,0.005682022817071491
extreme_flag,115,1409,0.0007097232079489,0.0,0.0021329923234872177
extreme_flag,116,1410,0.0035460992907801418,0.0007102272727272727,0.006406162852370871
extreme_flag,117,1410,0.004964539007092199,0.0014154281670205238,0.009207129504655314
extreme_flag,118,1409,0.0035486160397444995,0.0014149026367604913,0.006405693950177936
extreme_flag,119,1410,0.0007092198581560284,0.0,0.0021284523503918578
extreme_flag,120,1411,0.002834868887313962,0.0007067137809187279,0.005692026546119073
extreme_flag,121,1412,0.007790368271954674,0.003537256591901228,0.012734574185353021
extreme_flag,122,1412,0.007082152974504249,0.002831808640527357,0.011359805471320731
extreme_flag,123,1413,0.004246284501061571,0.000708215297450425,0.007785134290442398
extreme_flag,124,1412,0.0035410764872521247,0.0007086924637855866,0.006382978723404255
extreme_flag,125,1413,0.005661712668082095,0.0021216407355021216,0.009576887098837092
extreme_flag,126,1411,0.005669737774627924,0.002125361134590018,0.009213323883770375
extreme_flag,127,1411,0.003543586109142452,0.0007094589493076424,0.0063786842263878
extreme_flag,128,1411,0.005669737774627924,0.002128376847922927,0.009587351922891318
extreme_flag,129,1412,0.004957507082152974,0.0014144271570014145,0.009216754376705822
extreme_flag,130,1413,0.0021231422505307855,0.0,0.004952699632027611
extreme_flag,131,1413,0.0028308563340410475,0.0007062146892655367,0.0056659258490186545
extreme_flag,132,1413,0.004953998584571833,0.001750855098762718,0.008489716123568681
extreme_flag,133,1409,0.0042583392476933995,0.0007124918520143039,0.007478935564041932
extreme_flag,134,1408,0.002130681818181818,0.0,0.004262953697421981
extreme_flag,135,1411,0.002126151665485471,0.0,0.0049680624556423
extreme_flag,136,1412,0.00424929178470255,0.001411906071951166,0.007785134290442398
extreme_flag,137,1413,0.006369426751592357,0.002823812143902332,0.010623610966909978
extreme_flag,138,1409,0.0021291696238466998,0.0,0.004629319007789877
extreme_flag,139,1409,0.0021291696238466998,0.0,0.004962867741303135
extreme_flag,140,1412,0.00141643059490085,0.0,0.0035460992907801418
extreme_flag,141,1412,0.006373937677053824,0.0028317112363256173,0.010624003129796262
extreme_flag,142,1412,0.00141643059490085,0.0,0.003549939209787728
extreme_flag,143,1411,0.004252303330970942,0.0014134275618374558,0.007785134290442398
extreme_flag,144,1411,0.004252303330970942,0.0014139023695403361,0.007818052594171997
extreme_flag,145,1410,0.002127659574468085,0.0007062146892655367,0.0049680624556423
extreme_flag,146,1409,0.0035486160397444995,0.0007081905742114204,0.0071025285213393635
extreme_flag,147,1410,0.0028368794326241137,0.000708215297450425,0.006376541536793603
extreme_flag,148,1412,0.0035410764872521247,0.0007087172218284905,0.0063786842263878
extreme_flag,149,1412,0.002124645892351275,0.0,0.004959351654242365
extreme_flag,150,1410,0.00425531914893617,0.0007099143792977954,0.007097487508059316
extreme_flag,151,1411,0.0007087172218284905,0.0,0.0021321961620469083
extreme_flag,152,1411,0.002834868887313962,0.0007062146892655367,0.004971590909090909
extreme_flag,153,1411,0.001417434443656981,0.0,0.003544905529502239
extreme_flag,154,1411,0.002834868887313962,0.0007072135785007072,0.0063606519550260116
extreme_flag,155,1411,0.003543586109142452,0.0007079521601318393,0.007074763436307234
extreme_flag,156,1413,0.006369426751592357,0.002828854314002829,0.01060070671378092
extreme_flag,157,1413,0.0021231422505307855,0.0,0.004947173742798009
extreme_flag,158,1413,0.0014154281670205238,0.0,0.003538570417551309
extreme_flag,159,1412,0.004957507082152974,0.0014194464158978,0.00849603589497352
extreme_flag,160,1412,0.002124645892351275,0.0,0.0049469964664310955
extreme_flag,161,1411,0.002126151665485471,0.0,0.004959351654242365
extreme_flag,162,1411,0.004252303330970942,0.0014144271570014145,0.007807236258865248
extreme_flag,163,1411,0.001417434443656981,0.0,0.003544905529502239
extreme_flag,164,1411,0.002126151665485471,0.0,0.004273504273504274
extreme_flag,165,1407,0.0028429282160625444,0.0007087172218284905,0.005698005698005698
extreme_flag,166,1409,0.0028388928317956,0.0007077140835102619,0.004980523227854188
extreme_flag,167,1411,0.005669737774627924,0.002125361134590018,0.00959303759557449
extreme_flag,168,1410,0.002127659574468085,0.0,0.004963234554944348
extreme_flag,169,1410,0.0028368794326241137,0.0007064517578008026,0.0056777856635912
extreme_flag,170,1408,0.0,0.0,0.0
extreme_flag,171,1408,0.0014204545454545455,0.0,0.0035513957406454605
extreme_flag,172,1409,0.0028388928317956,0.0,0.005669941534566934
extreme_flag,173,1410,0.0014184397163120568,0.0,0.0035486160397444995
extreme_flag,174,1409,0.0021291696238466998,0.0007069511847701681,0.004622759498820872
extreme_flag,175,1412,0.0035410764872521247,0.0007084537115300061,0.0063763092697401835
extreme_flag,176,1412,0.0035410764872521247,0.0007079521601318393,0.007067391061140012
extreme_flag,177,1413,0.003538570417551309,0.0007084537115300061,0.0063763092697401835
extreme_flag,178,1412,0.00141643059490085,0.0,0.003543586109142452
extreme_flag,179,1412,0.000708215297450425,0.0,0.002127659574468085
extreme_flag,180,1413,0.0028308563340410475,0.000705953035975583,0.0056657223796034
extreme_flag,181,1413,0.01840056617126681,0.011330664981391757,0.02476167202707532
extreme_flag,182,1412,0.007082152974504249,0.0028307575800072928,0.011311618794388273
extreme_flag,183,1411,0.007087172218284904,0.0028338148461200243,0.011714717910156667
extreme_flag,184,1409,0.0056777856635912,0.002128376847922927,0.009933139979704915
extreme_flag,185,1408,0.004261363636363636,0.001417434443656981,0.007799076455083366
extreme_flag,186,1410,0.006382978723404255,0.0028338148461200243,0.01132342533616419
extreme_flag,187,1412,0.006373937677053824,0.002822767006924689,0.010608203677510608
extreme_flag,188,1412,0.004957507082152974,0.0021193552734024073,0.009197192467199404
extreme_flag,189,1410,0.004964539007092199,0.0014188689920108242,0.009219858156028368
extreme_flag,190,1411,0.004961020552799433,0.0017535179857271445,0.008532281219670009
extreme_flag,191,1413,0.007077140835102618,0.003163328342006514,0.011696862482106541
extreme_flag,192,1410,0.005673758865248227,0.002130681818181818,0.00994390807380729
extreme_flag,193,1410,0.007801418439716312,0.004241561409190687,0.012762125108318237
extreme_flag,194,1412,0.006373937677053824,0.0028328611898017,0.010993173616353212
extreme_flag,195,1410,0.00425531914893617,0.00141643059490085,0.008872154958576042
extreme_flag,196,1410,0.009929078014184398,0.004971416868814197,0.014873055353673968
extreme_flag,197,1412,0.006373937677053824,0.0028306616614034606,0.010297460178636935
extreme_flag,198,1410,0.0035460992907801418,0.0007097232079489,0.007079772208288475
extreme_flag,199,1410,0.0014184397163120568,0.0,0.003554987205812029
extreme_flag,200,1412,0.00424929178470255,0.0014144271570014145,0.008164803857991523
extreme_flag,201,1410,0.00425531914893617,0.0014144271570014145,0.007809866261533002
extreme_flag,202,1409,0.0021291696238466998,0.0,0.0042643923240938165
extreme_flag,203,1411,0.003543586109142452,0.0007084537115300061,0.006385357051175574
extreme_flag,204,1413,0.007077140835102618,0.0035322587890040127,0.011701316875111271
extreme_flag,205,1414,0.005657708628005658,0.0021201413427561835,0.010262652400423717
extreme_flag,206,1412,0.0035410764872521247,0.0007094589493076424,0.006385357051175574
extreme_flag,207,1411,0.004961020552799433,0.0021193552734024073,0.008489716123568681
extreme_flag,208,1410,0.0035460992907801418,0.0007091950652356849,0.007077140835102618
extreme_flag,209,1412,0.00424929178470255,0.0010427709124761638,0.00778485491861288
extreme_flag,210,1411,0.002126151665485471,0.0,0.004953998584571833
extreme_flag,211,1411,0.008504606661941885,0.0035384469750091158,0.012779781155235823
extreme_flag,212,1414,0.006364922206506365,0.0028327622968456817,0.010977027878642364
extreme_flag,213,1412,0.0056657223796034,0.002124645892351275,0.009912041877469108
extreme_flag,214,1412,0.0056657223796034,0.0021201413427561835,0.00991573625447651
extreme_flag,215,1411,0.0063784549964564135,0.002828854314002829,0.010608203677510608
extreme_flag,216,1411,0.002834868887313962,0.0007079521601318393,0.005657911518234265
extreme_flag,217,1413,0.00778485491861288,0.0035410764872521247,0.012048192771084338
extreme_flag,218,1412,0.0028328611898017,0.0007062146892655367,0.0056598107490457876
extreme_flag,219,1411,0.002834868887313962,0.0,0.005696079325972565
extreme_flag,220,1409,0.0049680624556423,0.002125361134590018,0.009190690270440472
extreme_flag,221,1411,0.007087172218284904,0.002831808640527357,0.011351745868756575
extreme_flag,222,1411,0.002834868887313962,0.0003352152434721246,0.005683938263229308
extreme_flag,223,1412,0.0028328611898017,0.0007057163020465773,0.0056657223796034
extreme_flag,224,1413,0.004953998584571833,0.0014154281670205238,0.00850205538239147
extreme_flag,225,1413,0.003538570417551309,0.000708215297450425,0.00707739480949309
extreme_flag,226,1412,0.00424929178470255,0.0014134275618374558,0.007464462967996522
extreme_flag,227,1412,0.006373937677053824,0.002824858757062147,0.010630758327427357
extreme_flag,228,1412,0.00424929178470255,0.00141643059490085,0.007796169610029533
extreme_flag,229,1411,0.002126151665485471,0.0,0.004272541731555382
extreme_flag,230,1412,0.002124645892351275,0.0,0.004953998584571833
extreme_flag,231,1412,0.0035410764872521247,0.0007077140835102619,0.007067651373150116
extreme_flag,232,1412,0.00141643059490085,0.0,0.0035474205839864294
extreme_flag,233,1413,0.004953998584571833,0.0014189178986152848,0.008501745692986912
extreme_flag,234,1410,0.0014184397163120568,0.0,0.0035513957406454605
extreme_flag,235,1409,0.0063875088715401,0.0028377379840216484,0.010310877851629076
extreme_flag,236,1412,0.00424929178470255,0.001412903515601605,0.008480869273368014
extreme_flag,237,1411,0.003543586109142452,0.0007079521601318393,0.0070924536454170534
extreme_flag,238,1409,0.0042583392476933995,0.0014159043202636786,0.007782522848076557
extreme_flag,239,1409,0.0014194464158978,0.0,0.003556316030422367
extreme_flag,240,1411,0.003543586109142452,0.0007097232079489,0.006394430546132972
extreme_flag,241,1412,0.007082152974504249,0.0028347698551423463,0.011295647285384496
extreme_flag,242,1412,0.010623229461756374,0.005661712668082095,0.01701554654161075
extreme_flag,243,1411,0.004961020552799433,0.0021201413427561835,0.009203703870775017
extreme_flag,244,1411,0.007795889440113395,0.0035322587890040127,0.012069793313278275
extreme_flag,245,1411,0.004252303330970942,0.0007102024098305996,0.00779064804240065
extreme_flag,246,1410,0.0070921985815602835,0.0028358238963362837,0.011331851698037309
extreme_flag,247,1411,0.005669737774627924,0.002123856480395518,0.00991573625447651
extreme_flag,248,1412,0.004957507082152974,0.0014189178986152848,0.008504606661941885
extreme_flag,249,1413,0.005661712668082095,0.0021216407355021216,0.009570110590215154
extreme_flag,250,1411,0.0063784549964564135,0.0028268551236749115,0.0106200448687169
extreme_flag,251,1410,0.002127659574468085,0.0,0.004962867741303135
extreme_flag,252,1409,0.0063875088715401,0.0028338148461200243,0.010660980810234541
extreme_flag,253,1410,0.00425531914893617,0.0014149026367604913,0.007104922829036635
extreme_flag,254,1412,0.006373937677053824,0.002828755698598826,0.010619658312432712
extreme_flag,255,1410,0.002127659574468085,0.0,0.0042569047007837155
extreme_flag,256,1410,0.005673758865248227,0.002127512957120783,0.009230178892770191
extreme_flag,257,1410,0.002127659574468085,0.0,0.004964539007092199
extreme_flag,258,1409,0.0049680624556423,0.0021216407355021216,0.00853196929394887
extreme_flag,259,1410,0.00425531914893617,0.0014179119481681419,0.008170060135470664
extreme_flag,260,1411,0.002126151665485471,0.0,0.004259927051745274
extreme_flag,261,1410,0.00425531914893617,0.0014179119481681419,0.0077796283375721155
extreme_flag,262,1410,0.0014184397163120568,0.0,0.0035511363636363635
extreme_flag,263,1410,0.006382978723404255,0.0028338148461200243,0.010623229461756374
extreme_flag,264,1409,0.0049680624556423,0.0021231422505307855,0.008890508906878494
extreme_flag,265,1409,0.0056777856635912,0.002135156411472201,0.009242966735111276
extreme_flag,266,1410,0.0028368794326241137,0.0,0.005669941534566934
extreme_flag,267,1409,0.0035486160397444995,0.000709962638718627,0.006750787890363847
extreme_flag,268,1410,0.0070921985815602835,0.00353713500635642,0.011375959058598494
extreme_flag,269,1411,0.007087172218284904,0.0028358238963362837,0.011343697694407165
extreme_flag,270,1411,0.002834868887313962,0.0007072135785007072,0.006367287092676511
extreme_flag,271,1412,0.0056657223796034,0.002823812143902332,0.009239849710655631
extreme_flag,272,1412,0.007082152974504249,0.0028247604180433954,0.011351745868756575
extreme_flag,273,1411,0.005669737774627924,0.0021244996840109544,0.009200613252341016
extreme_flag,274,1410,0.0070921985815602835,0.0031699225024092517,0.01132342533616419
extreme_flag,275,1411,0.003543586109142452,0.0007109721661960468,0.00708795767969654
extreme_flag,276,1411,0.004252303330970942,0.0014144271570014145,0.008510944374500465
extreme_flag,277,1410,0.0014184397163120568,0.0,0.003538570417551309
extreme_flag,278,1412,0.00141643059490085,0.0,0.0035486160397444995
extreme_flag,279,1411,0.001417434443656981,0.0,0.0035460992907801418
extreme_flag,280,1409,0.0007097232079489,0.0,0.0024997796241773527
extreme_flag,281,1411,0.002126151665485471,0.0,0.004267425320056899
extreme_flag,282,1413,0.004246284501061571,0.0010427709124761638,0.007097232079488999
extreme_flag,283,1412,0.0035410764872521247,0.0007072135785007072,0.006746938001110245
extreme_flag,284,1410,0.0014184397163120568,0.0,0.003556316030422367
extreme_flag,285,1409,0.0042583392476933995,0.0007112126201731556,0.007471721937425319
extreme_flag,286,1409,0.007097232079488999,0.0028378357972305697,0.011347517730496455
extreme_flag,287,1411,0.0007087172218284905,0.0,0.0021284523503918578
extreme_flag,288,1411,0.002126151665485471,0.0,0.004261363636363636
extreme_flag,289,1411,0.003543586109142452,0.0007087172218284905,0.006382978723404255
extreme_flag,290,1413,0.0028308563340410475,0.0007062146892655367,0.005657708628005658
extreme_flag,291,1413,0.003538570417551309,0.0007072135785007072,0.006364922206506365
extreme_flag,292,1410,0.0035460992907801418,0.00141643059490085,0.006753878469345703
extreme_flag,293,1408,0.004971590909090909,0.002124645892351275,0.008496353657619728
extreme_flag,294,1409,0.0049680624556423,0.002123856480395518,0.008895033602140352
extreme_flag,295,1412,0.006373937677053824,0.0021215667739491193,0.010615711252653927
extreme_flag,296,1413,0.0028308563340410475,0.0007064517578008026,0.005657708628005658
extreme_flag,297,1412,0.0056657223796034,0.0021231422505307855,0.009894711922410163
extreme_flag,298,1409,0.0014194464158978,0.0,0.003544905529502239
extreme_flag,299,1408,0.0035511363636363635,0.0007102272727272727,0.006392512333161828
extreme_flag,300,1410,0.002127659574468085,0.0,0.0053360099311099505
extreme_flag,301,1411,0.002834868887313962,0.000705953035975583,0.0056777856635912
extreme_flag,302,1413,0.003538570417551309,0.0007079521601318393,0.006364922206506365
extreme_flag,303,1411,0.002126151665485471,0.0,0.0049663888175810016
extreme_flag,304,1411,0.003543586109142452,0.0007104425220110103,0.007082152974504249
extreme_flag,305,1405,0.0056939501779359435,0.0021337126600284497,0.009971870141004405
extreme_flag,306,1406,0.002844950213371266,0.0007104670438392454,0.005685856432125089
extreme_flag,307,1404,0.002849002849002849,0.00033616418966737476,0.005685856432125089
extreme_flag,308,1404,0.002849002849002849,0.0007104670438392454,0.005685856432125089
extreme_flag,309,1407,0.0021321961620469083,0.0,0.004973445980325644
extreme_flag,310,1406,0.0007112375533428165,0.0,0.0021360297472397117
extreme_flag,311,1405,0.002135231316725979,0.0,0.004978842442591313
extreme_flag,312,1405,0.002135231316725979,0.0,0.004978842442591313
extreme_flag,313,1404,0.002849002849002849,0.0007094589493076424,0.005687979529299247
extreme_flag,314,1405,0.0014234875444839859,0.0,0.003554987205812029
extreme_flag,315,1408,0.002840909090909091,0.0,0.005681818181818182
extreme_flag,316,1409,0.0028388928317956,0.0007079521601318393,0.005689900426742532
extreme_flag,317,1409,0.0014194464158978,0.0,0.003549939209787728
extreme_flag,318,1409,0.0035486160397444995,0.0007114780073199254,0.0063763092697401835
extreme_flag,319,1408,0.002130681818181818,0.0,0.0046330055411093665
extreme_flag,320,1413,0.004953998584571833,0.0017506751666880374,0.008492569002123142
extreme_flag,321,1414,0.0021216407355021216,0.0,0.004964539007092199
extreme_flag,322,1414,0.0021216407355021216,0.0,0.004948833222544869
extreme_flag,323,1413,0.0028308563340410475,0.0007057163020465773,0.005673962916333644
extreme_flag,324,1411,0.002126151665485471,0.0,0.004964539007092199
extreme_flag,325,1410,0.004964539007092199,0.0021193552734024073,0.009200613252341016
extreme_flag,326,1410,0.004964539007092199,0.0014154281670205238,0.008522727272727272
extreme_flag,327,1411,0.002126151665485471,0.0,0.004962867741303135
extreme_flag,328,1412,0.00141643059490085,0.0,0.0035410764872521247
extreme_flag,329,1413,0.0021231422505307855,0.0,0.004945336986684235
extreme_flag,330,1414,0.0014144271570014145,0.0,0.0035462268227085267
extreme_flag,331,1414,0.002828854314002829,0.0007057163020465773,0.005667830461991275
extreme_flag,332,1414,0.0021216407355021216,0.0,0.004243281471004243
extreme_flag,333,1413,0.0014154281670205238,0.0,0.004235867732019186
extreme_flag,334,1413,0.0007077140835102619,0.0,0.0021224290308921702
extreme_flag,335,1414,0.0021216407355021216,0.0,0.0049504950495049506
extreme_flag,336,1415,0.0014134275618374558,0.0,0.0039062097532893674
extreme_flag,337,1414,0.0014144271570014145,0.0,0.0035398861041442374
extreme_flag,338,1413,0.0007077140835102619,0.0,0.002492642532170137
extreme_flag,339,1414,0.0014144271570014145,0.0,0.0035423940387445466
extreme_flag,340,1413,0.0021231422505307855,0.0,0.004961020552799433
extreme_flag,341,1414,0.002828854314002829,0.0007067137809187279,0.0056657223796034
extreme_flag,342,1412,0.00424929178470255,0.0014144271570014145,0.007779349363507779
extreme_flag,343,1413,0.0021231422505307855,0.0,0.0049469964664310955
extreme_flag,344,1413,0.0014154281670205238,0.0,0.003537381718153617
extreme_flag,345,1413,0.0021231422505307855,0.0,0.004952334405415064
extreme_flag,346,1414,0.005657708628005658,0.002123856480395518,0.009897666445089739
extreme_flag,347,1411,0.004961020552799433,0.0014204545454545455,0.00921022450073582
extreme_flag,348,1412,0.0035410764872521247,0.0007081905742114204,0.0070924536454170534
extreme_flag,349,1413,0.0028308563340410475,0.0007062146892655367,0.006367287092676511
extreme_flag,350,1409,0.0021291696238466998,0.0,0.004261363636363636
extreme_flag,351,1409,0.0021291696238466998,0.0,0.0042643923240938165
extreme_flag,352,1406,0.0021337126600284497,0.0,0.004971769964937554
extreme_flag,353,1405,0.0007117437722419929,0.0,0.00213907583403406
extreme_flag,354,1407,0.004975124378109453,0.001756531805903406,0.008886044291762464
extreme_flag,355,1409,0.0021291696238466998,0.0,0.0042765502494654314
extreme_flag,356,1407,0.0035536602700781805,0.0007112375533428165,0.006408089241719135
extreme_flag,357,1407,0.0035536602700781805,0.0007127583749109052,0.007125172351473135
extreme_flag,358,1408,0.0014204545454545455,0.0,0.003549939209787728
extreme_flag,359,1408,0.002840909090909091,0.0,0.0063784549964564135
extreme_flag,360,1407,0.0028429282160625444,0.0007102272727272727,0.0063763092697401835
extreme_flag,361,1407,0.005685856432125089,0.0021314011315177357,0.010676541926541926
extreme_flag,362,1408,0.004261363636363636,0.0014209340876784908,0.007798792164904926
extreme_flag,363,1407,0.0042643923240938165,0.001417434443656981,0.00849920250383701
extreme_flag,364,1408,0.0007102272727272727,0.0,0.0021429347668034523
extreme_flag,365,1408,0.0035511363636363635,0.0010453097158044159,0.007122507122507123
extreme_flag,366,1409,0.0035486160397444995,0.0007097232079489,0.007080566615743023
extreme_flag,367,1407,0.0035536602700781805,0.0007137758743754461,0.007094841167972859
extreme_flag,368,1408,0.0014204545454545455,0.0,0.003218495645112495
extreme_flag,369,1408,0.0035511363636363635,0.0007094589493076424,0.006748626880740151
extreme_flag,370,1404,0.004273504273504274,0.0010475368666250132,0.007826536500913726
extreme_flag,371,1405,0.0028469750889679717,0.000708215297450425,0.005706340497038313
extreme_flag,372,1409,0.0021291696238466998,0.0,0.004964717551791938
extreme_flag,373,1407,0.0035536602700781805,0.0007097232079489,0.007099878419575456
extreme_flag,374,1403,0.003563791874554526,0.0007122507122507123,0.006394430546132972
extreme_flag,375,1402,0.003566333808844508,0.0007124918520143039,0.007107840042027736
extreme_flag,376,1408,0.002130681818181818,0.0,0.0049663888175810016
extreme_flag,377,1407,0.0028429282160625444,0.0007089559740840709,0.005687979529299247
extreme_flag,378,1407,0.0014214641080312722,0.0,0.0035625861757365676
extreme_flag,379,1407,0.0014214641080312722,0.0,0.002849002849002849
extreme_flag,380,1407,0.0028429282160625444,0.0007087172218284905,0.005692448810989438
extreme_flag,381,1407,0.0021321961620469083,0.0,0.004978662873399715
extreme_flag,382,1408,0.004261363636363636,0.0014149026367604913,0.007815415111940298
extreme_flag,383,1408,0.002130681818181818,0.0,0.004962867741303135
extreme_flag,384,1406,0.004267425320056899,0.0007145034356207859,0.007503177427554636
extreme_flag,385,1408,0.002130681818181818,0.0,0.004634450320134217
extreme_flag,386,1408,0.004971590909090909,0.0017565377597209485,0.00923951670220327
extreme_flag,387,1406,0.0035561877667140826,0.0007116945564408889,0.0070980198179393045
extreme_flag,388,1405,0.0028469750889679717,0.0007109721661960468,0.0057084818246614395
extreme_flag,389,1407,0.0028429282160625444,0.0007077140835102619,0.006055241579692308
extreme_flag,390,1405,0.0035587188612099642,0.0007140180483328235,0.0071174377224199285
extreme_flag,391,1405,0.0071174377224199285,0.0035498131935931348,0.011429411080430775
extreme_flag,392,1406,0.002844950213371266,0.0007089559740840709,0.005714705540215388
extreme_flag,393,1409,0.0042583392476933995,0.0014159043202636786,0.007801699009958759
extreme_flag,394,1410,0.0028368794326241137,0.0007072135785007072,0.0056638177666307795
extreme_flag,395,1408,0.0014204545454545455,0.0,0.0035561877667140826
extreme_flag,396,1407,0.004975124378109453,0.0021291696238466998,0.00851698500967118
extreme_flag,397,1406,0.0035561877667140826,0.0007127333357718522,0.006428804300410357
extreme_flag,398,1403,0.0014255167498218105,0.0,0.00393972486966437
extreme_flag,399,1404,0.002849002849002849,0.0007112375533428165,0.005720517721119009
extreme_flag,400,1403,0.0021382751247327157,0.0,0.004655345286471798
extreme_flag,401,1406,0.005689900426742532,0.002130681818181818,0.00997934876206878
extreme_flag,402,1407,0.0028429282160625444,0.000708215297450425,0.005702066999287242
extreme_flag,403,1406,0.002844950213371266,0.0007092198581560284,0.005360074626865656
extreme_flag,404,1404,0.0014245014245014246,0.0,0.0035676702294366873
extreme_flag,405,1405,0.0028469750889679717,0.0007107320540156361,0.005710626213510618
extreme_flag,406,1405,0.004270462633451958,0.001422475106685633,0.007820971852786464
extreme_flag,407,1408,0.002130681818181818,0.0,0.005342737867525388
extreme_flag,408,1409,0.0035486160397444995,0.001412903515601605,0.0070924536454170534
extreme_flag,409,1408,0.0035511363636363635,0.0007112375533428165,0.0070924536454170534
extreme_flag,410,1410,0.0014184397163120568,0.0,0.003554987205812029
extreme_flag,411,1409,0.0042583392476933995,0.0014154281670205238,0.007832109073212277
extreme_flag,412,1410,0.0007092198581560284,0.0,0.002135231316725979
extreme_flag,413,1411,0.002126151665485471,0.0,0.004955840545801932
extreme_flag,414,1410,0.004964539007092199,0.002120853554310504,0.008516678495386799
extreme_flag,415,1409,0.0035486160397444995,0.0007121778686865458,0.006408089241719135
extreme_flag,416,1409,0.0014194464158978,0.0,0.0035398861041442374
extreme_flag,417,1412,0.00424929178470255,0.0014139023695403361,0.007782239779937957
extreme_flag,418,1414,0.002828854314002829,0.0007067137809187279,0.00637202692123014
extreme_flag,419,1412,0.0028328611898017,0.0007077140835102619,0.005686061360403466
extreme_flag,420,1411,0.004961020552799433,0.00211864406779661,0.008874494262659429
extreme_flag,421,1413,0.013446567586694975,0.007798515714924781,0.020183849364379496
extreme_flag,422,1413,0.003538570417551309,0.0007081905742114204,0.007082152974504249
extreme_flag,423,1413,0.004246284501061571,0.000708429326467001,0.00849572664994617
extreme_flag,424,1413,0.0028308563340410475,0.000705953035975583,0.006365385077063427
extreme_flag,425,1411,0.002126151665485471,0.0,0.0049680624556423
extreme_flag,426,1409,0.0042583392476933995,0.0014133783233044855,0.007804325284770145
extreme_flag,427,1409,0.007806955287437899,0.003540952871057102,0.0127573684527756
extreme_flag,428,1411,0.002126151665485471,0.0,0.004262953697421981
extreme_flag,429,1412,0.0028328611898017,0.0007057163020465773,0.00603529133242948
extreme_flag,430,1411,0.003543586109142452,0.0007094589493076424,0.007089811059004478
extreme_flag,431,1412,0.0035410764872521247,0.001043299805126067,0.00777152609403495
extreme_flag,432,1410,0.0014184397163120568,0.0,0.0035576467479452555
extreme_flag,433,1411,0.002126151665485471,0.0,0.0042583392476933995
extreme_flag,434,1411,0.002834868887313962,0.0007079521601318393,0.005661712668082095
extreme_flag,435,1411,0.003543586109142452,0.0007069511847701681,0.007087172218284904
extreme_flag,436,1413,0.0028308563340410475,0.0007074513183802457,0.007065023721849955
extreme_flag,437,1414,0.002828854314002829,0.0007054550178021665,0.006364922206506365
extreme_flag,438,1414,0.002828854314002829,0.0007057163020465773,0.005671848847203583
extreme_flag,439,1414,0.0014144271570014145,0.0,0.0035410764872521247
extreme_flag,440,1411,0.003543586109142452,0.0007087172218284905,0.0063875088715401
extreme_flag,441,1411,0.002126151665485471,0.0007067137809187279,0.005660016616782951
extreme_flag,442,1411,0.002126151665485471,0.0,0.004617655137293883
extreme_flag,443,1411,0.004252303330970942,0.0014144271570014145,0.0078019874291784695
extreme_flag,444,1412,0.0035410764872521247,0.0007079521601318393,0.007787749429117322
extreme_flag,445,1412,0.004957507082152974,0.0021231422505307855,0.009177713419374903
extreme_flag,446,1413,0.004246284501061571,0.0014124293785310734,0.007785134290442398
extreme_flag,447,1413,0.003538570417551309,0.000708215297450425,0.007077140835102618
extreme_flag,448,1414,0.0007072135785007072,0.0,0.0021239316624865425
extreme_flag,449,1413,0.0028308563340410475,0.0007062146892655367,0.006351446718419196
extreme_flag,450,1411,0.003543586109142452,0.0007094589493076424,0.006746006649560897
extreme_flag,451,1410,0.0014184397163120568,0.0,0.003544905529502239
extreme_flag,452,1413,0.004953998584571833,0.0014124293785310734,0.008876854756016633
extreme_flag,453,1413,0.004246284501061571,0.0014139023695403361,0.007779349363507779
extreme_flag,454,1412,0.00424929178470255,0.0014124293785310734,0.00851063829787234
extreme_flag,455,1413,0.005661712668082095,0.002122353955140737,0.009900990099009901
extreme_flag,456,1412,0.0028328611898017,0.0007077140835102619,0.0060291061591761855
extreme_flag,457,1412,0.002124645892351275,0.0,0.004954176366645163
extreme_flag,458,1414,0.005657708628005658,0.0021215667739491193,0.009203703870775017
extreme_flag,459,1413,0.0,0.0,0.0
extreme_flag,460,1412,0.00424929178470255,0.0014134275618374558,0.007799076455083366
extreme_flag,461,1413,0.004953998584571833,0.001417434443656981,0.008486562942008486
extreme_flag,462,1413,0.007077140835102618,0.002831808640527357,0.010994448058401534
extreme_flag,463,1411,0.002834868887313962,0.0003349788434414672,0.005679902735660366
extreme_flag,464,1411,0.005669737774627924,0.0021201413427561835,0.0099361249112846
extreme_flag,465,1410,0.004964539007092199,0.0014224252403463112,0.009197192467199404
extreme_flag,466,1411,0.005669737774627924,0.0021283034880162357,0.009223293518364716
extreme_flag,467,1411,0.008504606661941885,0.004255170391414109,0.01415954441657695
extreme_flag,468,1410,0.00425531914893617,0.0014179119481681419,0.007793266885238002
extreme_flag,469,1412,0.009206798866855524,0.004939842262118206,0.014135302746300232
extreme_flag,470,1412,0.0028328611898017,0.0,0.006369655328543781
extreme_flag,471,1412,0.004957507082152974,0.0014179119481681419,0.00851063829787234
extreme_flag,472,1413,0.0028308563340410475,0.0007069511847701681,0.005673962916333644
extreme_flag,473,1412,0.0035410764872521247,0.0010425070284042063,0.007087172218284904
extreme_flag,474,1412,0.0035410764872521247,0.0007077140835102619,0.007077140835102618
extreme_flag,475,1412,0.002124645892351275,0.0,0.004947355961205081
extreme_flag,476,1412,0.002124645892351275,0.0,0.004961020552799433
extreme_flag,477,1413,0.006369426751592357,0.002831808640527357,0.00992573548260627
extreme_flag,478,1412,0.0056657223796034,0.002130607229491799,0.009229841945448094
extreme_flag,479,1412,0.00424929178470255,0.0014134275618374558,0.00776863976299902
extreme_flag,480,1412,0.002124645892351275,0.0,0.004952334405415064
extreme_flag,481,1413,0.005661712668082095,0.0024563000673729165,0.009907997169143666
extreme_flag,482,1413,0.008492569002123142,0.004244562007627704,0.013812137759136712
extreme_flag,483,1413,0.004953998584571833,0.0021185703135325465,0.009184197260985008
extreme_flag,484,1414,0.003536067892503536,0.001042354871388302,0.006729554706826295
extreme_flag,485,1413,0.004953998584571833,0.0021178591079267493,0.008861936046776604
extreme_flag,486,1411,0.003543586109142452,0.0007102272727272727,0.007084788077489093
extreme_flag,487,1410,0.002127659574468085,0.0,0.004957507082152974
extreme_flag,488,1412,0.004957507082152974,0.002122353955140737,0.009187279151943463
extreme_flag,489,1412,0.004957507082152974,0.0014198287585955908,0.008875028127812766
extreme_flag,490,1413,0.005661712668082095,0.0021231422505307855,0.009897666445089739
extreme_flag,491,1413,0.004246284501061571,0.0014149026367604913,0.0077738515901060075
extreme_flag,492,1412,0.006373937677053824,0.0028247604180433954,0.0113314447592068
extreme_flag,493,1412,0.0028328611898017,0.0007074513183802457,0.005657708628005658
extreme_flag,494,1412,0.002124645892351275,0.0,0.0042569047007837155
extreme_flag,495,1411,0.002834868887313962,0.0007072135785007072,0.006367287092676511
extreme_flag,496,1410,0.00851063829787234,0.0042597758323117615,0.01279317697228145
extreme_flag,497,1411,0.004252303330970942,0.0014153308307017303,0.00781862404623051
extreme_flag,498,1412,0.0056657223796034,0.0021216407355021216,0.009904668810830127
extreme_flag,499,1414,0.0021216407355021216,0.0,0.00493835931411144
extreme_flag,500,1412,0.00141643059490085,0.0,0.003544905529502239
extreme_flag,501,1413,0.004953998584571833,0.0014144271570014145,0.008507773270805374
extreme_flag,502,1412,0.00424929178470255,0.0014149026367604913,0.007809866261533002
extreme_flag,503,1412,0.0035410764872521247,0.0010438302024492275,0.007070018712440174
extreme_flag,504,1412,0.002124645892351275,0.0,0.004954176366645163
extreme_flag,505,1412,0.006373937677053824,0.0021268679222522127,0.010615711252653927
extreme_flag,506,1412,0.004957507082152974,0.001417434443656981,0.00851063829787234
extreme_flag,507,1412,0.0056657223796034,0.002126151665485471,0.010267739333309328
extreme_flag,508,1412,0.002124645892351275,0.0,0.0049469964664310955
extreme_flag,509,1413,0.005661712668082095,0.002125361134590018,0.009908352733290327
extreme_flag,510,1413,0.013446567586694975,0.00847742109360963,0.01981005815874033
extreme_flag,511,1413,0.12384996461429583,0.10894750303055784,0.1412780993910232
extreme_flag,512,1410,0.04042553191489362,0.03013521233811012,0.050193715983189655
extreme_flag,513,1410,0.03687943262411347,0.02869923950359137,0.04738330975954738
extreme_flag,514,1411,0.026222537207654145,0.019101185596266633,0.03438490284569077
extreme_flag,515,1411,0.020552799433026223,0.013460620519070115,0.02828113098534389
extreme_flag,516,1412,0.015580736543909348,0.009907651530025523,0.021900778083887323
extreme_flag,517,1413,0.017692852087756547,0.010611769775703685,0.02545968882602546
extreme_flag,518,1412,0.0169971671388102,0.011342904878995209,0.024062278839348902
extreme_flag,519,1412,0.014164305949008499,0.009183872851410433,0.02055787731747676
extreme_flag,520,1412,0.007790368271954674,0.0035472947465382118,0.012747875354107648
extreme_flag,521,1414,0.019094766619519095,0.012734123730844423,0.02612310649669618
extreme_flag,522,1413,0.009907997169143666,0.005659610547041965,0.01485148514851485
extreme_flag,523,1413,0.014861995753715499,0.00917738946768258,0.021908912289534038
extreme_flag,524,1412,0.009206798866855524,0.004955665120922876,0.014179622118008956
extreme_flag,525,1412,0.009915014164305949,0.005661712668082095,0.015553475842283875
extreme_flag,526,1410,0.012056737588652482,0.007087172218284904,0.018105422641908307
extreme_flag,527,1410,0.0070921985815602835,0.0035322587890040127,0.010657384243554951
extreme_flag,528,1412,0.0084985835694051,0.0042431335478982386,0.013834851487137744
extreme_flag,529,1411,0.009213323883770375,0.0049680624556423,0.014189682335945718
extreme_flag,530,1412,0.010623229461756374,0.005661712668082095,0.016318729966658074
extreme_flag,531,1413,0.008492569002123142,0.004249143445268522,0.013456573891419304
extreme_flag,532,1413,0.004953998584571833,0.0021163650534064995,0.008486562942008486
extreme_flag,533,1412,0.007082152974504249,0.003538570417551309,0.011323831695188944
extreme_flag,534,1412,0.0028328611898017,0.0007057163020465773,0.005673758865248227
extreme_flag,535,1412,0.006373937677053824,0.002823812143902332,0.010984794793827147
extreme_flag,536,1411,0.005669737774627924,0.00212607739135676,0.009905029079370164
extreme_flag,537,1412,0.009206798866855524,0.004214508569380715,0.014194464158977998
extreme_flag,538,1411,0.008504606661941885,0.004948658293391177,0.01349530381445275
extreme_flag,539,1411,0.007795889440113395,0.0035421466323350046,0.012779781155235823
extreme_flag,540,1411,0.002834868887313962,0.0,0.004975124378109453
extreme_flag,541,1411,0.010630758327427357,0.0056716477926725675,0.016659118039463506
extreme_flag,542,1412,0.009206798866855524,0.004945162304605618,0.015580736543909348
extreme_flag,543,1413,0.00778485491861288,0.003871674168132533,0.012387207504205806
extreme_flag,544,1414,0.007779349363507779,0.003536067892503536,0.01239596940895007
extreme_flag,545,1413,0.009907997169143666,0.0052843665377514375,0.015237012254717677
extreme_flag,546,1413,0.003538570417551309,0.0007084537115300061,0.0063784549964564135
extreme_flag,547,1413,0.008492569002123142,0.004575658684982437,0.013409582720125903
extreme_flag,548,1414,0.005657708628005658,0.0021178591079267493,0.009549838482589171
extreme_flag,549,1413,0.007077140835102618,0.0028358238963362837,0.012015007334355197
extreme_flag,550,1412,0.0028328611898017,0.0,0.005673758865248227
extreme_flag,551,1412,0.0028328611898017,0.0007069511847701681,0.005675872934378288
extreme_flag,552,1412,0.004957507082152974,0.0014169074230600122,0.00922053059812001
extreme_flag,553,1412,0.0028328611898017,0.0007069511847701681,0.0063582904114511596
extreme_flag,554,1413,0.004953998584571833,0.0017513843667800095,0.00851698500967118
extreme_flag,555,1413,0.005661712668082095,0.0021185703135325465,0.00991870330848473
extreme_flag,556,1409,0.008516678495386799,0.004591883441544724,0.013494804190544793
extreme_flag,557,1409,0.0049680624556423,0.0014184397163120568,0.0085049123018504
extreme_flag,558,1410,0.0028368794326241137,0.0,0.005675872934378288
extreme_flag,559,1410,0.0028368794326241137,0.0007077140835102619,0.005667830461991275
extreme_flag,560,1410,0.00425531914893617,0.0014159043202636786,0.00816638304455444
extreme_flag,561,1410,0.00425531914893617,0.0014134275618374558,0.007804609984053862
extreme_flag,562,1410,0.0035460992907801418,0.0014124293785310734,0.007082152974504249
extreme_flag,563,1409,0.0035486160397444995,0.0010443621108758728,0.0070921985815602835
extreme_flag,564,1410,0.0035460992907801418,0.0007097232079489,0.006398976970461652
extreme_flag,565,1411,0.002126151665485471,0.0,0.004262953697421981
extreme_flag,566,1410,0.01702127659574468,0.010629676248874887,0.024141373459699394
extreme_flag,567,1410,0.0028368794326241137,0.0007077140835102619,0.006371794987459627
extreme_flag,568,1410,0.011347517730496455,0.005679701109749016,0.01777558587431252
extreme_flag,569,1410,0.014184397163120567,0.007820423709964414,0.019922092911416753
extreme_flag,570,1410,0.009219858156028368,0.00459036523676253,0.014888603223909405
extreme_flag,571,1390,0.15323741007194244,0.13609368168915215,0.16925541725970894
extreme_flag,572,1393,0.15147164393395549,0.1333081171950048,0.16792553153140163
extreme_flag,573,1393,0.12060301507537688,0.10442765042979943,0.13906895562946306
extreme_flag,574,1392,0.10847701149425287,0.09591644428594268,0.12298980419865227
extreme_flag,575,1392,0.09267241379310345,0.08031409574057789,0.10805203619446126
extreme_flag,576,1393,0.104091888011486,0.08895992994889129,0.11979913916786226
extreme_flag,577,1392,0.09482758620689655,0.08107897872658724,0.10789135341127719
extreme_flag,578,1391,0.06973400431344356,0.05850324675324675,0.0840110327028318
extreme_flag,579,1391,0.06470165348670022,0.05230725491871257,0.07711851662930173
extreme_flag,580,1391,0.06613946800862688,0.05264961646540594,0.07925361645185183
extreme_flag,581,1391,0.10639827462257369,0.09129935298683572,0.12297957320699875
extreme_flag,582,1391,0.07117181883537024,0.058767387626437934,0.08337246926970354
extreme_flag,583,1391,0.06398274622573688,0.05042384736407998,0.07783925042957558
extreme_flag,584,1391,0.06326383896477354,0.052702120094921534,0.07604403878359228
extreme_flag,585,1391,0.054636951833213515,0.043146206537007806,0.06655078185048904
extreme_flag,586,1391,0.08483105679367361,0.07073450733207702,0.09866941624497129
extreme_flag,587,1392,0.07471264367816093,0.06336453026163578,0.08920863309352518
extreme_flag,588,1392,0.0610632183908046,0.05021343275517372,0.0733867261254099
extreme_flag,589,1392,0.05387931034482758,0.0420709426446719,0.06604636836292406
extreme_flag,590,1392,0.05387931034482758,0.04380532331196211,0.06666909041204014
extreme_flag,591,1392,0.07040229885057471,0.05951848166489255,0.08420759379460797
extreme_flag,592,1393,0.06676238334529792,0.05460810350576477,0.07922957105200094
extreme_flag,593,1394,0.05308464849354376,0.04247165782598854,0.06523266517917016
extreme_flag,594,1394,0.05380200860832138,0.042292412632115535,0.06554446332483715
extreme_flag,595,1394,0.03802008608321377,0.028026808733483725,0.04844382966110066
extreme_flag,596,1394,0.04878048780487805,0.0379500284584737,0.05860891445003593
extreme_flag,597,1394,0.05308464849354376,0.04263842126683439,0.06523534653221132
extreme_flag,598,1393,0.03158650394831299,0.022888252148997135,0.0410569292294286
extreme_flag,599,1393,0.043072505384063174,0.032355602529780994,0.051879047097509255
extreme_flag,600,1392,0.032327586206896554,0.021559083641141327,0.04235617238905655
extreme_flag,601,1392,0.1257183908045977,0.11086876657475454,0.1436596596488188
extreme_flag,602,1393,0.07753050969131371,0.06562264728661228,0.09081582564303947
extreme_flag,603,1393,0.06173725771715721,0.05176132278936017,0.07530619596541785
extreme_flag,604,1393,0.03948312993539124,0.030356172755670242,0.05028735632183908
extreme_flag,605,1393,0.04522613065326633,0.03547523562907993,0.05726978563797489
extreme_flag,606,1393,0.05312275664034458,0.041585690704048626,0.06341890884292818
extreme_flag,607,1393,0.050969131371141424,0.040196862567252786,0.0645184745922969
extreme_flag,608,1393,0.05168700646087581,0.04117000587536528,0.06329248134455728
extreme_flag,609,1393,0.0416367552045944,0.03257017336950112,0.05295988908429137
extreme_flag,610,1394,0.03299856527977044,0.024351251622159585,0.04217769641404624
extreme_flag,611,1394,0.04806312769010043,0.03674380233921287,0.060280960036913404
extreme_flag,612,1394,0.05021520803443329,0.04055715770973092,0.06108626525612104
extreme_flag,613,1394,0.040172166427546625,0.03146172260791225,0.05027020880263386
extreme_flag,614,1394,0.03945480631276901,0.028258548732965943,0.048959709575979476
extreme_flag,615,1394,0.03443328550932568,0.025324769612018894,0.044452980472764636
extreme_flag,616,1394,0.04591104734576758,0.035616245583917995,0.057162321402268366
extreme_flag,617,1394,0.04375896700143472,0.033714733421330925,0.05411715666590325
extreme_flag,618,1394,0.04949784791965567,0.038955417640694635,0.06098955842499602
extreme_flag,619,1394,0.0351506456241033,0.025737991248513382,0.04435233319688907
extreme_flag,620,1394,0.02582496413199426,0.017166776759961994,0.03435934144595562
extreme_flag,621,1394,0.04447632711621234,0.0323951429443684,0.054383806296550034
extreme_flag,622,1394,0.03873744619799139,0.030042918454935622,0.05017679974753886
extreme_flag,623,1394,0.04878048780487805,0.03862524770991448,0.05981443508460799
extreme_flag,624,1394,0.028694404591104734,0.01996942401664636,0.03875204573801576
extreme_flag,625,1394,0.035868005738880916,0.026083292940572534,0.04648040412597169
extreme_flag,626,1394,0.03443328550932568,0.026485325697924122,0.04390649133111444
extreme_flag,627,1394,0.0351506456241033,0.025944573784746572,0.04446623964192453
extreme_flag,628,1394,0.032281205164992825,0.02325012951091248,0.04096373081881058
extreme_flag,629,1394,0.03299856527977044,0.024328727100684792,0.04262032117644358
extreme_flag,630,1394,0.04447632711621234,0.033946611160025404,0.056228733081326525
extreme_flag,631,1394,0.06384505021520803,0.05228046759823006,0.07579685980482687
extreme_flag,632,1394,0.03802008608321377,0.02879472060506543,0.04875098663114794
extreme_flag,633,1394,0.03802008608321377,0.026645148724587977,0.048239713846920954
extreme_flag,634,1394,0.028694404591104734,0.02049654575514796,0.03731678478475592
extreme_flag,635,1394,0.021520803443328552,0.015032211882605583,0.03015075376884422
extreme_flag,636,1394,0.023672883787661407,0.016509975804519066,0.031679812078574954
extreme_flag,637,1394,0.03873744619799139,0.028935645031412608,0.05030633609327615
extreme_flag,638,1394,0.03371592539454806,0.024936351729354607,0.04470761059242012
extreme_flag,639,1394,0.032281205164992825,0.023222820784989846,0.041630677944105805
extreme_flag,640,1394,0.019368723098995694,0.012926160977300295,0.027133654532476802
extreme_flag,641,1394,0.03371592539454806,0.02516175413371675,0.04360415389331698
extreme_flag,642,1393,0.02799712849964106,0.018616995092836156,0.03655913978494624
extreme_flag,643,1392,0.03017241379310345,0.022172994269340975,0.03865858782537405
extreme_flag,644,1393,0.022254127781765973,0.014356500699581796,0.030118865799663688
extreme_flag,645,1393,0.0208183776022972,0.014321263534426,0.028285682882474794
extreme_flag,646,1393,0.02799712849964106,0.020078523935144473,0.036637931034482756
extreme_flag,647,1392,0.03089080459770115,0.022259461363434766,0.04065892062663941
extreme_flag,648,1392,0.02586206896551724,0.018683254263618738,0.03428823324129233
extreme_flag,649,1392,0.02586206896551724,0.018617642594753802,0.033489741124394526
extreme_flag,650,1393,0.02297200287150036,0.015725518227305217,0.03169062154746282
extreme_flag,651,1393,0.028715003589375447,0.020056598497035377,0.037441222570532916
extreme_flag,652,1394,0.032281205164992825,0.022848577546650352,0.04150652841781873
extreme_flag,653,1394,0.02080344332855093,0.013623331163241315,0.02915089144351895
extreme_flag,654,1393,0.025843503230437905,0.0179321561505681,0.033035928860155515
extreme_flag,655,1393,0.022254127781765973,0.013931129758493655,0.03012111852985461
extreme_flag,656,1393,0.024407753050969132,0.016473419540229885,0.03153164857262283
extreme_flag,657,1394,0.021520803443328552,0.013940837504252904,0.029213206641039855
extreme_flag,658,1394,0.019368723098995694,0.012861061841174146,0.02579767076439597
extreme_flag,659,1394,0.02582496413199426,0.01827967779918647,0.034422830484802235
extreme_flag,660,1394,0.01649928263988522,0.01039925724383376,0.02338137248821631
extreme_flag,661,1394,0.03945480631276901,0.030040830945558736,0.05004330198729297
extreme_flag,662,1394,0.03156384505021521,0.02185761199801706,0.03948756467605285
extreme_flag,663,1394,0.020086083213773313,0.0129120255656161,0.02830935798157538
extreme_flag,664,1394,0.032281205164992825,0.022930441301824978,0.04257033819949968
extreme_flag,665,1394,0.020086083213773313,0.013224767358625628,0.027211374968464968
extreme_flag,666,1394,0.03156384505021521,0.022601823177170705,0.042404233199364136
extreme_flag,667,1394,0.03371592539454806,0.024415230313338362,0.0424010547071899
extreme_flag,668,1394,0.020086083213773313,0.013642042448115703,0.027889603516931212
extreme_flag,669,1394,0.024390243902439025,0.01717847617730022,0.03236424275713116
extreme_flag,670,1394,0.02654232424677188,0.019256230301766132,0.03413862597153266
extreme_flag,671,1394,0.03012912482065997,0.022182074709447896,0.03807471264367816
extreme_flag,672,1394,0.024390243902439025,0.017534319996346453,0.03225923729614845
extreme_flag,673,1394,0.018651362984218076,0.01218096152127899,0.025492779536131143
extreme_flag,674,1394,0.01649928263988522,0.00998471200832318,0.024048390956317674
extreme_flag,675,1394,0.012195121951219513,0.007155507970789644,0.017986267784414773
extreme_flag,676,1394,0.032281205164992825,0.024943990042674252,0.040710266233456346
extreme_flag,677,1394,0.02080344332855093,0.014311015941579288,0.028314467659872517
extreme_flag,678,1394,0.018651362984218076,0.0114730426590587,0.026638841664420623
extreme_flag,679,1394,0.013629842180774749,0.007907979870596693,0.019362128014069512
extreme_flag,680,1394,0.015064562410329985,0.008610956618464961,0.0215451709957536
extreme_flag,681,1393,0.017946877243359655,0.011485200559665438,0.02447151401768474
extreme_flag,682,1393,0.014357501794687724,0.009302160362026538,0.020145375799132132
extreme_flag,683,1394,0.017934002869440458,0.011476579936363585,0.024734336727620033
extreme_flag,684,1394,0.019368723098995694,0.012150693057469433,0.026584498319612227
extreme_flag,685,1394,0.01291248206599713,0.0072095491764079655,0.019069968163400296
extreme_flag,686,1393,0.024407753050969132,0.017134702567773434,0.031241522541279283
extreme_flag,687,1393,0.024407753050969132,0.016564341999614093,0.032420749279538905
extreme_flag,688,1394,0.015064562410329985,0.008580469802157887,0.021630206968823684
extreme_flag,689,1394,0.015064562410329985,0.008936315145357563,0.021888029484302383
extreme_flag,690,1394,0.014347202295552367,0.008238197574192752,0.020811283822267723
extreme_flag,691,1394,0.025107604017216643,0.017514400921658985,0.032327586206896554
extreme_flag,692,1394,0.02582496413199426,0.017173219129895147,0.03439689435252796
extreme_flag,693,1394,0.02080344332855093,0.01463228303680565,0.026231488195539353
extreme_flag,694,1394,0.020086083213773313,0.013537345188271774,0.027429485456375375
extreme_flag,695,1394,0.012195121951219513,0.007147962830593281,0.018383787655820535
extreme_flag,696,1394,0.018651362984218076,0.012146979985704074,0.026610599600307833
extreme_flag,697,1394,0.025107604017216643,0.017600701634976033,0.033777111376913985
extreme_flag,698,1394,0.017934002869440458,0.01141924360808481,0.02512562814070352
extreme_flag,699,1394,0.020086083213773313,0.013565415719636136,0.02724215206310723
extreme_flag,700,1394,0.015064562410329985,0.009325031699766163,0.02232665623061394
extreme_flag,701,1394,0.01721664275466284,0.011054222891615442,0.024076803183294915
extreme_flag,702,1394,0.01721664275466284,0.01077548056602206,0.02332795566122208
extreme_flag,703,1394,0.020086083213773313,0.013648942050294608,0.02861440851412198
extreme_flag,704,1394,0.01291248206599713,0.00784487898786521,0.01867179184097829
extreme_flag,705,1394,0.017934002869440458,0.011074291235529776,0.025090517897004352
extreme_flag,706,1394,0.02080344332855093,0.014988766048502139,0.027908506587800128
extreme_flag,707,1394,0.015781922525107604,0.010017362995672309,0.022278520269879438
extreme_flag,708,1394,0.01721664275466284,0.011444517839974662,0.025013211101920778
extreme_flag,709,1394,0.010760401721664276,0.005718168812589413,0.01690977491017492
extreme_flag,710,1394,0.007890961262553802,0.003572641172265904,0.012261311747613118
extreme_flag,711,1394,0.010760401721664276,0.005746725431706285,0.015759312320916905
extreme_flag,712,1394,0.01721664275466284,0.010721944245889922,0.02504609565571806
extreme_flag,713,1394,0.014347202295552367,0.00865116061473205,0.02042614965885858
extreme_flag,714,1394,0.015064562410329985,0.0085927581206556,0.022222222222222223
extreme_flag,715,1393,0.010768126346015794,0.005753022516819344,0.016560540752351097
extreme_flag,716,1393,0.012203876525484566,0.006463080488650148,0.017285793571343355
extreme_flag,717,1393,0.020100502512562814,0.012916434927697442,0.02805808620743079
extreme_flag,718,1393,0.01148600143575018,0.006057780003218942,0.01720492655794584
extreme_flag,719,1393,0.012203876525484566,0.007160631767213,0.018625318462758136
extreme_flag,720,1393,0.010768126346015794,0.00574300071787509,0.016954665606212997
extreme_flag,721,1393,0.020100502512562814,0.013268629360156284,0.027348462482713613
extreme_flag,722,1393,0.028715003589375447,0.020742478510028653,0.036695130958673966
extreme_flag,723,1393,0.0208183776022972,0.014424552456275599,0.02799712849964106
extreme_flag,724,1394,0.01291248206599713,0.00784299844535299,0.019314005350994652
extreme_flag,725,1394,0.015781922525107604,0.010014306151645207,0.022270926368517126
extreme_flag,726,1394,0.021520803443328552,0.013594534050179212,0.02943505226893831
extreme_flag,727,1394,0.01721664275466284,0.010744985673352435,0.024407753050969132
extreme_flag,728,1394,0.010760401721664276,0.006435352351618415,0.017217269141405953
extreme_flag,729,1394,0.015064562410329985,0.009318347540956649,0.021178979086927674
extreme_flag,730,1394,0.010760401721664276,0.005720313201438592,0.016442799224396263
extreme_flag,731,1394,0.01721664275466284,0.011484817876357939,0.024114401858304282
extreme_flag,732,1394,0.015064562410329985,0.009315491778866399,0.021474588403722263
extreme_flag,733,1394,0.017934002869440458,0.010744985673352435,0.02369074048879434
extreme_flag,734,1394,0.01649928263988522,0.010035487743213856,0.022939068100358423
extreme_flag,735,1394,0.011477761836441894,0.006456241032998565,0.017242007511110033
extreme_flag,736,1394,0.02080344332855093,0.014983680395397214,0.028517316017316
extreme_flag,737,1394,0.013629842180774749,0.007840342124019958,0.019296693505976296
extreme_flag,738,1394,0.012195121951219513,0.0064516129032258064,0.01862042354630294
extreme_flag,739,1394,0.00860832137733142,0.004296084618753096,0.014337974770056437
extreme_flag,740,1394,0.010760401721664276,0.0057363274339923805,0.015753953929111296
extreme_flag,741,1394,0.015781922525107604,0.00965629290946866,0.0222945425112103
extreme_flag,742,1394,0.015064562410329985,0.008939940124987803,0.021498058970329977
extreme_flag,743,1394,0.009325681492109038,0.003924300966747842,0.013689261023501681
extreme_flag,744,1394,0.011477761836441894,0.006794693189917709,0.017640459731564452
extreme_flag,745,1394,0.009325681492109038,0.004639275315431899,0.01436291680075253
extreme_flag,746,1394,0.01291248206599713,0.007160382728013906,0.01942589809202027
extreme_flag,747,1394,0.00860832137733142,0.004291694189990499,0.01365508167765859
extreme_flag,748,1394,0.017934002869440458,0.01144881275326343,0.025835650723025582
extreme_flag,749,1394,0.00860832137733142,0.004305628367292498,0.013321258745384998
extreme_flag,750,1394,0.010760401721664276,0.005740837823056665,0.016166157499598013
extreme_flag,751,1394,0.011477761836441894,0.005734767025089606,0.017229629446395882
extreme_flag,752,1394,0.014347202295552367,0.00857433881343817,0.021163870538081733
extreme_flag,753,1394,0.007890961262553802,0.0035714285714285713,0.01218682297854497
extreme_flag,754,1394,0.013629842180774749,0.008580469802157887,0.019995482790758377
extreme_flag,755,1394,0.007890961262553802,0.003585204646245238,0.012657871146967706
extreme_flag,756,1394,0.014347202295552367,0.008920651688173836,0.0211913655354243
extreme_flag,757,1394,0.013629842180774749,0.008208535956380785,0.020732225109021372
extreme_flag,758,1394,0.01291248206599713,0.0071863612137137755,0.019382627422828428
extreme_flag,759,1394,0.01291248206599713,0.0071674899756373174,0.019314005350994652
extreme_flag,760,1394,0.010043041606886656,0.005705738705738706,0.015086206896551725
extreme_flag,761,1394,0.01291248206599713,0.007487603369124534,0.019752433151152982
extreme_flag,762,1394,0.012195121951219513,0.0071426056850029005,0.019697533733045076
extreme_flag,763,1394,0.010760401721664276,0.005711753987215216,0.016208024248225237
extreme_flag,764,1394,0.00860832137733142,0.004297842535079009,0.014373238883793186
extreme_flag,765,1394,0.010760401721664276,0.005716225875625446,0.016522988505747127
extreme_flag,766,1394,0.01649928263988522,0.010751939470334596,0.022551721383497075
extreme_flag,767,1394,0.010760401721664276,0.005742797539537261,0.01578249671295546
extreme_flag,768,1394,0.007890961262553802,0.0035957646535539362,0.012921751615218953
extreme_flag,769,1394,0.010043041606886656,0.005352397878762086,0.015783087145538978
extreme_flag,770,1394,0.010043041606886656,0.005709811050251249,0.015081062640790158
extreme_flag,771,1394,0.009325681492109038,0.004303717476136344,0.014016245487364609
extreme_flag,772,1394,0.012195121951219513,0.006763026409707352,0.0179672127337613
extreme_flag,773,1394,0.01291248206599713,0.006472376376397085,0.019038031717663002
extreme_flag,774,1394,0.012195121951219513,0.007168458781362007,0.01725440337385264
extreme_flag,775,1394,0.009325681492109038,0.00572655690765927,0.014321776299192087
extreme_flag,776,1394,0.010043041606886656,0.005015859461091558,0.015081619697027518
extreme_flag,777,1394,0.009325681492109038,0.004995758577735208,0.014472311187414362
extreme_flag,778,1393,0.01148600143575018,0.006451384977780336,0.017155110793423873
extreme_flag,779,1392,0.014367816091954023,0.007896625987078248,0.020145375799132132
extreme_flag,780,1393,0.007896625987078248,0.003599712023038157,0.012955507421127214
extreme_flag,781,1346,0.020059435364041606,0.013323464100666173,0.02866274637344712
extreme_flag,782,1347,0.028210838901262063,0.019006618372936972,0.03716302431328879
extreme_flag,783,1347,0.022271714922048998,0.014775191107209998,0.02995189396487923
extreme_flag,784,1347,0.016332590942835932,0.009692898432655922,0.022674708625610003
extreme_flag,785,1347,0.01855976243504083,0.011139385900080527,0.026627218934911243
extreme_flag,786,1347,0.014847809948032665,0.009020987916048337,0.02074152029713048
extreme_flag,787,1347,0.017817371937639197,0.012532022855378971,0.02470556695693974
extreme_flag,788,1347,0.015590200445434299,0.008911829821594629,0.022399495498949977
extreme_flag,789,1347,0.011135857461024499,0.005895143387160539,0.017027809920796676
extreme_flag,790,1347,0.013363028953229399,0.007068883471640147,0.019389249727517405
extreme_flag,791,1347,0.0200445434298441,0.012576661673597835,0.02784979276439074
extreme_flag,792,1347,0.014105419450631032,0.008180747745445253,0.019722422299155017
extreme_flag,793,1347,0.0066815144766146995,0.0029498525073746312,0.011156772769516729
extreme_flag,794,1347,0.0066815144766146995,0.002967043550282181,0.011865709807803347
extreme_flag,795,1346,0.007429420505200594,0.0029684054465467825,0.011825572801182557
extreme_flag,796,1346,0.01188707280832095,0.006673486592398125,0.017745247248061508
extreme_flag,797,1347,0.016332590942835932,0.010389419062913739,0.02253282834343967
extreme_flag,798,1347,0.010393466963622866,0.005167678838896192,0.015651418510010607
extreme_flag,799,1347,0.011135857461024499,0.005571736281763591,0.016321721424247426
extreme_flag,800,1347,0.012620638455827766,0.006643927716464704,0.01843082403578086
extreme_flag,801,1347,0.015590200445434299,0.009557500497409147,0.022258690828402365
extreme_flag,802,1346,0.017087667161961365,0.010372937141501632,0.02404798125908468
extreme_flag,803,1346,0.010401188707280832,0.0055593037768793116,0.016076870780195034
extreme_flag,804,1347,0.011878247958426132,0.0062637489600364474,0.01708164144414256
extreme_flag,805,1347,0.007423904974016332,0.0029816817087143853,0.01221014714429929
extreme_flag,806,1346,0.01188707280832095,0.006665958844241206,0.017781313872618276
extreme_flag,807,1346,0.014858841010401188,0.008891389148798777,0.02335300321152438
extreme_flag,808,1347,0.007423904974016332,0.002963415678806529,0.011972254412925546
extreme_flag,809,1347,0.016332590942835932,0.010369624953909364,0.022297814587973273
extreme_flag,810,1347,0.011135857461024499,0.00554486475657725,0.016302638442742223
extreme_flag,811,1347,0.026726057906458798,0.018606446254984803,0.03505701392190719
extreme_flag,812,1347,0.017817371937639197,0.011142944195722598,0.024657855958740097
extreme_flag,813,1347,0.017817371937639197,0.01108217583115807,0.02517728999346437
extreme_flag,814,1347,0.011878247958426132,0.006634362993114467,0.017294572433879662
extreme_flag,815,1346,0.01263001485884101,0.007421013616366957,0.018465214867954827
extreme_flag,816,1346,0.009658246656760773,0.004815237415564371,0.014865209725315515
extreme_flag,817,1347,0.017817371937639197,0.01104412444120537,0.024623144731789566
extreme_flag,818,1346,0.015601783060921248,0.009575577924896897,0.021652845648984977
extreme_flag,819,1346,0.011144130757800892,0.005912786400591279,0.017172946549194983
extreme_flag,820,1347,0.011878247958426132,0.005971841222034338,0.01749080561001623
extreme_flag,821,1347,0.016332590942835932,0.009586672358985934,0.02287908545857788
extreme_flag,822,1347,0.013363028953229399,0.008108955965245216,0.01966756155671241
extreme_flag,823,1347,0.011878247958426132,0.006641363691819679,0.01750710534188743
extreme_flag,824,1347,0.011135857461024499,0.005193673122529209,0.01630837657524092
extreme_flag,825,1347,0.005939123979213066,0.0022271714922048997,0.010366724237190558
extreme_flag,826,1347,0.011878247958426132,0.006688598671651289,0.01773970900330765
extreme_flag,827,1347,0.014847809948032665,0.008934891952309985,0.022056648321593212
extreme_flag,828,1347,0.014105419450631032,0.0088355913684045,0.020795836872469744
extreme_flag,829,1347,0.017817371937639197,0.010483832956259428,0.025821869145902166
extreme_flag,830,1346,0.009658246656760773,0.0051961805555555554,0.015545226076965938
extreme_flag,831,1346,0.017830609212481426,0.010397134791860399,0.025452410279379643
extreme_flag,832,1347,0.008908685968819599,0.004431314623338257,0.01411643111637316
extreme_flag,833,1347,0.007423904974016332,0.002964946090140823,0.011874516041269906
extreme_flag,834,1347,0.009651076466221232,0.004440683500694722,0.014487843581220166
extreme_flag,835,1346,0.01263001485884101,0.007380073800738007,0.0184868038380883
extreme_flag,836,1345,0.012639405204460967,0.0062660586168214495,0.018525725503116163
extreme_flag,837,1345,0.011895910780669145,0.006252183866006146,0.01715809932440705
extreme_flag,838,1346,0.008172362555720654,0.003724325946870287,0.013392857142857142
extreme_flag,839,1347,0.011878247958426132,0.006298694124665798,0.017222339029805557
extreme_flag,840,1346,0.007429420505200594,0.003714710252600297,0.012589138654402459
extreme_flag,841,1346,0.0475482912332838,0.03765474151354718,0.05867172496031575
extreme_flag,842,1347,0.044543429844097995,0.03338156945423568,0.055392636510634766
extreme_flag,843,1347,0.031180400890868598,0.021534705226308126,0.0401942778693756
extreme_flag,844,1346,0.02674591381872214,0.019703012613825604,0.03501707008249568
extreme_flag,845,1346,0.018573551263001486,0.011781190352247093,0.026797212172920627
extreme_flag,846,1346,0.033432392273402674,0.024142254479649208,0.04379258603673661
extreme_flag,847,1346,0.022288261515601784,0.015145166981692056,0.030416575174880014
extreme_flag,848,1346,0.02823179791976226,0.019326348166034263,0.037025426460977014
extreme_flag,849,1346,0.01634472511144131,0.009554144686938802,0.023373990893293138
extreme_flag,850,1346,0.020802377414561663,0.013460227027976546,0.0288946350430047
extreme_flag,851,1345,0.01486988847583643,0.008532353682590506,0.02118058488131966
extreme_flag,852,1345,0.022304832713754646,0.016288810885141496,0.03075886043464754
extreme_flag,853,1346,0.01634472511144131,0.009312383759694004,0.02310978150942977
extreme_flag,854,1347,0.016332590942835932,0.009632338244532008,0.023679666430519677
extreme_flag,855,1347,0.014105419450631032,0.008141532119546548,0.020417921027325498
extreme_flag,856,1347,0.02301410541945063,0.015939789062069724,0.03134824101796407
extreme_flag,857,1347,0.01855976243504083,0.011917412378821775,0.026791067540418007
extreme_flag,858,1347,0.015590200445434299,0.00997486528615221,0.022946827744904665
extreme_flag,859,1347,0.019302152932442463,0.011871252851495335,0.027368947973083865
extreme_flag,860,1346,0.008172362555720654,0.00370356856162884,0.0130222499369784
extreme_flag,861,1346,0.01411589895988113,0.008880512172872041,0.02020317932181186
extreme_flag,862,1346,0.017087667161961365,0.009624567530965057,0.024166104153501455
extreme_flag,863,1346,0.014858841010401188,0.00888450618969448,0.022263866951286407
extreme_flag,864,1346,0.020059435364041606,0.013340927674614898,0.028808680111845623
extreme_flag,865,1346,0.01337295690936107,0.008085115291524399,0.019484071991051656
extreme_flag,866,1346,0.01411589895988113,0.008846133780267508,0.019942432057391213
extreme_flag,867,1346,0.021545319465081723,0.01447585812609786,0.028620156773060217
extreme_flag,868,1346,0.01634472511144131,0.010813545631830495,0.02342304819900039
extreme_flag,869,1346,0.010401188707280832,0.005167499335028103,0.015996598015195592
extreme_flag,870,1347,0.011878247958426132,0.006673486592398125,0.01808628318584069
extreme_flag,871,1347,0.025983667409057165,0.018105547008864974,0.034179312659276574
extreme_flag,872,1347,0.02969561989606533,0.020453946092689548,0.0381410073655683
extreme_flag,873,1347,0.017817371937639197,0.011446707894575598,0.024405687360800864
extreme_flag,874,1347,0.016332590942835932,0.01038171477718411,0.023146145348914973
extreme_flag,875,1347,0.019302152932442463,0.012546125461254613,0.026777280024429126
extreme_flag,876,1347,0.024498886414253896,0.01640921688222069,0.032912033967995566
extreme_flag,877,1347,0.0200445434298441,0.012680265987284967,0.02877220553178983
extreme_flag,878,1347,0.024498886414253896,0.01661828618286183,0.0334218806878978
extreme_flag,879,1347,0.01855976243504083,0.010412600681536554,0.026011618125335322
extreme_flag,880,1346,0.020802377414561663,0.013365075950623822,0.02840229196160085
extreme_flag,881,1346,0.021545319465081723,0.014873582980945616,0.02966763915154947
extreme_flag,882,1346,0.01634472511144131,0.009725061891096305,0.022895125553914326
extreme_flag,883,1347,0.015590200445434299,0.00960016516600875,0.021538545332200808
extreme_flag,884,1347,0.015590200445434299,0.00959409594095941,0.02233101014410052
extreme_flag,885,1347,0.020786933927245732,0.013356877323420075,0.02861107507858922
extreme_flag,886,1347,0.026726057906458798,0.018935620183942334,0.03655313583014572
extreme_flag,887,1347,0.022271714922048998,0.01478142780977686,0.03030416670308444
extreme_flag,888,1347,0.020786933927245732,0.013312653865091088,0.02929948109710895
extreme_flag,889,1347,0.024498886414253896,0.016223599376745425,0.032677922762707506
extreme_flag,890,1347,0.017817371937639197,0.010688291052993055,0.024498886414253896
extreme_flag,891,1347,0.020786933927245732,0.014020656682730434,0.02960995443231607
extreme_flag,892,1347,0.023756495916852263,0.016194036158875377,0.03078266093995754
extreme_flag,893,1347,0.014105419450631032,0.008118081180811807,0.02124293634715854
extreme_flag,894,1347,0.019302152932442463,0.011818638368487707,0.026658307051903446
extreme_flag,895,1347,0.016332590942835932,0.010400081249341091,0.022946827744904665
extreme_flag,896,1347,0.020786933927245732,0.014410614350802006,0.029020080472471284
extreme_flag,897,1347,0.0200445434298441,0.013214467651553744,0.027143811943585724
extreme_flag,898,1347,0.014847809948032665,0.008838410971214237,0.0218187479514913
extreme_flag,899,1347,0.013363028953229399,0.008120929104416598,0.0192389751170239
extreme_flag,900,1347,0.016332590942835932,0.009997413375599876,0.023165403516057583
extreme_flag,901,1347,0.04083147735708983,0.030866315818028917,0.05149855952719745
extreme_flag,902,1347,0.020786933927245732,0.013692090200032068,0.028225173050936265
extreme_flag,903,1346,0.03268945022288262,0.025145262720232837,0.04292112409254656
extreme_flag,904,1346,0.02897473997028232,0.020717340650580986,0.03756902654181865
extreme_flag,905,1346,0.017087667161961365,0.010423669846338942,0.025577254656475125
extreme_flag,906,1346,0.017087667161961365,0.010451467457336173,0.024553571428571428
extreme_flag,907,1346,0.023031203566121844,0.015230953321406166,0.03226890661714012
extreme_flag,908,1346,0.010401188707280832,0.0051985673959301995,0.016303900185817264
extreme_flag,909,1346,0.018573551263001486,0.011185271481638009,0.02533532041728763
extreme_flag,910,1346,0.021545319465081723,0.013351252113271345,0.02974446229952421
extreme_flag,911,1346,0.02600297176820208,0.016761254697446125,0.0345140949554896
extreme_flag,912,1346,0.019316493313521546,0.012483532401113485,0.02689838443917534
extreme_flag,913,1346,0.015601783060921248,0.009646970349507698,0.022569872669544324
extreme_flag,914,1346,0.014858841010401188,0.008929679501101424,0.022148806052314583
extreme_flag,915,1345,0.013382899628252789,0.007376696306794371,0.01915704893052655
extreme_flag,916,1346,0.0237741456166419,0.015508489553332984,0.03121574595248485
extreme_flag,917,1347,0.023756495916852263,0.01631241613690856,0.03194771252652873
extreme_flag,918,1347,0.020786933927245732,0.01333754862317615,0.027471643518518517
extreme_flag,919,1347,0.017817371937639197,0.011155565107425344,0.024575731315627954
extreme_flag,920,1347,0.017817371937639197,0.011139787276993286,0.02451801193896391
extreme_flag,921,1347,0.02969561989606533,0.019638879814688325,0.03908554572271387
extreme_flag,922,1347,0.015590200445434299,0.00926587669307634,0.021642610627428505
extreme_flag,923,1347,0.017074981440237565,0.010393466963622866,0.02403841923398437
extreme_flag,924,1347,0.016332590942835932,0.009589382747495332,0.023007779154619303
extreme_flag,925,1347,0.017817371937639197,0.01117143727466118,0.025029845206207785
extreme_flag,926,1347,0.019302152932442463,0.012222633136094674,0.026319984803978097
extreme_flag,927,1347,0.015590200445434299,0.008894533001573807,0.02295951628998475
extreme_flag,928,1347,0.015590200445434299,0.010316500927530944,0.02262164345396245
extreme_flag,929,1347,0.017074981440237565,0.010369269313264099,0.02380198184004311
extreme_flag,930,1347,0.016332590942835932,0.009974194608809994,0.023409770575205605
extreme_flag,931,1346,0.031203566121842496,0.02156818028432055,0.04022447812410638
extreme_flag,932,1346,0.018573551263001486,0.01195302470445082,0.025955249299954027
extreme_flag,933,1346,0.02823179791976226,0.020104244229337303,0.038153384324368766
extreme_flag,934,1346,0.02600297176820208,0.01814689430395711,0.035799840401720545
extreme_flag,935,1346,0.01634472511144131,0.01033172768983412,0.022357304874358323
extreme_flag,936,1347,0.021529324424647365,0.014141394135147563,0.030460624071322436
extreme_flag,937,1347,0.01855976243504083,0.01077051663403138,0.026381366308892134
extreme_flag,938,1347,0.025241276911655532,0.016953895089686026,0.03452847997486696
extreme_flag,939,1347,0.015590200445434299,0.009618765302055458,0.022628610599671348
extreme_flag,940,1347,0.015590200445434299,0.00888794512565494,0.02251536703473958
extreme_flag,941,1346,0.020802377414561663,0.013728958013177186,0.028485308436909322
extreme_flag,942,1346,0.018573551263001486,0.01182514224782149,0.02592790327111829
extreme_flag,943,1346,0.022288261515601784,0.015566518298714145,0.0301603585844987
extreme_flag,944,1346,0.01634472511144131,0.010397134791860399,0.023024867957746477
extreme_flag,945,1346,0.023031203566121844,0.015971628316069436,0.031430155210643004
extreme_flag,946,1346,0.033432392273402674,0.023996553861103956,0.04252728823859386
extreme_flag,947,1347,0.03192279138827023,0.021950814836663963,0.040349187607695736
extreme_flag,948,1347,0.020786933927245732,0.01341529079924783,0.02823395771513353
extreme_flag,949,1347,0.025983667409057165,0.018915898719107562,0.03447234061262568
extreme_flag,950,1347,0.020786933927245732,0.013396187215370808,0.029281637124406946
extreme_flag,951,1347,0.13511507052709726,0.11885453976423131,0.15523217429577463
extreme_flag,952,1347,0.028210838901262063,0.01952479557956965,0.037237528442735285
extreme_flag,953,1347,0.021529324424647365,0.01417206198578908,0.0288946350430047
extreme_flag,954,1347,0.023756495916852263,0.015575010112517234,0.0315281377674296
extreme_flag,955,1347,0.05493689680772086,0.043871609914451236,0.06892616421568627
extreme_flag,956,1347,0.05790645879732739,0.045546059616215454,0.07137535875358751
extreme_flag,957,1347,0.020786933927245732,0.014416415322282399,0.029384961578251458
extreme_flag,958,1347,0.014847809948032665,0.008861994030475991,0.020787578772747842
extreme_flag,959,1347,0.015590200445434299,0.0095833115952898,0.022304476942470237
extreme_flag,960,1347,0.05939123979213066,0.047967043949933036,0.07228071578348794
extreme_flag,961,1347,0.051224944320712694,0.040283183799138,0.0635203391457646
extreme_flag,962,1347,0.042316258351893093,0.032604068857589985,0.05219370913085522
extreme_flag,963,1347,0.025983667409057165,0.01818526798034995,0.036153914551193704
extreme_flag,964,1347,0.017817371937639197,0.011114236435998471,0.02477827050997781
extreme_flag,965,1347,0.011878247958426132,0.006698797002978406,0.0181581979806848
extreme_flag,966,1347,0.030438010393466965,0.02110232722616298,0.03959730841234172
extreme_flag,967,1347,0.017074981440237565,0.010410519141553784,0.024363686657546044
extreme_flag,968,1345,0.015613382899628252,0.009625206432129064,0.022725355824986814
extreme_flag,969,1345,0.009665427509293681,0.004503722524925332,0.014541797714874625
extreme_flag,970,1345,0.005947955390334572,0.002231271574614976,0.010046791491893093
extreme_flag,971,1345,0.013382899628252789,0.008129785295377273,0.019253221759708047
extreme_flag,972,1345,0.0037174721189591076,0.001472081520832114,0.006729357752009051
extreme_flag,973,1345,0.0044609665427509295,0.0010907653272872139,0.008133238322028192
extreme_flag,974,1345,0.011895910780669145,0.0066763138908471345,0.018239991031166684
extreme_flag,975,1345,0.011895910780669145,0.007404528881212819,0.01799704634805888
extreme_flag,976,992,0.008064516129032258,0.003033072730562908,0.014143356643356636
extreme_flag,977,981,0.004077471967380225,0.0010044953684083067,0.00820600428561961
extreme_flag,978,981,0.007135575942915392,0.0029984265734265734,0.012264637687214086
extreme_flag,979,980,0.004081632653061225,0.0,0.008161146708829158
extreme_flag,980,980,0.004081632653061225,0.0009880485089929112,0.00787705450004787
extreme_flag,981,979,0.010214504596527068,0.004987169205296695,0.017663349906945326
extreme_flag,982,978,0.005112474437627812,0.0014735408988393204,0.010283593830953926
extreme_flag,983,981,0.0050968399592252805,0.0014868744872846601,0.010494326721389995
extreme_flag,984,981,0.0061162079510703364,0.001994776119402985,0.011683927225022902
extreme_flag,985,982,0.003054989816700611,0.0,0.007180253749917159
extreme_flag,986,982,0.003054989816700611,0.000993517544188691,0.0069871363901214635
extreme_flag,987,981,0.0020387359836901123,0.0,0.00518416894201621
extreme_flag,988,981,0.004077471967380225,0.000997433841059339,0.008192736211554273
extreme_flag,989,983,0.00508646998982706,0.0010405297124047124,0.01007689964976397
extreme_flag,990,983,0.006103763987792472,0.002025359342915811,0.01304351325438417
extreme_flag,991,983,0.011190233977619531,0.005120447455762085,0.01744305557893319
extreme_flag,992,1344,0.008928571428571428,0.0044411547002220575,0.01382939206135118
extreme_flag,993,1344,0.005952380952380952,0.002226304084910087,0.010770208691057971
extreme_flag,994,1347,0.008166295471417966,0.004061333993726267,0.012653754144062689
extreme_flag,995,1347,0.002969561989606533,0.0007388117220772047,0.0059750674459553895
extreme_flag,996,1347,0.004454342984409799,0.001478662886619354,0.007480007719998993
extreme_flag,997,1347,0.004454342984409799,0.0014847266987358962,0.008175865348923533
extreme_flag,998,1347,0.004454342984409799,0.0014797569187813089,0.008175865348923533
extreme_flag,999,1347,0.003711952487008166,0.0007411626485897165,0.006679160085385921
extreme_flag,1000,1345,0.0044609665427509295,0.0014776234441544094,0.0081909274980484
extreme_flag,1001,1345,0.005947955390334572,0.002235387401073759,0.009698428660309927
extreme_flag,1002,1345,0.0007434944237918215,0.0,0.0022296961394632038
extreme_flag,1003,1346,0.003714710252600297,0.0007426524851328857,0.006719051308060147
extreme_flag,1004,1345,0.001486988847583643,0.0,0.004451555917549715
extreme_flag,1005,1346,0.002228826151560178,0.0,0.004492957335842176
extreme_flag,1006,1346,0.002228826151560178,0.0,0.005191049859990805
extreme_flag,1007,1345,0.002973977695167286,0.0007421013616366956,0.006339509517762265
extreme_flag,1008,1345,0.0037174721189591076,0.000741839762611276,0.007802652058003161
extreme_flag,1009,1346,0.002228826151560178,0.0,0.004862270590121001
extreme_flag,1010,1347,0.002969561989606533,0.0007382662822196908,0.00629313309641177
extreme_flag,1011,1347,0.0007423904974016332,0.0,0.0022331890662863865
extreme_flag,1012,1347,0.003711952487008166,0.0007464065365086973,0.006711409395973154
extreme_flag,1013,1344,0.000744047619047619,0.0,0.002243032892728852
extreme_flag,1014,1343,0.0022338049143708115,0.0,0.004481300584466542
extreme_flag,1015,1344,0.002232142857142857,0.0007350104810476725,0.004489422426650066
extreme_flag,1016,1344,0.001488095238095238,0.0,0.0037355951332397846
extreme_flag,1017,1342,0.0007451564828614009,0.0,0.00224223750630501
extreme_flag,1018,1341,0.0014914243102162564,0.0,0.003725923297702396
extreme_flag,1019,1343,0.0022338049143708115,0.0,0.004503252513305737
extreme_flag,1020,1343,0.0007446016381236039,0.0,0.002241443307025084
extreme_flag,1021,0,,,
extreme_flag,1022,0,,,
extreme_flag,1023,0,,,
extreme_flag,1024,0,,,
extreme_flag,1025,0,,,
extreme_flag,1026,0,,,
extreme_flag,1027,0,,,
extreme_flag,1028,0,,,
extreme_flag,1029,0,,,
extreme_flag,1030,0,,,
extreme_flag,1031,0,,,
extreme_flag,1032,0,,,
extreme_flag,1033,0,,,
extreme_flag,1034,0,,,
extreme_flag,1035,0,,,
extreme_flag,1036,0,,,
extreme_flag,1037,0,,,
extreme_flag,1038,0,,,
extreme_flag,1039,0,,,
extreme_flag,1040,0,,,
extreme_flag,1041,0,,,
extreme_flag,1042,0,,,
extreme_flag,1043,0,,,
extreme_flag,1044,0,,,
extreme_flag,1045,0,,,
extreme_flag,1046,0,,,
extreme_flag,1047,0,,,
extreme_flag,1048,0,,,
extreme_flag,1049,0,,,
extreme_flag,1050,0,,,
extreme_flag,1051,0,,,
extreme_flag,1052,0,,,
extreme_flag,1053,0,,,
extreme_flag,1054,0,,,
extreme_flag,1055,0,,,
extreme_flag,1056,0,,,
extreme_flag,1057,0,,,
extreme_flag,1058,0,,,
extreme_flag,1059,0,,,
extreme_flag,1060,0,,,
extreme_flag,1061,0,,,
extreme_flag,1062,0,,,
extreme_flag,1063,0,,,
extreme_flag,1064,0,,,
extreme_flag,1065,0,,,
extreme_flag,1066,0,,,
extreme_flag,1067,0,,,
extreme_flag,1068,0,,,
extreme_flag,1069,0,,,
extreme_flag,1070,0,,,
extreme_flag,1071,0,,,
extreme_flag,1072,0,,,
extreme_flag,1073,0,,,
extreme_flag,1074,0,,,
extreme_flag,1075,0,,,
extreme_flag,1076,0,,,
extreme_flag,1077,0,,,
extreme_flag,1078,0,,,
extreme_flag,1079,0,,,
extreme_flag,1080,0,,,
extreme_flag,1081,0,,,
extreme_flag,1082,1395,0.030107526881720432,0.021481148184041718,0.039056839948441696
extreme_flag,1083,1393,0.024407753050969132,0.01680581004968272,0.032610690021722046
extreme_flag,1084,1393,0.016511127063890883,0.010077825952869037,0.0228734810578985
extreme_flag,1085,1393,0.01148600143575018,0.0060970029978303,0.017260290976420876
extreme_flag,1086,1394,0.010760401721664276,0.005722258919987331,0.01645267122492137
extreme_flag,1087,1395,0.008602150537634409,0.004307250538406317,0.013699131080254999
extreme_flag,1088,1394,0.010043041606886656,0.005699737538138196,0.016418050363843025
extreme_flag,1089,1392,0.007183908045977011,0.0028807551303676685,0.011535688536409516
extreme_flag,1090,1394,0.005738880918220947,0.002146577784786923,0.010043041606886656
extreme_flag,1091,1393,0.006460875807609476,0.0028683605621634967,0.01144922237822106
extreme_flag,1092,1393,0.008614501076812634,0.0035957646535539362,0.013321879095420569
extreme_flag,1093,1393,0.00574300071787509,0.002152080344332855,0.010036207158801741
extreme_flag,1094,1391,0.004313443565780014,0.0014311015941579287,0.008645849067474745
extreme_flag,1095,1392,0.009339080459770116,0.004316546762589928,0.014715161394829798
extreme_flag,1096,1392,0.007183908045977011,0.0032192712110224804,0.011143091257652888
extreme_flag,1097,1390,0.008633093525179856,0.003933762008057019,0.013334089218656446
extreme_flag,1098,1392,0.00646551724137931,0.0028611294599936656,0.0107721876005644
extreme_flag,1099,1391,0.007189072609633357,0.0028745444854855104,0.011869164357114733
extreme_flag,1100,1389,0.0064794816414686825,0.002872480217177843,0.011171076304891963
extreme_flag,1101,1390,0.0057553956834532375,0.0021645021645021645,0.009365994236311239
extreme_flag,1102,1391,0.006470165348670022,0.0025006841959039476,0.01078849113827681
extreme_flag,1103,1391,0.005751258087706686,0.002152814183646249,0.009373442182387141
extreme_flag,1104,1393,0.006460875807609476,0.002156721782890007,0.010784002108657901
extreme_flag,1105,1392,0.004310344827586207,0.0014311015941579287,0.007934084312154725
extreme_flag,1106,1391,0.0035945363048166786,0.0007173347536453389,0.007186619441896593
extreme_flag,1107,1390,0.0035971223021582736,0.0007183653710681373,0.007172260761797994
extreme_flag,1108,1392,0.004310344827586207,0.0014383058614215744,0.007184715545337017
extreme_flag,1109,1393,0.005025125628140704,0.001439290664357324,0.008586916783665795
extreme_flag,1110,1389,0.0021598272138228943,0.0,0.0050487754254877545
extreme_flag,1111,1389,0.005039596832253419,0.002151195498573506,0.00867083799932653
extreme_flag,1112,1392,0.005028735632183908,0.001774708988174268,0.009359593017228867
extreme_flag,1113,1390,0.0035971223021582736,0.0007240377274595837,0.006498432925456047
extreme_flag,1114,1393,0.002871500358937545,0.0,0.005780558666217687
extreme_flag,1115,1391,0.004313443565780014,0.0014378145219266715,0.00789989603177632
extreme_flag,1116,1390,0.002158273381294964,0.0,0.004704905965651302
extreme_flag,1117,1389,0.0028797696184305254,0.0,0.006460875807609476
extreme_flag,1118,1388,0.0036023054755043226,0.0007196704839152437,0.007239472263993753
extreme_flag,1119,1391,0.004313443565780014,0.001061590879716214,0.009004491947079314
extreme_flag,1120,1395,0.002867383512544803,0.0007129751642599609,0.006120664739884378
extreme_flag,1121,1394,0.00430416068866571,0.0014316392269148174,0.008614814723197941
extreme_flag,1122,1392,0.0014367816091954023,0.0,0.0035984819056202122
extreme_flag,1123,1392,0.0028735632183908046,0.0007155507970789644,0.005751467791284214
extreme_flag,1124,1393,0.003589375448671931,0.0007191529307107872,0.006479718242696908
extreme_flag,1125,1393,0.0021536252692031586,0.0,0.0046943590200786995
extreme_flag,1126,1391,0.0035945363048166786,0.0007212023637366181,0.007204874222895621
extreme_flag,1127,1388,0.002881844380403458,0.0007170651661911687,0.005776173285198556
extreme_flag,1128,1388,0.004322766570605188,0.0007207078283526113,0.007876976964555648
extreme_flag,1129,1388,0.002161383285302594,0.0,0.005025308588532133
extreme_flag,1130,1391,0.0007189072609633358,0.0,0.0021529708935854653
extreme_flag,1131,1391,0.0007189072609633358,0.0,0.002162201400821544
extreme_flag,1132,1388,0.002881844380403458,0.0007173347536453389,0.00577002905770029
extreme_flag,1133,1390,0.004316546762589928,0.001062080808836363,0.007962801408406425
extreme_flag,1134,1392,0.0021551724137931034,0.0,0.004696243430594069
extreme_flag,1135,1391,0.0035945363048166786,0.0007181200542944608,0.006491282689912827
extreme_flag,1136,1388,0.002881844380403458,0.0007189072609633358,0.006140290501609266
extreme_flag,1137,1388,0.002881844380403458,0.0007165271483105288,0.005776173285198556
extreme_flag,1138,1394,0.00430416068866571,0.0014321263534426,0.007888274376102395
extreme_flag,1139,1389,0.003599712023038157,0.0007196704839152437,0.0071996869363298984
extreme_flag,1140,1391,0.0014378145219266715,0.0,0.0035971223021582736
extreme_flag,1141,1393,0.003589375448671931,0.0007183908045977011,0.00682373182373181
extreme_flag,1142,1389,0.0021598272138228943,0.0,0.004319654427645789
extreme_flag,1143,1390,0.0014388489208633094,0.0,0.0035984819056202122
extreme_flag,1144,1393,0.0014357501794687725,0.0,0.002885014528850145
extreme_flag,1145,1393,0.00574300071787509,0.002150537634408602,0.010030993749935855
extreme_flag,1146,1394,0.003586800573888092,0.000720435515843664,0.006484880887188657
extreme_flag,1147,1393,0.003589375448671931,0.0007219468506153634,0.0068460234672481435
extreme_flag,1148,1390,0.0028776978417266188,0.0007183908045977011,0.006474820143884892
extreme_flag,1149,1389,0.003599712023038157,0.0014310035842293907,0.007194507113765909
extreme_flag,1150,1391,0.0014378145219266715,0.0,0.0035984819056202122
extreme_flag,1151,1389,0.003599712023038157,0.0007189072609633358,0.007204610951008645
extreme_flag,1152,1388,0.002161383285302594,0.0,0.0050487754254877545
extreme_flag,1153,1391,0.002156721782890007,0.0,0.005030819565453165
extreme_flag,1154,1393,0.0021536252692031586,0.0,0.005021520803443328
extreme_flag,1155,1387,0.002883922134102379,0.0007170651661911687,0.005774408108322115
extreme_flag,1156,1388,0.002161383285302594,0.0,0.004324402801643088
extreme_flag,1157,1391,0.005751258087706686,0.0021644252067288044,0.00932919619618898
extreme_flag,1158,1390,0.005035971223021582,0.0017809086837893204,0.009725229171795562
extreme_flag,1159,1391,0.0014378145219266715,0.0,0.003593579084691876
extreme_flag,1160,1394,0.0028694404591104736,0.000715307582260372,0.0061219737009835015
extreme_flag,1161,1394,0.003586800573888092,0.0007155507970789644,0.007189072609633357
extreme_flag,1162,1393,0.003589375448671931,0.0014316392269148174,0.006847856444630623
extreme_flag,1163,1391,0.002156721782890007,0.0,0.005076718313532797
extreme_flag,1164,1389,0.0014398848092152627,0.0,0.0036245677922460092
extreme_flag,1165,1390,0.0035971223021582736,0.001433152581364061,0.007178750897343862
extreme_flag,1166,1394,0.002152080344332855,0.0,0.005017921146953405
extreme_flag,1167,1390,0.0028776978417266188,0.000715039150179824,0.0057680551916863155
extreme_flag,1168,1389,0.0014398848092152627,0.0,0.0036062681610626816
extreme_flag,1169,1391,0.0014378145219266715,0.0,0.003604902667627974
extreme_flag,1170,1391,0.0035945363048166786,0.0007178750897343862,0.006869063348557501
extreme_flag,1171,1391,0.004313443565780014,0.001433591929377946,0.007886500011048252
extreme_flag,1172,1389,0.0028797696184305254,0.0,0.005778364391394169
extreme_flag,1173,1390,0.0028776978417266188,0.0007155507970789644,0.0057412557162279075
extreme_flag,1174,1390,0.0028776978417266188,0.0007165762906820305,0.005757571048992339
extreme_flag,1175,1390,0.002158273381294964,0.0,0.005071301963302983
extreme_flag,1176,1393,0.0021536252692031586,0.0,0.005037874667868297
extreme_flag,1177,1392,0.004310344827586207,0.001433152581364061,0.007558515801963096
extreme_flag,1178,1390,0.0035971223021582736,0.0007176047278820831,0.006838429631143529
extreme_flag,1179,1389,0.0021598272138228943,0.0,0.004332129963898917
extreme_flag,1180,1393,0.0014357501794687725,0.0,0.0035907292001881325
extreme_flag,1181,1390,0.0035971223021582736,0.0007204610951008645,0.0071996869363298984
extreme_flag,1182,1389,0.0021598272138228943,0.0,0.005032534317373687
extreme_flag,1183,1389,0.0014398848092152627,0.0,0.003625949180707179
extreme_flag,1184,1389,0.0,0.0,0.0
extreme_flag,1185,1391,0.0050323508267433505,0.001442950137819203,0.00866490357471845
extreme_flag,1186,1393,0.0021536252692031586,0.0,0.004675359712230201
extreme_flag,1187,1394,0.002152080344332855,0.0,0.005025125628140704
extreme_flag,1188,1393,0.0014357501794687725,0.0,0.0035816618911174787
extreme_flag,1189,1393,0.0014357501794687725,0.0,0.003604902667627974
extreme_flag,1190,1394,0.003586800573888092,0.0007183908045977011,0.007181458400376265
extreme_flag,1191,1392,0.0014367816091954023,0.0,0.003971742762557204
extreme_flag,1192,1391,0.002875629043853343,0.0007158196134574087,0.006465752816666262
extreme_flag,1193,1394,0.0028694404591104736,0.0007160631767213,0.005753643156823316
extreme_flag,1194,1395,0.0014336917562724014,0.0,0.004284746312305367
extreme_flag,1195,1392,0.0028735632183908046,0.0007181200542944608,0.00576171773693263
extreme_flag,1196,1392,0.0021551724137931034,0.0,0.005025308588532133
extreme_flag,1197,1393,0.0021536252692031586,0.0,0.005004133472852944
extreme_flag,1198,1393,0.0014357501794687725,0.0,0.0035960269730145726
extreme_flag,1199,1392,0.0035919540229885057,0.001430615164520744,0.006484630477436233
extreme_flag,1200,1391,0.004313443565780014,0.0014351594364108268,0.007931374154327582
extreme_flag,1201,1391,0.007189072609633357,0.0028713987697686306,0.011461318051575931
extreme_flag,1202,1395,0.005734767025089606,0.0021426373896614834,0.010066232011018856
extreme_flag,1203,1395,0.0064516129032258064,0.002867282212346816,0.011494252873563218
extreme_flag,1204,1395,0.0035842293906810036,0.000716820553086704,0.007549657534246561
extreme_flag,1205,1396,0.0057306590257879654,0.002159011451745731,0.00934648559055692
extreme_flag,1206,1395,0.002867383512544803,0.0007150143163922691,0.005758003298278762
extreme_flag,1207,1395,0.002150537634408602,0.0,0.004671222880929311
extreme_flag,1208,1395,0.005017921146953405,0.002139581144640681,0.008652082787529474
extreme_flag,1209,1394,0.005021520803443328,0.0014316392269148174,0.009266193797220901
extreme_flag,1210,1396,0.0035816618911174787,0.0007160631767213,0.006484149855907781
extreme_flag,1211,1392,0.005028735632183908,0.0014393409678304873,0.008623943330275911
extreme_flag,1212,1393,0.004307250538406317,0.0014285714285714286,0.008614814723197941
extreme_flag,1213,1394,0.0014347202295552368,0.0,0.0035998434681649492
extreme_flag,1214,1393,0.003589375448671931,0.0007173601147776184,0.007146070089053678
extreme_flag,1215,1391,0.002875629043853343,0.00033928571428571466,0.005063383361952508
extreme_flag,1216,1391,0.006470165348670022,0.0028755271644753163,0.010079561710861858
extreme_flag,1217,1389,0.005039596832253419,0.0014393409678304873,0.008655043586550436
extreme_flag,1218,1391,0.005751258087706686,0.0021559083641141327,0.010043041606886656
extreme_flag,1219,1392,0.005747126436781609,0.0021566453733564872,0.009393761890143945
extreme_flag,1220,1393,0.0021536252692031586,0.0,0.005021891364489675
extreme_flag,1221,1394,0.0014347202295552368,0.0,0.0035842293906810036
extreme_flag,1222,1394,0.005021520803443328,0.002151270421622622,0.00895993366055874
extreme_flag,1223,1395,0.002867383512544803,0.0007163323782234957,0.005751258087706686
extreme_flag,1224,1396,0.0028653295128939827,0.0007140180483328235,0.005716430103134892
extreme_flag,1225,1395,0.0007168458781362007,0.0,0.0025342572105119983
extreme_flag,1226,1394,0.002152080344332855,0.0,0.005019996112366992
extreme_flag,1227,1394,0.0007173601147776184,0.0,0.002858215051567446
extreme_flag,1228,1395,0.002867383512544803,0.000715307582260372,0.005753861940414298
extreme_flag,1229,1394,0.002152080344332855,0.0,0.005023598751699419
extreme_flag,1230,1393,0.0021536252692031586,0.0,0.005030633609327615
extreme_flag,1231,1393,0.0007178750897343862,0.0,0.0025368250045904664
extreme_flag,1232,1392,0.004310344827586207,0.0014336917562724014,0.007916660192364467
extreme_flag,1233,1393,0.005025125628140704,0.0014356993848843153,0.007930785868781542
extreme_flag,1234,1392,0.005028735632183908,0.0017737966676951563,0.009346135160836848
extreme_flag,1235,1391,0.0007189072609633358,0.0,0.002162201400821544
extreme_flag,1236,1393,0.006460875807609476,0.002159534132757651,0.011167888542543955
extreme_flag,1237,1394,0.002152080344332855,0.0,0.0046786355827108566
extreme_flag,1238,1395,0.0,0.0,0.0
extreme_flag,1239,1394,0.002152080344332855,0.0,0.004327682352084396
extreme_flag,1240,1390,0.002158273381294964,0.0,0.005043227665706052
extreme_flag,1241,1390,0.0014388489208633094,0.0,0.003607635626329064
extreme_flag,1242,1395,0.002867383512544803,0.0007147962830593281,0.005043411956026935
extreme_flag,1243,1393,0.0014357501794687725,0.0,0.003601206994029866
extreme_flag,1244,1392,0.0021551724137931034,0.0,0.004338394793926247
extreme_flag,1245,1392,0.0021551724137931034,0.0003395282344531812,0.005738880918220947
extreme_flag,1246,1393,0.003589375448671931,0.0007170901405408742,0.007202147171165788
extreme_flag,1247,1393,0.0014357501794687725,0.0,0.0035934425467522607
extreme_flag,1248,1392,0.005028735632183908,0.0014393409678304873,0.008611565719559058
extreme_flag,1249,1393,0.0014357501794687725,0.0,0.003595893953421016
extreme_flag,1250,1393,0.0014357501794687725,0.0,0.0035881523831496074
extreme_flag,1251,1394,0.007890961262553802,0.0039296536796536805,0.01259677642758796
extreme_flag,1252,1392,0.0035919540229885057,0.0007176047278820831,0.006480211598746081
extreme_flag,1253,1390,0.002158273381294964,0.0,0.005039596832253419
extreme_flag,1254,1392,0.0014367816091954023,0.0,0.0035971223021582736
extreme_flag,1255,1393,0.0014357501794687725,0.0,0.0035933097209482965
extreme_flag,1256,1393,0.002871500358937545,0.0,0.005714492711475873
extreme_flag,1257,1391,0.002875629043853343,0.0007165762906820305,0.005717077813200121
extreme_flag,1258,1389,0.0021598272138228943,0.0,0.0046868482789524865
extreme_flag,1259,1391,0.0035945363048166786,0.0014290068712415718,0.007133463404210938
extreme_flag,1260,1393,0.0007178750897343862,0.0,0.002156721782890007
extreme_flag,1261,1393,0.006460875807609476,0.0028775958167775047,0.010822510822510822
extreme_flag,1262,1393,0.002871500358937545,0.0007157943603428558,0.006456475928027233
extreme_flag,1263,1394,0.0028694404591104736,0.0007155507970789644,0.005743209815465294
extreme_flag,1264,1396,0.00501432664756447,0.0017690933075636959,0.00863667628662646
extreme_flag,1265,1394,0.0028694404591104736,0.0007132416871565621,0.005747126436781609
extreme_flag,1266,1392,0.004310344827586207,0.0014362401085889216,0.00792507204610951
extreme_flag,1267,1393,0.0021536252692031586,0.0,0.005030633609327615
extreme_flag,1268,1394,0.002152080344332855,0.0,0.0043119716651379555
extreme_flag,1269,1395,0.002150537634408602,0.0,0.004313443565780014
extreme_flag,1270,1397,0.0021474588403722263,0.0,0.004302695114237669
extreme_flag,1271,1395,0.002150537634408602,0.0,0.005023598751699419
extreme_flag,1272,1392,0.0021551724137931034,0.0,0.005045136601916935
extreme_flag,1273,1393,0.0014357501794687725,0.0,0.0035907292001881325
extreme_flag,1274,1394,0.0014347202295552368,0.0,0.0035753235756993806
extreme_flag,1275,1394,0.0028694404591104736,0.0007124918520143039,0.005728710519676835
extreme_flag,1276,1393,0.007896625987078248,0.003590600271472304,0.012226491708249547
extreme_flag,1277,1395,0.0007168458781362007,0.0,0.0025357451076434894
extreme_flag,1278,1394,0.0014347202295552368,0.0,0.0035907292001881325
extreme_flag,1279,1394,0.0028694404591104736,0.0007147962830593281,0.005751683440342719
extreme_flag,1280,1393,0.005025125628140704,0.0014362401085889216,0.008602150537634409
extreme_flag,1281,1395,0.004301075268817204,0.001430078300359648,0.007893935242929136
extreme_flag,1282,1392,0.0028735632183908046,0.0007173601147776184,0.005767844268204758
extreme_flag,1283,1391,0.004313443565780014,0.0014341303323823374,0.007913669064748202
extreme_flag,1284,1393,0.004307250538406317,0.001056664795521612,0.007910966697526235
extreme_flag,1285,1394,0.003586800573888092,0.0007183908045977011,0.007173601147776184
extreme_flag,1286,1391,0.002875629043853343,0.0007163323782234957,0.006500901484632504
extreme_flag,1287,1390,0.0028776978417266188,0.0007160382728013906,0.00576171773693263
extreme_flag,1288,1391,0.0035945363048166786,0.0007183908045977011,0.006842172761723771
extreme_flag,1289,1393,0.0021536252692031586,0.0,0.005014508816896421
extreme_flag,1290,1391,0.002156721782890007,0.0,0.00502341333640945
extreme_flag,1291,1392,0.0028735632183908046,0.0007170901405408742,0.005732815725421327
extreme_flag,1292,1395,0.002867383512544803,0.0007142857142857143,0.00574300071787509
extreme_flag,1293,1395,0.002150537634408602,0.0,0.004295073600846072
extreme_flag,1294,1395,0.002150537634408602,0.0,0.005021520803443328
extreme_flag,1295,1395,0.0035842293906810036,0.0007168458781362007,0.007163851618319263
extreme_flag,1296,1393,0.004307250538406317,0.0014352094557641662,0.007907979870596693
extreme_flag,1297,1393,0.003589375448671931,0.0007168458781362007,0.007143115889344841
extreme_flag,1298,1391,0.002156721782890007,0.0,0.004316546762589928
extreme_flag,1299,1390,0.0028776978417266188,0.0007158196134574087,0.005763899378316497
extreme_flag,1300,1392,0.004310344827586207,0.0014326141783596697,0.007899604240413893
extreme_flag,1301,1391,0.0035945363048166786,0.0010559083349532391,0.006848332383404399
extreme_flag,1302,1390,0.0028776978417266188,0.0007165762906820305,0.006460875807609476
extreme_flag,1303,1392,0.0021551724137931034,0.0,0.005027020880263386
extreme_flag,1304,1392,0.0021551724137931034,0.0,0.004318178286744255
extreme_flag,1305,1391,0.0014378145219266715,0.0,0.0032544939976363596
extreme_flag,1306,1392,0.0021551724137931034,0.0,0.005032723010299879
extreme_flag,1307,1391,0.002875629043853343,0.0007183908045977011,0.006454042671356505
extreme_flag,1308,1391,0.002875629043853343,0.0007145282344531808,0.005763899378316497
extreme_flag,1309,1395,0.0014336917562724014,0.0,0.0035934425467522607
extreme_flag,1310,1396,0.0035816618911174787,0.0007155507970789644,0.006454776722214851
extreme_flag,1311,1394,0.0014347202295552368,0.0,0.003599712023038157
extreme_flag,1312,1395,0.0014336917562724014,0.0,0.0035790980672870437
extreme_flag,1313,1396,0.0028653295128939827,0.0007117188038240671,0.00611275216138327
extreme_flag,1314,1392,0.004310344827586207,0.001433641106173408,0.007905873986322127
extreme_flag,1315,1391,0.0007189072609633358,0.0,0.0028706278581139538
extreme_flag,1316,1391,0.004313443565780014,0.0014387979083887524,0.007934697794909408
extreme_flag,1317,1391,0.002156721782890007,0.0,0.004329325681731105
extreme_flag,1318,1394,0.002152080344332855,0.0,0.005019810966610615
extreme_flag,1319,1392,0.0028735632183908046,0.0007140180483328235,0.005764115979943318
extreme_flag,1320,1392,0.0007183908045977011,0.0,0.002158273381294964
extreme_flag,1321,1392,0.005028735632183908,0.0014352094557641662,0.008611565719559058
extreme_flag,1322,1395,0.004301075268817204,0.0010535225987487297,0.007877267063547003
extreme_flag,1323,1397,0.002863278453829635,0.0007122257085097263,0.005751467791284214
extreme_flag,1324,1396,0.0014326647564469914,0.0,0.0028787855244961696
extreme_flag,1325,1395,0.004301075268817204,0.001430078300359648,0.008262728206773757
extreme_flag,1326,1394,0.0007173601147776184,0.0,0.002526657060518716
extreme_flag,1327,1396,0.002148997134670487,0.0,0.0043088750402257596
extreme_flag,1328,1397,0.0021474588403722263,0.0,0.005021891364489675
extreme_flag,1329,1398,0.000715307582260372,0.0,0.002518778718135007
extreme_flag,1330,1397,0.00572655690765927,0.002151052288932839,0.010025243409434462
extreme_flag,1331,1396,0.00501432664756447,0.0014341802810817483,0.009315825553809656
extreme_flag,1332,1393,0.003589375448671931,0.0007168458781362007,0.0064950337331334315
extreme_flag,1333,1394,0.0007173601147776184,0.0,0.002169358780980663
extreme_flag,1334,1395,0.002150537634408602,0.0,0.0043074073615989705
extreme_flag,1335,1393,0.0014357501794687725,0.0,0.0028881924113137985
extreme_flag,1336,1396,0.002148997134670487,0.0,0.0050018763402430305
extreme_flag,1337,1397,0.005010737294201861,0.0014366813579265712,0.008595988538681949
extreme_flag,1338,1397,0.0,0.0,0.0
extreme_flag,1339,1395,0.002867383512544803,0.0007140180483328235,0.005741043813039372
extreme_flag,1340,1394,0.00430416068866571,0.001430078300359648,0.007897209145324912
extreme_flag,1341,1396,0.0028653295128939827,0.0007137758743754461,0.005730867219310196
extreme_flag,1342,1393,0.0021536252692031586,0.0,0.004995109958476649
extreme_flag,1343,1393,0.004307250538406317,0.0014326141783596697,0.007894526108281027
extreme_flag,1344,1397,0.002863278453829635,0.0007129998586684535,0.00572655690765927
extreme_flag,1345,1397,0.002863278453829635,0.0,0.0064516129032258064
extreme_flag,1346,1396,0.002148997134670487,0.0,0.004994738321211362
extreme_flag,1347,1395,0.004301075268817204,0.0014346695072906777,0.007925659472422061
extreme_flag,1348,1396,0.004297994269340974,0.001430078300359648,0.007879656160458453
extreme_flag,1349,1394,0.002152080344332855,0.0,0.004321288302699473
extreme_flag,1350,1394,0.002152080344332855,0.0,0.0050181035794008705
extreme_flag,1351,1393,0.003589375448671931,0.0007183908045977011,0.0071581961345740875
extreme_flag,1352,1393,0.003589375448671931,0.0007178750897343862,0.007191787906842032
extreme_flag,1353,1396,0.0007163323782234957,0.0,0.002526657060518716
extreme_flag,1354,1396,0.0028653295128939827,0.00033880171184022865,0.005759965832468174
extreme_flag,1355,1396,0.0028653295128939827,0.0,0.00573692681898356
extreme_flag,1356,1394,0.0014347202295552368,0.0,0.0036038026048825183
extreme_flag,1357,1392,0.005747126436781609,0.0017734346957225596,0.009366336489764308
extreme_flag,1358,1396,0.0028653295128939827,0.0,0.005726764801128095
extreme_flag,1359,1395,0.004301075268817204,0.00142852113700058,0.008277828096332924
extreme_flag,1360,1394,0.003586800573888092,0.0014275517487508922,0.006487091914915721
extreme_flag,1361,1393,0.004307250538406317,0.001057632800412584,0.007894226609813374
extreme_flag,1362,1391,0.0007189072609633358,0.0,0.0025285536136450686
extreme_flag,1363,1391,0.002156721782890007,0.0,0.004327521793275218
extreme_flag,1364,1393,0.003589375448671931,0.0007165762906820305,0.006491523528126593
extreme_flag,1365,1396,0.0014326647564469914,0.0,0.003601344138727316
extreme_flag,1366,1396,0.0028653295128939827,0.0007122507122507123,0.005739089713801985
extreme_flag,1367,1395,0.0007168458781362007,0.0,0.002150537634408602
extreme_flag,1368,1394,0.0007173601147776184,0.0,0.0021544375201128798
extreme_flag,1369,1394,0.0014347202295552368,0.0,0.0035907292001881325
extreme_flag,1370,1396,0.0007163323782234957,0.0,0.0025216444222923547
extreme_flag,1371,1395,0.0007168458781362007,0.0,0.002856279041785502
extreme_flag,1372,1395,0.002867383512544803,0.0007142857142857143,0.00572461118911053
extreme_flag,1373,1393,0.0007178750897343862,0.0,0.0021598272138228943
extreme_flag,1374,1390,0.0035971223021582736,0.0014294933008787566,0.007176304766299215
extreme_flag,1375,1392,0.0035919540229885057,0.001428036096665647,0.006854234301613692
extreme_flag,1376,1394,0.002152080344332855,0.0,0.00431360084346316
extreme_flag,1377,1393,0.0007178750897343862,0.0,0.0025263265964623935
extreme_flag,1378,1392,0.0014367816091954023,0.0,0.0035881523831496074
extreme_flag,1379,1392,0.0021551724137931034,0.0,0.005035971223021582
extreme_flag,1380,1393,0.0007178750897343862,0.0,0.0021551724137931034
extreme_flag,1381,1390,0.0007194244604316547,0.0,0.002167875174828643
extreme_flag,1382,1408,0.002130681818181818,0.0,0.004639860624849381
extreme_flag,1383,1407,0.0021321961620469083,0.0,0.005344845949913263
extreme_flag,1384,1408,0.0007102272727272727,0.0,0.0021375517054419407
extreme_flag,1385,1408,0.0035511363636363635,0.0007104670438392454,0.0064107259898986
extreme_flag,1386,1409,0.0028388928317956,0.0007069511847701681,0.005689900426742532
extreme_flag,1387,1411,0.003543586109142452,0.0007109721661960468,0.007090069504621242
extreme_flag,1388,1411,0.001417434443656981,0.0,0.0035511363636363635
extreme_flag,1389,1411,0.001417434443656981,0.0,0.00391293818262125
extreme_flag,1390,1408,0.0014204545454545455,0.0,0.0035587188612099642
extreme_flag,1391,1406,0.001422475106685633,0.0,0.003541203655636659
extreme_flag,1392,1406,0.002844950213371266,0.0007076893950018232,0.006399451329366162
extreme_flag,1393,1407,0.0007107320540156361,0.0,0.002135231316725979
extreme_flag,1394,1408,0.002130681818181818,0.0,0.004964539007092199
extreme_flag,1395,1410,0.002127659574468085,0.0,0.004259927051745274
extreme_flag,1396,1410,0.0014184397163120568,0.0,0.0028461173983562044
extreme_flag,1397,1408,0.002840909090909091,0.0007076893950018232,0.0063972995090016355
extreme_flag,1398,1406,0.0,0.0,0.0
extreme_flag,1399,1407,0.0028429282160625444,0.0007079521601318393,0.005683938263229308
extreme_flag,1400,1407,0.0014214641080312722,0.0,0.003558847308847309
extreme_flag,1401,1406,0.0035561877667140826,0.0007107320540156361,0.007102272727272727
extreme_flag,1402,1409,0.0028388928317956,0.0007079521601318393,0.005684145914245649
extreme_flag,1403,1411,0.0007087172218284905,0.0,0.0028319088833153898
extreme_flag,1404,1409,0.0028388928317956,0.0007064517578008026,0.005673962916333644
extreme_flag,1405,1410,0.0028368794326241137,0.0007074513183802457,0.005685856432125089
extreme_flag,1406,1412,0.0,0.0,0.0
extreme_flag,1407,1413,0.0021231422505307855,0.0,0.004266140609835004
extreme_flag,1408,1409,0.0035486160397444995,0.0007089559740840709,0.00676300210648651
extreme_flag,1409,1408,0.002130681818181818,0.0,0.004269019909589305
extreme_flag,1410,1410,0.002127659574468085,0.0,0.004634450320134217
extreme_flag,1411,1409,0.0021291696238466998,0.0,0.004952514539685082
extreme_flag,1412,1409,0.0021291696238466998,0.0007079521601318393,0.004634852729613069
extreme_flag,1413,1409,0.0042583392476933995,0.00141643059490085,0.007804325284770145
extreme_flag,1414,1411,0.002126151665485471,0.0,0.004624596254934646
extreme_flag,1415,1412,0.002124645892351275,0.0,0.0049469964664310955
extreme_flag,1416,1410,0.002127659574468085,0.0,0.004961198842746067
extreme_flag,1417,1409,0.0028388928317956,0.0007069511847701681,0.0056777856635912
extreme_flag,1418,1409,0.0021291696238466998,0.0,0.0049663888175810016
extreme_flag,1419,1408,0.0007102272727272727,0.0,0.002135231316725979
extreme_flag,1420,1407,0.0014214641080312722,0.0,0.003225030589324628
extreme_flag,1421,1406,0.002844950213371266,0.0007092198581560284,0.005692026546119073
extreme_flag,1422,1408,0.002130681818181818,0.0,0.0049613821168838276
extreme_flag,1423,1408,0.002130681818181818,0.0,0.00497698208813684
extreme_flag,1424,1407,0.0007107320540156361,0.0,0.0021345099547946523
extreme_flag,1425,1408,0.0014204545454545455,0.0,0.0028469750889679717
extreme_flag,1426,1409,0.0028388928317956,0.0003359264497878363,0.005673962916333644
extreme_flag,1427,1408,0.002130681818181818,0.0,0.004634450320134217
extreme_flag,1428,1406,0.001422475106685633,0.0,0.003563791874554526
extreme_flag,1429,1404,0.0014245014245014246,0.0,0.0035575165913244206
extreme_flag,1430,1406,0.001422475106685633,0.0,0.0035561877667140826
extreme_flag,1431,1407,0.0021321961620469083,0.0,0.0049665699898524575
extreme_flag,1432,1408,0.0007102272727272727,0.0,0.0025030056577086124
extreme_flag,1433,1402,0.0,0.0,0.0
extreme_flag,1434,1402,0.0014265335235378032,0.0,0.004270775234913914
extreme_flag,1435,1408,0.0014204545454545455,0.0,0.0035600495787328525
extreme_flag,1436,1411,0.001417434443656981,0.0,0.0035500688049116117
extreme_flag,1437,1410,0.0007092198581560284,0.0,0.0024990562048865777
extreme_flag,1438,1408,0.0,0.0,0.0
extreme_flag,1439,1404,0.0,0.0,0.0
volume,0,1412,74.0,70.0,78.26249999999999
volume,1,1415,127.0,122.0,133.52499999999998
volume,2,1414,101.0,98.0,107.0
volume,3,1412,92.0,86.7375,96.0
volume,4,1414,88.0,85.0,93.0
volume,5,1411,85.0,80.0,89.0
volume,6,1409,88.0,82.0,93.0
volume,7,1412,89.0,83.0,94.0
volume,8,1410,86.0,81.0,91.0
volume,9,1410,85.0,79.2375,90.0
volume,10,1413,81.0,79.0,85.0
volume,11,1413,91.0,86.7375,96.52499999999998
volume,12,1410,81.0,77.0,86.0
volume,13,1411,77.0,72.0,83.0
volume,14,1412,79.0,75.0,82.52499999999998
volume,15,1409,75.0,71.0,80.0
volume,16,1413,88.0,83.0,95.0
volume,17,1409,80.0,77.0,85.0
volume,18,1412,76.0,71.0,80.52499999999998
volume,19,1412,77.0,72.0,82.0
volume,20,1408,72.0,69.2375,78.0
volume,21,1412,79.0,74.0,83.0
volume,22,1412,75.0,70.0,80.0
volume,23,1409,76.0,72.0,81.0
volume,24,1410,74.0,67.0,80.0
volume,25,1407,77.0,73.2375,82.0
volume,26,1408,80.0,75.475,85.0
volume,27,1408,77.0,72.0,81.0
volume,28,1409,81.0,76.0,86.0
volume,29,1408,78.5,75.0,83.26249999999999
volume,30,1409,81.0,78.0,85.0
volume,31,1413,126.0,120.2375,134.2625
volume,32,1411,110.0,104.0,116.0
volume,33,1410,101.0,96.0,107.0
volume,34,1410,93.0,86.0,99.0
volume,35,1409,86.0,79.5,92.0
volume,36,1410,94.0,88.0,101.0
volume,37,1413,86.0,81.0,91.0
volume,38,1410,86.0,82.0,91.0
volume,39,1412,83.0,79.0,88.0
volume,40,1412,83.0,76.475,87.0
volume,41,1408,87.0,82.0,92.0
volume,42,1412,80.0,75.7375,85.0
volume,43,1412,83.0,78.0,89.0
volume,44,1411,75.0,71.0,82.0
volume,45,1406,76.5,72.0,81.0
volume,46,1410,90.0,85.0,95.0
volume,47,1411,81.0,76.0,86.26249999999999
volume,48,1406,77.0,72.0,82.0
volume,49,1409,80.0,75.0,87.0
volume,50,1410,78.0,73.0,83.26249999999999
volume,51,1411,89.0,82.475,95.0
volume,52,1411,83.0,76.7375,88.26249999999999
volume,53,1410,82.0,76.0,87.0
volume,54,1409,79.0,74.0,84.0
volume,55,1412,81.0,75.0,87.0
volume,56,1413,86.0,81.0,89.52499999999998
volume,57,1406,83.5,79.0,89.0
volume,58,1410,80.0,76.475,86.0
volume,59,1406,83.0,77.0,88.0
volume,60,1412,87.0,84.0,93.0
volume,61,1411,185.0,175.0,195.0
volume,62,1412,144.0,139.0,150.2625
volume,63,1410,133.5,125.475,139.0
volume,64,1409,124.0,116.475,130.52499999999998
volume,65,1411,119.0,113.0,127.0
volume,66,1409,131.0,125.0,137.7625
volume,67,1410,122.0,114.0,128.0
volume,68,1412,118.0,112.475,124.0
volume,69,1408,113.0,107.0,119.0
volume,70,1410,112.0,106.0,120.0
volume,71,1412,124.0,116.0,130.0
volume,72,1411,116.0,111.0,122.76249999999999
volume,73,1412,107.0,101.475,113.0
volume,74,1410,107.0,99.0,113.0
volume,75,1409,105.0,99.0,112.52499999999998
volume,76,1412,127.0,119.5,133.7625
volume,77,1411,111.0,105.0,119.0
volume,78,1407,107.0,98.7375,113.0
volume,79,1409,107.0,100.0,114.0
volume,80,1409,106.0,102.0,111.0
volume,81,1409,114.0,108.0,120.0
volume,82,1413,106.0,101.0,113.52499999999998
volume,83,1412,107.0,101.0,115.0
volume,84,1410,100.5,96.0,106.52499999999998
volume,85,1412,105.0,100.0,111.0
volume,86,1413,109.0,105.0,115.0
volume,87,1409,106.0,102.0,111.0
volume,88,1412,102.0,97.0,108.0
volume,89,1411,105.0,100.0,111.0
volume,90,1411,119.0,113.0,124.0
volume,91,1407,163.0,154.475,174.0
volume,92,1411,136.0,127.0,143.0
volume,93,1411,121.0,114.0,126.0
volume,94,1412,117.0,108.475,125.0
volume,95,1410,114.0,107.0,120.0
volume,96,1412,121.0,115.0,128.7625
volume,97,1411,117.0,112.475,124.52499999999998
volume,98,1411,115.0,107.0,119.76249999999999
volume,99,1411,117.0,109.2375,123.76249999999999
volume,100,1411,110.0,101.475,116.0
volume,101,1411,128.0,121.0,136.0
volume,102,1409,118.0,113.475,127.52499999999998
volume,103,1411,121.0,115.0,128.0
volume,104,1410,111.0,105.2375,116.76249999999999
volume,105,1411,111.0,104.475,119.0
volume,106,1410,131.0,125.0,137.0
volume,107,1412,123.0,114.0,129.52499999999998
volume,108,1412,113.5,108.0,119.76249999999999
volume,109,1406,112.0,104.0,119.0
volume,110,1411,113.0,107.0,121.0
volume,111,1411,131.0,123.0,139.52499999999998
volume,112,1413,127.0,120.0,133.0
volume,113,1411,118.0,112.0,123.0
volume,114,1411,112.0,106.0,117.0
volume,115,1412,115.0,107.0,124.0
volume,116,1413,120.0,113.0,128.0
volume,117,1411,122.0,115.475,130.0
volume,118,1411,117.0,110.475,125.0
volume,119,1413,124.0,116.475,130.0
volume,120,1413,144.0,136.0,151.7625
volume,121,1413,369.0,356.7375,384.0
volume,122,1414,274.0,264.0,285.525
volume,123,1413,241.0,231.0,253.0
volume,124,1414,224.0,215.2375,237.2625
volume,125,1413,214.0,205.5,221.7625
volume,126,1411,222.0,215.0,233.0
volume,127,1412,206.0,200.475,215.7625
volume,128,1413,193.0,182.475,200.7625
volume,129,1413,180.0,172.2125,188.0
volume,130,1415,180.0,172.0,188.52499999999998
volume,131,1413,198.0,190.475,208.52499999999998
volume,132,1413,183.0,174.0,191.5
volume,133,1409,174.0,165.475,182.0
volume,134,1413,163.0,153.0,172.0
volume,135,1412,162.0,154.7375,169.0
volume,136,1414,193.5,185.7375,205.0
volume,137,1413,174.0,166.475,183.0
volume,138,1410,169.0,159.475,177.0
volume,139,1412,163.0,157.0,173.7625
volume,140,1414,158.0,148.475,166.0
volume,141,1412,176.5,166.0,187.0
volume,142,1413,165.0,156.0,172.52499999999998
volume,143,1412,156.0,146.2375,164.0
volume,144,1412,155.0,147.0,164.2625
volume,145,1411,155.0,149.0,164.0
volume,146,1410,169.0,162.0,176.0
volume,147,1413,161.0,150.0,170.0
volume,148,1414,155.0,146.475,164.0
volume,149,1413,154.0,148.0,161.0
volume,150,1411,155.0,146.0,162.5
volume,151,1413,232.0,219.5,244.52499999999998
volume,152,1411,181.0,172.2375,191.2625
volume,153,1413,168.0,161.0,175.0
volume,154,1412,158.0,149.0,165.0
volume,155,1413,152.0,144.0,161.5
volume,156,1416,171.0,161.0,179.52499999999998
volume,157,1413,161.0,152.0,170.0
volume,158,1413,153.0,146.0,163.0
volume,159,1413,155.0,148.0,162.7625
volume,160,1412,149.0,141.0,156.0
volume,161,1412,167.0,156.0,175.0
volume,162,1413,156.0,148.0,163.0
volume,163,1412,152.0,143.2375,160.52499999999998
volume,164,1412,146.0,138.475,153.0
volume,165,1409,149.0,142.475,156.0
volume,166,1414,183.0,173.2375,193.0
volume,167,1411,160.0,152.0,169.0
volume,168,1413,155.0,146.0,165.0
volume,169,1412,152.0,143.0,162.0
volume,170,1411,148.0,141.0,158.0
volume,171,1410,152.0,143.2375,158.0
volume,172,1413,148.0,139.0,154.0
volume,173,1411,140.0,133.0,146.0
volume,174,1413,130.0,125.0,138.0
volume,175,1413,137.0,127.0,145.7625
volume,176,1413,149.0,140.5,160.0
volume,177,1414,147.0,141.0,155.52499999999998
volume,178,1412,144.0,138.0,153.0
volume,179,1413,143.0,137.0,152.7625
volume,180,1413,193.0,184.475,203.0
volume,181,1414,722.0,704.0,751.7874999999999
volume,182,1412,460.0,446.0,484.525
volume,183,1413,425.0,405.0,444.0
volume,184,1410,377.5,362.0,396.525
volume,185,1410,325.5,311.2375,340.525
volume,186,1413,408.0,391.7375,428.2625
volume,187,1412,395.5,380.475,412.0
volume,188,1412,349.5,333.7375,361.7625
volume,189,1411,335.0,323.0,357.0
volume,190,1414,318.0,305.0,336.0
volume,191,1413,369.0,352.2375,385.7625
volume,192,1410,335.5,320.2375,346.0
volume,193,1412,319.0,304.0,336.525
volume,194,1413,302.0,289.0,314.025
volume,195,1411,302.0,287.0,313.78749999999997
volume,196,1413,372.0,354.5,388.5
volume,197,1413,322.0,308.475,333.525
volume,198,1410,315.0,303.2375,331.0
volume,199,1415,302.0,289.475,316.7625
volume,200,1412,292.5,275.0,308.2625
volume,201,1411,326.0,311.5,340.7625
volume,202,1411,316.0,301.475,336.0
volume,203,1413,311.0,297.0,325.0
volume,204,1414,293.0,273.0,310.2625
volume,205,1414,291.0,276.475,303.0
volume,206,1412,322.0,303.2375,341.0
volume,207,1412,304.0,288.0,321.525
volume,208,1412,280.0,269.0,295.7625
volume,209,1414,282.0,269.0,292.0
volume,210,1411,267.0,254.0,284.0
volume,211,1416,409.0,391.475,430.0
volume,212,1414,330.0,314.0,349.0
volume,213,1412,316.5,300.0,339.0
volume,214,1413,307.0,292.6875,318.5
volume,215,1411,290.0,271.0,306.2625
volume,216,1414,300.5,285.7375,317.0
volume,217,1413,294.0,280.0,306.0
volume,218,1412,281.5,272.0,292.525
volume,219,1411,264.0,251.0,278.0
volume,220,1412,261.0,250.5,272.0
volume,221,1412,291.0,278.0,305.525
volume,222,1412,267.5,255.0,285.0
volume,223,1413,270.0,253.475,284.0
volume,224,1413,247.0,232.0,260.0
volume,225,1413,237.0,224.0,247.0
volume,226,1412,290.5,274.0,303.525
volume,227,1413,262.0,248.0,278.2625
volume,228,1412,259.5,246.475,272.525
volume,229,1413,240.0,228.475,255.0
volume,230,1413,249.0,237.475,258.525
volume,231,1413,266.0,252.2375,278.0
volume,232,1413,255.0,243.475,272.5
volume,233,1413,241.0,229.0,255.0
volume,234,1410,238.0,227.2375,250.52499999999998
volume,235,1413,241.0,227.0,254.0
volume,236,1413,262.0,244.0,272.0
volume,237,1411,245.0,233.5,256.5
volume,238,1411,227.0,218.2375,240.0
volume,239,1411,231.0,218.2375,243.0
volume,240,1413,225.0,217.0,232.0
volume,241,1414,524.5,499.0,549.6249999999999
volume,242,1413,410.0,389.95,426.0
volume,243,1412,381.5,364.0,399.0
volume,244,1412,365.5,342.475,387.0
volume,245,1413,344.0,326.0,365.2625
volume,246,1411,365.0,348.0,385.525
volume,247,1412,344.0,332.0,366.0
volume,248,1414,327.5,313.475,342.0
volume,249,1414,320.0,303.2375,336.0
volume,250,1411,315.0,300.475,327.0
volume,251,1412,322.0,309.475,340.7625
volume,252,1410,292.0,278.0,309.525
volume,253,1413,292.0,280.2375,305.525
volume,254,1412,283.0,270.0,297.7625
volume,255,1411,277.0,263.2375,291.28749999999997
volume,256,1412,317.0,303.95,334.525
volume,257,1411,293.0,277.0,304.0
volume,258,1410,273.0,261.475,289.0
volume,259,1413,280.0,267.0,289.525
volume,260,1411,264.0,253.5,273.7625
volume,261,1410,286.0,273.0,300.2625
volume,262,1411,269.0,254.7375,283.0
volume,263,1410,270.0,257.475,283.0
volume,264,1411,248.0,236.0,261.0
volume,265,1413,244.0,236.0,259.0
volume,266,1412,263.0,252.5,277.0
volume,267,1412,239.0,227.0,251.2625
volume,268,1412,234.0,222.0,244.2625
volume,269,1413,224.0,215.475,234.81249999999994
volume,270,1412,226.5,215.2375,239.0
volume,271,1414,289.0,274.7375,307.78749999999997
volume,272,1413,250.0,238.0,262.2625
volume,273,1412,253.0,237.0,266.0
volume,274,1412,240.5,226.2375,252.52499999999998
volume,275,1413,235.0,222.2375,246.5
volume,276,1412,248.5,238.0,267.0
volume,277,1413,243.0,229.475,255.52499999999998
volume,278,1413,237.0,225.0,252.0
volume,279,1413,224.0,214.7375,235.0
volume,280,1411,225.0,214.0,235.52499999999998
volume,281,1415,241.0,232.0,253.0
volume,282,1413,227.0,215.0,238.0
volume,283,1412,225.0,216.475,238.0
volume,284,1412,214.0,201.475,224.2625
volume,285,1410,216.0,202.475,230.0
volume,286,1413,240.0,230.0,253.0
volume,287,1413,224.0,216.0,234.0
volume,288,1413,222.0,212.475,235.0
volume,289,1414,206.5,198.475,218.5
volume,290,1414,202.5,193.0,213.0
volume,291,1415,221.0,210.0,232.0
volume,292,1411,219.0,208.7375,233.2625
volume,293,1410,214.0,202.0,221.7625
volume,294,1413,207.0,195.5,220.0
volume,295,1414,200.0,188.0,213.0
volume,296,1414,211.0,202.2375,222.0
volume,297,1413,207.0,196.475,219.0
volume,298,1410,197.0,188.475,208.2625
volume,299,1414,191.0,181.0,201.7625
volume,300,1412,183.5,175.0,191.0
volume,301,1414,290.0,277.0,308.0
volume,302,1413,242.0,231.0,251.7625
volume,303,1413,231.0,222.0,242.0
volume,304,1413,216.0,208.0,227.0
volume,305,1406,218.0,203.0,231.0
volume,306,1408,229.0,218.0,238.0
volume,307,1406,224.0,214.0,234.0
volume,308,1408,219.0,208.475,225.52499999999998
volume,309,1407,206.0,197.5,217.0
volume,310,1408,202.0,191.0,211.0
volume,311,1406,210.0,202.0,226.7625
volume,312,1408,199.0,189.0,211.0
volume,313,1405,208.0,197.0,219.0
volume,314,1409,200.0,192.0,213.2625
volume,315,1409,197.0,187.0,205.2625
volume,316,1409,230.0,221.0,247.0
volume,317,1409,211.0,200.0,222.0
volume,318,1409,204.0,195.0,214.02499999999998
volume,319,1413,195.0,188.475,206.0
volume,320,1414,189.0,177.7375,200.0
volume,321,1414,211.0,205.0,221.5
volume,322,1414,201.0,193.0,210.0
volume,323,1413,199.0,190.0,210.52499999999998
volume,324,1413,194.0,184.5,205.0
volume,325,1412,201.5,190.0,213.0
volume,326,1412,215.5,204.0,228.2625
volume,327,1412,197.0,187.0,207.5
volume,328,1414,196.5,188.0,209.2625
volume,329,1414,197.0,188.0,205.0
volume,330,1415,189.0,180.0,199.0
volume,331,1414,248.0,238.0,258.0
volume,332,1415,216.0,205.2375,223.7625
volume,333,1413,199.0,187.475,211.0
volume,334,1415,200.0,188.0,209.7625
volume,335,1415,191.0,180.475,203.0
volume,336,1415,204.0,194.0,210.7625
volume,337,1414,199.0,190.475,212.0
volume,338,1414,190.5,184.0,201.7625
volume,339,1415,184.0,176.0,192.0
volume,340,1414,182.5,177.0,191.0
volume,341,1416,208.0,197.2375,218.0
volume,342,1413,197.0,190.0,207.52499999999998
volume,343,1415,196.0,185.0,209.0
volume,344,1414,184.0,175.475,192.52499999999998
volume,345,1415,179.0,172.0,185.52499999999998
volume,346,1415,208.0,198.0,217.0
volume,347,1412,200.0,187.7125,210.0
volume,348,1414,188.0,180.2375,198.0
volume,349,1414,186.0,178.0,194.52499999999998
volume,350,1411,183.0,175.475,194.0
volume,351,1409,210.0,202.7375,222.0
volume,352,1408,196.5,185.0,210.0
volume,353,1407,199.0,188.475,210.7625
volume,354,1411,191.0,182.0,201.52499999999998
volume,355,1409,188.0,181.2375,197.0
volume,356,1408,205.5,195.0,213.0
volume,357,1409,195.0,189.0,204.52499999999998
volume,358,1410,185.0,177.0,197.0
volume,359,1408,185.5,176.0,195.0
volume,360,1407,181.0,172.0,187.0
volume,361,1410,319.0,302.475,335.5
volume,362,1408,244.0,234.0,255.0
volume,363,1409,215.0,206.5,226.2625
volume,364,1409,219.0,209.0,230.0
volume,365,1409,215.0,205.475,231.0
volume,366,1409,229.0,215.0,240.0
volume,367,1408,223.0,208.475,230.7625
volume,368,1411,215.0,205.95,229.0
volume,369,1408,212.0,199.475,220.52499999999998
volume,370,1405,195.0,187.0,207.2625
volume,371,1411,222.0,214.0,234.0
volume,372,1409,203.0,194.0,213.52499999999998
volume,373,1408,205.0,196.0,215.0
volume,374,1403,206.0,198.0,215.5
volume,375,1409,207.0,197.0,214.2625
volume,376,1409,227.0,219.0,241.0
volume,377,1407,212.0,200.0,222.0
volume,378,1409,201.0,193.0,209.2625
volume,379,1408,199.0,189.0,208.2625
volume,380,1408,194.0,184.0,204.0
volume,381,1408,213.5,202.0,224.0
volume,382,1409,204.0,190.0,217.0
volume,383,1408,200.0,189.2375,212.0
volume,384,1408,188.0,178.0,196.0
volume,385,1409,200.0,189.95,212.0
volume,386,1408,201.0,192.0,217.0
volume,387,1406,200.0,188.975,211.0
volume,388,1409,188.0,179.0,195.0
volume,389,1408,181.0,172.0,191.0
volume,390,1406,181.0,174.0,189.0
volume,391,1408,251.0,243.0,259.0
volume,392,1409,218.0,209.7375,231.0
volume,393,1411,216.0,205.475,228.0
volume,394,1410,203.0,193.0,213.0
volume,395,1409,196.0,188.7375,204.7625
volume,396,1409,219.0,206.6875,227.0
volume,397,1406,215.0,203.0,228.57499999999993
volume,398,1406,199.0,187.0,215.0
volume,399,1405,195.0,187.0,204.0
volume,400,1408,196.0,188.0,207.7625
volume,401,1407,215.0,205.2375,228.0
volume,402,1410,202.0,194.95,212.0
volume,403,1406,207.0,195.2375,213.0
volume,404,1408,201.0,189.2375,209.0
volume,405,1406,198.0,188.0,208.0
volume,406,1408,235.5,227.7375,248.0
volume,407,1410,210.0,200.7375,219.0
volume,408,1409,206.0,197.0,214.2625
volume,409,1412,207.0,197.0,221.7625
volume,410,1411,201.0,191.0,213.0
volume,411,1411,216.0,205.7125,230.0
volume,412,1413,207.0,198.7375,217.0
volume,413,1411,212.0,202.0,222.0
volume,414,1412,206.0,195.0,218.0
volume,415,1411,211.0,205.0,220.7625
volume,416,1412,219.0,207.475,232.04999999999995
volume,417,1414,223.0,213.0,235.0
volume,418,1414,211.0,203.0,223.0
volume,419,1412,220.5,212.0,233.52499999999998
volume,420,1413,233.0,221.0,251.0
volume,421,1415,480.0,459.0,502.0
volume,422,1414,320.0,308.0,337.5
volume,423,1414,301.0,286.475,313.5
volume,424,1413,292.0,280.2375,306.525
volume,425,1412,275.0,266.0,288.0
volume,426,1411,301.0,288.7375,312.0
volume,427,1411,276.0,260.7375,291.0
volume,428,1414,267.0,253.0,277.525
volume,429,1412,254.0,243.0,265.7625
volume,430,1414,259.0,246.0,273.0
volume,431,1412,283.5,270.475,297.28749999999997
volume,432,1412,252.0,243.0,269.525
volume,433,1413,262.0,251.0,272.0
volume,434,1412,251.0,241.0,265.0
volume,435,1413,254.0,243.475,264.78749999999997
volume,436,1414,295.0,279.475,308.0
volume,437,1414,267.0,257.0,279.0
volume,438,1414,261.5,250.0,273.5
volume,439,1414,246.0,237.0,259.7625
volume,440,1411,243.0,230.0,257.0
volume,441,1414,270.0,260.0,281.525
volume,442,1411,260.0,242.475,275.0
volume,443,1415,253.0,241.0,268.28749999999997
volume,444,1412,248.0,235.475,259.0
volume,445,1414,253.0,245.0,264.0
volume,446,1413,273.0,261.0,288.525
volume,447,1414,252.0,241.0,267.0
volume,448,1414,259.0,245.0,272.0
volume,449,1413,254.0,242.0,266.0
volume,450,1412,241.0,230.5,251.52499999999998
volume,451,1413,341.0,330.0,355.0
volume,452,1414,301.0,282.1875,314.0
volume,453,1413,274.0,259.475,285.5
volume,454,1413,279.0,268.0,290.0
volume,455,1414,263.0,250.7375,275.525
volume,456,1412,301.5,288.7375,310.2625
volume,457,1414,280.0,266.0,292.5
volume,458,1414,266.0,255.0,277.0
volume,459,1414,257.5,240.7375,270.0
volume,460,1413,260.0,248.475,272.0
volume,461,1414,288.5,273.7375,302.7625
volume,462,1413,258.0,245.475,270.0
volume,463,1413,275.0,263.0,289.0
volume,464,1412,258.0,245.0,267.0
volume,465,1412,260.0,244.7375,276.0
volume,466,1413,302.0,288.95,316.2625
volume,467,1412,290.0,272.0,300.0
volume,468,1412,267.5,258.0,285.0
volume,469,1414,270.5,260.0,284.0
volume,470,1412,261.0,248.2375,275.0
volume,471,1414,279.5,264.0,302.04999999999995
volume,472,1414,265.5,250.2375,280.7625
volume,473,1412,263.0,251.0,278.525
volume,474,1413,258.0,244.475,269.525
volume,475,1412,271.5,255.975,282.525
volume,476,1413,293.0,278.2375,302.5
volume,477,1414,270.0,259.0,282.0
volume,478,1413,276.0,264.7375,288.0
volume,479,1413,269.0,258.475,282.0
volume,480,1413,266.0,253.0,278.0
volume,481,1413,523.0,498.2375,547.0
volume,482,1413,436.0,414.0,460.2625
volume,483,1415,382.0,367.0,401.525
volume,484,1414,349.0,330.0,366.0
volume,485,1413,351.0,333.0,367.0
volume,486,1411,386.0,370.0,403.2625
volume,487,1414,364.0,347.7375,382.0
volume,488,1413,358.0,343.2375,376.0
volume,489,1413,343.0,324.2375,360.0
volume,490,1414,342.0,326.475,355.78749999999997
volume,491,1413,387.0,364.475,400.0
volume,492,1413,340.0,324.2375,356.0
volume,493,1412,342.5,328.0,362.5
volume,494,1413,333.0,316.0,348.525
volume,495,1412,339.0,327.475,353.0
volume,496,1413,410.0,393.0,430.525
volume,497,1412,383.0,368.475,394.525
volume,498,1414,365.0,351.0,382.0
volume,499,1414,358.5,343.0,375.04999999999995
volume,500,1413,353.0,335.475,371.0
volume,501,1415,450.0,432.0,472.0
volume,502,1412,411.0,393.0,427.0
volume,503,1413,388.0,368.0,409.0
volume,504,1413,379.0,362.2375,399.0
volume,505,1412,382.0,369.0,398.0
volume,506,1413,393.0,373.0,412.0
volume,507,1412,363.0,343.0,380.525
volume,508,1413,347.0,339.0,364.7625
volume,509,1414,332.5,317.0,349.0
volume,510,1414,352.0,335.475,371.0
volume,511,1413,806.0,754.0,862.0
volume,512,1411,723.0,674.0,773.525
volume,513,1412,681.0,634.425,717.0
volume,514,1413,643.0,595.7375,677.2874999999999
volume,515,1412,609.0,573.2375,643.0
volume,516,1414,635.0,585.425,678.525
volume,517,1413,639.0,597.2375,671.0
volume,518,1412,606.5,569.95,637.0
volume,519,1412,574.0,533.475,614.0
volume,520,1414,547.5,513.0,582.0
volume,521,1414,639.5,604.0,679.0
volume,522,1413,558.0,532.475,590.525
volume,523,1413,583.0,548.425,618.2625
volume,524,1412,540.5,523.0,567.0
volume,525,1412,530.5,502.95,566.7625
volume,526,1410,616.0,581.0,643.2874999999999
volume,527,1413,564.0,539.0,592.0
volume,528,1412,533.0,498.0,558.0
volume,529,1412,552.5,519.475,574.525
volume,530,1414,499.5,477.475,539.525
volume,531,1413,571.0,545.0,606.0
volume,532,1414,538.0,512.475,562.0
volume,533,1412,521.5,493.475,550.0
volume,534,1414,505.5,480.7375,524.2625
volume,535,1412,507.5,480.475,542.0
volume,536,1412,518.5,491.95,547.05
volume,537,1414,516.5,492.7375,547.0999999999999
volume,538,1411,493.0,466.7375,515.525
volume,539,1413,482.0,459.2375,510.0
volume,540,1412,480.5,458.0,508.28749999999997
volume,541,1414,786.0,747.475,822.525
volume,542,1413,635.0,603.2375,674.05
volume,543,1415,631.0,592.7375,666.0
volume,544,1414,559.0,530.475,590.0
volume,545,1413,558.0,526.475,584.5
volume,546,1413,584.0,563.475,618.0
volume,547,1414,586.5,560.2375,615.0
volume,548,1415,556.0,526.7375,594.0
volume,549,1413,535.0,515.2375,565.5749999999999
volume,550,1413,520.0,491.0,549.0
volume,551,1413,565.0,534.475,598.525
volume,552,1413,517.0,493.7375,540.0
volume,553,1414,531.5,504.0,557.7874999999999
volume,554,1413,515.0,488.475,537.525
volume,555,1413,506.0,483.425,527.525
volume,556,1409,613.0,588.475,643.0
volume,557,1411,570.0,539.475,595.0
volume,558,1410,514.5,495.0,547.3125
volume,559,1411,530.0,505.0,554.0
volume,560,1411,495.0,475.95,511.04999999999995
volume,561,1412,537.5,510.0,556.0
volume,562,1410,522.5,497.2125,558.2874999999999
volume,563,1411,500.0,471.95,527.525
volume,564,1411,448.0,425.0,471.0
volume,565,1413,480.0,454.475,502.0
volume,566,1410,824.0,775.95,860.2625
volume,567,1410,539.0,518.2375,563.5
volume,568,1410,775.5,740.475,811.7874999999999
volume,569,1410,970.0,937.0,1006.8874999999998
volume,570,1410,989.0,951.7375,1020.0
volume,571,1394,7026.0,6868.9,7162.0
volume,572,1393,6232.0,6083.2125,6415.525
volume,573,1393,5851.0,5734.0,6002.05
volume,574,1392,5194.0,5036.6625,5353.2875
volume,575,1393,4972.0,4835.0,5115.825
volume,576,1393,5589.0,5399.85,5750.7625
volume,577,1392,4789.0,4642.7,4918.3125
volume,578,1391,4304.0,4189.85,4483.0
volume,579,1391,4102.0,4004.5,4216.0
volume,580,1391,4009.0,3834.9,4154.825
volume,581,1391,4650.0,4525.475,4810.9625
volume,582,1391,3934.0,3775.475,4046.5499999999993
volume,583,1391,3767.0,3605.1875,3954.0125
volume,584,1391,3354.0,3213.475,3468.575
volume,585,1391,3239.0,3159.2375,3397.725
volume,586,1392,4634.5,4498.0625,4776.0
volume,587,1392,3971.0,3865.6875,4112.7625
volume,588,1392,3635.0,3485.475,3734.8375
volume,589,1392,3711.0,3577.425,3862.1
volume,590,1393,3406.0,3293.2375,3527.625
volume,591,1393,4033.0,3873.95,4194.575
volume,592,1394,3656.5,3511.7,3800.2999999999997
volume,593,1394,3456.5,3356.6625,3566.725
volume,594,1394,3236.5,3117.375,3331.05
volume,595,1395,3249.0,3129.1875,3357.05
volume,596,1394,3452.5,3329.0,3576.575
volume,597,1394,3057.5,2951.0,3174.7875
volume,598,1393,2985.0,2811.3,3094.0
volume,599,1393,2509.0,2429.95,2581.0
volume,600,1392,2278.5,2195.5,2361.0
volume,601,1393,4627.0,4456.125,4802.924999999999
volume,602,1393,3890.0,3739.475,4012.525
volume,603,1393,3609.0,3479.6625,3729.0
volume,604,1393,3285.0,3177.475,3388.0
volume,605,1393,3116.0,2968.7375,3207.0
volume,606,1393,3508.0,3395.7375,3642.274999999999
volume,607,1393,3416.0,3259.0875,3535.1
volume,608,1393,3137.0,2991.475,3256.0
volume,609,1394,3009.0,2905.85,3144.6749999999997
volume,610,1394,2969.5,2866.75,3060.2
volume,611,1394,3295.5,3182.0,3446.525
volume,612,1394,3129.0,2971.8,3253.0
volume,613,1394,3054.0,2924.1625,3136.0
volume,614,1394,2797.5,2743.1875,2909.05
volume,615,1394,2798.0,2684.95,2909.6749999999997
volume,616,1394,3343.5,3228.0,3430.575
volume,617,1394,3015.5,2945.0,3143.0
volume,618,1394,2805.0,2671.2125,2925.2625
volume,619,1394,2722.5,2635.9,2836.0
volume,620,1394,2617.5,2483.1625,2720.2625
volume,621,1394,2987.5,2861.0625,3110.575
volume,622,1394,2770.5,2696.9,2853.2875
volume,623,1394,2706.5,2603.0,2811.0
volume,624,1394,2587.5,2514.0,2690.0
volume,625,1394,2547.0,2452.475,2657.525
volume,626,1394,2795.5,2679.7375,2886.0
volume,627,1394,2598.5,2519.225,2715.1499999999996
volume,628,1394,2472.5,2376.95,2595.05
volume,629,1394,2543.0,2444.6375,2622.525
volume,630,1394,2395.5,2318.475,2484.525
volume,631,1394,3313.0,3206.225,3494.8875
volume,632,1394,2688.0,2610.5875,2791.0
volume,633,1394,2652.0,2542.425,2731.0
volume,634,1394,2457.0,2355.7375,2572.3375
volume,635,1394,2385.5,2301.425,2495.5
volume,636,1394,2582.5,2471.7125,2671.1
volume,637,1394,2586.5,2485.0,2681.525
volume,638,1394,2402.5,2307.325,2499.525
volume,639,1394,2382.0,2272.95,2491.0
volume,640,1394,2273.0,2177.95,2355.6749999999997
volume,641,1394,2627.5,2550.0,2748.45
volume,642,1393,2333.0,2257.0,2426.0
volume,643,1393,2322.0,2227.95,2395.5375
volume,644,1393,2186.0,2100.0,2287.0
volume,645,1393,2161.0,2104.75,2243.7875
volume,646,1393,2576.0,2469.2375,2658.0
volume,647,1393,2354.0,2264.0,2426.1
volume,648,1392,2223.0,2156.7125,2317.7875
volume,649,1393,2221.0,2138.475,2310.7625
volume,650,1393,2159.0,2060.7375,2231.0
volume,651,1394,2470.5,2339.1625,2554.05
volume,652,1394,2268.0,2183.0,2372.3125
volume,653,1394,2199.0,2103.0,2304.0
volume,654,1393,2002.0,1921.1625,2091.525
volume,655,1393,1957.0,1890.125,2040.3125
volume,656,1394,2136.5,2063.1625,2224.0
volume,657,1394,2025.5,1939.5375,2094.525
volume,658,1394,1961.5,1881.475,2042.05
volume,659,1394,1946.5,1887.0,2020.1
volume,660,1394,1908.0,1823.425,1984.525
volume,661,1394,2753.0,2652.9,2838.525
volume,662,1394,2302.5,2197.0,2416.1499999999996
volume,663,1394,2177.5,2084.0,2272.575
volume,664,1394,2072.5,1999.0,2157.3125
volume,665,1394,1952.5,1871.9,2036.525
volume,666,1394,2121.0,2068.475,2199.525
volume,667,1394,2066.0,1995.475,2140.525
volume,668,1394,1954.5,1841.2125,2022.0
volume,669,1394,1864.0,1782.6125,1957.0
volume,670,1394,1814.5,1758.425,1893.525
volume,671,1394,2062.0,1993.5,2140.05
volume,672,1394,1934.0,1854.95,2013.05
volume,673,1394,1909.0,1845.375,1995.525
volume,674,1394,1771.5,1698.0,1871.6749999999997
volume,675,1394,1799.5,1740.475,1885.725
volume,676,1394,2060.0,1967.0,2156.2625
volume,677,1394,1889.5,1805.95,1964.05
volume,678,1394,1806.5,1722.2125,1907.5124999999998
volume,679,1394,1758.5,1706.6875,1836.0
volume,680,1394,1661.0,1609.95,1716.0
volume,681,1393,1899.0,1816.7125,1963.05
volume,682,1394,1745.0,1696.0,1835.2625
volume,683,1394,1722.5,1661.0,1795.1499999999999
volume,684,1394,1599.0,1529.9,1670.5749999999998
volume,685,1394,1624.0,1569.2375,1679.0
volume,686,1393,1762.0,1706.0,1852.05
volume,687,1394,1659.0,1616.0,1747.05
volume,688,1394,1637.0,1569.0,1692.2875
volume,689,1394,1630.0,1546.95,1703.8374999999999
volume,690,1394,1595.5,1535.0,1644.0
volume,691,1394,2114.0,2039.1875,2221.2999999999997
volume,692,1394,1884.0,1812.475,1938.525
volume,693,1394,1755.5,1702.0,1834.2625
volume,694,1394,1634.0,1567.95,1723.1999999999998
volume,695,1394,1607.5,1552.0,1684.2625
volume,696,1394,1756.5,1697.7375,1819.0
volume,697,1394,1676.5,1599.475,1756.6749999999997
volume,698,1394,1586.0,1522.0,1658.1499999999999
volume,699,1394,1557.0,1493.0,1621.0
volume,700,1394,1476.0,1416.475,1532.05
volume,701,1394,1625.5,1561.95,1686.525
volume,702,1394,1554.5,1493.0,1619.0
volume,703,1394,1569.0,1498.3625,1645.0
volume,704,1394,1473.5,1427.0,1521.2625
volume,705,1394,1456.5,1410.0,1497.0
volume,706,1394,1690.0,1617.35,1755.05
volume,707,1394,1560.0,1498.425,1617.625
volume,708,1394,1455.5,1380.45,1521.05
volume,709,1394,1453.0,1391.425,1515.1
volume,710,1394,1362.5,1326.7125,1408.0
volume,711,1394,1597.5,1534.0,1678.0
volume,712,1394,1506.5,1469.0,1577.05
volume,713,1394,1460.5,1408.0,1506.0
volume,714,1394,1403.0,1350.7125,1459.7875
volume,715,1393,1371.0,1322.475,1437.3125
volume,716,1393,1476.0,1405.0,1544.525
volume,717,1393,1471.0,1422.0,1537.0
volume,718,1393,1407.0,1359.475,1474.5749999999998
volume,719,1393,1368.0,1310.0,1424.0
volume,720,1393,1277.0,1232.95,1334.5749999999998
volume,721,1393,1857.0,1791.475,1909.7625
volume,722,1393,1617.0,1555.425,1684.5749999999998
volume,723,1394,1515.0,1451.2375,1552.0
volume,724,1394,1413.5,1364.9,1489.525
volume,725,1394,1322.0,1271.475,1365.05
volume,726,1394,1474.5,1422.95,1527.525
volume,727,1394,1402.0,1324.5,1465.5749999999998
volume,728,1394,1365.0,1297.7125,1419.0
volume,729,1394,1336.0,1276.1625,1388.05
volume,730,1394,1270.0,1216.475,1326.0
volume,731,1394,1408.0,1372.425,1451.8374999999999
volume,732,1394,1303.0,1242.475,1351.525
volume,733,1394,1284.5,1244.7375,1362.1499999999999
volume,734,1394,1229.5,1156.0,1279.0
volume,735,1394,1210.5,1158.475,1257.2625
volume,736,1394,1438.0,1369.95,1509.0
volume,737,1394,1317.5,1263.45,1379.2875
volume,738,1394,1281.5,1234.2375,1334.1499999999999
volume,739,1394,1257.5,1219.0,1293.1
volume,740,1394,1190.0,1144.0,1234.0
volume,741,1394,1343.0,1304.0,1399.4374999999998
volume,742,1394,1308.5,1260.2375,1342.0
volume,743,1394,1224.0,1177.425,1267.0
volume,744,1394,1127.0,1089.475,1195.0
volume,745,1394,1160.5,1112.475,1200.525
volume,746,1394,1231.0,1190.475,1271.525
volume,747,1394,1189.0,1139.8,1245.7875
volume,748,1394,1126.5,1085.0,1184.2875
volume,749,1394,1151.0,1106.0,1217.5749999999998
volume,750,1394,1103.0,1054.2375,1153.0
volume,751,1394,1454.5,1387.7375,1508.5
volume,752,1394,1306.0,1249.325,1350.525
volume,753,1394,1251.5,1198.5,1325.0
volume,754,1394,1171.5,1127.7375,1227.0
volume,755,1394,1123.5,1072.475,1167.7625
volume,756,1394,1240.0,1193.95,1295.8125
volume,757,1394,1212.0,1146.475,1259.05
volume,758,1394,1128.5,1096.5,1192.0
volume,759,1394,1115.5,1063.475,1156.7625
volume,760,1394,1073.5,1021.475,1128.525
volume,761,1394,1202.5,1159.0,1247.2875
volume,762,1394,1103.5,1044.475,1160.6
volume,763,1394,1102.5,1051.6875,1151.3374999999999
volume,764,1394,1046.5,1011.0,1099.4125
volume,765,1394,1062.0,1013.9,1107.525
volume,766,1394,1219.5,1176.475,1265.5749999999998
volume,767,1394,1126.0,1075.2125,1185.0
volume,768,1394,1074.5,1030.7375,1138.1499999999999
volume,769,1394,1069.0,1006.475,1111.0
volume,770,1394,1016.5,974.425,1060.2625
volume,771,1394,1175.5,1127.0,1236.8374999999999
volume,772,1394,1146.0,1089.0,1190.7625
volume,773,1394,1102.0,1067.7375,1172.0
volume,774,1394,1053.0,1007.0,1092.0
volume,775,1394,1024.5,969.6875,1077.9125
volume,776,1394,1118.0,1071.0,1176.8874999999998
volume,777,1394,1110.5,1056.95,1151.525
volume,778,1393,1042.0,1004.6375,1082.7625
volume,779,1393,1017.0,977.9,1062.7625
volume,780,1393,1018.0,970.0,1067.05
volume,781,1347,1425.0,1377.2125,1491.2499999999998
volume,782,1347,1325.0,1267.0,1409.8625
volume,783,1347,1339.0,1294.0,1404.5
volume,784,1347,1187.0,1121.0,1245.0
volume,785,1347,1120.0,1074.475,1184.6749999999997
volume,786,1347,1251.0,1189.0,1319.2875
volume,787,1347,1275.0,1222.0,1320.05
volume,788,1347,1199.0,1137.2375,1247.3874999999998
volume,789,1347,1134.0,1082.2125,1187.8374999999999
volume,790,1347,1061.0,1008.8,1106.625
volume,791,1347,1276.0,1208.925,1323.0
volume,792,1347,1143.0,1098.0,1190.5749999999998
volume,793,1347,1115.0,1058.0,1165.7875
volume,794,1347,1042.0,1011.0,1088.05
volume,795,1346,1047.0,1002.2375,1104.7875
volume,796,1347,1233.0,1167.95,1300.55
volume,797,1347,1177.0,1123.9,1242.0
volume,798,1347,1091.0,1049.6625,1147.7875
volume,799,1347,1060.0,1015.95,1113.525
volume,800,1347,1042.0,987.0,1110.625
volume,801,1347,1188.0,1137.8,1237.0
volume,802,1346,1146.0,1103.0,1202.525
volume,803,1347,1060.0,1013.95,1117.05
volume,804,1347,1055.0,1004.5,1105.625
volume,805,1347,1027.0,978.2375,1061.0
volume,806,1346,1096.5,1051.0,1149.7625
volume,807,1347,1085.0,1052.0,1140.0
volume,808,1347,1064.0,1016.0,1116.05
volume,809,1347,1045.0,992.0,1086.7875
volume,810,1347,1008.0,956.2375,1067.625
volume,811,1347,1426.0,1362.2125,1484.0
volume,812,1347,1201.0,1149.475,1262.525
volume,813,1347,1111.0,1070.0,1170.1
volume,814,1347,1059.0,1027.0,1126.0
volume,815,1346,1035.5,978.9,1110.6749999999997
volume,816,1347,1141.0,1082.375,1181.0
volume,817,1347,1095.0,1040.95,1173.0
volume,818,1346,1037.5,1002.0,1100.0
volume,819,1347,1027.0,969.425,1085.525
volume,820,1347,987.0,945.0,1030.2625
volume,821,1347,1166.0,1126.6625,1214.0
volume,822,1347,1110.0,1059.475,1162.0
volume,823,1347,1083.0,1044.2375,1125.0
volume,824,1347,1017.0,973.0,1061.0
volume,825,1347,980.0,954.7375,1021.5
volume,826,1347,1154.0,1110.6875,1213.0
volume,827,1347,1084.0,1041.475,1142.725
volume,828,1347,1038.0,990.475,1082.525
volume,829,1347,1020.0,968.0,1065.0
volume,830,1346,987.0,939.0,1043.0
volume,831,1347,1111.0,1070.475,1176.0
volume,832,1347,1041.0,984.7375,1090.0
volume,833,1347,1004.0,956.1875,1070.525
volume,834,1347,971.0,934.475,1018.9374999999998
volume,835,1346,947.5,905.0,985.05
volume,836,1345,1035.0,999.0,1104.1
volume,837,1346,1002.5,946.475,1058.0
volume,838,1347,959.0,914.475,1009.0
volume,839,1347,940.0,881.1875,981.05
volume,840,1346,935.5,899.0,978.05
volume,841,1347,1669.0,1589.9,1714.05
volume,842,1347,1379.0,1334.7375,1447.525
volume,843,1347,1356.0,1286.275,1390.5749999999998
volume,844,1346,1206.0,1145.7125,1271.7875
volume,845,1346,1156.5,1099.0,1219.0
volume,846,1346,1229.0,1165.95,1291.525
volume,847,1346,1232.5,1172.9,1295.625
volume,848,1346,1151.0,1088.475,1206.0
volume,849,1346,1167.0,1097.0,1232.525
volume,850,1346,1067.5,1021.7125,1113.7875
volume,851,1345,1202.0,1154.7375,1257.0
volume,852,1346,1144.5,1076.325,1197.0
volume,853,1347,1109.0,1068.7375,1182.5749999999998
volume,854,1347,1086.0,1034.2375,1147.7875
volume,855,1347,1042.0,996.0,1079.0
volume,856,1347,1261.0,1229.0,1311.2625
volume,857,1347,1167.0,1116.0,1242.625
volume,858,1347,1069.0,1030.0875,1138.05
volume,859,1347,1087.0,1037.475,1136.0
volume,860,1346,1045.5,989.475,1112.525
volume,861,1346,1203.5,1147.0,1273.525
volume,862,1346,1152.0,1099.2375,1194.0
volume,863,1346,1088.5,1042.7125,1145.05
volume,864,1346,1057.0,1015.475,1137.2625
volume,865,1346,1022.0,977.5875,1064.1
volume,866,1346,1144.5,1100.2125,1200.1
volume,867,1346,1112.0,1054.0,1169.0
volume,868,1346,1090.5,1040.0,1121.0
volume,869,1347,1059.0,998.7375,1122.7625
volume,870,1347,1020.0,968.0,1070.05
volume,871,1347,1397.0,1344.5875,1457.6749999999997
volume,872,1347,1212.0,1159.375,1264.2625
volume,873,1347,1168.0,1119.475,1224.3125
volume,874,1347,1116.0,1063.0,1186.2625
volume,875,1347,1074.0,1032.85,1117.3625
volume,876,1347,1219.0,1182.5,1276.0
volume,877,1347,1165.0,1117.375,1210.2625
volume,878,1347,1103.0,1059.2375,1144.0
volume,879,1347,1038.0,993.0,1092.5749999999998
volume,880,1346,1043.0,994.375,1074.0
volume,881,1346,1194.5,1145.0,1246.0
volume,882,1347,1106.0,1066.1875,1145.7625
volume,883,1347,1127.0,1061.2125,1198.1
volume,884,1347,1097.0,1045.0,1149.05
volume,885,1347,1030.0,988.0,1069.1
volume,886,1347,1171.0,1104.2375,1223.0
volume,887,1347,1117.0,1068.475,1162.05
volume,888,1347,1056.0,1010.2375,1116.2625
volume,889,1347,1065.0,1014.95,1116.0
volume,890,1347,996.0,943.1125,1037.0
volume,891,1347,1175.0,1116.475,1237.0
volume,892,1347,1135.0,1075.2375,1191.7875
volume,893,1347,1117.0,1070.95,1153.2875
volume,894,1347,1045.0,1006.0,1108.0
volume,895,1347,1015.0,976.0,1063.0
volume,896,1347,1188.0,1126.475,1241.0
volume,897,1347,1121.0,1067.475,1179.05
volume,898,1347,1055.0,1009.2375,1112.2875
volume,899,1347,1039.0,982.2125,1093.0
volume,900,1347,1076.0,1038.0,1121.3374999999999
volume,901,1347,1635.0,1573.475,1709.2625
volume,902,1347,1391.0,1321.425,1452.5749999999998
volume,903,1346,1345.0,1264.325,1407.6
volume,904,1346,1243.5,1179.95,1330.7875
volume,905,1346,1176.0,1121.0,1219.0
volume,906,1346,1289.0,1231.6875,1350.0
volume,907,1346,1252.5,1206.0,1305.1
volume,908,1346,1166.5,1133.0,1236.625
volume,909,1346,1153.0,1104.475,1209.525
volume,910,1346,1134.0,1081.0,1187.0
volume,911,1346,1323.5,1262.7375,1367.05
volume,912,1346,1266.0,1214.95,1315.9624999999999
volume,913,1346,1215.0,1165.45,1257.2625
volume,914,1346,1152.5,1108.0,1204.525
volume,915,1346,1144.5,1097.375,1211.8374999999999
volume,916,1347,1349.0,1276.0,1418.0
volume,917,1347,1250.0,1180.45,1309.0
volume,918,1347,1157.0,1115.7375,1222.525
volume,919,1347,1157.0,1108.475,1207.9125
volume,920,1347,1057.0,1009.0,1111.0
volume,921,1347,1351.0,1277.0,1416.2875
volume,922,1347,1211.0,1144.475,1262.7625
volume,923,1347,1150.0,1106.475,1227.0
volume,924,1347,1129.0,1084.6625,1191.0
volume,925,1347,1138.0,1088.0,1196.3125
volume,926,1347,1247.0,1196.7125,1295.2875
volume,927,1347,1143.0,1097.7375,1197.525
volume,928,1347,1117.0,1085.6375,1178.0
volume,929,1347,1108.0,1054.425,1174.0
volume,930,1347,1091.0,1034.425,1141.0
volume,931,1346,1558.0,1516.0,1621.1499999999999
volume,932,1346,1368.0,1324.7375,1429.625
volume,933,1346,1351.0,1303.475,1406.2625
volume,934,1346,1244.5,1183.0,1316.625
volume,935,1347,1216.0,1158.0,1267.0
volume,936,1347,1371.0,1321.2125,1439.05
volume,937,1347,1292.0,1251.95,1345.7875
volume,938,1347,1244.0,1189.95,1282.0
volume,939,1347,1193.0,1148.7125,1245.7625
volume,940,1347,1199.0,1147.0,1243.5749999999998
volume,941,1346,1358.5,1304.95,1406.7625
volume,942,1346,1262.5,1215.9,1320.1
volume,943,1346,1278.0,1221.5,1334.3374999999999
volume,944,1346,1254.5,1224.0,1331.0
volume,945,1346,1252.0,1219.0,1296.1499999999999
volume,946,1347,1493.0,1429.95,1543.0
volume,947,1347,1315.0,1252.0,1366.5
volume,948,1347,1228.0,1182.475,1286.5749999999998
volume,949,1347,1236.0,1183.9,1291.05
volume,950,1347,1179.0,1140.0,1226.525
volume,951,1347,3100.0,3019.875,3206.525
volume,952,1347,1832.0,1747.95,1925.525
volume,953,1347,1685.0,1621.0,1754.5
volume,954,1347,1583.0,1543.0,1656.05
volume,955,1347,2536.0,2430.425,2630.8125
volume,956,1347,2576.0,2491.475,2681.05
volume,957,1347,1656.0,1577.7375,1738.525
volume,958,1347,1599.0,1550.425,1656.2625
volume,959,1347,1747.0,1697.0,1794.525
volume,960,1347,4714.0,4592.8,4834.8375
volume,961,1347,2805.0,2727.0,2878.1499999999996
volume,962,1347,1223.0,1179.2375,1279.05
volume,963,1347,770.0,742.1875,805.3625
volume,964,1347,608.0,577.475,634.05
volume,965,1347,558.0,535.1875,579.05
volume,966,1347,607.0,586.0,638.0
volume,967,1347,461.0,439.475,479.0
volume,968,1345,434.0,410.475,451.0
volume,969,1345,379.0,362.0,392.525
volume,970,1345,369.0,353.7375,389.0
volume,971,1345,400.0,382.6625,416.525
volume,972,1345,303.0,292.0,317.0
volume,973,1345,306.0,293.475,325.0
volume,974,1345,346.0,334.475,360.2625
volume,975,1345,416.0,397.0,434.0
volume,976,992,287.5,273.0,304.2625
volume,977,981,222.0,208.0,241.52499999999998
volume,978,981,188.0,181.0,198.0
volume,979,980,182.0,173.0,194.0
volume,980,980,168.0,159.0,183.78749999999997
volume,981,979,173.0,164.0,190.0
volume,982,981,156.0,149.0,168.0
volume,983,981,156.0,145.0,163.0
volume,984,982,150.5,138.0,160.0
volume,985,982,144.0,135.0,150.0
volume,986,982,145.0,135.475,154.0
volume,987,981,140.0,132.2375,149.0
volume,988,983,133.0,124.2375,141.7625
volume,989,983,130.0,123.2375,138.0
volume,990,983,132.0,126.2375,139.0
volume,991,1347,209.0,201.0,223.2625
volume,992,1344,141.0,134.0,147.2625
volume,993,1347,123.0,118.0,127.0
volume,994,1347,121.0,115.0,129.0
volume,995,1347,117.0,111.7375,123.0
volume,996,1347,127.0,120.0,132.0
volume,997,1347,103.0,99.0,109.0
volume,998,1347,101.0,97.0,107.0
volume,999,1347,94.0,89.0,99.0
volume,1000,1345,103.0,97.0,108.26249999999999
volume,1001,1346,111.0,107.0,115.0
volume,1002,1346,95.0,90.0,99.0
volume,1003,1346,95.0,90.0,100.0
volume,1004,1346,95.0,92.0,100.0
volume,1005,1347,122.0,117.2375,128.0
volume,1006,1346,201.5,188.475,222.0
volume,1007,1346,112.0,108.0,117.76249999999999
volume,1008,1346,96.0,91.0,99.76249999999999
volume,1009,1347,88.0,84.0,93.0
volume,1010,1347,117.0,111.5,125.0
volume,1011,1347,126.0,120.475,132.0
volume,1012,1347,90.0,84.0,95.0
volume,1013,1344,79.0,75.0,84.0
volume,1014,1344,75.0,72.0,79.52499999999998
volume,1015,1344,91.0,86.0,95.76249999999999
volume,1016,1345,132.0,126.0,138.2625
volume,1017,1342,72.0,68.0,76.0
volume,1018,1344,80.0,76.2375,82.26249999999999
volume,1019,1344,93.0,90.0,97.0
volume,1020,1344,174.0,168.0,184.0
volume,1021,0,,,
volume,1022,0,,,
volume,1023,0,,,
volume,1024,0,,,
volume,1025,0,,,
volume,1026,0,,,
volume,1027,0,,,
volume,1028,0,,,
volume,1029,0,,,
volume,1030,0,,,
volume,1031,0,,,
volume,1032,0,,,
volume,1033,0,,,
volume,1034,0,,,
volume,1035,0,,,
volume,1036,0,,,
volume,1037,0,,,
volume,1038,0,,,
volume,1039,0,,,
volume,1040,0,,,
volume,1041,0,,,
volume,1042,0,,,
volume,1043,0,,,
volume,1044,0,,,
volume,1045,0,,,
volume,1046,0,,,
volume,1047,0,,,
volume,1048,0,,,
volume,1049,0,,,
volume,1050,0,,,
volume,1051,0,,,
volume,1052,0,,,
volume,1053,0,,,
volume,1054,0,,,
volume,1055,0,,,
volume,1056,0,,,
volume,1057,0,,,
volume,1058,0,,,
volume,1059,0,,,
volume,1060,0,,,
volume,1061,0,,,
volume,1062,0,,,
volume,1063,0,,,
volume,1064,0,,,
volume,1065,0,,,
volume,1066,0,,,
volume,1067,0,,,
volume,1068,0,,,
volume,1069,0,,,
volume,1070,0,,,
volume,1071,0,,,
volume,1072,0,,,
volume,1073,0,,,
volume,1074,0,,,
volume,1075,0,,,
volume,1076,0,,,
volume,1077,0,,,
volume,1078,0,,,
volume,1079,0,,,
volume,1080,0,,,
volume,1081,1395,578.0,542.95,602.525
volume,1082,1395,339.0,323.2375,355.7625
volume,1083,1394,226.5,215.0,238.0
volume,1084,1394,190.0,179.0,199.52499999999998
volume,1085,1395,159.0,151.7375,170.0
volume,1086,1395,202.0,190.475,216.0
volume,1087,1396,152.0,143.0,160.0
volume,1088,1394,139.0,132.0,145.2625
volume,1089,1394,133.5,125.0,139.2625
volume,1090,1396,121.0,114.0,127.0
volume,1091,1393,137.0,132.0,144.0
volume,1092,1395,121.0,114.0,128.0
volume,1093,1394,112.5,108.0,118.0
volume,1094,1393,113.0,105.0,119.0
volume,1095,1395,107.0,102.0,113.0
volume,1096,1393,123.0,117.475,127.0
volume,1097,1392,116.0,110.0,122.52499999999998
volume,1098,1395,109.0,103.0,115.0
volume,1099,1392,107.0,102.0,113.5
volume,1100,1391,100.0,94.0,106.0
volume,1101,1394,120.0,115.0,127.0
volume,1102,1393,113.0,107.0,120.0
volume,1103,1393,113.0,106.7375,119.0
volume,1104,1395,104.0,96.0,110.0
volume,1105,1393,102.0,98.0,109.0
volume,1106,1393,106.0,99.0,111.0
volume,1107,1392,101.0,95.0,106.0
volume,1108,1394,97.0,90.0,103.0
volume,1109,1395,94.0,88.475,100.0
volume,1110,1390,94.5,87.0,99.52499999999998
volume,1111,1396,145.0,136.0,152.0
volume,1112,1392,122.0,115.0,129.0
volume,1113,1394,108.5,102.0,114.76249999999999
volume,1114,1395,108.0,103.0,114.0
volume,1115,1393,103.0,98.0,109.0
volume,1116,1393,109.0,102.0,116.0
volume,1117,1391,99.0,95.0,105.26249999999999
volume,1118,1393,98.0,92.0,104.0
volume,1119,1395,95.0,90.2375,102.0
volume,1120,1397,91.0,87.0,96.76249999999999
volume,1121,1394,101.0,95.0,107.0
volume,1122,1395,95.0,89.0,101.0
volume,1123,1394,91.5,87.0,98.0
volume,1124,1396,93.0,86.0,97.0
volume,1125,1394,94.0,89.0,100.76249999999999
volume,1126,1392,109.0,103.0,116.0
volume,1127,1392,100.0,94.0,106.0
volume,1128,1392,93.5,88.0,102.0
volume,1129,1393,89.0,85.0,94.76249999999999
volume,1130,1394,88.0,83.0,92.0
volume,1131,1392,99.0,90.0,104.52499999999998
volume,1132,1392,90.0,86.0,96.26249999999999
volume,1133,1394,87.0,83.0,91.0
volume,1134,1394,83.0,78.0,88.0
volume,1135,1394,83.0,78.7375,90.0
volume,1136,1389,86.0,82.0,92.0
volume,1137,1396,84.0,78.7375,89.52499999999998
volume,1138,1395,81.0,76.0,85.76249999999999
volume,1139,1391,87.0,82.0,93.0
volume,1140,1396,86.0,80.0,90.0
volume,1141,1394,206.0,194.7125,218.0
volume,1142,1390,139.5,133.0,153.0
volume,1143,1394,134.0,125.0,141.0
volume,1144,1394,127.0,121.2375,133.52499999999998
volume,1145,1394,119.0,109.0,127.0
volume,1146,1396,127.0,118.0,134.52499999999998
volume,1147,1393,123.0,115.7375,129.2625
volume,1148,1391,114.0,107.0,122.76249999999999
volume,1149,1392,114.0,106.475,122.0
volume,1150,1395,114.0,107.0,120.26249999999999
volume,1151,1390,121.0,114.0,125.5
volume,1152,1391,105.0,100.0,111.0
volume,1153,1396,105.0,100.0,109.0
volume,1154,1393,98.0,93.0,104.52499999999998
volume,1155,1389,97.0,92.0,103.76249999999999
volume,1156,1393,125.0,119.0,132.2625
volume,1157,1394,109.0,101.0,116.0
volume,1158,1392,104.0,98.2375,112.0
volume,1159,1395,108.0,102.2375,114.0
volume,1160,1395,102.0,95.0,108.0
volume,1161,1395,113.0,105.0,120.0
volume,1162,1394,106.0,101.0,111.76249999999999
volume,1163,1393,105.0,99.2375,109.76249999999999
volume,1164,1392,100.5,93.2375,106.52499999999998
volume,1165,1394,99.0,94.0,105.0
volume,1166,1395,103.0,99.0,109.0
volume,1167,1390,104.0,96.0,110.0
volume,1168,1392,99.0,93.0,103.26249999999999
volume,1169,1392,97.0,90.0,102.0
volume,1170,1394,97.5,90.0,101.76249999999999
volume,1171,1393,146.0,136.95,152.0
volume,1172,1391,121.0,112.0,127.0
volume,1173,1394,113.0,105.0,120.76249999999999
volume,1174,1392,104.0,97.475,110.0
volume,1175,1394,107.0,99.7375,114.0
volume,1176,1394,106.0,102.0,111.0
volume,1177,1394,103.0,98.0,111.0
volume,1178,1390,103.5,98.0,111.0
volume,1179,1394,99.0,90.7375,104.0
volume,1180,1394,99.0,92.0,106.0
volume,1181,1391,109.0,103.0,116.28749999999997
volume,1182,1391,101.0,96.0,107.52499999999998
volume,1183,1393,107.0,102.0,111.26249999999999
volume,1184,1392,102.0,96.7375,107.0
volume,1185,1393,102.0,95.0,107.52499999999998
volume,1186,1395,144.0,137.7375,152.0
volume,1187,1395,128.0,122.0,135.0
volume,1188,1394,115.0,109.475,122.0
volume,1189,1395,112.0,105.0,122.0
volume,1190,1395,106.0,101.7375,113.26249999999999
volume,1191,1393,126.0,120.0,134.0
volume,1192,1395,124.0,118.0,131.0
volume,1193,1396,114.0,105.0,122.26249999999999
volume,1194,1396,113.0,108.0,121.0
volume,1195,1393,113.0,106.0,121.52499999999998
volume,1196,1396,119.0,111.0,126.0
volume,1197,1394,117.0,111.0,122.0
volume,1198,1395,112.0,106.0,118.0
volume,1199,1394,113.5,110.0,118.26249999999999
volume,1200,1393,131.0,126.0,140.0
volume,1201,1395,334.0,318.0,354.0
volume,1202,1396,264.0,248.0,276.0
volume,1203,1396,220.5,209.475,229.7625
volume,1204,1396,211.5,199.0,226.0
volume,1205,1397,197.0,187.0,206.0
volume,1206,1395,207.0,195.0,217.0
volume,1207,1397,195.0,184.0,202.0
volume,1208,1395,182.0,173.0,190.7625
volume,1209,1396,179.0,170.2375,190.0
volume,1210,1396,177.5,165.0,187.0
volume,1211,1393,186.0,178.0,197.0
volume,1212,1395,173.0,163.0,182.0
volume,1213,1396,166.0,159.0,175.0
volume,1214,1394,163.0,156.7375,172.0
volume,1215,1392,157.0,148.475,163.0
volume,1216,1393,245.0,235.475,257.5
volume,1217,1391,202.0,192.0,215.0
volume,1218,1394,178.0,168.0,186.0
volume,1219,1394,166.0,158.0,175.7625
volume,1220,1396,164.0,155.0,170.2625
volume,1221,1395,175.0,166.0,185.0
volume,1222,1395,165.0,155.7125,174.52499999999998
volume,1223,1396,158.0,149.7125,164.0
volume,1224,1396,144.5,138.0,152.0
volume,1225,1395,142.0,135.0,151.0
volume,1226,1395,162.0,154.0,169.7625
volume,1227,1396,144.0,137.5,153.0
volume,1228,1395,142.0,135.475,147.0
volume,1229,1395,138.0,131.0,146.52499999999998
volume,1230,1395,131.0,125.2375,139.52499999999998
volume,1231,1394,200.5,189.5,209.7625
volume,1232,1393,179.0,168.0,189.52499999999998
volume,1233,1395,169.0,161.0,176.0
volume,1234,1393,166.0,157.0,175.0
volume,1235,1395,151.0,143.0,160.04999999999995
volume,1236,1395,163.0,156.0,177.0
volume,1237,1395,161.0,153.0,169.0
volume,1238,1396,161.0,154.0,169.0
volume,1239,1395,151.0,143.0,162.0
volume,1240,1390,151.5,143.0,158.2625
volume,1241,1396,160.0,150.1875,167.7625
volume,1242,1396,147.0,142.0,156.0
volume,1243,1393,146.0,139.7375,154.7625
volume,1244,1394,140.0,134.0,148.7625
volume,1245,1395,143.0,133.7375,149.0
volume,1246,1395,173.0,164.7375,182.0
volume,1247,1394,156.0,148.0,166.0
volume,1248,1394,148.0,139.7375,158.0
volume,1249,1395,149.0,142.0,156.0
volume,1250,1395,134.0,126.0,143.0
volume,1251,1395,153.0,144.7375,160.52499999999998
volume,1252,1394,145.0,137.2375,154.52499999999998
volume,1253,1393,142.0,134.2375,152.0
volume,1254,1394,134.0,127.0,142.0
volume,1255,1395,140.0,133.0,148.0
volume,1256,1394,145.0,136.0,152.0
volume,1257,1393,143.0,135.0,151.0
volume,1258,1392,143.0,134.0,152.0
volume,1259,1395,130.0,122.5,136.5
volume,1260,1395,124.0,117.0,131.7625
volume,1261,1395,221.0,206.95,232.0
volume,1262,1394,173.5,163.2375,184.0
volume,1263,1396,160.0,152.0,170.52499999999998
volume,1264,1397,153.0,145.0,161.0
volume,1265,1394,148.0,138.2375,154.7625
volume,1266,1395,160.0,149.475,168.0
volume,1267,1395,151.0,143.0,159.52499999999998
volume,1268,1395,144.0,136.0,152.0
volume,1269,1397,140.0,131.0,146.0
volume,1270,1397,137.0,129.0,145.52499999999998
volume,1271,1395,150.0,145.0,159.7625
volume,1272,1394,139.0,131.0,145.0
volume,1273,1395,142.0,133.0,149.0
volume,1274,1396,134.0,127.0,142.52499999999998
volume,1275,1395,138.0,131.475,146.52499999999998
volume,1276,1395,212.0,202.0,227.0
volume,1277,1396,181.0,171.2375,189.0
volume,1278,1395,166.0,158.0,172.5
volume,1279,1395,156.0,145.0,166.0
volume,1280,1395,146.0,140.0,155.52499999999998
volume,1281,1397,165.0,156.0,172.52499999999998
volume,1282,1392,157.0,148.0,166.7625
volume,1283,1395,154.0,145.0,162.0
volume,1284,1395,141.0,132.0,149.52499999999998
volume,1285,1395,144.0,136.0,151.0
volume,1286,1392,150.0,142.0,157.0
volume,1287,1392,135.0,128.0,145.0
volume,1288,1395,132.0,127.475,139.7625
volume,1289,1395,128.0,122.0,133.52499999999998
volume,1290,1392,133.0,127.0,139.52499999999998
volume,1291,1395,234.0,220.7375,245.7625
volume,1292,1396,186.5,177.0,200.0
volume,1293,1395,179.0,169.7375,188.0
volume,1294,1397,170.0,161.5,178.52499999999998
volume,1295,1395,170.0,162.475,177.7625
volume,1296,1395,177.0,169.0,186.0
volume,1297,1395,175.0,164.0,185.2625
volume,1298,1391,160.0,150.0,169.0
volume,1299,1394,158.0,150.0,167.0
volume,1300,1393,149.0,139.2375,158.0
volume,1301,1393,169.0,162.0,178.0
volume,1302,1392,154.0,144.475,163.52499999999998
volume,1303,1395,155.0,146.0,164.0
volume,1304,1392,148.5,139.475,158.7625
volume,1305,1394,142.0,134.0,150.0
volume,1306,1394,171.5,162.0,181.0
volume,1307,1392,156.0,148.0,163.5
volume,1308,1395,146.0,136.7375,152.0
volume,1309,1396,148.0,136.475,153.52499999999998
volume,1310,1396,144.0,136.0,151.52499999999998
volume,1311,1395,162.0,153.0,170.0
volume,1312,1397,149.0,141.0,155.0
volume,1313,1396,139.0,133.0,144.0
volume,1314,1393,130.0,123.0,135.2625
volume,1315,1394,131.0,121.0,138.0
volume,1316,1392,135.0,131.0,142.0
volume,1317,1394,131.0,124.0,137.0
volume,1318,1397,134.0,125.0,142.0
volume,1319,1392,125.5,120.475,133.0
volume,1320,1396,125.0,117.2375,131.0
volume,1321,1397,191.0,179.475,203.0
volume,1322,1398,152.0,146.0,158.0
volume,1323,1398,144.0,136.0,150.0
volume,1324,1399,134.0,128.475,144.0
volume,1325,1397,127.0,120.475,135.0
volume,1326,1397,140.0,133.7375,146.0
volume,1327,1400,137.5,130.0,144.0
volume,1328,1398,126.0,119.0,133.0
volume,1329,1399,124.0,116.475,131.2625
volume,1330,1397,121.0,114.0,128.0
volume,1331,1399,134.0,126.0,142.0
volume,1332,1395,126.0,120.0,130.52499999999998
volume,1333,1399,125.0,119.475,133.0
volume,1334,1396,121.0,116.0,127.26249999999999
volume,1335,1396,122.0,115.475,128.0
volume,1336,1400,137.0,131.0,143.0
volume,1337,1398,123.0,114.475,130.0
volume,1338,1399,118.0,112.0,124.0
volume,1339,1395,115.0,108.0,122.0
volume,1340,1399,114.0,107.0,120.0
volume,1341,1398,126.0,119.0,131.52499999999998
volume,1342,1394,119.5,115.0,126.0
volume,1343,1399,115.0,108.0,121.0
volume,1344,1398,109.5,105.0,114.0
volume,1345,1398,115.0,108.0,120.0
volume,1346,1398,121.0,114.475,128.0
volume,1347,1396,114.0,107.5,121.0
volume,1348,1397,110.0,105.0,118.0
volume,1349,1397,111.0,104.475,116.0
volume,1350,1396,111.0,105.0,116.26249999999999
volume,1351,1396,154.5,147.0,160.0
volume,1352,1397,125.0,119.0,132.0
volume,1353,1399,116.0,110.0,121.26249999999999
volume,1354,1396,113.0,106.0,118.26249999999999
volume,1355,1399,107.0,103.0,113.0
volume,1356,1394,119.5,112.475,127.0
volume,1357,1397,117.0,109.2375,122.52499999999998
volume,1358,1398,109.0,104.2375,116.0
volume,1359,1397,106.0,100.0,110.0
volume,1360,1397,102.0,96.475,107.5
volume,1361,1396,113.0,108.0,120.76249999999999
volume,1362,1394,106.5,102.0,112.76249999999999
volume,1363,1395,102.0,96.0,107.0
volume,1364,1398,97.0,91.0,105.0
volume,1365,1398,95.0,91.0,101.0
volume,1366,1398,115.0,110.0,121.0
volume,1367,1397,104.0,99.2375,113.0
volume,1368,1395,99.0,93.0,106.52499999999998
volume,1369,1397,99.0,94.0,103.0
volume,1370,1398,93.0,89.0,98.0
volume,1371,1396,105.0,99.475,111.0
volume,1372,1398,104.0,99.0,111.5
volume,1373,1394,99.0,93.0,104.0
volume,1374,1393,97.0,92.0,105.0
volume,1375,1399,92.0,87.0,98.26249999999999
volume,1376,1395,96.0,91.0,103.26249999999999
volume,1377,1396,97.0,92.0,103.0
volume,1378,1394,96.0,89.0,102.0
volume,1379,1395,93.0,86.0,99.0
volume,1380,1395,89.0,85.0,95.0
volume,1381,1410,138.0,130.2375,144.0
volume,1382,1411,109.0,104.0,115.0
volume,1383,1409,104.0,96.0,110.78749999999997
volume,1384,1411,101.0,95.0,107.52499999999998
volume,1385,1412,96.0,92.0,102.0
volume,1386,1412,99.0,93.0,105.0
volume,1387,1412,97.0,92.0,105.52499999999998
volume,1388,1412,98.0,91.5,106.0
volume,1389,1412,90.0,84.0,94.52499999999998
volume,1390,1408,92.0,88.0,98.0
volume,1391,1411,98.0,94.0,106.0
volume,1392,1409,90.0,86.0,95.0
volume,1393,1412,94.0,89.475,98.52499999999998
volume,1394,1411,86.0,82.5,91.0
volume,1395,1413,86.0,82.0,90.76249999999999
volume,1396,1412,105.0,99.0,110.0
volume,1397,1410,93.5,89.0,100.0
volume,1398,1409,89.0,82.0,97.0
volume,1399,1412,88.0,84.0,92.0
volume,1400,1408,90.0,85.0,97.52499999999998
volume,1401,1412,100.0,95.0,106.26249999999999
volume,1402,1411,91.0,85.0,96.0
volume,1403,1413,92.0,88.0,97.0
volume,1404,1411,84.0,79.0,90.0
volume,1405,1413,85.0,82.0,91.0
volume,1406,1414,91.0,85.475,98.0
volume,1407,1414,86.0,80.0,92.0
volume,1408,1410,85.0,81.0,90.26249999999999
volume,1409,1413,85.0,79.7375,90.0
volume,1410,1411,84.0,79.0,90.0
volume,1411,1413,120.0,113.0,125.52499999999998
volume,1412,1410,100.0,94.0,105.76249999999999
volume,1413,1412,95.5,88.0,103.26249999999999
volume,1414,1413,88.0,82.0,93.0
volume,1415,1413,89.0,83.0,96.76249999999999
volume,1416,1411,97.0,91.475,104.0
volume,1417,1411,94.0,89.0,101.76249999999999
volume,1418,1412,88.0,84.0,94.76249999999999
volume,1419,1409,89.0,83.0,94.0
volume,1420,1410,87.5,82.0,92.0
volume,1421,1410,92.0,87.0,96.26249999999999
volume,1422,1411,83.0,78.0,88.0
volume,1423,1410,85.0,79.0,89.0
volume,1424,1409,78.0,74.0,82.26249999999999
volume,1425,1412,77.0,72.0,81.0
volume,1426,1411,93.0,88.0,98.52499999999998
volume,1427,1411,81.0,76.0,86.0
volume,1428,1407,81.0,76.0,85.0
volume,1429,1410,78.0,73.7375,84.0
volume,1430,1410,77.0,72.0,81.0
volume,1431,1410,86.0,80.0,92.0
volume,1432,1411,78.0,74.0,82.0
volume,1433,1406,75.0,71.475,81.0
volume,1434,1408,76.0,70.0,80.52499999999998
volume,1435,1412,75.5,72.0,79.0
volume,1436,1413,80.0,76.0,85.0
volume,1437,1411,76.0,73.0,81.0
volume,1438,1409,75.0,71.0,81.0
volume,1439,1408,75.0,71.0,80.0
log_hl,0,1412,0.00013201501826701618,0.00012708049790793036,0.0001373743921372676
log_hl,1,1415,0.00019067109928812842,0.00018368649811851637,0.00019722490500310782
log_hl,2,1414,0.00016728715213380077,0.00016093340689618245,0.00017479196177253373
log_hl,3,1412,0.00015636275217557433,0.00015028476720388553,0.00016456967715322853
log_hl,4,1414,0.0001563700389542395,0.00014987735042816538,0.00016446554351974156
log_hl,5,1411,0.00014940611098775435,0.0001412648860222257,0.00015383414643963973
log_hl,6,1409,0.00015651166826423086,0.00014917920365418912,0.0001655744128255166
log_hl,7,1412,0.00015551000729030346,0.00015063646381843936,0.00016530492746897804
log_hl,8,1410,0.00015511352669667772,0.00014911192988651024,0.00016152728816296461
log_hl,9,1410,0.00014620984917163948,0.00013918853108976773,0.00015266528166701173
log_hl,10,1413,0.0001464951048839992,0.00013943528731324683,0.0001522161501273883
log_hl,11,1413,0.00015769139826103936,0.00014928072960337355,0.00016579623680528752
log_hl,12,1410,0.00014591656383174822,0.00013773064610789746,0.00015160137692891529
log_hl,13,1411,0.00014241362637646494,0.00013557787757949408,0.00014764633893722646
log_hl,14,1412,0.00014547068129291165,0.00013778398493909965,0.00015110599440750373
log_hl,15,1409,0.00013611394702842217,0.00013007776615441192,0.00014274536069882216
log_hl,16,1413,0.00015468447912712958,0.00014993938557194834,0.00016171575876720973
log_hl,17,1409,0.0001452819683419844,0.00013536430936992577,0.00015216633428638985
log_hl,18,1412,0.0001394368008866831,0.0001346533885894219,0.00014545031007550508
log_hl,19,1412,0.00014624634696577105,0.00013892987458277863,0.00015221238772380362
log_hl,20,1408,0.00014014569481122388,0.00013462081786038254,0.000148193244684627
log_hl,21,1412,0.00014496839872023975,0.0001378979475710281,0.0001514122228022196
log_hl,22,1412,0.0001381800704320819,0.00013316688254945322,0.0001471671675113941
log_hl,23,1409,0.00014149560881882462,0.0001350067791899606,0.00014901458038586704
log_hl,24,1410,0.0001374181312269791,0.00013211285685570573,0.00014371935091122442
log_hl,25,1407,0.0001375885728606592,0.00013186947816765793,0.00014594447595646807
log_hl,26,1408,0.00014994979224356158,0.0001408443175375231,0.00015541568417856298
log_hl,27,1408,0.00014203269044523787,0.00013530730648362514,0.0001499836309563619
log_hl,28,1409,0.00013833746062142464,0.00013388828900770476,0.00014407917620863126
log_hl,29,1408,0.0001408242562712467,0.00013370970500061665,0.00015121060095539266
log_hl,30,1409,0.00014863258053520167,0.00013802800960945071,0.00015610843626318477
log_hl,31,1413,0.00019500668246452303,0.00018442666833359657,0.00020082337651597718
log_hl,32,1411,0.00016609088531401755,0.00015736525632421188,0.0001771594262305646
log_hl,33,1410,0.0001670807259412787,0.000160888224163306,0.00017654207702004845
log_hl,34,1410,0.00015544008856787728,0.00014915355385987033,0.00016364784160993997
log_hl,35,1409,0.0001523722456903971,0.00014380212851939928,0.00016149001488503315
log_hl,36,1410,0.00015810123460547302,0.00015151320037482972,0.00016503649527715137
log_hl,37,1413,0.00015084093851669273,0.00014294696183173307,0.00015704283145989988
log_hl,38,1410,0.0001500158091256302,0.00014388532117181628,0.00015735648551564496
log_hl,39,1412,0.0001490345648202366,0.00014023219844637273,0.00015420921238165665
log_hl,40,1412,0.00014418123420102734,0.00013535911856285223,0.0001497095661856362
log_hl,41,1408,0.00015428136695495368,0.00014831387567017107,0.0001634208805621556
log_hl,42,1412,0.00014485787333105024,0.00013620274658429423,0.0001518939424245452
log_hl,43,1412,0.00014393866952132887,0.00013854093329483506,0.0001521557208053126
log_hl,44,1411,0.00014142271272335268,0.0001343560481579715,0.00015064048409729625
log_hl,45,1406,0.00013758524170359292,0.00013098088666234838,0.00014413433901458707
log_hl,46,1410,0.00015995992690476577,0.00015213688751856502,0.0001659575606010396
log_hl,47,1411,0.00014653446028264517,0.0001365820264637951,0.00015318506777262957
log_hl,48,1406,0.00014241591406643676,0.00013723222231723219,0.00015078444140135205
log_hl,49,1409,0.0001419086718716967,0.0001342243455678731,0.00014891606316364984
log_hl,50,1410,0.0001391431105683732,0.00013215327256900993,0.00014570387315600067
log_hl,51,1411,0.00015570260833321802,0.00015012338846626426,0.0001627622053607771
log_hl,52,1411,0.00014849739228751555,0.00014032385084819933,0.00015407783310770904
log_hl,53,1410,0.0001449281203291079,0.00013557675005548914,0.00015190857056029313
log_hl,54,1409,0.00014504841016106806,0.00013742556137061305,0.00015145601687982215
log_hl,55,1412,0.00013857137238727286,0.0001324287839068022,0.00014746197853666597
log_hl,56,1413,0.00015234778853121282,0.00014774322254834747,0.00015821268848528283
log_hl,57,1406,0.00014905227724354555,0.00014055548339858464,0.0001562396097694523
log_hl,58,1410,0.00014207300559026192,0.00013666025143968164,0.00015083404498578888
log_hl,59,1406,0.00014987905188446927,0.00014192450179000186,0.00015658277235198505
log_hl,60,1412,0.0001506917852767674,0.00014143856338238425,0.00015479331605229807
log_hl,61,1411,0.00025255714239554304,0.0002398000438937977,0.0002594843907192498
log_hl,62,1412,0.0002200202321982628,0.0002086326918975137,0.00022800407386157977
log_hl,63,1410,0.00020875131121572314,0.0002008608277926093,0.000218066838349741
log_hl,64,1409,0.00020528822538845487,0.00019617090445052604,0.00021278381168292725
log_hl,65,1411,0.00019607730122041004,0.00018790992817458663,0.00020332300760996392
log_hl,66,1409,0.00021648216566715663,0.0002053807421209753,0.0002268829846777696
log_hl,67,1410,0.00019877188406084863,0.0001885595642523721,0.00020798264671341852
log_hl,68,1412,0.00019766019808686533,0.00019098643760038266,0.00020977193661497038
log_hl,69,1408,0.0001854498096773785,0.0001788357795548033,0.00019413348070200027
log_hl,70,1410,0.00018828538288122464,0.00018133257113207694,0.00019562826924187965
log_hl,71,1412,0.0002009501099204637,0.0001948083578945088,0.00020940215760731996
log_hl,72,1411,0.0001912350603436715,0.00018620315441322417,0.00019860282167509657
log_hl,73,1412,0.0001874432213657919,0.00017791087308695054,0.00019596940944122834
log_hl,74,1410,0.00017998561321460588,0.0001741659865967966,0.00018639576671034046
log_hl,75,1409,0.00017762865789055097,0.00017019293960780275,0.00018641536291732556
log_hl,76,1412,0.00020206396550860782,0.00019305166509433604,0.00021225789413731796
log_hl,77,1411,0.00018459077303644656,0.00017482934073572465,0.00019546408409706263
log_hl,78,1407,0.00017902698879658868,0.00016996376059699253,0.000187976137388765
log_hl,79,1409,0.00016959829473219687,0.00016341756810599485,0.00018154280548016955
log_hl,80,1409,0.00016875358641408263,0.0001636984620008065,0.000180853098486932
log_hl,81,1409,0.0001851520412131211,0.00017819752276558115,0.00019307131470748689
log_hl,82,1413,0.00017824212182733043,0.00016884293478803164,0.00018850059404635508
log_hl,83,1412,0.00017426446731676396,0.00016905313284297887,0.0001851181147335072
log_hl,84,1410,0.0001655565355752438,0.00015977357399917452,0.0001747365850432755
log_hl,85,1412,0.00017619746531920678,0.00016814271560141277,0.00018502145653777365
log_hl,86,1413,0.00018073377963538843,0.00017425829162805552,0.00019061221915590043
log_hl,87,1409,0.00017346555306725766,0.00016697641726535155,0.00018179401884132603
log_hl,88,1412,0.00017400299246990967,0.00016427442078869106,0.0001839020788062057
log_hl,89,1411,0.00017718802649056319,0.00016740847689243992,0.00018651883376185997
log_hl,90,1411,0.00018606766714482443,0.0001801200205010063,0.00019513721512118084
log_hl,91,1407,0.0002355296483832732,0.00022290829113514116,0.0002480927879747071
log_hl,92,1411,0.00020375264499476997,0.00019331059697132757,0.0002125746134930434
log_hl,93,1411,0.00019645207614791058,0.00018806768855800368,0.00020583460984234268
log_hl,94,1412,0.00019287982862990102,0.00018302706851579937,0.00020256615465789296
log_hl,95,1410,0.00018398955040175284,0.00017387524495011373,0.0001917574160643208
log_hl,96,1412,0.0001975119797941244,0.00019091924469799614,0.00020905820764929576
log_hl,97,1411,0.00018752290817748078,0.00017979144241161938,0.00019619143442086497
log_hl,98,1411,0.0001909510428547397,0.00018325870682868084,0.00020073654939510463
log_hl,99,1411,0.00018446781089012263,0.0001760529707962467,0.00019214544789241897
log_hl,100,1411,0.00017582417627706355,0.00016901559304268953,0.0001852437877514741
log_hl,101,1411,0.0002050931471896636,0.0001952226367201088,0.00021597267758021076
log_hl,102,1409,0.00018754437488833892,0.0001831547579567281,0.00019738300184994956
log_hl,103,1411,0.00019149489177509299,0.00018238241913813913,0.00020033470578736693
log_hl,104,1410,0.0001823532934328535,0.0001745466616781288,0.00019002703623645072
log_hl,105,1411,0.00018136568409457752,0.00017113364623613352,0.00019006769644336184
log_hl,106,1410,0.00020679945962982806,0.00019941335464038966,0.00021627012243029172
log_hl,107,1412,0.00018793528491965555,0.00018046846272953455,0.0001969843322742932
log_hl,108,1412,0.00018668707669471476,0.00017722239920917453,0.0001956202799261507
log_hl,109,1406,0.0001831808011859504,0.0001735620362672357,0.00019156921367173113
log_hl,110,1411,0.00017820123718821927,0.00016839382974254545,0.00018855526731823764
log_hl,111,1411,0.0002098635894377043,0.00019821558621652965,0.0002213952497363405
log_hl,112,1413,0.00019943935447764026,0.0001926926664992568,0.00020990949917431076
log_hl,113,1411,0.00018778990121098222,0.00017681066408355725,0.00020156042559533639
log_hl,114,1411,0.0001854007235939312,0.00017637956928937183,0.0001962549326805242
log_hl,115,1412,0.00018222384830398277,0.00017243361348631342,0.00018952355939853423
log_hl,116,1413,0.00019658992161908495,0.0001846665298360338,0.00020921186833932378
log_hl,117,1411,0.00018920043950950414,0.00018188685857043258,0.00020092060984363929
log_hl,118,1411,0.00018864167569740043,0.00018074544635224347,0.0002001153569210753
log_hl,119,1413,0.00018992270203134717,0.000180408891908363,0.00019800019864706612
log_hl,120,1413,0.00020994169423709235,0.00020217949472086963,0.0002198425451983724
log_hl,121,1413,0.0004190389494247985,0.0003988508301690591,0.00043686507305320773
log_hl,122,1414,0.0003369284883201069,0.0003235725396744809,0.0003508772790211775
log_hl,123,1413,0.000310676718521827,0.00029957196598929777,0.00032461199028796804
log_hl,124,1414,0.0003018850442467934,0.00028752432174618383,0.0003133126572610757
log_hl,125,1413,0.0002792646050264445,0.00026879437954939716,0.0002909695541676631
log_hl,126,1411,0.0002903892353013575,0.00027786899918596635,0.0003060600147455864
log_hl,127,1412,0.0002786869733091376,0.000268023965310777,0.00029178288128057475
log_hl,128,1413,0.0002603328164215357,0.00025096174646347525,0.0002709984023541559
log_hl,129,1413,0.00024712714817484905,0.00023543517103621808,0.00025933595399730945
log_hl,130,1415,0.00024986882017016273,0.00023984191811220318,0.0002608964992502137
log_hl,131,1413,0.0002691296119981873,0.00025998786869722813,0.0002816541684972886
log_hl,132,1413,0.0002486297125312466,0.00023800242953226565,0.00025656088382905386
log_hl,133,1409,0.000245481103279282,0.0002364362991219294,0.00025671321061097814
log_hl,134,1413,0.00024618111668995435,0.00023517076717557146,0.00025573440751070896
log_hl,135,1412,0.00023276182685709793,0.0002202420844685006,0.00024156961554756728
log_hl,136,1414,0.00027116381472874974,0.000258472790639362,0.0002841753122447157
log_hl,137,1413,0.00025021894287929555,0.0002424852888597172,0.0002615885897290489
log_hl,138,1410,0.00024118280688064172,0.0002326979958784987,0.0002566116665287674
log_hl,139,1412,0.0002361557581280422,0.00022709324258112588,0.0002463744269868926
log_hl,140,1414,0.00023340948281669858,0.00022651689192135032,0.0002427416227763171
log_hl,141,1412,0.0002536273328513747,0.00023884684171327525,0.0002652150443950718
log_hl,142,1413,0.0002441754005415936,0.00023157618574015643,0.0002515840569945488
log_hl,143,1412,0.00023584969107277984,0.00022613793285711407,0.00024589646718995746
log_hl,144,1412,0.00022115643012269267,0.00021213331579957864,0.00023060366462873778
log_hl,145,1411,0.00022563408401114483,0.00021610407656391501,0.00023646987919541653
log_hl,146,1410,0.00024938959573310736,0.0002383764408684032,0.00025779745876237855
log_hl,147,1413,0.00023301875906446757,0.00022667384564234647,0.0002464414470841581
log_hl,148,1414,0.00022804806350506732,0.00021762043088198167,0.00023729385208050185
log_hl,149,1413,0.00022751403101319787,0.00021549430097133064,0.00023785083387203127
log_hl,150,1411,0.00022640166987082617,0.00021601747769919798,0.00023798171777105216
log_hl,151,1413,0.00028951617595457743,0.00027692461178699856,0.00030156665495882434
log_hl,152,1411,0.0002566437127211776,0.00024830768772429355,0.00026475886952971237
log_hl,153,1413,0.0002550576791985512,0.00024002213614388414,0.00026810629290768926
log_hl,154,1412,0.00023106333381127853,0.00022161647144302142,0.00024095194905070436
log_hl,155,1413,0.00022621410232921484,0.00021735913054738896,0.00023675016709595657
log_hl,156,1416,0.0002509285207111544,0.0002416716783333966,0.000259034044908138
log_hl,157,1413,0.0002368998926806302,0.00022504436289871375,0.00025057820798906764
log_hl,158,1413,0.00023645758826062015,0.00022790783359726154,0.0002509535897702441
log_hl,159,1413,0.00022617185387706286,0.00021618015151054498,0.00023353100054823727
log_hl,160,1412,0.00021918167133752034,0.00021163258654576425,0.000230180902279085
log_hl,161,1412,0.00024070589246197476,0.000231404724355992,0.00025412089006949715
log_hl,162,1413,0.00023554935797747006,0.00022374596406172527,0.00024338682921454875
log_hl,163,1412,0.00022476186767494402,0.0002145621702117536,0.00023406596085622232
log_hl,164,1412,0.00022035179601899657,0.0002132473646263143,0.00022921420347458526
log_hl,165,1409,0.0002264150953069596,0.00021667298714303095,0.000237775950621111
log_hl,166,1414,0.0002665822565275951,0.00025772721557954393,0.00028003146532299897
log_hl,167,1411,0.00023504524729212043,0.0002262932028565241,0.000244929093384172
log_hl,168,1413,0.0002334500594227141,0.00022233081919718117,0.0002479112884144784
log_hl,169,1412,0.00023269924443240466,0.00022025192260490207,0.0002444617481994029
log_hl,170,1411,0.00022412981692765467,0.00021378527182222022,0.0002363675052960529
log_hl,171,1410,0.00024131117469626214,0.00023027727579063206,0.00025091805483692313
log_hl,172,1413,0.0002349118112714778,0.0002214962077829909,0.00024616899625824285
log_hl,173,1411,0.00022765607474384926,0.0002160087946420709,0.00023574215952114008
log_hl,174,1413,0.00022201254462069314,0.00021361815835581834,0.00023206399124257475
log_hl,175,1413,0.0002258866058848651,0.00021568285643690664,0.00023793262619413262
log_hl,176,1413,0.00024723268092438584,0.00023653211465596687,0.0002552737244375558
log_hl,177,1414,0.00024242429504378962,0.00023219595893467622,0.00025723408289445314
log_hl,178,1412,0.00023295262922448163,0.0002211016685099928,0.0002470761379116475
log_hl,179,1413,0.00023805475371726134,0.00023065872464915805,0.00025200667854572225
log_hl,180,1413,0.00027677064193719635,0.00026218341471597606,0.00028588542757475776
log_hl,181,1414,0.0005889194929603241,0.0005715918989575678,0.0006127920179108138
log_hl,182,1412,0.0004745027202394698,0.0004574557705151558,0.0004922954356470155
log_hl,183,1413,0.000445759216361095,0.00043204632208571525,0.0004646273863240943
log_hl,184,1410,0.00042478967239186925,0.0004033429592039352,0.0004407328394506138
log_hl,185,1410,0.00037633744428227343,0.00036356475813350257,0.0003910973321172324
log_hl,186,1413,0.0004464655944866124,0.00043361811606628086,0.0004642439244248581
log_hl,187,1412,0.00042842358542142774,0.0004116926061790515,0.00044737062228657534
log_hl,188,1412,0.000401002320421406,0.00038253647628589153,0.000414932756443544
log_hl,189,1411,0.00038027529082239905,0.0003632350310269353,0.0004001000303436037
log_hl,190,1414,0.00037491568727165503,0.0003583181715078534,0.0003923486390046618
log_hl,191,1413,0.00041230402580505303,0.00039232475712571915,0.0004320346931645818
log_hl,192,1410,0.00038922259678904044,0.0003740325130232947,0.0004048718296625807
log_hl,193,1412,0.00037609794908870133,0.0003614297293654768,0.0003904615446989249
log_hl,194,1413,0.00036651724451010787,0.00035326724895949776,0.0003814029305544882
log_hl,195,1411,0.000350718977491369,0.0003362263800447563,0.0003662252473349511
log_hl,196,1413,0.000422991204836099,0.00040500959781008666,0.0004400495795622028
log_hl,197,1413,0.00037663858698132774,0.00036440824843105474,0.0003912868825984312
log_hl,198,1410,0.000367999233032098,0.00035502696358889437,0.0003854932840029083
log_hl,199,1415,0.0003562205042567364,0.0003381849904112602,0.0003731819972948573
log_hl,200,1412,0.00034910991831517706,0.0003348186275222427,0.00036478801246850665
log_hl,201,1411,0.00038743600872068613,0.00036837873842166717,0.00040744583230228345
log_hl,202,1411,0.0003744406836103457,0.00035192521389836376,0.0003893161167619439
log_hl,203,1413,0.0003669994169201086,0.0003535245718805333,0.0003783905775021157
log_hl,204,1414,0.00035020677471898605,0.0003322880166540238,0.00036415472936972526
log_hl,205,1414,0.00034960511608341356,0.0003358169829018779,0.000364577842945601
log_hl,206,1412,0.00036996924056762815,0.0003554867273356865,0.0003855082471083141
log_hl,207,1412,0.0003515109257514495,0.0003405005816441738,0.00036899954987649976
log_hl,208,1412,0.000341330101346801,0.00032678873953140687,0.00035113090273489466
log_hl,209,1414,0.00034192983136341765,0.00032809733641772756,0.0003600056394059608
log_hl,210,1411,0.00032095516531889686,0.00031045869662140114,0.00033599253763686376
log_hl,211,1416,0.0004349557315571907,0.0004111584801104004,0.00045540483483062154
log_hl,212,1414,0.0003822226620621848,0.0003645314869220632,0.00040285407878840843
log_hl,213,1412,0.0003719444694344294,0.0003525826716960384,0.00038926196029938104
log_hl,214,1413,0.0003530311684733657,0.00033800829492991864,0.0003721995271140375
log_hl,215,1411,0.0003460886252142886,0.00033048019072067495,0.0003594706360663003
log_hl,216,1414,0.00036546245686698217,0.00035196809186015883,0.00037567161510893216
log_hl,217,1413,0.0003497318757960083,0.0003373755959502159,0.000361948478462174
log_hl,218,1412,0.00033347842816427043,0.0003216394257666093,0.00034779660989176224
log_hl,219,1411,0.0003272608297997558,0.00031821609200578983,0.00033894418429265594
log_hl,220,1412,0.0003233584910407782,0.0003091718584250568,0.000336240850200593
log_hl,221,1412,0.00035491503657196044,0.00034096463099643986,0.0003669615731755566
log_hl,222,1412,0.0003318476060399637,0.00032158684086543344,0.00034532919618278824
log_hl,223,1413,0.0003344655214529945,0.00031848824516777667,0.0003475050194846555
log_hl,224,1413,0.00031527508011654903,0.0003007744965904213,0.0003277989974177322
log_hl,225,1413,0.00029886644450416916,0.00029173414722475526,0.0003136715805142865
log_hl,226,1412,0.000364923554510078,0.00034806095594781914,0.00037961154176533146
log_hl,227,1413,0.0003240409844890069,0.00030951231115555007,0.00033946102172401933
log_hl,228,1412,0.000319538491165922,0.00030748868884437344,0.0003355740721326728
log_hl,229,1413,0.000312230775770256,0.0003025843637286896,0.0003236609780034927
log_hl,230,1413,0.00031310882526879155,0.0002965545988132148,0.00032438308080902833
log_hl,231,1413,0.0003350691809588191,0.0003239505088297505,0.00035084405341875174
log_hl,232,1413,0.0003234003262190515,0.0003100602476522259,0.0003407906581740552
log_hl,233,1413,0.00032440148211575643,0.00030803742036587014,0.00033636623872881926
log_hl,234,1410,0.00031184055071307895,0.00030313968485141333,0.0003239377390923761
log_hl,235,1413,0.0003082202360709109,0.0002946777698623387,0.00032152087572938836
log_hl,236,1413,0.0003310994370900334,0.00031544662431419056,0.00034643167687180477
log_hl,237,1411,0.0003085661413145212,0.0002943016636403427,0.00032092499341604527
log_hl,238,1411,0.00030480835410884923,0.0002950543702468073,0.00031508302698357777
log_hl,239,1411,0.00029918323201444266,0.00028967760077201987,0.0003101327655200297
log_hl,240,1413,0.00029225879724346487,0.00028156262518783847,0.0003060138516926061
log_hl,241,1414,0.0004884203576015431,0.0004644967995522785,0.0005052056517228805
log_hl,242,1413,0.00041680392667993525,0.0003996688966434036,0.0004348298796636423
log_hl,243,1412,0.0003998364510029898,0.0003879512224066791,0.0004157224274071372
log_hl,244,1412,0.00039184394319045587,0.00037363696687496843,0.00040781568865081715
log_hl,245,1413,0.000368013497981457,0.00035596949885092653,0.0003866029637306531
log_hl,246,1411,0.0003859300963107677,0.00037183544973144766,0.00040387995640379996
log_hl,247,1412,0.0003632256283733415,0.00035400821132751246,0.00037917990619397456
log_hl,248,1414,0.0003546563178862247,0.0003398093253813834,0.00036731705632704674
log_hl,249,1414,0.00034436714449127674,0.0003357947154605317,0.00035757698097132974
log_hl,250,1411,0.00034435610812768826,0.0003303957439126096,0.00036030710800573617
log_hl,251,1412,0.0003610389390499008,0.00034240363665233694,0.00037491564837166373
log_hl,252,1410,0.0003341735221280955,0.0003188931052207,0.00034580274219889136
log_hl,253,1413,0.0003376316470839361,0.0003284421246886011,0.00035464099721432233
log_hl,254,1412,0.00032851505608099513,0.00031671059590119747,0.000344411598692524
log_hl,255,1411,0.00030964545842699086,0.00030048637107550597,0.0003215342887275021
log_hl,256,1412,0.0003565770518443945,0.0003441559273341163,0.0003767441842167278
log_hl,257,1411,0.0003386892757528765,0.0003267913519833111,0.00035368445387708625
log_hl,258,1410,0.00032382117868984424,0.00031112157207568373,0.0003356701168922348
log_hl,259,1413,0.00032280310758198556,0.0003114768473711575,0.0003321278353653975
log_hl,260,1411,0.0003112047894071907,0.00029984599044353754,0.0003261277945327335
log_hl,261,1410,0.0003373206749235074,0.0003212514032801189,0.0003484860253652953
log_hl,262,1411,0.0003130527362896211,0.0003013129311688172,0.00032762850136521877
log_hl,263,1410,0.00031553753612899294,0.0003025949670790677,0.00032844323658363293
log_hl,264,1411,0.0003022111807557853,0.0002891014354226678,0.000313695075408791
log_hl,265,1413,0.0003046281746593048,0.00029479658079023015,0.00031743008868900417
log_hl,266,1412,0.00032037040476798296,0.00030835439845667114,0.00033194309845266086
log_hl,267,1412,0.00030458244288210395,0.000294730354933421,0.0003191175987230474
log_hl,268,1412,0.0002940139581150184,0.0002825765950404707,0.00030904396597257255
log_hl,269,1413,0.0002848475372826486,0.00027507389751083586,0.0002928495618704392
log_hl,270,1412,0.0002881307937704676,0.00027395079308125244,0.00029891313409942556
log_hl,271,1414,0.00034672885908617837,0.00033204705798704277,0.00036335200337410335
log_hl,272,1413,0.00030570522611885956,0.0002964143971889354,0.0003205257561983414
log_hl,273,1412,0.00031714608862619517,0.0002999378722613435,0.0003323540372677982
log_hl,274,1412,0.0002991431500689528,0.00028575085050147446,0.00031333946554741804
log_hl,275,1413,0.00028969818226401954,0.00027816334302964137,0.00030214305984236885
log_hl,276,1412,0.0003107503222483444,0.00029862889230093204,0.0003250641685474442
log_hl,277,1413,0.0002990552594843777,0.0002867086751257151,0.00031093808611893574
log_hl,278,1413,0.0003000621579836931,0.000287466487830295,0.00031375283183954103
log_hl,279,1413,0.0002866342471112839,0.0002759448222279106,0.00029839731030703457
log_hl,280,1411,0.00028970672225656037,0.00027883591174438996,0.000302513603179158
log_hl,281,1415,0.0003007304607221756,0.0002911965747293065,0.00031599469761683523
log_hl,282,1413,0.0002862868613886037,0.0002729530810602488,0.0003014051554259524
log_hl,283,1412,0.00029652055515207675,0.0002854157886101093,0.0003117655548300012
log_hl,284,1412,0.0002756535884088465,0.00026374053636677044,0.0002848183502238706
log_hl,285,1410,0.000274844880969901,0.00026394344222368735,0.0002882450782651197
log_hl,286,1413,0.00030405534041398944,0.000294461909192313,0.0003150543825971023
log_hl,287,1413,0.00029159449909476405,0.00027857775828751233,0.0003038387004493375
log_hl,288,1413,0.0002814214930786271,0.00027081339696822447,0.0002929449121771762
log_hl,289,1414,0.000285851618458523,0.00027330278321820883,0.0002951448690813108
log_hl,290,1414,0.000267874057066176,0.000257862165971889,0.0002807877816911779
log_hl,291,1415,0.00028932195535478046,0.00027847890973624583,0.00030195009747431036
log_hl,292,1411,0.0002886027403338223,0.0002764665978841759,0.0003003034322420403
log_hl,293,1410,0.0002835897614839785,0.0002754125467823723,0.0002944674229162966
log_hl,294,1413,0.00026035883720724616,0.0002532352122328929,0.0002711715297015031
log_hl,295,1414,0.0002563869997465404,0.00024485649186698573,0.0002699013617869142
log_hl,296,1414,0.00028202971166785105,0.0002726708977729176,0.00029287401135558486
log_hl,297,1413,0.00027149730931939057,0.0002633863686183531,0.00028210450143760415
log_hl,298,1410,0.0002636172660480968,0.0002567308439375366,0.0002736377135437858
log_hl,299,1414,0.0002596941981844479,0.0002501971255149759,0.0002705941490862033
log_hl,300,1412,0.00024938529888028616,0.00023676342786636728,0.00026138435810396004
log_hl,301,1414,0.0003351697662098351,0.0003239830953598538,0.00035296815813535935
log_hl,302,1413,0.00030785965947585105,0.0002952898230965882,0.00032262391194201
log_hl,303,1413,0.00029403981510915325,0.0002843565977871619,0.00030885986832179167
log_hl,304,1413,0.00028674550286546024,0.00027433227260629053,0.00029920188834585453
log_hl,305,1406,0.00027594999234422486,0.00026617541116634783,0.0002881238916713919
log_hl,306,1408,0.0002936642242699281,0.0002814429545492355,0.00030517762850563963
log_hl,307,1406,0.00027728585107472464,0.0002688002689029729,0.0002879574520417672
log_hl,308,1408,0.00028369383873004484,0.00027126109119450574,0.00029719558166700134
log_hl,309,1407,0.0002686862935776876,0.00025364570599893454,0.0002805962770717561
log_hl,310,1408,0.00026643655453338096,0.00025760240289806783,0.0002770878452438402
log_hl,311,1406,0.00028160929893455283,0.0002715133142005805,0.00029327802761445104
log_hl,312,1408,0.00027275522306168616,0.00026081311895930306,0.00028219225991520916
log_hl,313,1405,0.00026968716452571077,0.00025934244698728076,0.00028667302995795385
log_hl,314,1409,0.0002560737506391394,0.0002477453262694089,0.000267673574843671
log_hl,315,1409,0.00025736111415633765,0.00024855461556741573,0.00027203414615336994
log_hl,316,1409,0.00029911014954173224,0.0002830423498451793,0.0003080097373279618
log_hl,317,1409,0.00027888740511970776,0.0002668613450730732,0.00028901535423214134
log_hl,318,1409,0.00026792378366573787,0.0002600825149153829,0.00028050886977824325
log_hl,319,1413,0.0002661343994417663,0.0002525130308595603,0.0002760837140749969
log_hl,320,1414,0.00026020774620942675,0.0002504676703898026,0.0002714697884415287
log_hl,321,1414,0.0002849322573639524,0.00027455276244878923,0.00029641698060017265
log_hl,322,1414,0.0002650411992835053,0.0002592846169148788,0.00027868546349846946
log_hl,323,1413,0.000271225154226819,0.0002619921560195752,0.00028351647287260076
log_hl,324,1413,0.00025447534173397634,0.00024567179827750425,0.00026467786409724325
log_hl,325,1412,0.00026055612483657327,0.00025201019356801193,0.00027146499539550356
log_hl,326,1412,0.0002753430220990662,0.0002655383038765832,0.00028607247925445254
log_hl,327,1412,0.00026050211465488966,0.00024861568245628635,0.00027034330936629493
log_hl,328,1414,0.000264285635232828,0.0002551006127921574,0.00027385611194580316
log_hl,329,1414,0.00025408464338106816,0.0002459565483518839,0.00026944326830068523
log_hl,330,1415,0.00025066246639875736,0.00024204779461193973,0.0002620460572628113
log_hl,331,1414,0.00031344278015039127,0.00030316797874774184,0.00033144664012583195
log_hl,332,1415,0.00027921781963379265,0.00026815223049488616,0.00028892252264725826
log_hl,333,1413,0.0002626007335085446,0.00025127987010180135,0.000272780252401319
log_hl,334,1415,0.0002695236186385061,0.00026005808866165947,0.00028407957247682627
log_hl,335,1415,0.00026568069764625713,0.0002526163080094897,0.00027527012096406655
log_hl,336,1415,0.0002741791778091645,0.000266937969854439,0.0002814705680359586
log_hl,337,1414,0.0002609102323195986,0.0002514323219003198,0.0002691464038101452
log_hl,338,1414,0.00025926335638689946,0.00024758941661673573,0.0002679898050068724
log_hl,339,1415,0.00024879129027098433,0.00023877180101185627,0.00025865807005840156
log_hl,340,1414,0.0002497086762422003,0.00023840909509597935,0.000259519744991709
log_hl,341,1416,0.00027663821345265123,0.00026664346164805746,0.00028728924838040796
log_hl,342,1413,0.0002576323600491703,0.0002510014063228105,0.0002679727773030596
log_hl,343,1415,0.0002501178452880387,0.00024027802535129161,0.00026085317812179993
log_hl,344,1414,0.00025546373396856305,0.00024757844791088057,0.00026602745452998977
log_hl,345,1415,0.00024472932339321803,0.0002353218036509739,0.00025499683681267033
log_hl,346,1415,0.0002731121142198759,0.00026357328399673473,0.0002870808358141408
log_hl,347,1412,0.00026064471340786054,0.0002510812939409571,0.00027140946562986563
log_hl,348,1414,0.00025670050129076455,0.00024423702671934507,0.0002676608370820672
log_hl,349,1414,0.0002539790280666098,0.00024384475492061732,0.00026382248026698816
log_hl,350,1411,0.00024658682858106615,0.000237069797219122,0.00025860150696908624
log_hl,351,1409,0.00027517886799958085,0.0002666888923214892,0.0002901091873652829
log_hl,352,1408,0.00025864827099126924,0.0002492490018638079,0.0002713164319270106
log_hl,353,1407,0.0002569703213420678,0.0002477824365896535,0.0002684833841183822
log_hl,354,1411,0.0002418730661946393,0.0002321137475945029,0.0002494566771739517
log_hl,355,1409,0.0002410468331230118,0.00023342398070529192,0.00025276807532922
log_hl,356,1408,0.00026194634022943164,0.00025363540594464394,0.00027176736880639993
log_hl,357,1409,0.0002571919195400244,0.00024647042753353173,0.000275765434948384
log_hl,358,1410,0.0002525549776613682,0.00023803799915890662,0.00026545020574068884
log_hl,359,1408,0.00023766081058950345,0.0002282193197559226,0.0002522295302085507
log_hl,360,1407,0.00023723104042183257,0.00023052167987114625,0.00024751203023869856
log_hl,361,1410,0.00035704163121214765,0.00034607272998716474,0.00037252030106530565
log_hl,362,1408,0.0003068479428972313,0.00029516079208613663,0.0003169588006984365
log_hl,363,1409,0.0002788914084662666,0.00026971971981699076,0.00029396917155112795
log_hl,364,1409,0.0002710945458826648,0.0002648393942476972,0.00028234914676114825
log_hl,365,1409,0.000271537302108464,0.00026393415868051893,0.0002879061997391785
log_hl,366,1409,0.00029031423564107356,0.00028063398357881374,0.0003006244812955186
log_hl,367,1408,0.00027590615071998047,0.00026129767098156823,0.0002896216981649448
log_hl,368,1411,0.00027467496968159834,0.0002625741570414985,0.0002870589182795634
log_hl,369,1408,0.00026426843625165016,0.000256814336320618,0.0002709353476024048
log_hl,370,1405,0.00025579725255827593,0.0002465955253861769,0.00026767580233275106
log_hl,371,1411,0.00027298931496671483,0.000262833936663206,0.00028273672056764045
log_hl,372,1409,0.0002654129082085942,0.00025351294145549956,0.00027698593319371305
log_hl,373,1408,0.0002677751733111026,0.0002587227011227024,0.0002797476947628023
log_hl,374,1403,0.00026744030717373325,0.0002555498033396333,0.0002786015989396515
log_hl,375,1409,0.0002678093213649139,0.0002569225559931691,0.0002767625313760347
log_hl,376,1409,0.0002838610802943677,0.00026951828143868833,0.0002983325995531942
log_hl,377,1407,0.0002689256436807901,0.0002595922351326782,0.00028125295033802237
log_hl,378,1409,0.00026227870384835006,0.0002511962016432459,0.00027459551612481485
log_hl,379,1408,0.0002602665892172364,0.00024866274005570907,0.00027064282264864514
log_hl,380,1408,0.00025047464602254946,0.00024026871354548756,0.0002592409931138626
log_hl,381,1408,0.00027307116435591695,0.00026246805423323153,0.00028620450489517946
log_hl,382,1409,0.0002635801958001273,0.0002520834994243215,0.0002736334802424794
log_hl,383,1408,0.0002596914620252868,0.00024870833861334916,0.0002711864423398344
log_hl,384,1408,0.0002516661989656983,0.00024036097964499938,0.0002614281923312748
log_hl,385,1409,0.00025082144153163626,0.00024261731686339046,0.00026057274035438206
log_hl,386,1408,0.00026865555296096876,0.0002556243224225998,0.00027747692926672875
log_hl,387,1406,0.00025647871225919095,0.00024394023801506542,0.00026904900148852745
log_hl,388,1409,0.00024770161609050345,0.00023762278098565635,0.0002551898255731466
log_hl,389,1408,0.00023650883482675202,0.00022620403467398586,0.0002466917735801463
log_hl,390,1406,0.00023753021389481897,0.0002293104065225778,0.0002505435970753844
log_hl,391,1408,0.0002937659899536919,0.0002855220356571498,0.00030749432630640416
log_hl,392,1409,0.00027548209540606344,0.00026226592092748284,0.0002888587212089729
log_hl,393,1411,0.00027329871719714005,0.0002600851667804774,0.000281551684554303
log_hl,394,1410,0.0002559997338022926,0.000249167375122875,0.0002683573193790841
log_hl,395,1409,0.0002577386029372,0.0002485772621888227,0.0002695703934209551
log_hl,396,1409,0.00027342014593253474,0.00026530883123815623,0.0002865142010373019
log_hl,397,1406,0.00026835351361129654,0.00025755212410205435,0.0002784255055748483
log_hl,398,1406,0.0002551890283728081,0.00024606401428209145,0.00026462656412757225
log_hl,399,1405,0.00025662959935540436,0.00024885860174179183,0.0002689061820677415
log_hl,400,1408,0.00025006894826630336,0.0002394969899824119,0.0002611699149046425
log_hl,401,1407,0.00026770503932092355,0.0002585340039586488,0.000279285032137642
log_hl,402,1410,0.00026170505326773223,0.00025125529221276807,0.00027401310463909305
log_hl,403,1406,0.00025499910604811864,0.00024603611574852154,0.00026440976509859376
log_hl,404,1408,0.00024959346837330416,0.00023848176085892477,0.0002584980283934042
log_hl,405,1406,0.00024753708828375654,0.00023580943873723043,0.00025511741871657694
log_hl,406,1408,0.0002856609225677743,0.000273900316440465,0.0002959353813078413
log_hl,407,1410,0.00026147265478402003,0.0002519491076133015,0.0002734733137184163
log_hl,408,1409,0.000258386806484799,0.0002490265243726384,0.000267868931031127
log_hl,409,1412,0.0002575003310233921,0.00024947755236419064,0.0002663736572205624
log_hl,410,1411,0.00024991877769843073,0.00024021173377334292,0.00026102378462727774
log_hl,411,1411,0.0002715869179697087,0.0002620256020107513,0.0002826633092308542
log_hl,412,1413,0.0002553113900983519,0.00024698772865418804,0.0002651505608158871
log_hl,413,1411,0.00026060199207304286,0.0002493379467262763,0.0002695781118899831
log_hl,414,1412,0.0002517793694238825,0.000237950274167201,0.00026130265908676985
log_hl,415,1411,0.00025738133024393695,0.0002479761545240324,0.0002716200293050185
log_hl,416,1412,0.00027587410403213464,0.00026519830707660445,0.0002879688538275641
log_hl,417,1414,0.00026400292097520663,0.00025203326707361857,0.0002762487525746345
log_hl,418,1414,0.00026090142581077766,0.00025283080336222587,0.00027262748091247646
log_hl,419,1412,0.0002668530791824766,0.0002569817427679948,0.0002794249152767003
log_hl,420,1413,0.0002737625947889816,0.0002649573426991786,0.0002837554149992522
log_hl,421,1415,0.0004433791102520684,0.00042906441151385543,0.0004608781731439166
log_hl,422,1414,0.00033631999997681074,0.0003212974566641162,0.0003513885049436474
log_hl,423,1414,0.00032174905672572565,0.0003096204993717295,0.0003331083826339855
log_hl,424,1413,0.0003142862780982893,0.00030582606121732465,0.0003292252479686624
log_hl,425,1412,0.00030042127984502957,0.000288726278860714,0.0003138652225833574
log_hl,426,1411,0.0003177377101955142,0.0003050780260708734,0.00032847718068792776
log_hl,427,1411,0.00030398126279012694,0.000292650484296941,0.0003136861282349396
log_hl,428,1414,0.0002877069010264402,0.000276005849166845,0.00029981722275150454
log_hl,429,1412,0.00028979208990414975,0.00028053843654086323,0.00029946304667940305
log_hl,430,1414,0.00027949014251833835,0.0002686715473380571,0.0002940458964184218
log_hl,431,1412,0.00031268664607297654,0.00030046025273486955,0.00032538412616318674
log_hl,432,1412,0.000278435778435386,0.0002703109695472709,0.00028873728671990185
log_hl,433,1413,0.0002887419533242874,0.00027648465558972787,0.00030218385223345306
log_hl,434,1412,0.0002748537094412084,0.00026158218253686264,0.00028464305906970963
log_hl,435,1413,0.00027949191494154195,0.000266911251569224,0.0002911934746333589
log_hl,436,1414,0.00030069801788112287,0.00028840892071031336,0.00031329709251341694
log_hl,437,1414,0.000283607618560067,0.00027500217541516345,0.00029685729877308205
log_hl,438,1414,0.0002840397465209385,0.00027012425880082767,0.0002960692181336645
log_hl,439,1414,0.0002828983525828009,0.00027183915593896574,0.00029516931977176096
log_hl,440,1411,0.00026819987756522513,0.0002561326315330534,0.00027928791085210557
log_hl,441,1414,0.0003005980101295726,0.0002893836939708023,0.00031074917844944476
log_hl,442,1411,0.0002892491375562484,0.0002767264566049146,0.0002983354721112345
log_hl,443,1415,0.00027874902466851377,0.0002665048660333664,0.00028901535423214134
log_hl,444,1412,0.00027280043561829097,0.00026660657742323354,0.00028641697510365033
log_hl,445,1414,0.00027967182955189647,0.00026691578965360997,0.000288701689585509
log_hl,446,1413,0.0002949752128759835,0.000284825217553773,0.0003070912964816572
log_hl,447,1414,0.00028014062512060194,0.00026949985021080234,0.0002927829035700275
log_hl,448,1414,0.0002834732659601246,0.0002723836139940147,0.00029573861226502317
log_hl,449,1413,0.00026876301982643036,0.00025940337369854385,0.00028146813988804613
log_hl,450,1412,0.00026450859689496336,0.00025432598178682633,0.0002770303148010144
log_hl,451,1413,0.0003389347989686556,0.00032645987335989257,0.0003505147709863454
log_hl,452,1414,0.0003159805492463662,0.0003037502739524198,0.0003289855345772212
log_hl,453,1413,0.0002870482176286386,0.00027709686390199514,0.00029945583634300474
log_hl,454,1413,0.0002851358691726986,0.00027653930358643547,0.00029459658316222635
log_hl,455,1414,0.0002739344814755427,0.00026495851034392,0.00028922830776290115
log_hl,456,1412,0.0003083705532603958,0.00029258001211905757,0.0003242675001651811
log_hl,457,1414,0.0002920816477206094,0.00028325678905608134,0.0003022061068633118
log_hl,458,1414,0.00028202139339469266,0.00027399247497963134,0.0002938373001699108
log_hl,459,1414,0.0002755416991527009,0.00026465334448989885,0.000292310424777775
log_hl,460,1413,0.0002746582048515736,0.0002654397196910383,0.00028475541736201683
log_hl,461,1414,0.00029443065424027224,0.0002830521642537717,0.00030589925913888103
log_hl,462,1413,0.0002752072672088606,0.0002647781923548329,0.00028508873863793957
log_hl,463,1413,0.00028121484999712006,0.0002686457225014822,0.00029365906393958436
log_hl,464,1412,0.0002781226783944177,0.0002666569716297291,0.00029055183616361307
log_hl,465,1412,0.0002695040829653316,0.000261822342356628,0.0002829191498391962
log_hl,466,1413,0.00030520862852884427,0.00029011474937653035,0.0003178160769015519
log_hl,467,1412,0.0003085263777616949,0.00029395199475315114,0.00031722373540735035
log_hl,468,1412,0.0002814202531148864,0.0002712201865967211,0.00029565118174802973
log_hl,469,1414,0.00028304882530955127,0.00027067050606718467,0.00029465671689189076
log_hl,470,1412,0.00027410704341021807,0.00026539568356549195,0.0002878673636496402
log_hl,471,1414,0.00028796083575244324,0.0002786776082713009,0.0002999088760901042
log_hl,472,1414,0.00028851501493218487,0.0002738084931614507,0.0003006896303017601
log_hl,473,1412,0.00027831772787615565,0.0002681161208291139,0.00028846561944393745
log_hl,474,1413,0.0002724565870259149,0.00026003473261054175,0.00028530789000190214
log_hl,475,1412,0.0002670504191813989,0.0002575635859488642,0.0002812543964540456
log_hl,476,1413,0.00029045104193297906,0.00027753066021378426,0.0003004108485656639
log_hl,477,1414,0.00027767081280490524,0.0002680599320194148,0.00029151439596869543
log_hl,478,1413,0.00028116315217718293,0.000271372027865424,0.00029471802886880645
log_hl,479,1413,0.00026468030554942907,0.0002545944663280878,0.00027270511785561474
log_hl,480,1413,0.00026347398346843843,0.0002520727383605836,0.0002749270663628322
log_hl,481,1413,0.0004254218351550859,0.0004092160196716266,0.0004419238489834582
log_hl,482,1413,0.00038858243927401056,0.0003752217734093914,0.00040196273145391145
log_hl,483,1415,0.00034617930397125014,0.00033293124880748944,0.000357512030978763
log_hl,484,1414,0.00031865562660200167,0.00030662427730528173,0.00032880773829371834
log_hl,485,1413,0.0003204614672513889,0.00030954103553655496,0.0003357325179118754
log_hl,486,1411,0.0003414587911390556,0.0003289447674818689,0.0003540903948837392
log_hl,487,1414,0.000336129922940656,0.00031890870714047364,0.0003500313756580386
log_hl,488,1413,0.00031102126303199167,0.0002979677983792878,0.00031966865921039645
log_hl,489,1413,0.00030762132058327943,0.0002997602536998826,0.0003210288019268882
log_hl,490,1414,0.00030436023571066447,0.000292591949274977,0.0003186580556458255
log_hl,491,1413,0.00033332222567865577,0.0003220036274870023,0.00034969607086012135
log_hl,492,1413,0.00031406706636865245,0.00030144478405807194,0.0003260099583020009
log_hl,493,1412,0.0003077309754576037,0.0002961940020588668,0.00032183838180561
log_hl,494,1413,0.0002940272397323865,0.0002855046720281637,0.00030679560644515544
log_hl,495,1412,0.0003050139646758799,0.000291732725083777,0.00031425362245971644
log_hl,496,1413,0.0003590312722161861,0.00034457217669838186,0.00037816621621564184
log_hl,497,1412,0.00033813771792440354,0.00032667467842998645,0.0003545220261821909
log_hl,498,1414,0.0003180195119029633,0.00030537106398443795,0.00033517076153591325
log_hl,499,1414,0.000315015721029579,0.0003034976044741878,0.0003253731116393369
log_hl,500,1413,0.0003031356733655765,0.0002908034143556816,0.0003102953336355417
log_hl,501,1415,0.00038072629598894864,0.0003593246636771407,0.00039315363295407265
log_hl,502,1412,0.00034000113731128277,0.00032579220494938617,0.00035532551604758035
log_hl,503,1413,0.0003267159062326226,0.0003114633263823194,0.00034085400164675237
log_hl,504,1413,0.0003192047269403559,0.00030676930138409593,0.00033787038751070185
log_hl,505,1412,0.00031187566237505534,0.00029904072436871804,0.0003256071057982312
log_hl,506,1413,0.0003377720071086644,0.00032592178002165573,0.0003501101749698149
log_hl,507,1412,0.00032408784576683886,0.0003111370030503221,0.00033549166617886033
log_hl,508,1413,0.0003178201800188464,0.00030853670871188436,0.00033142419524825645
log_hl,509,1414,0.000312041483808286,0.0003028467618542532,0.0003254264544384419
log_hl,510,1414,0.00036346026735403216,0.0003456254186170529,0.00037898175283132915
log_hl,511,1413,0.0006733683097972594,0.000619804778513063,0.0007200183503610089
log_hl,512,1411,0.0005592580655621786,0.0005236911160736259,0.0005942477188075509
log_hl,513,1412,0.0005050344672014169,0.0004818144173938554,0.0005384060770842685
log_hl,514,1413,0.0004823503711148615,0.0004618630641815294,0.0005143596399903524
log_hl,515,1412,0.00044075254261687714,0.0004254056722247777,0.00046514578930294574
log_hl,516,1414,0.0004876499066986941,0.0004676655272007486,0.0005065746575705917
log_hl,517,1413,0.00045673050269300433,0.0004320643656358885,0.0004807760129070057
log_hl,518,1412,0.0004599205180175178,0.00043919502533349986,0.0004792562165067055
log_hl,519,1412,0.0004098050817068167,0.0003960539192744698,0.0004269242927416759
log_hl,520,1414,0.0004033701129838343,0.00038135465068993453,0.00041551233440852126
log_hl,521,1414,0.0004520941012026285,0.00043817732274434567,0.00047407883909667686
log_hl,522,1413,0.00041446038566435555,0.00039833914386976234,0.00043100104969442515
log_hl,523,1413,0.0004053458012795974,0.0003951144449362865,0.0004238143856551522
log_hl,524,1412,0.0003885560831944271,0.0003711785065729854,0.0004054149670354319
log_hl,525,1412,0.00038344316389270374,0.00036634492468746587,0.00039995015714623335
log_hl,526,1410,0.0004226677219269665,0.00041006339694388825,0.00044162026282650393
log_hl,527,1413,0.00040594713096174317,0.0003891109223385062,0.0004226272116003898
log_hl,528,1412,0.00038737900450290974,0.0003679138885105165,0.00040096139970843207
log_hl,529,1412,0.0003966505353375536,0.00037988482597827334,0.00041188181535700306
log_hl,530,1414,0.000382445426011364,0.0003676351370839045,0.00039924501707128726
log_hl,531,1413,0.00041860497130774576,0.0004015538949955005,0.00043611492463249853
log_hl,532,1414,0.00039270886848000587,0.00037865615469331003,0.00040711250202402625
log_hl,533,1412,0.0003783762553704068,0.0003647970591658997,0.0003900107483571103
log_hl,534,1414,0.000373569501973292,0.0003519514607753589,0.0003905182246318156
log_hl,535,1412,0.0003691366915608786,0.00035649003365940295,0.0003796182468384834
log_hl,536,1412,0.0003924364925208918,0.00037749972235034913,0.00040445488342303427
log_hl,537,1414,0.0003751667948085459,0.0003625997333200251,0.00038974133530704914
log_hl,538,1411,0.0003612064334017091,0.0003479690987135181,0.0003745653967997427
log_hl,539,1413,0.0003550396369580484,0.00034436325030367333,0.000368061329713799
log_hl,540,1412,0.00034593377232584,0.00033540101954959565,0.0003611891112348794
log_hl,541,1414,0.0005024827361871519,0.0004895299766060401,0.00052090137556987
log_hl,542,1413,0.00042669870188230357,0.00040616750281092384,0.0004386295244149184
log_hl,543,1415,0.00041303350747817693,0.0003983282978801353,0.0004263561591427726
log_hl,544,1414,0.00039696199873630246,0.00038201472982278903,0.00040971833858771613
log_hl,545,1413,0.00037494844898152487,0.0003623339922857107,0.0003886049572390738
log_hl,546,1413,0.000414057249329479,0.00040402715927532047,0.00042755148271006606
log_hl,547,1414,0.0003915497109756424,0.0003785691905365651,0.00040548212379417855
log_hl,548,1415,0.00038289027926486995,0.00036711626675895267,0.00039931318663409467
log_hl,549,1413,0.0003687995616207287,0.00035019902776505175,0.0003830563539810951
log_hl,550,1413,0.0003543335023962505,0.000341442598280876,0.00037198066818309956
log_hl,551,1413,0.0003914570310767388,0.0003766231785675647,0.0004051229009694291
log_hl,552,1413,0.0003543623078968693,0.00034208761813362077,0.00036863972399708215
log_hl,553,1414,0.0003765964554800408,0.00036241303104414746,0.00038830437998604373
log_hl,554,1413,0.0003481749863158331,0.00033707137157151063,0.00035673880388082296
log_hl,555,1413,0.00034572169747978823,0.0003357744855538004,0.0003604473556717726
log_hl,556,1409,0.0003995722279954858,0.0003826133001969303,0.000411816354127461
log_hl,557,1411,0.00035689430953965656,0.0003450796686962711,0.00037036013813292483
log_hl,558,1410,0.0003556299997713825,0.0003408966668972079,0.0003721853525998325
log_hl,559,1411,0.00034057582871537516,0.0003318672281955032,0.0003565777488697371
log_hl,560,1411,0.00034122576206424294,0.0003260361648510244,0.000349520423287691
log_hl,561,1412,0.00037196846187829665,0.0003589835675362018,0.0003898730904421832
log_hl,562,1410,0.0003592279542213343,0.00034779910411202763,0.0003779282021591569
log_hl,563,1411,0.00033638886870068606,0.0003219134510659638,0.0003485969010177613
log_hl,564,1411,0.00032170685062659894,0.00031059871602967076,0.00033438549769962764
log_hl,565,1413,0.00034983383249916734,0.0003363078447609739,0.0003603853528651813
log_hl,566,1410,0.0004990320842183024,0.0004730403786558436,0.0005162562309792115
log_hl,567,1410,0.0003748418680692054,0.0003630508018211388,0.00038275070384873717
log_hl,568,1410,0.00047288927031301426,0.0004592481881207442,0.0004965740302656263
log_hl,569,1410,0.0005365679591890278,0.0005183032331971898,0.0005535261528615645
log_hl,570,1410,0.0005082599840887833,0.0004956462142730156,0.000519275654878569
log_hl,571,1394,0.0016148210464663683,0.0015698550342114152,0.0016692913527094255
log_hl,572,1393,0.001526703101614184,0.0014692738589932584,0.0015891856432916978
log_hl,573,1393,0.001373971831905505,0.001335389751913371,0.0014211138988054993
log_hl,574,1392,0.0012619482640177798,0.0012253207354297518,0.0013057506563066933
log_hl,575,1393,0.001243914091602455,0.001203859114980392,0.0012789081492383357
log_hl,576,1393,0.001297942942939905,0.001251255876023638,0.0013309641610280431
log_hl,577,1392,0.0012028018746972732,0.0011588044173133445,0.001243145243707418
log_hl,578,1391,0.001111310047412,0.0010879310070215586,0.0011595441599501325
log_hl,579,1391,0.0010883135416878888,0.0010522482657733304,0.0011204333513971099
log_hl,580,1391,0.0010885494062117535,0.001055941013634743,0.0011136361367035255
log_hl,581,1391,0.001222597832749819,0.0011701491251902237,0.0012611983054053417
log_hl,582,1391,0.0010865808349158502,0.001046572570671117,0.001121949295066395
log_hl,583,1391,0.0010478767296518419,0.0010124863623084419,0.0010771835069905455
log_hl,584,1391,0.0010108456162416118,0.0009764616687094614,0.0010429224192674098
log_hl,585,1391,0.0010008593117537593,0.0009728661796669547,0.0010440260964996652
log_hl,586,1392,0.001228197737440199,0.0011864355144271279,0.0012711853668595943
log_hl,587,1392,0.0010672789434648738,0.0010288800224686285,0.0011079523706782333
log_hl,588,1392,0.0010109951704849415,0.0009730434761590581,0.0010423672766263184
log_hl,589,1392,0.0010173258142533478,0.000983852455710463,0.0010591620758920086
log_hl,590,1393,0.0009607484463169358,0.000926707892318453,0.0009908412047545468
log_hl,591,1393,0.0011310573359164413,0.0010899729833111261,0.0011630341219002723
log_hl,592,1394,0.0010096316893820044,0.0009822723072695962,0.001041944169798629
log_hl,593,1394,0.0009808470475342322,0.000939901179728383,0.0010143288844798926
log_hl,594,1394,0.0009474885402434555,0.0009185825703505123,0.0009791081987245158
log_hl,595,1395,0.0009332862003982275,0.0009034847810105381,0.0009648576410940055
log_hl,596,1394,0.0009865427703158159,0.0009600516619744962,0.001016566352604048
log_hl,597,1394,0.0009395760846277008,0.0009067405482233119,0.0009691116791692137
log_hl,598,1393,0.0009064933126409022,0.0008713813826037573,0.0009471969786588555
log_hl,599,1393,0.0008330279379460864,0.0008122660621050854,0.0008674428839572738
log_hl,600,1392,0.000860568835051003,0.0008285492496597035,0.0008898758518902857
log_hl,601,1393,0.0013872834594860837,0.0013110943860310687,0.0014408042379062452
log_hl,602,1393,0.0011030539367842362,0.001062149987586024,0.0011443443004028066
log_hl,603,1393,0.0010159757869114905,0.0009759970182348434,0.0010483614600163605
log_hl,604,1393,0.0009685389773240435,0.0009364459695713735,0.0009934503911998406
log_hl,605,1393,0.0009191177117630769,0.0008895932352858286,0.0009513028171700168
log_hl,606,1393,0.0010118986173460302,0.0009732040013269273,0.0010412727807327785
log_hl,607,1393,0.0009670289941288798,0.0009422824444949436,0.0009960825306815882
log_hl,608,1393,0.0009382585794479494,0.0009025979735292961,0.0009787255555989785
log_hl,609,1394,0.0008826330914794291,0.00086054724449371,0.0009065404537178476
log_hl,610,1394,0.00086950268627406,0.000836388772805012,0.0009095262778855988
log_hl,611,1394,0.0009538746061549647,0.0009245929148020687,0.0009935668641916802
log_hl,612,1394,0.0009168859945261758,0.0008892042172236885,0.0009532712069016166
log_hl,613,1394,0.0009146127733764,0.0008864145447348022,0.0009465992783492618
log_hl,614,1394,0.0008569887152431526,0.0008210181085160052,0.0008901221679189921
log_hl,615,1394,0.0008202938662832818,0.0007955285091395622,0.0008567000752726684
log_hl,616,1394,0.0009764525220582892,0.0009466520332097301,0.0010048361895929833
log_hl,617,1394,0.0009083172989064319,0.0008763703615195129,0.0009319667610566278
log_hl,618,1394,0.0008307448613177344,0.0008118248531495195,0.0008689259361885026
log_hl,619,1394,0.0008341109750719988,0.0008083265248395205,0.0008595549085100633
log_hl,620,1394,0.0007766120787956859,0.000755523787632176,0.000804206662582428
log_hl,621,1394,0.0008997370854899273,0.000867953042308447,0.0009315903740059802
log_hl,622,1394,0.0008497305030137216,0.0008192115071547331,0.0008760862888490794
log_hl,623,1394,0.0008165604873925762,0.0007949437607652906,0.0008584047469408786
log_hl,624,1394,0.0008023067850084131,0.0007711853901229277,0.0008360827301735358
log_hl,625,1394,0.0008096044079817729,0.0007787007164161761,0.000839991826866754
log_hl,626,1394,0.0008543669885584507,0.0008286694352006107,0.0008828661489819312
log_hl,627,1394,0.0008346345618856733,0.0007927802782598569,0.0008589346030051104
log_hl,628,1394,0.0007921526498219565,0.0007668412868158335,0.0008162451365116442
log_hl,629,1394,0.0007933733058090506,0.0007734016963060597,0.0008184079275777278
log_hl,630,1394,0.0007806970558052949,0.0007486231032480908,0.0008205616369441323
log_hl,631,1394,0.0009757676467418637,0.0009432860666153406,0.0010030722148175175
log_hl,632,1394,0.0008376287198398513,0.0008114867016759921,0.0008669962734027389
log_hl,633,1394,0.0008206426737628082,0.0008029214884168209,0.0008462226070302526
log_hl,634,1394,0.0007986478441366393,0.0007710565725281954,0.0008161409978759346
log_hl,635,1394,0.0007643814047236835,0.0007360046141603687,0.0007928661281229092
log_hl,636,1394,0.0008251710893271118,0.0008008725338182904,0.0008543803585804084
log_hl,637,1394,0.0008109265856389235,0.0007821666413624768,0.0008455826512909506
log_hl,638,1394,0.0007598830476605314,0.0007384959891857907,0.0007991718099752083
log_hl,639,1394,0.0007921624517222452,0.0007632562675073995,0.0008204840032737292
log_hl,640,1394,0.0007438364085720578,0.0007173683483821768,0.0007714761484119663
log_hl,641,1394,0.0008437659188740864,0.0008206036182524205,0.0008875054821705666
log_hl,642,1393,0.000769022667102628,0.0007335692314805164,0.000802086263746037
log_hl,643,1393,0.000772186613354331,0.0007540274784418498,0.0008094406206641414
log_hl,644,1393,0.0007418791077375255,0.0007190457535823919,0.0007673109429995312
log_hl,645,1393,0.0007151385431113796,0.0006876572115656469,0.0007334595563285609
log_hl,646,1393,0.000840410091387073,0.0008082136844916431,0.0008620357623487458
log_hl,647,1393,0.0007695662591534449,0.0007474400527360188,0.0007898733438881094
log_hl,648,1392,0.0007160746593593391,0.0006935798763447087,0.0007459585679595422
log_hl,649,1393,0.0007328883982015832,0.0007076549255382313,0.0007656015518616925
log_hl,650,1393,0.0007031946585318558,0.0006800983963082979,0.0007302340710179908
log_hl,651,1394,0.0008057066031142024,0.0007758627472835895,0.0008335310780550825
log_hl,652,1394,0.0007598241614589552,0.000728455203036744,0.0007863386338227852
log_hl,653,1394,0.0007392579715694079,0.0007181390443886413,0.0007652271458153232
log_hl,654,1393,0.0006777098879205295,0.0006575059755978318,0.000700404161848743
log_hl,655,1393,0.0006811326525865351,0.0006583212293914557,0.000708101352449288
log_hl,656,1394,0.0007448929291176316,0.000729672331063297,0.0007728002839414664
log_hl,657,1394,0.0007109391718135123,0.0006830103150950943,0.00073591197865195
log_hl,658,1394,0.0006699511435318831,0.0006517457499758876,0.0006934517751046444
log_hl,659,1394,0.0006832291839921308,0.0006565792458394974,0.0007062181301995459
log_hl,660,1394,0.0006647039909953134,0.0006383619807544527,0.0006806651464717461
log_hl,661,1394,0.0008457049839793834,0.0008171001050156324,0.0008781656503047398
log_hl,662,1394,0.000754857346882446,0.0007311303766875762,0.0007834550913703163
log_hl,663,1394,0.0007343390571008109,0.0007127384163333296,0.0007550333421297375
log_hl,664,1394,0.0007039180340202779,0.0006866590019996002,0.0007369222171946001
log_hl,665,1394,0.0006791132501364073,0.0006543131291516509,0.0007001869002599134
log_hl,666,1394,0.0007349262721397588,0.0007207754337955897,0.0007668591731260393
log_hl,667,1394,0.0006970996999107284,0.0006732447884071674,0.0007203010197395075
log_hl,668,1394,0.0006994327070882619,0.0006733563614364996,0.0007245307638733905
log_hl,669,1394,0.0006711409919964366,0.0006497794122791018,0.0006947586295367837
log_hl,670,1394,0.0006398568515084057,0.0006251204179958662,0.0006589859585496441
log_hl,671,1394,0.0007335695435186954,0.000698126156589626,0.0007593851167584151
log_hl,672,1394,0.0006732412590269327,0.0006524035753613676,0.0007039085785217092
log_hl,673,1394,0.0006734429920187251,0.0006459722450452162,0.0006982736071448704
log_hl,674,1394,0.0006503843201929941,0.0006286168787253916,0.0006723652536098691
log_hl,675,1394,0.000647466217453291,0.0006291572951717871,0.0006685627426335001
log_hl,676,1394,0.0007173484594925343,0.000691744859171478,0.0007469528069428946
log_hl,677,1394,0.0006710377591710593,0.0006474977450865054,0.0007001918811745457
log_hl,678,1394,0.0006561854958237517,0.0006233490041436054,0.0006809813615251826
log_hl,679,1394,0.0006420657385446121,0.000614252823102506,0.0006586734354140757
log_hl,680,1394,0.0006149950110576185,0.0005807043483831836,0.0006346160864790214
log_hl,681,1393,0.0006889831865380337,0.0006595446313642572,0.0007190432082842355
log_hl,682,1394,0.0006589000231653642,0.0006423204759185557,0.000695493364091319
log_hl,683,1394,0.0006274757643445982,0.0006056940852121912,0.0006607225456119435
log_hl,684,1394,0.0006037751265570221,0.0005799718657898359,0.0006293619102308515
log_hl,685,1394,0.0006001420769634965,0.0005833090453296275,0.0006245663029188449
log_hl,686,1393,0.0006522190501283378,0.0006289025857525683,0.0006757578499437635
log_hl,687,1394,0.0006422770332983761,0.0006163458023602771,0.0006752867286318202
log_hl,688,1394,0.0006096830439245161,0.0005933059486517944,0.0006306602008904559
log_hl,689,1394,0.0006113838285871129,0.0005902372998938966,0.0006361068846741233
log_hl,690,1394,0.0006030956690778846,0.0005890799478181484,0.0006196268588868695
log_hl,691,1394,0.0007355042700398221,0.0007104243997105748,0.000763825273922236
log_hl,692,1394,0.0006642113857049535,0.0006463379341444983,0.0006889275189940243
log_hl,693,1394,0.0006482574845547103,0.0006196946602417411,0.0006719613660616648
log_hl,694,1394,0.0006128161800063313,0.0005944763692170836,0.0006358091393486997
log_hl,695,1394,0.0006106528630193254,0.0005923819852159765,0.0006347103535067788
log_hl,696,1394,0.0006573688143867996,0.0006336065520923034,0.0006833028094392174
log_hl,697,1394,0.0006451759078358191,0.0006130282902646133,0.0006711620200917583
log_hl,698,1394,0.0006059383108104515,0.0005842826167586991,0.0006311348309832716
log_hl,699,1394,0.000595018777796373,0.0005754642616265139,0.0006188118641749543
log_hl,700,1394,0.000567519138960519,0.0005481625850592568,0.0005866735029462588
log_hl,701,1394,0.0006149124857184019,0.0005977228802002292,0.0006398591143971787
log_hl,702,1394,0.0005973289464552851,0.000581972624862837,0.00062455442823079
log_hl,703,1394,0.0006002844411487549,0.0005775375431399365,0.0006215201509498804
log_hl,704,1394,0.0005854745222118058,0.0005589067749388491,0.0006073751191157612
log_hl,705,1394,0.0005654377610089022,0.0005449176229732498,0.0005913967737691183
log_hl,706,1394,0.0006401992244742248,0.0006136518604637197,0.0006691730071010635
log_hl,707,1394,0.0006136374116586695,0.0005961326326458503,0.0006404952373515005
log_hl,708,1394,0.0005860441687752611,0.0005720643644532556,0.0006023561207652492
log_hl,709,1394,0.0005697930881982064,0.000550374105615913,0.0005900984210628185
log_hl,710,1394,0.0005461326496510111,0.0005274208140182723,0.0005678006165794469
log_hl,711,1394,0.0006519242083695366,0.0006286219744821215,0.00067677708076291
log_hl,712,1394,0.0005926120869505675,0.0005782612489335282,0.000612948652329647
log_hl,713,1394,0.0005843528395299752,0.0005584268209562676,0.0006036913700876303
log_hl,714,1394,0.0005493942626014416,0.000531002051349703,0.000571928658892687
log_hl,715,1393,0.0005431490241949916,0.0005239895458456978,0.0005648075021843087
log_hl,716,1393,0.0005815860137820995,0.000555932368469239,0.0006007283208308143
log_hl,717,1393,0.0005857535411636058,0.0005520006620247695,0.0006052379572272431
log_hl,718,1393,0.0005619626380305716,0.0005417817141251061,0.0005809055653522979
log_hl,719,1393,0.0005452655748776048,0.0005199363882506718,0.0005709540277599525
log_hl,720,1393,0.0005249201427401562,0.0005069487827952135,0.000547766099907611
log_hl,721,1393,0.000689945981602984,0.0006647931608910547,0.0007141219808005456
log_hl,722,1393,0.00061620624318125,0.0005979325659468333,0.0006411702690486873
log_hl,723,1394,0.0005955372800882975,0.0005673654592752348,0.0006188299233069812
log_hl,724,1394,0.0005642214701131792,0.0005430236925850118,0.0005849400137097229
log_hl,725,1394,0.00054012303451166,0.0005269487917449445,0.0005581058831879192
log_hl,726,1394,0.00059363661618039,0.0005737486476465013,0.0006212633719376798
log_hl,727,1394,0.0005698644014913189,0.0005524471174993557,0.0005915497800970503
log_hl,728,1394,0.0005647831134630524,0.0005460432606688377,0.0005867041631844071
log_hl,729,1394,0.0005444757840939939,0.0005239802972301372,0.0005691519789381668
log_hl,730,1394,0.0005254837247143431,0.0005077556612917178,0.0005516298869164661
log_hl,731,1394,0.0005742511035392303,0.0005487634373787935,0.0005993359961237178
log_hl,732,1394,0.000549994478104589,0.0005311046867967194,0.0005695028629037474
log_hl,733,1394,0.0005494973133946199,0.0005217240198339823,0.0005729636867386101
log_hl,734,1394,0.0005221562782264911,0.0005050922221000162,0.0005429902340269928
log_hl,735,1394,0.0005066546367424139,0.0004860981721384889,0.0005222613653942089
log_hl,736,1394,0.0005783395350266036,0.0005592157458139041,0.0006006378343747483
log_hl,737,1394,0.0005600629634955072,0.0005448669741246788,0.0005850392577993821
log_hl,738,1394,0.0005363608059561382,0.0005129563111276753,0.0005574170527771232
log_hl,739,1394,0.0005274738556915166,0.0005158698366368488,0.0005557715235202352
log_hl,740,1394,0.0005066133394674792,0.0004868294858647417,0.0005251913507153741
log_hl,741,1394,0.0005613365617176569,0.0005418617902343175,0.0005872145846831404
log_hl,742,1394,0.0005424986499307809,0.0005270265941020387,0.0005646566741583736
log_hl,743,1394,0.0005288222786142303,0.0005064672073353698,0.0005495739802602268
log_hl,744,1394,0.0005121424016418254,0.0004922995474690414,0.000535070818527994
log_hl,745,1394,0.000496999176008503,0.00047371401905384604,0.0005229517011879223
log_hl,746,1394,0.0005475105300914349,0.0005321319122132388,0.0005647202167067604
log_hl,747,1394,0.0005219367792721955,0.0005024536592215992,0.0005469084149413433
log_hl,748,1394,0.00050144231026982,0.000487049367209895,0.0005286353482818741
log_hl,749,1394,0.0005028738948840048,0.000486993080657709,0.0005267823751850754
log_hl,750,1394,0.00048235001128330945,0.0004653127227057846,0.0004947103218439257
log_hl,751,1394,0.0005981622164991994,0.00057255050717698,0.0006171479146726122
log_hl,752,1394,0.0005545766925956773,0.0005380246549371386,0.0005775584495118787
log_hl,753,1394,0.0005319832919661225,0.0005117640876091391,0.0005512679301679733
log_hl,754,1394,0.0005116485573835812,0.0004957520874961607,0.0005362945331856037
log_hl,755,1394,0.0004931773383635962,0.0004722464539468046,0.0005132094520369851
log_hl,756,1394,0.0005331691434850361,0.0005139765321709162,0.0005603725866983096
log_hl,757,1394,0.0005288465261310812,0.0005093136177573928,0.0005490676756955692
log_hl,758,1394,0.0005113661978915938,0.0004914274109136597,0.0005347048802641085
log_hl,759,1394,0.0004955642203389101,0.00047914603488817347,0.0005171806574091997
log_hl,760,1394,0.00047281639853973895,0.00045351211015043455,0.0004948178408989143
log_hl,761,1394,0.0005267926091742248,0.000507352530870218,0.0005527142301133424
log_hl,762,1394,0.000497880981041258,0.0004857110254290863,0.0005219427228582633
log_hl,763,1394,0.0005029696034592075,0.0004806028339348006,0.0005243623329989491
log_hl,764,1394,0.00048695260867115484,0.0004723935453849159,0.0005054868394646554
log_hl,765,1394,0.00047386688233202594,0.00045498447254618563,0.0004911726582875599
log_hl,766,1394,0.000533907520984714,0.0005116587001136762,0.0005530242778678169
log_hl,767,1394,0.000513549231772205,0.0004888465938793822,0.0005382636745655862
log_hl,768,1394,0.0005000709481278766,0.00048332528732079687,0.0005220939028366065
log_hl,769,1394,0.00048767642735134315,0.0004699152704325434,0.0005067840475516272
log_hl,770,1394,0.00047274622941435206,0.0004585194858166484,0.00048755573031197504
log_hl,771,1394,0.0005586073553005973,0.0005370014878047819,0.0005790489615320266
log_hl,772,1394,0.0005183587378974559,0.0004969365780915551,0.0005342331805169076
log_hl,773,1394,0.0005032046525187681,0.00048709909068760554,0.0005247349365146159
log_hl,774,1394,0.00048513479460095255,0.00046991478747968794,0.0005024184905411187
log_hl,775,1394,0.0004666523457819725,0.00044991768300506183,0.00048381453259447677
log_hl,776,1394,0.0005032723344906389,0.0004896560565471283,0.0005250923834973527
log_hl,777,1394,0.0004981956738743834,0.0004812356826943402,0.0005196921072264411
log_hl,778,1393,0.0004814497507611945,0.0004620751878532494,0.0005018586055453806
log_hl,779,1393,0.0004726746857272157,0.0004563397071912787,0.0004899307928345664
log_hl,780,1393,0.00047456574035145216,0.0004556578823132581,0.0004894621863145587
log_hl,781,1347,0.0006158177374169045,0.0005958723524418915,0.0006360605335229052
log_hl,782,1347,0.0005990657303262931,0.0005774107056718406,0.0006300619075325664
log_hl,783,1347,0.0006107676879174901,0.0005844209692441194,0.0006328568319741864
log_hl,784,1347,0.0005318027320626296,0.0005157868963435236,0.0005596525384873773
log_hl,785,1347,0.000521120727874352,0.0005040322687352379,0.0005428768429322474
log_hl,786,1347,0.0005624042020138029,0.0005389622980136463,0.0005875302093389911
log_hl,787,1347,0.0005649658555187421,0.0005477898887604253,0.0005868630754601391
log_hl,788,1347,0.0005298403244122655,0.0005133459948349142,0.0005490937265265042
log_hl,789,1347,0.0005020732266719325,0.0004777794379625442,0.0005235437749817252
log_hl,790,1347,0.00047553541087346163,0.00045888138644340333,0.0004962083313792468
log_hl,791,1347,0.0005517698156375823,0.0005311507399591277,0.0005732787633520819
log_hl,792,1347,0.000517707977206074,0.0004995914426165349,0.0005400221726536062
log_hl,793,1347,0.0004983057707257649,0.00048047912711174666,0.0005185454176773977
log_hl,794,1347,0.00048613070094867035,0.0004656768834495187,0.0005064752377098528
log_hl,795,1346,0.00047428851524366426,0.00045925811886155134,0.0004892724762684125
log_hl,796,1347,0.0005495286509031598,0.0005307214963084317,0.0005742810600910205
log_hl,797,1347,0.0005343440432834019,0.0005115550262561252,0.0005541547896099488
log_hl,798,1347,0.0004907912169397232,0.00047559727674705785,0.00051481762477574
log_hl,799,1347,0.0005077808229882899,0.0004920020439145194,0.0005283881569442603
log_hl,800,1347,0.00048199141122638533,0.0004618117991994902,0.0005081802834105243
log_hl,801,1347,0.0005517661412663571,0.0005345379961155043,0.0005687766011009332
log_hl,802,1346,0.0005288713783352878,0.0005088218902808917,0.0005519572949787486
log_hl,803,1347,0.0005002233244099961,0.00047859457497162786,0.0005231480933309569
log_hl,804,1347,0.000500876544405849,0.00047640414415649267,0.0005226500648538125
log_hl,805,1347,0.0004832196327215457,0.00046352204389275614,0.0005032712738333317
log_hl,806,1346,0.0005292316406499803,0.0005072881556448578,0.0005458599295201493
log_hl,807,1347,0.0005116856315190962,0.0004927456758702633,0.0005290655597118419
log_hl,808,1347,0.000493461643371353,0.0004752668363299087,0.0005131884090523075
log_hl,809,1347,0.0004787451336879735,0.0004628041224295918,0.0005013868245324354
log_hl,810,1347,0.00047151574321584703,0.00045489892076629954,0.0004912148218931505
log_hl,811,1347,0.0006128735898173692,0.000592275669684121,0.0006373534830799357
log_hl,812,1347,0.0005408847960039729,0.000524212345075706,0.0005592041710500493
log_hl,813,1347,0.0005114625465189725,0.0004901406424709381,0.0005271701918451434
log_hl,814,1347,0.0004965489947598891,0.00048434018948520155,0.0005168611359238728
log_hl,815,1346,0.000488687703774807,0.0004676511098529476,0.0005067791043987017
log_hl,816,1347,0.0005360324270302525,0.0005148066005507478,0.0005574136153247485
log_hl,817,1347,0.0005216289845912291,0.0005000649815111538,0.000545737993090018
log_hl,818,1346,0.0005087529971819129,0.0004872648229515744,0.0005276783922715231
log_hl,819,1347,0.00047902106431244057,0.0004610731983994212,0.0005020547117865082
log_hl,820,1347,0.00046692153648372883,0.0004509206126512005,0.0004836995598831264
log_hl,821,1347,0.0005361377590019561,0.0005186326519227953,0.0005626241531863135
log_hl,822,1347,0.0005070994023473997,0.0004922551028258537,0.0005252166294041902
log_hl,823,1347,0.0005055824839103814,0.0004870061811692373,0.0005233314470298622
log_hl,824,1347,0.0004712846363610798,0.0004581478555089057,0.0004885391601663821
log_hl,825,1347,0.0004664499131094072,0.0004448466950863901,0.00048618318789715514
log_hl,826,1347,0.000520969014127415,0.0005048677075264835,0.0005420221521826367
log_hl,827,1347,0.0005045154236472131,0.0004870061811692373,0.0005255444523257678
log_hl,828,1347,0.0004886812889201613,0.00047177008534722136,0.0005141686752354442
log_hl,829,1347,0.00047399917937620157,0.00045520228468082816,0.0004920649758586294
log_hl,830,1346,0.0004588171070665317,0.00044574754844643895,0.00047954248014017784
log_hl,831,1347,0.0005209931404640912,0.0005012748041528611,0.0005420579446439294
log_hl,832,1347,0.0005002501354949281,0.0004858816109109955,0.0005212164122852253
log_hl,833,1347,0.0004894069258610594,0.000465252018120569,0.0005087716260792653
log_hl,834,1347,0.0004696507248498901,0.00045355214565486845,0.0004875926687486128
log_hl,835,1346,0.0004518258954310782,0.0004356273538315252,0.0004697095656635967
log_hl,836,1345,0.0004947127674950032,0.00047420945598823357,0.0005243262105628068
log_hl,837,1346,0.00048299626646559955,0.00046781693283051376,0.0005082964249849883
log_hl,838,1347,0.00047392344869289513,0.0004568992208794134,0.0004915879494509815
log_hl,839,1347,0.00046577257441631647,0.00044951381069164155,0.0004851757802612756
log_hl,840,1346,0.0004584381148244686,0.0004444773760115599,0.0004725832320909881
log_hl,841,1347,0.0007003928164787159,0.0006789881753897315,0.0007373219810188544
log_hl,842,1347,0.0006135776149022082,0.0005891683961299416,0.0006444468351149363
log_hl,843,1347,0.000596779334495664,0.0005778145638706436,0.0006251678804026013
log_hl,844,1346,0.0005477322328730175,0.0005279831168058853,0.0005745947213291728
log_hl,845,1346,0.0005299830772964689,0.0005094036027489193,0.0005541383767966315
log_hl,846,1346,0.0005773076622064227,0.0005544659458540956,0.0006027332825719509
log_hl,847,1346,0.0005666895446600518,0.0005489175840915437,0.0005851071515087717
log_hl,848,1346,0.0005344096018943352,0.0005121189069785047,0.0005585881101039517
log_hl,849,1346,0.0005399564984803614,0.0005184455637200827,0.0005589752852968817
log_hl,850,1346,0.000507046680123074,0.0004856292110673758,0.0005303114561993738
log_hl,851,1345,0.000574021445894985,0.0005493017896211667,0.0005966488489928857
log_hl,852,1346,0.0005533227268465536,0.0005325063948289542,0.0005753093021401424
log_hl,853,1347,0.0005391320105428071,0.0005160274297374146,0.0005651604435373154
log_hl,854,1347,0.0005129007149187527,0.0004944486729869441,0.0005340015428619996
log_hl,855,1347,0.0004912395710379394,0.0004730829310829421,0.0005121754182183816
log_hl,856,1347,0.0005795229860260356,0.0005583294732371494,0.0006038873732943616
log_hl,857,1347,0.0005491342416899112,0.0005275880254870937,0.0005726600779034478
log_hl,858,1347,0.0005046279803777697,0.0004901440288767032,0.0005274989706066369
log_hl,859,1347,0.0005054246109947657,0.0004850834315061142,0.0005294432521092876
log_hl,860,1346,0.0004972324018496018,0.00047639777017156827,0.0005224944797575355
log_hl,861,1346,0.000568425325370285,0.000551003108691582,0.0005985828318291118
log_hl,862,1346,0.0005355097762495343,0.0005120263200615148,0.0005559790305975764
log_hl,863,1346,0.0005201415192011203,0.0004982690199754308,0.0005362365056133977
log_hl,864,1346,0.0005012650159708834,0.0004875554836813605,0.0005238056267159636
log_hl,865,1346,0.00048755480750229784,0.0004650160853720096,0.0005030324328746059
log_hl,866,1346,0.0005442954601935417,0.0005175109405743889,0.0005710225571109646
log_hl,867,1346,0.0005270276187173076,0.0005102928495772145,0.0005487424173557383
log_hl,868,1346,0.0005085806190178309,0.0004903790266670033,0.0005373094359909506
log_hl,869,1347,0.0005049901102678733,0.00047894759087638056,0.0005311793537409743
log_hl,870,1347,0.000471711472278688,0.0004565667413186917,0.0004943080568832459
log_hl,871,1347,0.000625256712762184,0.0006041070423686757,0.0006516053292760239
log_hl,872,1347,0.0005617547322355139,0.0005370871271917907,0.0005851894975409127
log_hl,873,1347,0.0005320173673216054,0.0005128529356629394,0.0005472058110721659
log_hl,874,1347,0.0005227807508455653,0.0005032325928929253,0.0005448361345559796
log_hl,875,1347,0.0004927827954266721,0.0004706403099970236,0.0005182965908657217
log_hl,876,1347,0.0005625811851266008,0.0005385449909657992,0.000581877757439127
log_hl,877,1347,0.0005423876034688621,0.0005157869118485127,0.0005707646362423284
log_hl,878,1347,0.0005248930650917059,0.0005024792937373081,0.0005487259959436943
log_hl,879,1347,0.000500807562645031,0.00048447393314518457,0.000523258868095075
log_hl,880,1346,0.00048810764721452714,0.0004682253527756561,0.0005056120257900046
log_hl,881,1346,0.0005640987206273032,0.0005432086662746984,0.0005906833303709248
log_hl,882,1347,0.0005256017906229617,0.0005097139735391207,0.0005457411663599004
log_hl,883,1347,0.0005348451750753537,0.0005150637311408218,0.0005664438805586855
log_hl,884,1347,0.0005010717472540766,0.00048176593337748006,0.0005290736668039455
log_hl,885,1347,0.00046949795201906014,0.0004507356726271258,0.0004890265386616538
log_hl,886,1347,0.0005440013524959854,0.000514159776374033,0.0005713186539362766
log_hl,887,1347,0.0005319819251610522,0.0005020080391446741,0.0005584767584034774
log_hl,888,1347,0.0005244526146168862,0.0004982319575321144,0.0005419022175249022
log_hl,889,1347,0.0005179576012124762,0.0004963415142715134,0.000541276985147356
log_hl,890,1347,0.0004881867327000944,0.0004727391588802986,0.0005061953900650511
log_hl,891,1347,0.0005708043575476552,0.0005377969427644568,0.000597550062596556
log_hl,892,1347,0.0005523908305488682,0.0005195293677594542,0.0005769581059554722
log_hl,893,1347,0.0005134593006149583,0.0004966303183619434,0.0005387264904313766
log_hl,894,1347,0.0005009215777167541,0.00047860422520386195,0.0005253008478803648
log_hl,895,1347,0.00048322461719947906,0.00046349245379903077,0.000506589187594428
log_hl,896,1347,0.000562849501565037,0.0005454987655209277,0.0006026314789952103
log_hl,897,1347,0.0005146521579735328,0.0004965625984930455,0.0005470483465121639
log_hl,898,1347,0.0004979166223574402,0.0004742865983172863,0.000518594961585489
log_hl,899,1347,0.0004979609461128789,0.0004725351902937882,0.0005168198467839848
log_hl,900,1347,0.0004893012499526711,0.0004706901126578813,0.0005131912952308742
log_hl,901,1347,0.0007016523343985334,0.0006682341722756274,0.0007350053832435444
log_hl,902,1347,0.000635727929866013,0.0006101477504389483,0.0006584486177892079
log_hl,903,1346,0.0006135084603932665,0.0005819705687157336,0.000648316601534722
log_hl,904,1346,0.0005702343763197807,0.0005509331247087363,0.0006068588035021844
log_hl,905,1346,0.000548851758195222,0.000526686903490578,0.0005856438675340746
log_hl,906,1346,0.000607023847004617,0.0005839006705714665,0.0006323245633791522
log_hl,907,1346,0.0005690564541642707,0.0005498567762841058,0.0005953944048843596
log_hl,908,1346,0.0005482372560809132,0.0005246015486111395,0.0005699354022411597
log_hl,909,1346,0.0005501846557916131,0.0005244489955556493,0.0005787061812305977
log_hl,910,1346,0.0005252130688936582,0.0005001318795684043,0.0005477772865697398
log_hl,911,1346,0.0006040678229864891,0.0005810222106962782,0.0006293358136853023
log_hl,912,1346,0.0005703189972279817,0.0005416193060566709,0.0005906238636070385
log_hl,913,1346,0.0005677536081838642,0.0005424406609309265,0.0005976724406644399
log_hl,914,1346,0.0005437706078705659,0.0005163804491625513,0.0005734674623688441
log_hl,915,1346,0.0005333770138742882,0.0005127604124334562,0.0005601338183337513
log_hl,916,1347,0.000614399605416022,0.0005901328779621506,0.0006394185253862323
log_hl,917,1347,0.000585945691229811,0.0005559886308714384,0.0006135303514396103
log_hl,918,1347,0.0005412720023895905,0.0005157380738052625,0.0005718658729855003
log_hl,919,1347,0.0005485592620730308,0.0005270061069288533,0.0005750608671918667
log_hl,920,1347,0.0005093919244180943,0.0004914221730291981,0.0005301730983377322
log_hl,921,1347,0.000602190486024662,0.0005721759665541454,0.0006289389580533997
log_hl,922,1347,0.0005755006167741343,0.0005532942630142918,0.0005972056064352912
log_hl,923,1347,0.0005541428475740493,0.0005292190072425749,0.0005750647106258939
log_hl,924,1347,0.0005149236003950257,0.0004968325405162261,0.0005378248144468947
log_hl,925,1347,0.0005425554494132497,0.0005192633234376543,0.000557787869147747
log_hl,926,1347,0.000572104214849121,0.0005489156719041791,0.0006035902844954634
log_hl,927,1347,0.000527336552540975,0.0005107763599948374,0.0005553237794341186
log_hl,928,1347,0.0005250463638100546,0.0005057742105098505,0.0005449368381545419
log_hl,929,1347,0.0005169122114713985,0.0004909038578477931,0.0005449476654075289
log_hl,930,1347,0.0005056570488882371,0.0004893864415284905,0.0005325162299559354
log_hl,931,1346,0.0006647864633181346,0.0006395811705198693,0.0006943379939992302
log_hl,932,1346,0.00060225943741716,0.0005779464102810229,0.0006285017645509033
log_hl,933,1346,0.0005921860860324923,0.0005726701744822975,0.0006245551744797203
log_hl,934,1346,0.0005599963570467853,0.0005316463825403694,0.0005864684250444069
log_hl,935,1347,0.0005530163931379027,0.0005261164570841519,0.000568950772485175
log_hl,936,1347,0.0006114982952623497,0.0005891857921937549,0.0006334507333934571
log_hl,937,1347,0.0005961400111965774,0.0005649733669964183,0.0006188924062008165
log_hl,938,1347,0.0005659679290804838,0.0005425733134587869,0.0005924617959835945
log_hl,939,1347,0.0005480202904655649,0.0005257583367461986,0.0005744308593760757
log_hl,940,1347,0.0005515719941273214,0.0005243737380691628,0.0005730930740483879
log_hl,941,1346,0.0006194293981222321,0.0005916168636063037,0.0006466036321637764
log_hl,942,1346,0.0005770796207694416,0.0005460659800270279,0.0005932058880344212
log_hl,943,1346,0.0005841236464436963,0.0005575985303714195,0.0006132167204876406
log_hl,944,1346,0.0005617836629180878,0.0005371906369886856,0.0005873314262589863
log_hl,945,1346,0.0005772335641252772,0.0005503612252006152,0.0006060349558948462
log_hl,946,1347,0.0006927270021253354,0.0006654496055146375,0.0007172881079915013
log_hl,947,1347,0.0006282032827197208,0.0005971822669993687,0.0006586443689267096
log_hl,948,1347,0.0006092685158578502,0.000590551198265331,0.0006400822542473516
log_hl,949,1347,0.0006049606960061281,0.0005763132942328106,0.0006374832721260435
log_hl,950,1347,0.0006261538167852968,0.0006095155552231047,0.0006529661485988425
log_hl,951,1347,0.0012650223065867022,0.0012108111778961783,0.0013229483829925932
log_hl,952,1347,0.0007562199447875589,0.0007331234967950492,0.0007935758564794404
log_hl,953,1347,0.0006990335739471037,0.0006688963460101634,0.0007294053118276814
log_hl,954,1347,0.0006570820537623869,0.0006306210555194196,0.0006839787524660885
log_hl,955,1347,0.0009412973482973973,0.000909289576889316,0.0009945162714150107
log_hl,956,1347,0.0009068695988924358,0.0008633494477326422,0.0009337691600911209
log_hl,957,1347,0.0006504801055188228,0.0006233993918359472,0.0006827409928328371
log_hl,958,1347,0.0006206040745319302,0.0005973398408939722,0.0006472618144568825
log_hl,959,1347,0.0005783283346685967,0.0005592276515033769,0.0005990248876975605
log_hl,960,1347,0.0010319849200708926,0.0009969767965193176,0.001065520239194327
log_hl,961,1347,0.0009418660107093319,0.0009149430432729322,0.0009676567320141736
log_hl,962,1347,0.00056527338753582,0.0005447691431838095,0.0005972544500834553
log_hl,963,1347,0.0004712470114513695,0.000453392173893566,0.0004918001877172366
log_hl,964,1347,0.0004183435330718397,0.0004042764111605409,0.0004371395787211677
log_hl,965,1347,0.00041684703920740406,0.0004016785991027851,0.0004309190171928834
log_hl,966,1347,0.000463992802789158,0.0004497909891279164,0.0004869743094892478
log_hl,967,1347,0.00037874658289646857,0.0003613473195508115,0.00039357358078683506
log_hl,968,1345,0.00035946224835294325,0.00034303665428283257,0.0003709906984250311
log_hl,969,1345,0.0003217527893846591,0.00031256325683889235,0.000339288098841188
log_hl,970,1345,0.0003236630049076819,0.000315019863908674,0.0003417994841199567
log_hl,971,1345,0.00034789371174876333,0.000334294368610156,0.0003612185708105993
log_hl,972,1345,0.0002952264180954978,0.00028422507584406826,0.00030729666419346084
log_hl,973,1345,0.00029897397790148446,0.00028510023975717184,0.0003115687754494729
log_hl,974,1345,0.0003533864689761002,0.0003340850277462207,0.00037099670685702176
log_hl,975,1345,0.0003809555404708562,0.0003643188595505623,0.00040138922281462487
log_hl,976,992,0.00030004893892682314,0.0002884754094721465,0.00031771048215989845
log_hl,977,981,0.0002566196211446228,0.00023973916493793922,0.0002683694990493917
log_hl,978,981,0.0002228384677934354,0.00020897946354093475,0.0002374923837985539
log_hl,979,980,0.00021041399603201455,0.00019743047194580358,0.00022214945059864912
log_hl,980,980,0.00020053543027125797,0.0001875015041002372,0.00021190456948501027
log_hl,981,979,0.00021583510281997657,0.00020419922268648943,0.00022624230936343204
log_hl,982,981,0.0002026137176418639,0.00019134890404835312,0.00021129970876853328
log_hl,983,981,0.00019533581544266412,0.0001858599930058372,0.00020500899588036712
log_hl,984,982,0.00019246297244457776,0.00018190577708101897,0.00020350020420247276
log_hl,985,982,0.00017900936429927054,0.0001695202580768274,0.00018775053928635525
log_hl,986,982,0.00018485175819846035,0.00017509461242988346,0.0001970807617404783
log_hl,987,981,0.0001791133892045835,0.0001711263462841593,0.00018726264309702157
log_hl,988,983,0.00017454139293431,0.00016819604180388816,0.0001838742467030104
log_hl,989,983,0.0001718423963968005,0.0001644466418839438,0.00018383969732534608
log_hl,990,983,0.00016915660097088932,0.00016088023647199958,0.0001785865643772539
log_hl,991,1347,0.00027108535966216914,0.0002533056280306268,0.0002871234588250516
log_hl,992,1344,0.0002236331387033003,0.0002085480856551258,0.00023310105142166423
log_hl,993,1347,0.00019778698406369588,0.00018769715278111845,0.0002088886152829051
log_hl,994,1347,0.00019274406276550583,0.00018426254304815707,0.00020297143366824252
log_hl,995,1347,0.0001875683848566604,0.00018063350800685084,0.0001951607790475163
log_hl,996,1347,0.00019766473301966145,0.0001880924250510644,0.0002065109756628035
log_hl,997,1347,0.00018419259229479073,0.00017691675946949069,0.00019414243833061135
log_hl,998,1347,0.000173175167113953,0.00016646309392708637,0.00018201073553194148
log_hl,999,1347,0.00017247964167001122,0.00016330720454355013,0.00018039495731053413
log_hl,1000,1345,0.00017307162848535502,0.00016414517109848565,0.00018173857781763326
log_hl,1001,1346,0.0001899213369511976,0.0001828259917169642,0.00020015076279071323
log_hl,1002,1346,0.0001602974029537163,0.0001530631771249708,0.0001679978593567312
log_hl,1003,1346,0.0001615454522665947,0.00015519077915749447,0.00016792611290518503
log_hl,1004,1346,0.0001650465358911076,0.00015690802446018654,0.00017413398172207547
log_hl,1005,1347,0.00018550529164881825,0.0001779912921123987,0.00019112693275568626
log_hl,1006,1346,0.00023895338540907914,0.000232491948162491,0.00024802490567645864
log_hl,1007,1346,0.00018788992280803623,0.0001831591559940102,0.0001959182211858447
log_hl,1008,1346,0.00017379364623545593,0.0001665700434096822,0.00018065813201358771
log_hl,1009,1347,0.00016376184385652093,0.00015805475290111586,0.00016856300082059762
log_hl,1010,1347,0.00018092764236015728,0.00017361225458005334,0.00018912171963507768
log_hl,1011,1347,0.00020727966246163608,0.00019894558903772096,0.00021432080717765967
log_hl,1012,1347,0.00016525101666983873,0.00016012237629948006,0.00017171312502836428
log_hl,1013,1344,0.00015970919603790632,0.00015387613682185577,0.00016537125885224415
log_hl,1014,1344,0.00015138141508776816,0.00014519729099110072,0.0001579404567762384
log_hl,1015,1344,0.00017352031916659333,0.00016672118835801592,0.00018067663448572972
log_hl,1016,1345,0.00021496340819319244,0.00020755365704088898,0.0002217856884800747
log_hl,1017,1342,0.00016085187742100233,0.00015516509206757594,0.0001690467263808947
log_hl,1018,1344,0.00016220570999230915,0.00015754305448790727,0.00016844318529737749
log_hl,1019,1344,0.00017929660005037144,0.0001711204195231261,0.0001879296419972567
log_hl,1020,1344,0.0002594011717524221,0.0002512165090086328,0.00027064444771562
log_hl,1021,0,,,
log_hl,1022,0,,,
log_hl,1023,0,,,
log_hl,1024,0,,,
log_hl,1025,0,,,
log_hl,1026,0,,,
log_hl,1027,0,,,
log_hl,1028,0,,,
log_hl,1029,0,,,
log_hl,1030,0,,,
log_hl,1031,0,,,
log_hl,1032,0,,,
log_hl,1033,0,,,
log_hl,1034,0,,,
log_hl,1035,0,,,
log_hl,1036,0,,,
log_hl,1037,0,,,
log_hl,1038,0,,,
log_hl,1039,0,,,
log_hl,1040,0,,,
log_hl,1041,0,,,
log_hl,1042,0,,,
log_hl,1043,0,,,
log_hl,1044,0,,,
log_hl,1045,0,,,
log_hl,1046,0,,,
log_hl,1047,0,,,
log_hl,1048,0,,,
log_hl,1049,0,,,
log_hl,1050,0,,,
log_hl,1051,0,,,
log_hl,1052,0,,,
log_hl,1053,0,,,
log_hl,1054,0,,,
log_hl,1055,0,,,
log_hl,1056,0,,,
log_hl,1057,0,,,
log_hl,1058,0,,,
log_hl,1059,0,,,
log_hl,1060,0,,,
log_hl,1061,0,,,
log_hl,1062,0,,,
log_hl,1063,0,,,
log_hl,1064,0,,,
log_hl,1065,0,,,
log_hl,1066,0,,,
log_hl,1067,0,,,
log_hl,1068,0,,,
log_hl,1069,0,,,
log_hl,1070,0,,,
log_hl,1071,0,,,
log_hl,1072,0,,,
log_hl,1073,0,,,
log_hl,1074,0,,,
log_hl,1075,0,,,
log_hl,1076,0,,,
log_hl,1077,0,,,
log_hl,1078,0,,,
log_hl,1079,0,,,
log_hl,1080,0,,,
log_hl,1081,1395,0.0009793520737069613,0.00094649238444019,0.0010081045982517252
log_hl,1082,1395,0.00045961163626493615,0.0004379099330405895,0.0004819069053813462
log_hl,1083,1394,0.00037038176953779517,0.0003527959112266717,0.00038900169240832445
log_hl,1084,1394,0.00032419252463210415,0.000312677455465002,0.00034209566100560805
log_hl,1085,1395,0.00029022240914174184,0.0002748006750506688,0.0003052934475217687
log_hl,1086,1395,0.00032156245781569216,0.0003037801537718472,0.00033421498068858524
log_hl,1087,1396,0.0002871945513946959,0.0002684781741268143,0.0003019511394955378
log_hl,1088,1394,0.00026476115606297924,0.0002551758625190123,0.00027724689649171065
log_hl,1089,1394,0.0002481681984329312,0.00023681228883299824,0.0002658806440008656
log_hl,1090,1396,0.00024018807974212074,0.00023166585728153814,0.0002500945173839973
log_hl,1091,1393,0.00026824634116371884,0.0002584034055893776,0.00028179034630676107
log_hl,1092,1395,0.00024010756934411196,0.00022746104827625938,0.0002518413265928096
log_hl,1093,1394,0.00022835914134027214,0.0002186166130433971,0.00024090204013519533
log_hl,1094,1393,0.00022387892721185653,0.0002145748538287255,0.0002324586412988125
log_hl,1095,1395,0.00021811332064854065,0.0002108648100804662,0.00022844573248567503
log_hl,1096,1393,0.00024598084987416895,0.00023456470818882417,0.000259235257446613
log_hl,1097,1392,0.00022265184865376847,0.00021192995575217274,0.0002343207594856063
log_hl,1098,1395,0.00022074927039073496,0.00020779734425976587,0.0002335023127091746
log_hl,1099,1392,0.00022399157700325932,0.00021259650982145844,0.00023373236548601957
log_hl,1100,1391,0.00020603688133041413,0.00019537017979692618,0.00021488149706462684
log_hl,1101,1394,0.00023180168720276918,0.0002205408043925255,0.00024143887493943068
log_hl,1102,1393,0.00020803807171739135,0.00019939185550322316,0.00021833738519994093
log_hl,1103,1393,0.00020655182458706605,0.00019547344007474462,0.0002145677154001515
log_hl,1104,1395,0.00019696117114885513,0.0001873899192240263,0.00020756871070564049
log_hl,1105,1393,0.00020150727509449882,0.00019177328446770025,0.0002149266571058736
log_hl,1106,1393,0.00020672101780366294,0.00019884097737630452,0.00021822381167712663
log_hl,1107,1392,0.00019595190608313594,0.00018833026767748652,0.00020507314232825436
log_hl,1108,1394,0.0001875892023758464,0.00017724277828898202,0.00019692955891000865
log_hl,1109,1395,0.00018334158421820463,0.00017413098641519612,0.00019238233509440768
log_hl,1110,1390,0.00018318673427235652,0.00017434682017350078,0.00019236009869675537
log_hl,1111,1396,0.0002476141941289151,0.00023903949698212353,0.0002590769595955509
log_hl,1112,1392,0.0002164787419278938,0.00020511211065984272,0.00022787128540232923
log_hl,1113,1394,0.0002021131754916457,0.0001949790756635517,0.00021390544639082057
log_hl,1114,1395,0.00019925081758747845,0.00018849146178347655,0.00021037196535549874
log_hl,1115,1393,0.00019080468263229586,0.00018189465550062886,0.00019972237633629096
log_hl,1116,1393,0.0002078930051491972,0.0001970813699838791,0.00021720504437416937
log_hl,1117,1391,0.00019258916938047667,0.00018069528992215907,0.0001994384931212654
log_hl,1118,1393,0.00018774348037677228,0.00017954799408942274,0.0001973638590459287
log_hl,1119,1395,0.00018145801564957724,0.0001724354437011965,0.00019031000563646142
log_hl,1120,1397,0.00018311105736773173,0.0001737926582625813,0.00019191039580559037
log_hl,1121,1394,0.00018941912192843244,0.0001816033303334947,0.00019977422935096132
log_hl,1122,1395,0.00018187513311855894,0.00017467386783441178,0.00019240019299371187
log_hl,1123,1394,0.00017293904802513752,0.00016503636765093365,0.00018526237837260777
log_hl,1124,1396,0.00017908321133701155,0.00016909339125043165,0.00018613367401862743
log_hl,1125,1394,0.00017576602218434217,0.00016919923249939255,0.00018437708282313274
log_hl,1126,1392,0.0002002383118569399,0.0001895272131328825,0.00020857085534149605
log_hl,1127,1392,0.00019138908867846597,0.0001814737327710913,0.00019906040481040949
log_hl,1128,1392,0.00018282789099947054,0.00017231786347987783,0.0001893114747338639
log_hl,1129,1393,0.00017202985716165595,0.00016507629634751527,0.0001818640220302977
log_hl,1130,1394,0.00016965391465573662,0.00016220439439530178,0.0001787778466579932
log_hl,1131,1392,0.00018581993064003638,0.00017778496147683554,0.00019660179829782744
log_hl,1132,1392,0.00017388218043314291,0.0001674379517178098,0.0001828591409806038
log_hl,1133,1394,0.00017387818433008356,0.00016655721428256257,0.00018336236622161487
log_hl,1134,1394,0.00016362141055037933,0.00015522587582501884,0.00017345965096766152
log_hl,1135,1394,0.00016859090977884252,0.00016318005323234417,0.00017785676782067756
log_hl,1136,1389,0.00017169838359527674,0.00016535075065579686,0.00018241630471484472
log_hl,1137,1396,0.000164253915745961,0.00015641411944971556,0.00016849672875390617
log_hl,1138,1395,0.0001643689264245402,0.00015421884183248696,0.00017260204641561335
log_hl,1139,1391,0.0001671391565935597,0.00015999538440232837,0.00017602747146005347
log_hl,1140,1396,0.00016761087799953956,0.00016015229893010722,0.0001758532822411015
log_hl,1141,1394,0.0003103051165016399,0.0002978927500908464,0.00032659853441467033
log_hl,1142,1390,0.0002473404687009481,0.0002360465394506842,0.0002602515302767558
log_hl,1143,1394,0.0002245750438884203,0.00021430794380572962,0.0002340511543513958
log_hl,1144,1394,0.00021909205219875917,0.0002102779180888758,0.00022986425766413374
log_hl,1145,1394,0.00021149895530410095,0.00020113305019030768,0.00022112653859624772
log_hl,1146,1396,0.00021926260978970914,0.00021084954463532,0.00022901834924714127
log_hl,1147,1393,0.00021275589886875495,0.00020018503884553906,0.00022070879141180834
log_hl,1148,1391,0.00020154087225481726,0.00019324698588143012,0.00021257981077607682
log_hl,1149,1392,0.00020038575340865607,0.00018932268004669418,0.00020821091542389306
log_hl,1150,1395,0.00020348985164580992,0.0001929623867164244,0.00021020790699628498
log_hl,1151,1390,0.00020243948450541656,0.00019321481710291705,0.0002118256490266741
log_hl,1152,1391,0.00019341736303497416,0.00018356376152123898,0.00020286915009429913
log_hl,1153,1396,0.00019115352655365588,0.0001842281412386098,0.00019949328771241975
log_hl,1154,1393,0.00018504344368191922,0.00017559342574321088,0.0001926737035575602
log_hl,1155,1389,0.00018702513204723023,0.0001784126283265519,0.00019581488813476868
log_hl,1156,1393,0.00021876169454849127,0.00021151178245558072,0.00022468248976428233
log_hl,1157,1394,0.0001970877239407004,0.00018901464492469965,0.00020605249717802507
log_hl,1158,1392,0.00018964095779679541,0.0001826238007993902,0.0001979274178348307
log_hl,1159,1395,0.00018959972637755688,0.0001812510152935498,0.0001972036219448934
log_hl,1160,1395,0.00018058690793987549,0.00017104467349111726,0.00018801329197265306
log_hl,1161,1395,0.0002001172121773882,0.00019212519315717414,0.00020610663944568204
log_hl,1162,1394,0.0001838777527858584,0.0001741706295893295,0.00019310680322783032
log_hl,1163,1393,0.0001863797804043694,0.00017546207981986703,0.00019578917775857097
log_hl,1164,1392,0.0001779115205509096,0.00017123169515436082,0.0001888875847463426
log_hl,1165,1394,0.00017655839224400106,0.0001696069413294433,0.0001851485975910103
log_hl,1166,1395,0.0001849701484007468,0.00017493699691792665,0.00019367044915001976
log_hl,1167,1390,0.000183404696974749,0.00017165322406118808,0.00019194384330501051
log_hl,1168,1392,0.000179962046444074,0.00017061515914155366,0.0001876018399820614
log_hl,1169,1392,0.00017905717604614824,0.0001718076377054484,0.0001877878570782943
log_hl,1170,1394,0.00017710479257716192,0.00016887849137900375,0.00018604342148873917
log_hl,1171,1393,0.00023421946470819272,0.00022264513343317179,0.0002445327126683808
log_hl,1172,1391,0.00019766996592779677,0.00018877662917333703,0.00020626510595680484
log_hl,1173,1394,0.00019901591803894118,0.00018960336600659677,0.00020881292565751373
log_hl,1174,1392,0.00018527236692762912,0.00017492708841901559,0.00019274673908498672
log_hl,1175,1394,0.00018331623426608065,0.00017514765722618538,0.00019224081215287947
log_hl,1176,1394,0.00018633499630511634,0.0001779391280136318,0.00019365550062546119
log_hl,1177,1394,0.00018277222846975043,0.00017359330289063243,0.00018809501216557838
log_hl,1178,1390,0.00018361426422901458,0.0001742065358302485,0.00019185703968618376
log_hl,1179,1394,0.0001731802851880484,0.0001654624593064348,0.0001819749835296013
log_hl,1180,1394,0.00017640989910265277,0.00016844574335528987,0.00018557262378983972
log_hl,1181,1391,0.00018934313766589715,0.00018309206487071363,0.00019687297560788388
log_hl,1182,1391,0.00017737310478997364,0.00017021103424511025,0.0001849354299420192
log_hl,1183,1393,0.00018335054842611839,0.00017613386219024918,0.00019103708854240005
log_hl,1184,1392,0.00017408287103178266,0.00016509708167704548,0.00018206016657195125
log_hl,1185,1393,0.00016996685687220293,0.0001641687467594542,0.00017716683594921347
log_hl,1186,1395,0.0002230866840444978,0.00021534164424294452,0.00023130033150330708
log_hl,1187,1395,0.00020646226975370362,0.00019829422074785086,0.0002160533128642987
log_hl,1188,1394,0.0001915843637076123,0.0001833934979889094,0.00019776507993018435
log_hl,1189,1395,0.00019723087910558055,0.00018736413926659045,0.00020566465275832527
log_hl,1190,1395,0.00017653586245792495,0.00016888603925947033,0.0001851704611929226
log_hl,1191,1393,0.00020953378808985092,0.00020288384072325027,0.00021767823529633164
log_hl,1192,1395,0.00019437290502915657,0.00018828007068719436,0.0002048846928173014
log_hl,1193,1396,0.00018715497570994692,0.00018082656638468807,0.0001959361855205266
log_hl,1194,1396,0.00018848284371907596,0.00018053300249468637,0.0001971658269391978
log_hl,1195,1393,0.0001882786110601124,0.00018058690793987549,0.00019668059053332563
log_hl,1196,1396,0.00019751340520715515,0.0001864288791054101,0.00020242433923544994
log_hl,1197,1394,0.00018363896380736274,0.00017498175102334898,0.0001940034675479942
log_hl,1198,1395,0.0001849009860491171,0.0001762266181229461,0.00019359179165003248
log_hl,1199,1394,0.00017932037689704467,0.0001716644565911218,0.00018593185010760147
log_hl,1200,1393,0.0001937171090550492,0.00018324938347577793,0.0002024537973446249
log_hl,1201,1395,0.0004047246330180468,0.0003899884737854963,0.00042100034290486644
log_hl,1202,1396,0.00033139209599130905,0.0003172677117542482,0.0003459670676425783
log_hl,1203,1396,0.0002911767685827857,0.0002807196684343956,0.00030781031254856726
log_hl,1204,1396,0.00028977962447240054,0.0002745577669558828,0.00030205430647424524
log_hl,1205,1397,0.00027554420153808685,0.0002613496574941711,0.0002873231852076988
log_hl,1206,1395,0.000283808714832436,0.00027186952159567084,0.00029804834469365754
log_hl,1207,1397,0.0002730338169341178,0.00025913777267774443,0.00028583074340490506
log_hl,1208,1395,0.00025755394141356217,0.0002483067490523289,0.0002716904236484899
log_hl,1209,1396,0.000265629451925962,0.0002516338576836872,0.00027383777594528977
log_hl,1210,1396,0.0002521988603875866,0.0002384801677826109,0.0002630756851028933
log_hl,1211,1393,0.0002621950507827763,0.0002514152934490009,0.0002723643210016288
log_hl,1212,1395,0.00024415339930496663,0.00023547835129354773,0.0002545813096335509
log_hl,1213,1396,0.0002408382944100843,0.00023305881132148023,0.0002520963759075171
log_hl,1214,1394,0.000234919629043284,0.0002253436500183642,0.00024408379332024814
log_hl,1215,1392,0.00022950043664497175,0.00022062338452225313,0.00024318869130314968
log_hl,1216,1393,0.00032631124623715146,0.0003061064197381803,0.00033788711738514174
log_hl,1217,1391,0.00027163456264078,0.00026081081519803797,0.00028175264434079905
log_hl,1218,1394,0.00025140098641830157,0.00023831342012144613,0.0002629797228597072
log_hl,1219,1394,0.0002443286883943002,0.00023333748901726054,0.00025562719645643627
log_hl,1220,1396,0.0002338226438502579,0.00022557970259632482,0.0002452836396471611
log_hl,1221,1395,0.00025514434929906413,0.00024710679257561384,0.000264802287583828
log_hl,1222,1395,0.0002434616513107115,0.00023311857026911222,0.0002548508022712274
log_hl,1223,1396,0.00023487378434255472,0.00022764956595980768,0.00024369739718799297
log_hl,1224,1396,0.00021887425768605644,0.00021037883553316487,0.00022911952729890277
log_hl,1225,1395,0.00021922613263286313,0.00020870744454678014,0.00023077972178086594
log_hl,1226,1395,0.0002370510856188696,0.00022840032478052623,0.00024657196601696147
log_hl,1227,1396,0.0002263454944338449,0.0002155280974848784,0.0002354106649293085
log_hl,1228,1395,0.00021788865975724494,0.00021057290329019543,0.00022879249660408694
log_hl,1229,1395,0.00021540891876224168,0.000203650830289762,0.000226285613453219
log_hl,1230,1395,0.0002001118278652853,0.0001925754638593949,0.00020997266276295647
log_hl,1231,1394,0.0002815596800421296,0.0002693602709889491,0.0002949801485050789
log_hl,1232,1393,0.0002608862474034512,0.00025178785014509945,0.0002691197296918715
log_hl,1233,1395,0.0002548744757010695,0.0002417283946543884,0.0002669617485340654
log_hl,1234,1393,0.00024175476886033022,0.00023324026660062543,0.000252742374667015
log_hl,1235,1395,0.0002296556059310579,0.00021985464592015502,0.00023951427571106132
log_hl,1236,1395,0.000240490601984851,0.0002306858299924878,0.0002511756428649317
log_hl,1237,1395,0.00024378352144147381,0.0002326122364523938,0.0002517344664457738
log_hl,1238,1396,0.00023267982854226926,0.00022203106708875597,0.000244692303552813
log_hl,1239,1395,0.00022596316896499895,0.00021744222770956841,0.0002394693010643501
log_hl,1240,1390,0.0002218381914328375,0.00020919706745449769,0.00023336670498390392
log_hl,1241,1396,0.00023681282809138912,0.00022582221050680573,0.00024869447657691084
log_hl,1242,1396,0.00022871098082044854,0.0002174334711129919,0.00023693281602210847
log_hl,1243,1393,0.00022170818859147624,0.0002141136919128899,0.0002322885905612934
log_hl,1244,1394,0.00021636573732302774,0.00020901841214722374,0.00022495742593649066
log_hl,1245,1395,0.00020846905612969358,0.0002001285952029015,0.00021795560160741838
log_hl,1246,1395,0.0002447321418935746,0.00023228168275699597,0.0002579774889787936
log_hl,1247,1394,0.00023093715539584811,0.00022044547031436647,0.0002449620664868018
log_hl,1248,1394,0.00021477335846812842,0.00020812376501636536,0.00022408688452165072
log_hl,1249,1395,0.00021354897114961546,0.00020690541789500174,0.00022269526864599474
log_hl,1250,1395,0.0002026438271493108,0.00019420750994092294,0.00021172083827459632
log_hl,1251,1395,0.00023004611480359423,0.00021720424803238286,0.00023819883841163955
log_hl,1252,1394,0.00021604897037511974,0.00020735643962833993,0.0002263262729197715
log_hl,1253,1393,0.00021389142623729333,0.00020685470920816886,0.0002208912119766643
log_hl,1254,1394,0.00020220230834230485,0.00019291784553722004,0.0002108814853871545
log_hl,1255,1395,0.00020692033640905505,0.00019866248781123246,0.00021739079512193846
log_hl,1256,1394,0.0002169595771194603,0.00020997103965750359,0.00022997498500632065
log_hl,1257,1393,0.0002202272986432147,0.0002073663866519625,0.00023088002242833714
log_hl,1258,1392,0.00021748262959323653,0.00020812426051455146,0.00022754186647773854
log_hl,1259,1395,0.0001998441222503509,0.00019216738083435248,0.00020900305878540756
log_hl,1260,1395,0.00019574259910807223,0.00018942810822150853,0.0002051804709969995
log_hl,1261,1395,0.00029252239833189983,0.00027861251150396117,0.00030461491833238836
log_hl,1262,1394,0.0002547956432841489,0.0002434890114201264,0.00026272976374083074
log_hl,1263,1396,0.00023990246811194223,0.0002323048559278115,0.00025049489679979976
log_hl,1264,1397,0.0002286193307600216,0.00021475781381131932,0.00024034598504600144
log_hl,1265,1394,0.00021888134961578696,0.00021178061907708168,0.00022629127555132342
log_hl,1266,1395,0.00023601351823331613,0.00022379096587378254,0.0002453725896093083
log_hl,1267,1395,0.00022844563612428378,0.0002199912336423549,0.000236404581756121
log_hl,1268,1395,0.00022625074335047563,0.00021523522725053657,0.000241100159737557
log_hl,1269,1397,0.00021174409842434415,0.00020053494854230917,0.0002203090632125297
log_hl,1270,1397,0.00021019782926868803,0.00019939629846695356,0.00022209331013114025
log_hl,1271,1395,0.0002225295258176767,0.0002107967005274974,0.0002337956947261544
log_hl,1272,1394,0.0002085696043788706,0.00019861301973630787,0.00021984744792216636
log_hl,1273,1395,0.0002130729976778475,0.0002035905266139164,0.00022238585570133454
log_hl,1274,1396,0.0002026046758119144,0.00019648662643044403,0.00021237058747190096
log_hl,1275,1395,0.00020372407681596395,0.00019495045622791333,0.00021363966362147828
log_hl,1276,1395,0.0002739589576808921,0.0002608175516899702,0.00028995779706360655
log_hl,1277,1396,0.00024817099161682286,0.00023376351545343433,0.00025844752703405515
log_hl,1278,1395,0.000232634373835264,0.0002224658349535072,0.0002473917351398579
log_hl,1279,1395,0.00022201538828608768,0.00021281841889153987,0.00023191341831903486
log_hl,1280,1395,0.00021141649127382863,0.00020214838282033734,0.0002195074029999402
log_hl,1281,1397,0.0002369628148730423,0.00022916904643427265,0.0002477656857201265
log_hl,1282,1392,0.00022466879618568582,0.00021368998708052241,0.00023790213683436988
log_hl,1283,1395,0.00022076162851176638,0.00021126107213607288,0.000230129131153195
log_hl,1284,1395,0.00020732980025480352,0.00019997555920936796,0.00021901971203315863
log_hl,1285,1395,0.00020879262669418867,0.0001996362897065886,0.00021894132877016667
log_hl,1286,1392,0.0002220443468512503,0.00021155106314139026,0.00023306319296128683
log_hl,1287,1392,0.00020384312736924077,0.00019784386730735772,0.00021347375243408349
log_hl,1288,1395,0.00020309629603697604,0.00019534209582691464,0.00021246139300026753
log_hl,1289,1395,0.00020199163823295146,0.00019512691400310234,0.00021168602668013574
log_hl,1290,1392,0.00019828479392920847,0.00019063042153487654,0.00020700109056959572
log_hl,1291,1395,0.00030282084428767675,0.00029216546411569845,0.0003181312090821523
log_hl,1292,1396,0.0002596044605971799,0.0002487306760629489,0.00027155812097774917
log_hl,1293,1395,0.0002504517088532232,0.00023683152341123467,0.0002604022315642175
log_hl,1294,1397,0.00023619257677800462,0.0002301142911129306,0.00024644295247287584
log_hl,1295,1395,0.0002295383011126665,0.0002230068769695974,0.00024121187523386446
log_hl,1296,1395,0.0002484400842185646,0.00023675642025402428,0.0002643537442502494
log_hl,1297,1395,0.00024542888821195435,0.0002349043235443869,0.0002540094787802811
log_hl,1298,1391,0.00023539104445772724,0.00022682594986111478,0.0002456042434896767
log_hl,1299,1394,0.0002278697507628493,0.00022140592854488065,0.00023635824485402441
log_hl,1300,1393,0.00021668058180662468,0.0002063031100310965,0.0002267761386588586
log_hl,1301,1393,0.00024279777865933476,0.00023278465686672192,0.0002525430636957236
log_hl,1302,1392,0.00022741305580074162,0.00021864234622039525,0.0002444719363927637
log_hl,1303,1395,0.00021882542323848703,0.0002118392199411976,0.00023153463284263608
log_hl,1304,1392,0.0002172963727967045,0.0002095202799119417,0.00023064166324453676
log_hl,1305,1394,0.00020932375566798744,0.00019964151492991045,0.00021887367831972042
log_hl,1306,1394,0.0002488647455603526,0.00023498618201611417,0.00026042090675987083
log_hl,1307,1392,0.00022089750456828067,0.0002101484704417791,0.00023161834277007348
log_hl,1308,1395,0.00021585451489567901,0.00020985871888280473,0.00022539493697861445
log_hl,1309,1396,0.0002182218303520649,0.00020797457380414681,0.00022950222062370328
log_hl,1310,1396,0.00020767911050873,0.00019771634759507744,0.00021814093668959966
log_hl,1311,1395,0.00022847885112216974,0.0002198855976404345,0.00023828519807567343
log_hl,1312,1397,0.0002100423593144829,0.00020256048595756435,0.00022128912337244507
log_hl,1313,1396,0.00020728891861182766,0.00019807291375424998,0.00021446705869980503
log_hl,1314,1393,0.00019965061209326903,0.00018829560077846143,0.000207867103570809
log_hl,1315,1394,0.00019576814593729987,0.0001886185065388995,0.00020477976201762406
log_hl,1316,1392,0.00021300675378760673,0.00020383379366317362,0.00021908909112426983
log_hl,1317,1394,0.0001950391865814912,0.00018826440781934242,0.0002058702017641016
log_hl,1318,1397,0.00020062192864959006,0.00019095509430736078,0.00021029583753605537
log_hl,1319,1392,0.00019198994866422136,0.00018108647251683158,0.00020028124956782348
log_hl,1320,1396,0.0001852834429269001,0.00017981054555553196,0.00019150788448353038
log_hl,1321,1397,0.000256959316188953,0.00024343980674935937,0.0002709502346655385
log_hl,1322,1398,0.00022352279398848296,0.00021423801363947212,0.000233687860048958
log_hl,1323,1398,0.00021848458172088155,0.0002060232682258179,0.00022831380026980329
log_hl,1324,1399,0.0002081959825696928,0.00019895510784104247,0.0002177334994896312
log_hl,1325,1397,0.00019611902308433433,0.00018912030254108572,0.00020632703052625027
log_hl,1326,1397,0.00020739573253929062,0.00019774327072649947,0.0002200079445111556
log_hl,1327,1400,0.00020810979973138273,0.00019601464037555296,0.0002178575403995747
log_hl,1328,1398,0.00019978625669209946,0.00018935449110751105,0.0002060023146988444
log_hl,1329,1399,0.0001919312124429406,0.00018285589954631268,0.00020205291101440086
log_hl,1330,1397,0.0001922818088104604,0.00018533339002555532,0.00019842769799665604
log_hl,1331,1399,0.00020436576433678755,0.00019709591691813102,0.0002154408095359308
log_hl,1332,1395,0.00019498878876258804,0.00018721416223083532,0.00020399801762444863
log_hl,1333,1399,0.00019210977760625826,0.00018414566007169308,0.00019977494345495032
log_hl,1334,1396,0.00018739425588876294,0.00018001038952833104,0.00019735742575000012
log_hl,1335,1396,0.00018621997115000574,0.00017987876219965993,0.00019245792691080797
log_hl,1336,1400,0.00020692550702855608,0.00019857599142788008,0.0002166201844327446
log_hl,1337,1398,0.0001923071454079466,0.0001823470213408844,0.0002005168936211756
log_hl,1338,1399,0.00018515245674461395,0.00017873771703286951,0.00019178732803576547
log_hl,1339,1395,0.00018461197691867144,0.00017803439395788705,0.00019253095255379908
log_hl,1340,1399,0.00017687532104764485,0.0001700404236558452,0.0001854235011244196
log_hl,1341,1398,0.0001982989475223328,0.000187929121741275,0.0002084500346709128
log_hl,1342,1394,0.00019102576223103504,0.0001830511963373887,0.00020154575173227885
log_hl,1343,1399,0.0001872289086903781,0.00017572989184353428,0.00019434457353941526
log_hl,1344,1398,0.0001770232432449906,0.00016982340691939024,0.00018442811966331533
log_hl,1345,1398,0.00017437387060091947,0.00016759722258777025,0.00018304526623543063
log_hl,1346,1398,0.00019239206376325897,0.0001831580109276205,0.00020022214448138604
log_hl,1347,1396,0.00018267069721924302,0.0001740642177470796,0.00018897853884604636
log_hl,1348,1397,0.00017464706782854765,0.0001684715694187808,0.00018413337308370115
log_hl,1349,1397,0.00016718214533641623,0.00016148892826631464,0.00017594894483240355
log_hl,1350,1396,0.00017101232616603354,0.00016285401006026505,0.00018061293143920888
log_hl,1351,1396,0.00022651989787703862,0.00021506743962143126,0.0002342468972997636
log_hl,1352,1397,0.00019413975349753479,0.00018417902252995558,0.00020189148921082554
log_hl,1353,1399,0.00018234865112526553,0.00017339598943553856,0.00019147659317982502
log_hl,1354,1396,0.00018165671192601042,0.00017346455698272588,0.000189583510963056
log_hl,1355,1399,0.000174487443578399,0.00016777960510478375,0.00018174638927017238
log_hl,1356,1394,0.0001888667717801975,0.00017978124049451897,0.00019578784813137825
log_hl,1357,1397,0.0001822474428271512,0.00017402587028111596,0.00019128871263633966
log_hl,1358,1398,0.00017707646805255838,0.00016738154546238124,0.00018501847219075748
log_hl,1359,1397,0.00016894587202165393,0.0001629889309234075,0.00017857342679356296
log_hl,1360,1397,0.00016730801444418515,0.00016143407382172219,0.0001753536485232729
log_hl,1361,1396,0.00017984879171680662,0.0001711803457584707,0.00018773263338203147
log_hl,1362,1394,0.0001720907574527865,0.00016347785611561276,0.0001805308677603635
log_hl,1363,1395,0.00016731967857876986,0.0001619604695410752,0.00017338835112572242
log_hl,1364,1398,0.000163111184558319,0.00015375799355868685,0.0001694082573637
log_hl,1365,1398,0.00016129685856992263,0.00015339593189700728,0.00016537470557519742
log_hl,1366,1398,0.0001799795129912002,0.00017278949482858836,0.0001853396663705308
log_hl,1367,1397,0.00017406556960037261,0.00016668573876065152,0.00018439799446836596
log_hl,1368,1395,0.0001664909266289989,0.00016021051926894142,0.00017506199376704238
log_hl,1369,1397,0.00015950697876841266,0.00015236037443414874,0.00016625916717119457
log_hl,1370,1398,0.00015593018073965738,0.00015083549597777883,0.0001625122524419854
log_hl,1371,1396,0.00017431599162711985,0.0001677713243133374,0.00018527239536570006
log_hl,1372,1398,0.00016590084575583827,0.00015800783751745374,0.0001738227626172255
log_hl,1373,1394,0.00016579227353875453,0.0001575019992096684,0.00017574957281860548
log_hl,1374,1393,0.00016378078887957265,0.00015557292652302405,0.00016977823417153962
log_hl,1375,1399,0.00015438849321765158,0.00014793521638353896,0.00016267241054522934
log_hl,1376,1395,0.0001650106671352682,0.00015658316639138566,0.00017532401378614383
log_hl,1377,1396,0.0001608517238963343,0.00015362574009467823,0.00017112718311927054
log_hl,1378,1394,0.00016009201315671018,0.00015265902526364933,0.0001673560361682136
log_hl,1379,1395,0.00015674595431594746,0.0001490098087797385,0.00016392239158914356
log_hl,1380,1395,0.0001508257713826342,0.0001434010251242426,0.00015988750498300262
log_hl,1381,1410,0.0002025865341947892,0.00019280389590946916,0.0002104467023291224
log_hl,1382,1411,0.0001749863717002533,0.00016822698895222382,0.00018275392021292023
log_hl,1383,1409,0.00017474879904666023,0.00016674656644919035,0.00018319380123412755
log_hl,1384,1411,0.00017088418366067084,0.00016224218738061701,0.00018122044665492862
log_hl,1385,1412,0.00016103338261619143,0.00015210574266539796,0.00016713663416193617
log_hl,1386,1412,0.0001710180434560888,0.00016360799915825046,0.0001783060241946419
log_hl,1387,1412,0.00016691823975720438,0.00016052437998494365,0.00017478952472624673
log_hl,1388,1412,0.00016117711587840093,0.00015492040557769856,0.00016745276475725818
log_hl,1389,1412,0.00015493502475072158,0.0001484989236556104,0.0001622237982106824
log_hl,1390,1408,0.000151798414326055,0.00014723283773488617,0.0001595066106575348
log_hl,1391,1411,0.00016438446275070294,0.00015661106249576607,0.00017361824222246358
log_hl,1392,1409,0.0001575671633291921,0.0001500510443033636,0.00016745204868786215
log_hl,1393,1412,0.0001558014114962312,0.00014933990769640975,0.00016454861167789316
log_hl,1394,1411,0.00014850455936297829,0.00014016613130702742,0.0001562945873635022
log_hl,1395,1413,0.00014780561477103766,0.0001395175447261748,0.00015600225041627723
log_hl,1396,1412,0.00017611179720713555,0.00016854114712692994,0.0001841027298429222
log_hl,1397,1410,0.00016372316926499653,0.0001539446106279062,0.00017207133829663827
log_hl,1398,1409,0.00015749822847040782,0.00014981281434973533,0.00016457264292565053
log_hl,1399,1412,0.00015165669182982383,0.00014640884918576413,0.00015865240785892302
log_hl,1400,1408,0.0001541862400196717,0.0001467153174075561,0.00016537728959211334
log_hl,1401,1412,0.0001674165099845568,0.00015703708465169785,0.00017538314094574123
log_hl,1402,1411,0.000157319279802251,0.00015025167183259022,0.0001658111463666883
log_hl,1403,1413,0.00015315108384326593,0.00014732344889789304,0.00016267385804411515
log_hl,1404,1411,0.0001456805713253947,0.00013667766720963341,0.0001553579060878238
log_hl,1405,1413,0.00014994492435684364,0.00014491240577098872,0.00015692135778182364
log_hl,1406,1414,0.000154434560362189,0.0001484834331188653,0.00016277013297777087
log_hl,1407,1414,0.00015110505262462266,0.00014575151503332475,0.00015741874967823617
log_hl,1408,1410,0.0001513711769747513,0.0001463702500237264,0.00015776958911202393
log_hl,1409,1413,0.00014540402148519347,0.00013750201087989305,0.0001536107142232936
log_hl,1410,1411,0.00014743430823056393,0.00013949542992031818,0.00015204335436923416
log_hl,1411,1413,0.00019263245145833017,0.00018385996998865445,0.00019936677597015933
log_hl,1412,1410,0.0001690873189586853,0.00016306937385538746,0.00017991754607848585
log_hl,1413,1412,0.000163298538236341,0.00015475629431767926,0.00017104900734405483
log_hl,1414,1413,0.00015107895582823808,0.00014455828434490857,0.0001603420799954263
log_hl,1415,1413,0.0001522127937791089,0.00014788888641970415,0.0001626792550963109
log_hl,1416,1411,0.000166050894980734,0.00015863963271759479,0.0001756510332988037
log_hl,1417,1411,0.00016052652735332716,0.0001524170282755925,0.00016630488367278486
log_hl,1418,1412,0.00015154099836918792,0.0001436310456404377,0.00016001280136540037
log_hl,1419,1409,0.00015218673341532027,0.00014304952789019677,0.00016123415730964568
log_hl,1420,1410,0.00014622555337130344,0.00014027261648192287,0.00015249238851726667
log_hl,1421,1410,0.0001588657023136943,0.0001511921243421357,0.00016601843169240633
log_hl,1422,1411,0.00014371503386631857,0.00013692502591769207,0.00015199256434880352
log_hl,1423,1410,0.00014799471216963618,0.00014026229071319762,0.00015648385004791613
log_hl,1424,1409,0.00013812684670692232,0.00013322453349481818,0.0001462170471631831
log_hl,1425,1412,0.00013652281414016214,0.00013113319301542408,0.00014698399930861448
log_hl,1426,1411,0.00016140933442158518,0.00015201964834921032,0.00017238340610738727
log_hl,1427,1411,0.00014328700411381535,0.00013583867291622317,0.0001493958806864579
log_hl,1428,1407,0.00014633789445895386,0.0001386586331292781,0.00015261180781279217
log_hl,1429,1410,0.00014085116389174086,0.00013412026068453084,0.00014893346310143022
log_hl,1430,1410,0.00013730179199710296,0.00013296184618976321,0.00014342466226065082
log_hl,1431,1410,0.00015024603578449455,0.00014479337823038643,0.00015612193154545056
log_hl,1432,1411,0.00014051492355465368,0.0001350712502896742,0.0001472272533254578
log_hl,1433,1406,0.00014009118964409154,0.00013499304074666432,0.00014498518516518774
log_hl,1434,1408,0.0001331685625075196,0.00012859122653327673,0.00014033438189240468
log_hl,1435,1412,0.0001396729446031463,0.00013463633097115135,0.00014645815881725237
log_hl,1436,1413,0.0001465622694972891,0.00013893743082128793,0.00015241311878350523
log_hl,1437,1411,0.00014005334782222364,0.00013305392029735238,0.00014804608602666993
log_hl,1438,1409,0.00013700641015707826,0.000131067162462423,0.00014649331650432645
log_hl,1439,1408,0.00013578285636539877,0.00012941501344179249,0.00014202275938584382
