source_file,timestamp_utc,timestamp_ny,reason
00_mnq_03_20.Last.txt,2019-12-24 18:01:00+00:00,2019-12-24 13:01:00-05:00,NO_SESSION
00_mnq_03_20.Last.txt,2019-12-24 18:02:00+00:00,2019-12-24 13:02:00-05:00,NO_SESSION
00_mnq_03_20.Last.txt,2019-12-24 18:03:00+00:00,2019-12-24 13:03:00-05:00,NO_SESSION
00_mnq_03_20.Last.txt,2019-12-24 18:04:00+00:00,2019-12-24 13:04:00-05:00,NO_SESSION
00_mnq_03_20.Last.txt,2019-12-24 18:05:00+00:00,2019-12-24 13:05:00-05:00,NO_SESSION
00_mnq_03_20.Last.txt,2019-12-24 18:06:00+00:00,2019-12-24 13:06:00-05:00,NO_SESSION
00_mnq_03_20.Last.txt,2019-12-24 18:07:00+00:00,2019-12-24 13:07:00-05:00,NO_SESSION
00_mnq_03_20.Last.txt,2019-12-24 18:08:00+00:00,2019-12-24 13:08:00-05:00,NO_SESSION
00_mnq_03_20.Last.txt,2019-12-24 18:09:00+00:00,2019-12-24 13:09:00-05:00,NO_SESSION
00_mnq_03_20.Last.txt,2019-12-24 18:10:00+00:00,2019-12-24 13:10:00-05:00,NO_SESSION
00_mnq_03_20.Last.txt,2019-12-24 18:11:00+00:00,2019-12-24 13:11:00-05:00,NO_SESSION
00_mnq_03_20.Last.txt,2019-12-24 18:12:00+00:00,2019-12-24 13:12:00-05:00,NO_SESSION
00_mnq_03_20.Last.txt,2019-12-24 18:13:00+00:00,2019-12-24 13:13:00-05:00,NO_SESSION
00_mnq_03_20.Last.txt,2019-12-24 18:14:00+00:00,2019-12-24 13:14:00-05:00,NO_SESSION
00_mnq_03_20.Last.txt,2019-12-24 18:15:00+00:00,2019-12-24 13:15:00-05:00,NO_SESSION
00_mnq_03_20.Last.txt,2019-12-28 19:46:00+00:00,2019-12-28 14:46:00-05:00,NO_SESSION
00_mnq_03_20.Last.txt,2020-01-04 16:54:00+00:00,2020-01-04 11:54:00-05:00,NO_SESSION
00_mnq_03_20.Last.txt,2020-01-11 16:31:00+00:00,2020-01-11 11:31:00-05:00,NO_SESSION
00_mnq_03_20.Last.txt,2020-01-19 20:34:00+00:00,2020-01-19 15:34:00-05:00,NO_SESSION
00_mnq_03_20.Last.txt,2020-01-19 20:52:00+00:00,2020-01-19 15:52:00-05:00,NO_SESSION
00_mnq_03_20.Last.txt,2020-01-23 21:16:00+00:00,2020-01-23 16:16:00-05:00,SECONDARY_BREAK_WINDOW
00_mnq_03_20.Last.txt,2020-01-26 21:15:00+00:00,2020-01-26 16:15:00-05:00,NO_SESSION
00_mnq_03_20.Last.txt,2020-02-02 21:10:00+00:00,2020-02-02 16:10:00-05:00,NO_SESSION
00_mnq_03_20.Last.txt,2020-02-09 19:51:00+00:00,2020-02-09 14:51:00-05:00,NO_SESSION
00_mnq_03_20.Last.txt,2020-02-10 21:16:00+00:00,2020-02-10 16:16:00-05:00,SECONDARY_BREAK_WINDOW
00_mnq_03_20.Last.txt,2020-02-13 21:16:00+00:00,2020-02-13 16:16:00-05:00,SECONDARY_BREAK_WINDOW
00_mnq_03_20.Last.txt,2020-02-15 20:33:00+00:00,2020-02-15 15:33:00-05:00,NO_SESSION
00_mnq_03_20.Last.txt,2020-02-20 21:16:00+00:00,2020-02-20 16:16:00-05:00,SECONDARY_BREAK_WINDOW
00_mnq_03_20.Last.txt,2020-02-23 16:59:00+00:00,2020-02-23 11:59:00-05:00,NO_SESSION
00_mnq_03_20.Last.txt,2020-03-01 17:23:00+00:00,2020-03-01 12:23:00-05:00,NO_SESSION
00_mnq_03_20.Last.txt,2020-03-08 08:27:00+00:00,2020-03-08 04:27:00-04:00,NO_SESSION
00_mnq_03_20.Last.txt,2020-03-14 15:48:00+00:00,2020-03-14 11:48:00-04:00,NO_SESSION
01_mnq_06_20.Last.txt,2020-03-28 19:51:00+00:00,2020-03-28 15:51:00-04:00,NO_SESSION
01_mnq_06_20.Last.txt,2020-04-05 05:34:00+00:00,2020-04-05 01:34:00-04:00,NO_SESSION
01_mnq_06_20.Last.txt,2020-04-10 15:12:00+00:00,2020-04-10 11:12:00-04:00,NO_SESSION
01_mnq_06_20.Last.txt,2020-04-12 13:35:00+00:00,2020-04-12 09:35:00-04:00,NO_SESSION
01_mnq_06_20.Last.txt,2020-04-19 16:37:00+00:00,2020-04-19 12:37:00-04:00,NO_SESSION
01_mnq_06_20.Last.txt,2020-05-02 16:32:00+00:00,2020-05-02 12:32:00-04:00,NO_SESSION
01_mnq_06_20.Last.txt,2020-05-02 16:51:00+00:00,2020-05-02 12:51:00-04:00,NO_SESSION
01_mnq_06_20.Last.txt,2020-05-03 20:27:00+00:00,2020-05-03 16:27:00-04:00,NO_SESSION
01_mnq_06_20.Last.txt,2020-05-09 20:51:00+00:00,2020-05-09 16:51:00-04:00,NO_SESSION
01_mnq_06_20.Last.txt,2020-05-17 00:28:00+00:00,2020-05-16 20:28:00-04:00,NO_SESSION
01_mnq_06_20.Last.txt,2020-05-24 14:50:00+00:00,2020-05-24 10:50:00-04:00,NO_SESSION
01_mnq_06_20.Last.txt,2020-05-29 20:16:00+00:00,2020-05-29 16:16:00-04:00,SECONDARY_BREAK_WINDOW
01_mnq_06_20.Last.txt,2020-05-30 13:42:00+00:00,2020-05-30 09:42:00-04:00,NO_SESSION
01_mnq_06_20.Last.txt,2020-05-31 04:44:00+00:00,2020-05-31 00:44:00-04:00,NO_SESSION
01_mnq_06_20.Last.txt,2020-06-07 18:20:00+00:00,2020-06-07 14:20:00-04:00,NO_SESSION
01_mnq_06_20.Last.txt,2020-06-10 20:16:00+00:00,2020-06-10 16:16:00-04:00,SECONDARY_BREAK_WINDOW
01_mnq_06_20.Last.txt,2020-06-13 19:38:00+00:00,2020-06-13 15:38:00-04:00,NO_SESSION
02_mnq_09_20.Last.txt,2020-06-22 20:16:00+00:00,2020-06-22 16:16:00-04:00,SECONDARY_BREAK_WINDOW
02_mnq_09_20.Last.txt,2020-06-28 03:01:00+00:00,2020-06-27 23:01:00-04:00,NO_SESSION
02_mnq_09_20.Last.txt,2020-06-28 05:09:00+00:00,2020-06-28 01:09:00-04:00,NO_SESSION
02_mnq_09_20.Last.txt,2020-06-28 16:03:00+00:00,2020-06-28 12:03:00-04:00,NO_SESSION
02_mnq_09_20.Last.txt,2020-06-28 16:16:00+00:00,2020-06-28 12:16:00-04:00,NO_SESSION
02_mnq_09_20.Last.txt,2020-07-11 17:19:00+00:00,2020-07-11 13:19:00-04:00,NO_SESSION
02_mnq_09_20.Last.txt,2020-07-18 19:45:00+00:00,2020-07-18 15:45:00-04:00,NO_SESSION
02_mnq_09_20.Last.txt,2020-07-25 22:30:00+00:00,2020-07-25 18:30:00-04:00,NO_SESSION
02_mnq_09_20.Last.txt,2020-08-01 16:12:00+00:00,2020-08-01 12:12:00-04:00,NO_SESSION
02_mnq_09_20.Last.txt,2020-08-09 14:56:00+00:00,2020-08-09 10:56:00-04:00,NO_SESSION
02_mnq_09_20.Last.txt,2020-08-16 14:06:00+00:00,2020-08-16 10:06:00-04:00,NO_SESSION
02_mnq_09_20.Last.txt,2020-08-17 21:01:00+00:00,2020-08-17 17:01:00-04:00,NO_SESSION
02_mnq_09_20.Last.txt,2020-08-22 21:26:00+00:00,2020-08-22 17:26:00-04:00,NO_SESSION
02_mnq_09_20.Last.txt,2020-08-23 04:09:00+00:00,2020-08-23 00:09:00-04:00,NO_SESSION
02_mnq_09_20.Last.txt,2020-08-30 16:04:00+00:00,2020-08-30 12:04:00-04:00,NO_SESSION
02_mnq_09_20.Last.txt,2020-08-30 19:09:00+00:00,2020-08-30 15:09:00-04:00,NO_SESSION
02_mnq_09_20.Last.txt,2020-08-30 20:58:00+00:00,2020-08-30 16:58:00-04:00,NO_SESSION
02_mnq_09_20.Last.txt,2020-09-02 20:16:00+00:00,2020-09-02 16:16:00-04:00,SECONDARY_BREAK_WINDOW
02_mnq_09_20.Last.txt,2020-09-10 20:22:00+00:00,2020-09-10 16:22:00-04:00,SECONDARY_BREAK_WINDOW
02_mnq_09_20.Last.txt,2020-09-10 20:23:00+00:00,2020-09-10 16:23:00-04:00,SECONDARY_BREAK_WINDOW
02_mnq_09_20.Last.txt,2020-09-10 20:24:00+00:00,2020-09-10 16:24:00-04:00,SECONDARY_BREAK_WINDOW
02_mnq_09_20.Last.txt,2020-09-10 20:25:00+00:00,2020-09-10 16:25:00-04:00,SECONDARY_BREAK_WINDOW
02_mnq_09_20.Last.txt,2020-09-10 20:26:00+00:00,2020-09-10 16:26:00-04:00,SECONDARY_BREAK_WINDOW
02_mnq_09_20.Last.txt,2020-09-10 20:27:00+00:00,2020-09-10 16:27:00-04:00,SECONDARY_BREAK_WINDOW
02_mnq_09_20.Last.txt,2020-09-10 20:28:00+00:00,2020-09-10 16:28:00-04:00,SECONDARY_BREAK_WINDOW
02_mnq_09_20.Last.txt,2020-09-10 20:29:00+00:00,2020-09-10 16:29:00-04:00,SECONDARY_BREAK_WINDOW
02_mnq_09_20.Last.txt,2020-09-10 20:30:00+00:00,2020-09-10 16:30:00-04:00,SECONDARY_BREAK_WINDOW
02_mnq_09_20.Last.txt,2020-09-10 21:52:00+00:00,2020-09-10 17:52:00-04:00,NO_SESSION
02_mnq_09_20.Last.txt,2020-09-10 21:53:00+00:00,2020-09-10 17:53:00-04:00,NO_SESSION
02_mnq_09_20.Last.txt,2020-09-10 21:54:00+00:00,2020-09-10 17:54:00-04:00,NO_SESSION
02_mnq_09_20.Last.txt,2020-09-10 21:55:00+00:00,2020-09-10 17:55:00-04:00,NO_SESSION
02_mnq_09_20.Last.txt,2020-09-10 21:56:00+00:00,2020-09-10 17:56:00-04:00,NO_SESSION
02_mnq_09_20.Last.txt,2020-09-10 21:57:00+00:00,2020-09-10 17:57:00-04:00,NO_SESSION
02_mnq_09_20.Last.txt,2020-09-10 21:58:00+00:00,2020-09-10 17:58:00-04:00,NO_SESSION
02_mnq_09_20.Last.txt,2020-09-10 21:59:00+00:00,2020-09-10 17:59:00-04:00,NO_SESSION
02_mnq_09_20.Last.txt,2020-09-10 22:00:00+00:00,2020-09-10 18:00:00-04:00,NO_SESSION
02_mnq_09_20.Last.txt,2020-09-11 20:22:00+00:00,2020-09-11 16:22:00-04:00,SECONDARY_BREAK_WINDOW
02_mnq_09_20.Last.txt,2020-09-11 20:23:00+00:00,2020-09-11 16:23:00-04:00,SECONDARY_BREAK_WINDOW
02_mnq_09_20.Last.txt,2020-09-11 20:24:00+00:00,2020-09-11 16:24:00-04:00,SECONDARY_BREAK_WINDOW
02_mnq_09_20.Last.txt,2020-09-11 20:25:00+00:00,2020-09-11 16:25:00-04:00,SECONDARY_BREAK_WINDOW
02_mnq_09_20.Last.txt,2020-09-11 20:26:00+00:00,2020-09-11 16:26:00-04:00,SECONDARY_BREAK_WINDOW
02_mnq_09_20.Last.txt,2020-09-11 20:27:00+00:00,2020-09-11 16:27:00-04:00,SECONDARY_BREAK_WINDOW
02_mnq_09_20.Last.txt,2020-09-11 20:28:00+00:00,2020-09-11 16:28:00-04:00,SECONDARY_BREAK_WINDOW
02_mnq_09_20.Last.txt,2020-09-11 20:29:00+00:00,2020-09-11 16:29:00-04:00,SECONDARY_BREAK_WINDOW
02_mnq_09_20.Last.txt,2020-09-11 20:30:00+00:00,2020-09-11 16:30:00-04:00,SECONDARY_BREAK_WINDOW
02_mnq_09_20.Last.txt,2020-09-13 17:31:00+00:00,2020-09-13 13:31:00-04:00,NO_SESSION
02_mnq_09_20.Last.txt,2020-09-13 21:25:00+00:00,2020-09-13 17:25:00-04:00,NO_SESSION
02_mnq_09_20.Last.txt,2020-09-13 21:27:00+00:00,2020-09-13 17:27:00-04:00,NO_SESSION
03_mnq_12_20.Last.txt,2020-10-11 13:39:00+00:00,2020-10-11 09:39:00-04:00,NO_SESSION
03_mnq_12_20.Last.txt,2020-10-11 15:44:00+00:00,2020-10-11 11:44:00-04:00,NO_SESSION
03_mnq_12_20.Last.txt,2020-10-11 21:25:00+00:00,2020-10-11 17:25:00-04:00,NO_SESSION
03_mnq_12_20.Last.txt,2020-10-17 18:02:00+00:00,2020-10-17 14:02:00-04:00,NO_SESSION
03_mnq_12_20.Last.txt,2020-10-17 18:08:00+00:00,2020-10-17 14:08:00-04:00,NO_SESSION
03_mnq_12_20.Last.txt,2020-10-17 20:49:00+00:00,2020-10-17 16:49:00-04:00,NO_SESSION
03_mnq_12_20.Last.txt,2020-10-17 20:52:00+00:00,2020-10-17 16:52:00-04:00,NO_SESSION
03_mnq_12_20.Last.txt,2020-10-17 23:24:00+00:00,2020-10-17 19:24:00-04:00,NO_SESSION
03_mnq_12_20.Last.txt,2020-10-18 09:02:00+00:00,2020-10-18 05:02:00-04:00,NO_SESSION
03_mnq_12_20.Last.txt,2020-10-18 10:49:00+00:00,2020-10-18 06:49:00-04:00,NO_SESSION
03_mnq_12_20.Last.txt,2020-10-18 10:50:00+00:00,2020-10-18 06:50:00-04:00,NO_SESSION
03_mnq_12_20.Last.txt,2020-10-18 10:51:00+00:00,2020-10-18 06:51:00-04:00,NO_SESSION
03_mnq_12_20.Last.txt,2020-10-18 10:52:00+00:00,2020-10-18 06:52:00-04:00,NO_SESSION
03_mnq_12_20.Last.txt,2020-10-18 10:53:00+00:00,2020-10-18 06:53:00-04:00,NO_SESSION
03_mnq_12_20.Last.txt,2020-10-18 10:54:00+00:00,2020-10-18 06:54:00-04:00,NO_SESSION
03_mnq_12_20.Last.txt,2020-10-18 10:55:00+00:00,2020-10-18 06:55:00-04:00,NO_SESSION
03_mnq_12_20.Last.txt,2020-10-18 10:56:00+00:00,2020-10-18 06:56:00-04:00,NO_SESSION
03_mnq_12_20.Last.txt,2020-10-18 10:57:00+00:00,2020-10-18 06:57:00-04:00,NO_SESSION
03_mnq_12_20.Last.txt,2020-10-18 10:58:00+00:00,2020-10-18 06:58:00-04:00,NO_SESSION
03_mnq_12_20.Last.txt,2020-10-18 10:59:00+00:00,2020-10-18 06:59:00-04:00,NO_SESSION
03_mnq_12_20.Last.txt,2020-10-18 11:00:00+00:00,2020-10-18 07:00:00-04:00,NO_SESSION
03_mnq_12_20.Last.txt,2020-10-18 11:01:00+00:00,2020-10-18 07:01:00-04:00,NO_SESSION
03_mnq_12_20.Last.txt,2020-10-18 11:02:00+00:00,2020-10-18 07:02:00-04:00,NO_SESSION
03_mnq_12_20.Last.txt,2020-10-18 11:03:00+00:00,2020-10-18 07:03:00-04:00,NO_SESSION
03_mnq_12_20.Last.txt,2020-10-18 11:04:00+00:00,2020-10-18 07:04:00-04:00,NO_SESSION
03_mnq_12_20.Last.txt,2020-10-18 11:05:00+00:00,2020-10-18 07:05:00-04:00,NO_SESSION
03_mnq_12_20.Last.txt,2020-10-18 11:06:00+00:00,2020-10-18 07:06:00-04:00,NO_SESSION
03_mnq_12_20.Last.txt,2020-10-18 11:07:00+00:00,2020-10-18 07:07:00-04:00,NO_SESSION
03_mnq_12_20.Last.txt,2020-10-18 11:08:00+00:00,2020-10-18 07:08:00-04:00,NO_SESSION
03_mnq_12_20.Last.txt,2020-10-18 11:09:00+00:00,2020-10-18 07:09:00-04:00,NO_SESSION
03_mnq_12_20.Last.txt,2020-10-18 11:10:00+00:00,2020-10-18 07:10:00-04:00,NO_SESSION
03_mnq_12_20.Last.txt,2020-10-18 11:11:00+00:00,2020-10-18 07:11:00-04:00,NO_SESSION
03_mnq_12_20.Last.txt,2020-10-18 11:12:00+00:00,2020-10-18 07:12:00-04:00,NO_SESSION
03_mnq_12_20.Last.txt,2020-10-18 11:13:00+00:00,2020-10-18 07:13:00-04:00,NO_SESSION
03_mnq_12_20.Last.txt,2020-10-18 11:14:00+00:00,2020-10-18 07:14:00-04:00,NO_SESSION
03_mnq_12_20.Last.txt,2020-10-18 11:15:00+00:00,2020-10-18 07:15:00-04:00,NO_SESSION
03_mnq_12_20.Last.txt,2020-10-18 11:16:00+00:00,2020-10-18 07:16:00-04:00,NO_SESSION
03_mnq_12_20.Last.txt,2020-10-18 11:17:00+00:00,2020-10-18 07:17:00-04:00,NO_SESSION
03_mnq_12_20.Last.txt,2020-10-18 11:18:00+00:00,2020-10-18 07:18:00-04:00,NO_SESSION
03_mnq_12_20.Last.txt,2020-10-18 11:19:00+00:00,2020-10-18 07:19:00-04:00,NO_SESSION
03_mnq_12_20.Last.txt,2020-10-18 11:20:00+00:00,2020-10-18 07:20:00-04:00,NO_SESSION
03_mnq_12_20.Last.txt,2020-10-18 11:21:00+00:00,2020-10-18 07:21:00-04:00,NO_SESSION
03_mnq_12_20.Last.txt,2020-10-18 11:22:00+00:00,2020-10-18 07:22:00-04:00,NO_SESSION
03_mnq_12_20.Last.txt,2020-10-18 11:23:00+00:00,2020-10-18 07:23:00-04:00,NO_SESSION
03_mnq_12_20.Last.txt,2020-10-18 11:24:00+00:00,2020-10-18 07:24:00-04:00,NO_SESSION
03_mnq_12_20.Last.txt,2020-10-18 11:25:00+00:00,2020-10-18 07:25:00-04:00,NO_SESSION
03_mnq_12_20.Last.txt,2020-10-18 11:26:00+00:00,2020-10-18 07:26:00-04:00,NO_SESSION
03_mnq_12_20.Last.txt,2020-10-18 11:27:00+00:00,2020-10-18 07:27:00-04:00,NO_SESSION
03_mnq_12_20.Last.txt,2020-10-18 11:28:00+00:00,2020-10-18 07:28:00-04:00,NO_SESSION
03_mnq_12_20.Last.txt,2020-10-18 11:29:00+00:00,2020-10-18 07:29:00-04:00,NO_SESSION
03_mnq_12_20.Last.txt,2020-10-18 11:30:00+00:00,2020-10-18 07:30:00-04:00,NO_SESSION
03_mnq_12_20.Last.txt,2020-10-18 11:31:00+00:00,2020-10-18 07:31:00-04:00,NO_SESSION
03_mnq_12_20.Last.txt,2020-10-18 11:32:00+00:00,2020-10-18 07:32:00-04:00,NO_SESSION
03_mnq_12_20.Last.txt,2020-10-18 11:33:00+00:00,2020-10-18 07:33:00-04:00,NO_SESSION
03_mnq_12_20.Last.txt,2020-10-18 11:34:00+00:00,2020-10-18 07:34:00-04:00,NO_SESSION
03_mnq_12_20.Last.txt,2020-10-18 11:35:00+00:00,2020-10-18 07:35:00-04:00,NO_SESSION
03_mnq_12_20.Last.txt,2020-10-18 11:36:00+00:00,2020-10-18 07:36:00-04:00,NO_SESSION
03_mnq_12_20.Last.txt,2020-10-18 11:37:00+00:00,2020-10-18 07:37:00-04:00,NO_SESSION
03_mnq_12_20.Last.txt,2020-10-18 11:38:00+00:00,2020-10-18 07:38:00-04:00,NO_SESSION
03_mnq_12_20.Last.txt,2020-10-18 11:39:00+00:00,2020-10-18 07:39:00-04:00,NO_SESSION
03_mnq_12_20.Last.txt,2020-10-18 11:40:00+00:00,2020-10-18 07:40:00-04:00,NO_SESSION
03_mnq_12_20.Last.txt,2020-10-18 11:41:00+00:00,2020-10-18 07:41:00-04:00,NO_SESSION
03_mnq_12_20.Last.txt,2020-10-18 11:42:00+00:00,2020-10-18 07:42:00-04:00,NO_SESSION
03_mnq_12_20.Last.txt,2020-10-18 11:43:00+00:00,2020-10-18 07:43:00-04:00,NO_SESSION
03_mnq_12_20.Last.txt,2020-10-18 11:44:00+00:00,2020-10-18 07:44:00-04:00,NO_SESSION
03_mnq_12_20.Last.txt,2020-10-18 11:45:00+00:00,2020-10-18 07:45:00-04:00,NO_SESSION
03_mnq_12_20.Last.txt,2020-10-18 11:46:00+00:00,2020-10-18 07:46:00-04:00,NO_SESSION
03_mnq_12_20.Last.txt,2020-10-18 11:47:00+00:00,2020-10-18 07:47:00-04:00,NO_SESSION
03_mnq_12_20.Last.txt,2020-10-18 11:48:00+00:00,2020-10-18 07:48:00-04:00,NO_SESSION
03_mnq_12_20.Last.txt,2020-10-18 11:49:00+00:00,2020-10-18 07:49:00-04:00,NO_SESSION
03_mnq_12_20.Last.txt,2020-10-18 11:50:00+00:00,2020-10-18 07:50:00-04:00,NO_SESSION
03_mnq_12_20.Last.txt,2020-10-18 11:51:00+00:00,2020-10-18 07:51:00-04:00,NO_SESSION
03_mnq_12_20.Last.txt,2020-10-18 11:52:00+00:00,2020-10-18 07:52:00-04:00,NO_SESSION
03_mnq_12_20.Last.txt,2020-10-18 11:53:00+00:00,2020-10-18 07:53:00-04:00,NO_SESSION
03_mnq_12_20.Last.txt,2020-10-18 11:54:00+00:00,2020-10-18 07:54:00-04:00,NO_SESSION
03_mnq_12_20.Last.txt,2020-10-18 11:55:00+00:00,2020-10-18 07:55:00-04:00,NO_SESSION
03_mnq_12_20.Last.txt,2020-10-18 11:56:00+00:00,2020-10-18 07:56:00-04:00,NO_SESSION
03_mnq_12_20.Last.txt,2020-10-18 11:57:00+00:00,2020-10-18 07:57:00-04:00,NO_SESSION
03_mnq_12_20.Last.txt,2020-10-18 11:58:00+00:00,2020-10-18 07:58:00-04:00,NO_SESSION
03_mnq_12_20.Last.txt,2020-10-18 11:59:00+00:00,2020-10-18 07:59:00-04:00,NO_SESSION
03_mnq_12_20.Last.txt,2020-10-18 12:00:00+00:00,2020-10-18 08:00:00-04:00,NO_SESSION
03_mnq_12_20.Last.txt,2020-10-18 12:01:00+00:00,2020-10-18 08:01:00-04:00,NO_SESSION
03_mnq_12_20.Last.txt,2020-10-18 12:02:00+00:00,2020-10-18 08:02:00-04:00,NO_SESSION
03_mnq_12_20.Last.txt,2020-10-18 12:03:00+00:00,2020-10-18 08:03:00-04:00,NO_SESSION
03_mnq_12_20.Last.txt,2020-10-18 12:04:00+00:00,2020-10-18 08:04:00-04:00,NO_SESSION
03_mnq_12_20.Last.txt,2020-10-18 12:05:00+00:00,2020-10-18 08:05:00-04:00,NO_SESSION
03_mnq_12_20.Last.txt,2020-10-18 12:06:00+00:00,2020-10-18 08:06:00-04:00,NO_SESSION
03_mnq_12_20.Last.txt,2020-10-18 12:07:00+00:00,2020-10-18 08:07:00-04:00,NO_SESSION
03_mnq_12_20.Last.txt,2020-10-18 12:08:00+00:00,2020-10-18 08:08:00-04:00,NO_SESSION
03_mnq_12_20.Last.txt,2020-10-18 12:09:00+00:00,2020-10-18 08:09:00-04:00,NO_SESSION
03_mnq_12_20.Last.txt,2020-10-18 12:10:00+00:00,2020-10-18 08:10:00-04:00,NO_SESSION
03_mnq_12_20.Last.txt,2020-10-18 12:11:00+00:00,2020-10-18 08:11:00-04:00,NO_SESSION
03_mnq_12_20.Last.txt,2020-10-18 12:12:00+00:00,2020-10-18 08:12:00-04:00,NO_SESSION
03_mnq_12_20.Last.txt,2020-10-18 12:13:00+00:00,2020-10-18 08:13:00-04:00,NO_SESSION
03_mnq_12_20.Last.txt,2020-10-18 12:14:00+00:00,2020-10-18 08:14:00-04:00,NO_SESSION
03_mnq_12_20.Last.txt,2020-10-18 12:15:00+00:00,2020-10-18 08:15:00-04:00,NO_SESSION
03_mnq_12_20.Last.txt,2020-10-18 12:16:00+00:00,2020-10-18 08:16:00-04:00,NO_SESSION
03_mnq_12_20.Last.txt,2020-10-18 12:17:00+00:00,2020-10-18 08:17:00-04:00,NO_SESSION
03_mnq_12_20.Last.txt,2020-10-18 12:18:00+00:00,2020-10-18 08:18:00-04:00,NO_SESSION
03_mnq_12_20.Last.txt,2020-10-18 12:19:00+00:00,2020-10-18 08:19:00-04:00,NO_SESSION
03_mnq_12_20.Last.txt,2020-10-18 12:20:00+00:00,2020-10-18 08:20:00-04:00,NO_SESSION
03_mnq_12_20.Last.txt,2020-10-18 12:21:00+00:00,2020-10-18 08:21:00-04:00,NO_SESSION
03_mnq_12_20.Last.txt,2020-10-18 12:22:00+00:00,2020-10-18 08:22:00-04:00,NO_SESSION
03_mnq_12_20.Last.txt,2020-10-18 12:23:00+00:00,2020-10-18 08:23:00-04:00,NO_SESSION
03_mnq_12_20.Last.txt,2020-10-18 12:24:00+00:00,2020-10-18 08:24:00-04:00,NO_SESSION
03_mnq_12_20.Last.txt,2020-10-18 12:25:00+00:00,2020-10-18 08:25:00-04:00,NO_SESSION
03_mnq_12_20.Last.txt,2020-10-18 12:26:00+00:00,2020-10-18 08:26:00-04:00,NO_SESSION
03_mnq_12_20.Last.txt,2020-10-18 12:27:00+00:00,2020-10-18 08:27:00-04:00,NO_SESSION
03_mnq_12_20.Last.txt,2020-10-18 12:28:00+00:00,2020-10-18 08:28:00-04:00,NO_SESSION
03_mnq_12_20.Last.txt,2020-10-18 12:29:00+00:00,2020-10-18 08:29:00-04:00,NO_SESSION
03_mnq_12_20.Last.txt,2020-10-18 12:30:00+00:00,2020-10-18 08:30:00-04:00,NO_SESSION
03_mnq_12_20.Last.txt,2020-10-18 12:31:00+00:00,2020-10-18 08:31:00-04:00,NO_SESSION
03_mnq_12_20.Last.txt,2020-10-18 12:32:00+00:00,2020-10-18 08:32:00-04:00,NO_SESSION
03_mnq_12_20.Last.txt,2020-10-18 12:33:00+00:00,2020-10-18 08:33:00-04:00,NO_SESSION
03_mnq_12_20.Last.txt,2020-10-18 12:34:00+00:00,2020-10-18 08:34:00-04:00,NO_SESSION
03_mnq_12_20.Last.txt,2020-10-18 12:35:00+00:00,2020-10-18 08:35:00-04:00,NO_SESSION
03_mnq_12_20.Last.txt,2020-10-18 12:36:00+00:00,2020-10-18 08:36:00-04:00,NO_SESSION
03_mnq_12_20.Last.txt,2020-10-18 12:37:00+00:00,2020-10-18 08:37:00-04:00,NO_SESSION
03_mnq_12_20.Last.txt,2020-10-18 12:38:00+00:00,2020-10-18 08:38:00-04:00,NO_SESSION
03_mnq_12_20.Last.txt,2020-10-18 12:39:00+00:00,2020-10-18 08:39:00-04:00,NO_SESSION
03_mnq_12_20.Last.txt,2020-10-18 12:40:00+00:00,2020-10-18 08:40:00-04:00,NO_SESSION
03_mnq_12_20.Last.txt,2020-10-18 12:41:00+00:00,2020-10-18 08:41:00-04:00,NO_SESSION
03_mnq_12_20.Last.txt,2020-10-18 12:42:00+00:00,2020-10-18 08:42:00-04:00,NO_SESSION
03_mnq_12_20.Last.txt,2020-10-18 12:43:00+00:00,2020-10-18 08:43:00-04:00,NO_SESSION
03_mnq_12_20.Last.txt,2020-10-18 12:44:00+00:00,2020-10-18 08:44:00-04:00,NO_SESSION
03_mnq_12_20.Last.txt,2020-10-18 12:45:00+00:00,2020-10-18 08:45:00-04:00,NO_SESSION
03_mnq_12_20.Last.txt,2020-10-18 12:46:00+00:00,2020-10-18 08:46:00-04:00,NO_SESSION
03_mnq_12_20.Last.txt,2020-10-18 12:47:00+00:00,2020-10-18 08:47:00-04:00,NO_SESSION
03_mnq_12_20.Last.txt,2020-10-18 12:48:00+00:00,2020-10-18 08:48:00-04:00,NO_SESSION
03_mnq_12_20.Last.txt,2020-10-18 12:49:00+00:00,2020-10-18 08:49:00-04:00,NO_SESSION
03_mnq_12_20.Last.txt,2020-10-18 12:50:00+00:00,2020-10-18 08:50:00-04:00,NO_SESSION
03_mnq_12_20.Last.txt,2020-10-18 12:51:00+00:00,2020-10-18 08:51:00-04:00,NO_SESSION
03_mnq_12_20.Last.txt,2020-10-18 12:52:00+00:00,2020-10-18 08:52:00-04:00,NO_SESSION
03_mnq_12_20.Last.txt,2020-10-18 12:53:00+00:00,2020-10-18 08:53:00-04:00,NO_SESSION
03_mnq_12_20.Last.txt,2020-10-18 12:54:00+00:00,2020-10-18 08:54:00-04:00,NO_SESSION
03_mnq_12_20.Last.txt,2020-10-18 12:55:00+00:00,2020-10-18 08:55:00-04:00,NO_SESSION
03_mnq_12_20.Last.txt,2020-10-18 12:56:00+00:00,2020-10-18 08:56:00-04:00,NO_SESSION
03_mnq_12_20.Last.txt,2020-10-18 12:57:00+00:00,2020-10-18 08:57:00-04:00,NO_SESSION
03_mnq_12_20.Last.txt,2020-10-18 12:58:00+00:00,2020-10-18 08:58:00-04:00,NO_SESSION
03_mnq_12_20.Last.txt,2020-10-18 12:59:00+00:00,2020-10-18 08:59:00-04:00,NO_SESSION
03_mnq_12_20.Last.txt,2020-10-18 13:00:00+00:00,2020-10-18 09:00:00-04:00,NO_SESSION
03_mnq_12_20.Last.txt,2020-10-18 13:01:00+00:00,2020-10-18 09:01:00-04:00,NO_SESSION
03_mnq_12_20.Last.txt,2020-10-18 13:02:00+00:00,2020-10-18 09:02:00-04:00,NO_SESSION
03_mnq_12_20.Last.txt,2020-10-18 13:03:00+00:00,2020-10-18 09:03:00-04:00,NO_SESSION
03_mnq_12_20.Last.txt,2020-10-18 13:04:00+00:00,2020-10-18 09:04:00-04:00,NO_SESSION
03_mnq_12_20.Last.txt,2020-10-18 13:05:00+00:00,2020-10-18 09:05:00-04:00,NO_SESSION
03_mnq_12_20.Last.txt,2020-10-18 13:06:00+00:00,2020-10-18 09:06:00-04:00,NO_SESSION
03_mnq_12_20.Last.txt,2020-10-18 13:07:00+00:00,2020-10-18 09:07:00-04:00,NO_SESSION
03_mnq_12_20.Last.txt,2020-10-18 13:08:00+00:00,2020-10-18 09:08:00-04:00,NO_SESSION
03_mnq_12_20.Last.txt,2020-10-18 13:09:00+00:00,2020-10-18 09:09:00-04:00,NO_SESSION
03_mnq_12_20.Last.txt,2020-10-18 13:10:00+00:00,2020-10-18 09:10:00-04:00,NO_SESSION
03_mnq_12_20.Last.txt,2020-10-18 13:11:00+00:00,2020-10-18 09:11:00-04:00,NO_SESSION
03_mnq_12_20.Last.txt,2020-10-18 13:12:00+00:00,2020-10-18 09:12:00-04:00,NO_SESSION
03_mnq_12_20.Last.txt,2020-10-18 13:13:00+00:00,2020-10-18 09:13:00-04:00,NO_SESSION
03_mnq_12_20.Last.txt,2020-10-18 13:14:00+00:00,2020-10-18 09:14:00-04:00,NO_SESSION
03_mnq_12_20.Last.txt,2020-10-18 13:15:00+00:00,2020-10-18 09:15:00-04:00,NO_SESSION
03_mnq_12_20.Last.txt,2020-10-18 13:16:00+00:00,2020-10-18 09:16:00-04:00,NO_SESSION
03_mnq_12_20.Last.txt,2020-10-18 13:17:00+00:00,2020-10-18 09:17:00-04:00,NO_SESSION
03_mnq_12_20.Last.txt,2020-10-18 13:18:00+00:00,2020-10-18 09:18:00-04:00,NO_SESSION
03_mnq_12_20.Last.txt,2020-10-18 13:19:00+00:00,2020-10-18 09:19:00-04:00,NO_SESSION
03_mnq_12_20.Last.txt,2020-10-18 13:20:00+00:00,2020-10-18 09:20:00-04:00,NO_SESSION
03_mnq_12_20.Last.txt,2020-10-18 13:21:00+00:00,2020-10-18 09:21:00-04:00,NO_SESSION
03_mnq_12_20.Last.txt,2020-10-18 13:22:00+00:00,2020-10-18 09:22:00-04:00,NO_SESSION
03_mnq_12_20.Last.txt,2020-10-18 13:23:00+00:00,2020-10-18 09:23:00-04:00,NO_SESSION
03_mnq_12_20.Last.txt,2020-10-18 13:24:00+00:00,2020-10-18 09:24:00-04:00,NO_SESSION
03_mnq_12_20.Last.txt,2020-10-18 13:25:00+00:00,2020-10-18 09:25:00-04:00,NO_SESSION
03_mnq_12_20.Last.txt,2020-10-18 13:26:00+00:00,2020-10-18 09:26:00-04:00,NO_SESSION
03_mnq_12_20.Last.txt,2020-10-18 13:27:00+00:00,2020-10-18 09:27:00-04:00,NO_SESSION
03_mnq_12_20.Last.txt,2020-10-18 13:28:00+00:00,2020-10-18 09:28:00-04:00,NO_SESSION
03_mnq_12_20.Last.txt,2020-10-18 13:29:00+00:00,2020-10-18 09:29:00-04:00,NO_SESSION
03_mnq_12_20.Last.txt,2020-10-18 13:30:00+00:00,2020-10-18 09:30:00-04:00,NO_SESSION
03_mnq_12_20.Last.txt,2020-10-18 13:31:00+00:00,2020-10-18 09:31:00-04:00,NO_SESSION
03_mnq_12_20.Last.txt,2020-10-18 13:32:00+00:00,2020-10-18 09:32:00-04:00,NO_SESSION
03_mnq_12_20.Last.txt,2020-10-18 13:33:00+00:00,2020-10-18 09:33:00-04:00,NO_SESSION
03_mnq_12_20.Last.txt,2020-10-18 13:34:00+00:00,2020-10-18 09:34:00-04:00,NO_SESSION
03_mnq_12_20.Last.txt,2020-10-18 13:35:00+00:00,2020-10-18 09:35:00-04:00,NO_SESSION
03_mnq_12_20.Last.txt,2020-10-18 13:36:00+00:00,2020-10-18 09:36:00-04:00,NO_SESSION
03_mnq_12_20.Last.txt,2020-10-18 13:37:00+00:00,2020-10-18 09:37:00-04:00,NO_SESSION
03_mnq_12_20.Last.txt,2020-10-18 13:38:00+00:00,2020-10-18 09:38:00-04:00,NO_SESSION
03_mnq_12_20.Last.txt,2020-10-18 13:39:00+00:00,2020-10-18 09:39:00-04:00,NO_SESSION
03_mnq_12_20.Last.txt,2020-10-18 13:40:00+00:00,2020-10-18 09:40:00-04:00,NO_SESSION
03_mnq_12_20.Last.txt,2020-10-18 13:41:00+00:00,2020-10-18 09:41:00-04:00,NO_SESSION
03_mnq_12_20.Last.txt,2020-10-18 13:42:00+00:00,2020-10-18 09:42:00-04:00,NO_SESSION
03_mnq_12_20.Last.txt,2020-10-18 13:43:00+00:00,2020-10-18 09:43:00-04:00,NO_SESSION
03_mnq_12_20.Last.txt,2020-10-18 13:44:00+00:00,2020-10-18 09:44:00-04:00,NO_SESSION
03_mnq_12_20.Last.txt,2020-10-18 13:45:00+00:00,2020-10-18 09:45:00-04:00,NO_SESSION
03_mnq_12_20.Last.txt,2020-10-18 13:46:00+00:00,2020-10-18 09:46:00-04:00,NO_SESSION
03_mnq_12_20.Last.txt,2020-10-18 13:47:00+00:00,2020-10-18 09:47:00-04:00,NO_SESSION
03_mnq_12_20.Last.txt,2020-10-18 13:48:00+00:00,2020-10-18 09:48:00-04:00,NO_SESSION
03_mnq_12_20.Last.txt,2020-10-18 13:49:00+00:00,2020-10-18 09:49:00-04:00,NO_SESSION
03_mnq_12_20.Last.txt,2020-10-18 13:50:00+00:00,2020-10-18 09:50:00-04:00,NO_SESSION
03_mnq_12_20.Last.txt,2020-10-18 13:51:00+00:00,2020-10-18 09:51:00-04:00,NO_SESSION
03_mnq_12_20.Last.txt,2020-10-18 13:52:00+00:00,2020-10-18 09:52:00-04:00,NO_SESSION
03_mnq_12_20.Last.txt,2020-10-18 13:53:00+00:00,2020-10-18 09:53:00-04:00,NO_SESSION
03_mnq_12_20.Last.txt,2020-10-18 13:54:00+00:00,2020-10-18 09:54:00-04:00,NO_SESSION
03_mnq_12_20.Last.txt,2020-10-18 13:55:00+00:00,2020-10-18 09:55:00-04:00,NO_SESSION
03_mnq_12_20.Last.txt,2020-10-18 13:56:00+00:00,2020-10-18 09:56:00-04:00,NO_SESSION
03_mnq_12_20.Last.txt,2020-10-18 13:57:00+00:00,2020-10-18 09:57:00-04:00,NO_SESSION
03_mnq_12_20.Last.txt,2020-10-18 13:58:00+00:00,2020-10-18 09:58:00-04:00,NO_SESSION
03_mnq_12_20.Last.txt,2020-10-18 13:59:00+00:00,2020-10-18 09:59:00-04:00,NO_SESSION
03_mnq_12_20.Last.txt,2020-10-18 14:00:00+00:00,2020-10-18 10:00:00-04:00,NO_SESSION
03_mnq_12_20.Last.txt,2020-10-18 14:01:00+00:00,2020-10-18 10:01:00-04:00,NO_SESSION
03_mnq_12_20.Last.txt,2020-10-18 14:02:00+00:00,2020-10-18 10:02:00-04:00,NO_SESSION
03_mnq_12_20.Last.txt,2020-10-18 14:03:00+00:00,2020-10-18 10:03:00-04:00,NO_SESSION
03_mnq_12_20.Last.txt,2020-10-18 14:04:00+00:00,2020-10-18 10:04:00-04:00,NO_SESSION
03_mnq_12_20.Last.txt,2020-10-18 14:05:00+00:00,2020-10-18 10:05:00-04:00,NO_SESSION
03_mnq_12_20.Last.txt,2020-10-18 14:06:00+00:00,2020-10-18 10:06:00-04:00,NO_SESSION
03_mnq_12_20.Last.txt,2020-10-18 14:07:00+00:00,2020-10-18 10:07:00-04:00,NO_SESSION
03_mnq_12_20.Last.txt,2020-10-18 14:08:00+00:00,2020-10-18 10:08:00-04:00,NO_SESSION
03_mnq_12_20.Last.txt,2020-10-18 14:09:00+00:00,2020-10-18 10:09:00-04:00,NO_SESSION
03_mnq_12_20.Last.txt,2020-10-18 14:10:00+00:00,2020-10-18 10:10:00-04:00,NO_SESSION
03_mnq_12_20.Last.txt,2020-10-18 14:11:00+00:00,2020-10-18 10:11:00-04:00,NO_SESSION
03_mnq_12_20.Last.txt,2020-10-18 14:12:00+00:00,2020-10-18 10:12:00-04:00,NO_SESSION
03_mnq_12_20.Last.txt,2020-10-18 14:13:00+00:00,2020-10-18 10:13:00-04:00,NO_SESSION
03_mnq_12_20.Last.txt,2020-10-18 14:14:00+00:00,2020-10-18 10:14:00-04:00,NO_SESSION
03_mnq_12_20.Last.txt,2020-10-18 14:15:00+00:00,2020-10-18 10:15:00-04:00,NO_SESSION
03_mnq_12_20.Last.txt,2020-10-18 14:16:00+00:00,2020-10-18 10:16:00-04:00,NO_SESSION
03_mnq_12_20.Last.txt,2020-10-18 14:17:00+00:00,2020-10-18 10:17:00-04:00,NO_SESSION
03_mnq_12_20.Last.txt,2020-10-18 14:18:00+00:00,2020-10-18 10:18:00-04:00,NO_SESSION
03_mnq_12_20.Last.txt,2020-10-18 14:19:00+00:00,2020-10-18 10:19:00-04:00,NO_SESSION
03_mnq_12_20.Last.txt,2020-10-18 14:20:00+00:00,2020-10-18 10:20:00-04:00,NO_SESSION
03_mnq_12_20.Last.txt,2020-10-18 14:21:00+00:00,2020-10-18 10:21:00-04:00,NO_SESSION
03_mnq_12_20.Last.txt,2020-10-18 14:22:00+00:00,2020-10-18 10:22:00-04:00,NO_SESSION
03_mnq_12_20.Last.txt,2020-10-18 14:23:00+00:00,2020-10-18 10:23:00-04:00,NO_SESSION
03_mnq_12_20.Last.txt,2020-10-18 14:24:00+00:00,2020-10-18 10:24:00-04:00,NO_SESSION
03_mnq_12_20.Last.txt,2020-10-18 14:25:00+00:00,2020-10-18 10:25:00-04:00,NO_SESSION
03_mnq_12_20.Last.txt,2020-10-18 14:26:00+00:00,2020-10-18 10:26:00-04:00,NO_SESSION
03_mnq_12_20.Last.txt,2020-10-18 14:27:00+00:00,2020-10-18 10:27:00-04:00,NO_SESSION
03_mnq_12_20.Last.txt,2020-10-18 14:28:00+00:00,2020-10-18 10:28:00-04:00,NO_SESSION
03_mnq_12_20.Last.txt,2020-10-18 14:29:00+00:00,2020-10-18 10:29:00-04:00,NO_SESSION
03_mnq_12_20.Last.txt,2020-10-18 14:30:00+00:00,2020-10-18 10:30:00-04:00,NO_SESSION
03_mnq_12_20.Last.txt,2020-10-18 14:31:00+00:00,2020-10-18 10:31:00-04:00,NO_SESSION
03_mnq_12_20.Last.txt,2020-10-18 14:32:00+00:00,2020-10-18 10:32:00-04:00,NO_SESSION
03_mnq_12_20.Last.txt,2020-10-18 14:33:00+00:00,2020-10-18 10:33:00-04:00,NO_SESSION
03_mnq_12_20.Last.txt,2020-10-18 14:34:00+00:00,2020-10-18 10:34:00-04:00,NO_SESSION
03_mnq_12_20.Last.txt,2020-10-18 14:35:00+00:00,2020-10-18 10:35:00-04:00,NO_SESSION
03_mnq_12_20.Last.txt,2020-10-18 14:36:00+00:00,2020-10-18 10:36:00-04:00,NO_SESSION
03_mnq_12_20.Last.txt,2020-10-18 14:37:00+00:00,2020-10-18 10:37:00-04:00,NO_SESSION
03_mnq_12_20.Last.txt,2020-10-18 14:38:00+00:00,2020-10-18 10:38:00-04:00,NO_SESSION
03_mnq_12_20.Last.txt,2020-10-18 14:39:00+00:00,2020-10-18 10:39:00-04:00,NO_SESSION
03_mnq_12_20.Last.txt,2020-10-18 14:40:00+00:00,2020-10-18 10:40:00-04:00,NO_SESSION
03_mnq_12_20.Last.txt,2020-10-18 14:41:00+00:00,2020-10-18 10:41:00-04:00,NO_SESSION
03_mnq_12_20.Last.txt,2020-10-18 14:42:00+00:00,2020-10-18 10:42:00-04:00,NO_SESSION
03_mnq_12_20.Last.txt,2020-10-18 14:43:00+00:00,2020-10-18 10:43:00-04:00,NO_SESSION
03_mnq_12_20.Last.txt,2020-10-18 14:44:00+00:00,2020-10-18 10:44:00-04:00,NO_SESSION
03_mnq_12_20.Last.txt,2020-10-18 14:45:00+00:00,2020-10-18 10:45:00-04:00,NO_SESSION
03_mnq_12_20.Last.txt,2020-10-18 14:46:00+00:00,2020-10-18 10:46:00-04:00,NO_SESSION
03_mnq_12_20.Last.txt,2020-10-18 14:47:00+00:00,2020-10-18 10:47:00-04:00,NO_SESSION
03_mnq_12_20.Last.txt,2020-10-18 14:48:00+00:00,2020-10-18 10:48:00-04:00,NO_SESSION
03_mnq_12_20.Last.txt,2020-10-18 14:49:00+00:00,2020-10-18 10:49:00-04:00,NO_SESSION
03_mnq_12_20.Last.txt,2020-10-18 14:50:00+00:00,2020-10-18 10:50:00-04:00,NO_SESSION
03_mnq_12_20.Last.txt,2020-10-18 14:51:00+00:00,2020-10-18 10:51:00-04:00,NO_SESSION
03_mnq_12_20.Last.txt,2020-10-18 14:52:00+00:00,2020-10-18 10:52:00-04:00,NO_SESSION
03_mnq_12_20.Last.txt,2020-10-18 14:53:00+00:00,2020-10-18 10:53:00-04:00,NO_SESSION
03_mnq_12_20.Last.txt,2020-10-18 14:54:00+00:00,2020-10-18 10:54:00-04:00,NO_SESSION
03_mnq_12_20.Last.txt,2020-10-18 14:55:00+00:00,2020-10-18 10:55:00-04:00,NO_SESSION
03_mnq_12_20.Last.txt,2020-10-18 14:56:00+00:00,2020-10-18 10:56:00-04:00,NO_SESSION
03_mnq_12_20.Last.txt,2020-10-18 14:57:00+00:00,2020-10-18 10:57:00-04:00,NO_SESSION
03_mnq_12_20.Last.txt,2020-10-18 14:58:00+00:00,2020-10-18 10:58:00-04:00,NO_SESSION
03_mnq_12_20.Last.txt,2020-10-18 14:59:00+00:00,2020-10-18 10:59:00-04:00,NO_SESSION
03_mnq_12_20.Last.txt,2020-10-18 15:00:00+00:00,2020-10-18 11:00:00-04:00,NO_SESSION
03_mnq_12_20.Last.txt,2020-10-18 15:01:00+00:00,2020-10-18 11:01:00-04:00,NO_SESSION
03_mnq_12_20.Last.txt,2020-10-18 15:02:00+00:00,2020-10-18 11:02:00-04:00,NO_SESSION
03_mnq_12_20.Last.txt,2020-10-18 15:03:00+00:00,2020-10-18 11:03:00-04:00,NO_SESSION
03_mnq_12_20.Last.txt,2020-10-18 15:04:00+00:00,2020-10-18 11:04:00-04:00,NO_SESSION
03_mnq_12_20.Last.txt,2020-10-18 15:05:00+00:00,2020-10-18 11:05:00-04:00,NO_SESSION
03_mnq_12_20.Last.txt,2020-10-18 15:06:00+00:00,2020-10-18 11:06:00-04:00,NO_SESSION
03_mnq_12_20.Last.txt,2020-10-18 15:07:00+00:00,2020-10-18 11:07:00-04:00,NO_SESSION
03_mnq_12_20.Last.txt,2020-10-18 15:08:00+00:00,2020-10-18 11:08:00-04:00,NO_SESSION
03_mnq_12_20.Last.txt,2020-10-18 15:09:00+00:00,2020-10-18 11:09:00-04:00,NO_SESSION
03_mnq_12_20.Last.txt,2020-10-18 15:10:00+00:00,2020-10-18 11:10:00-04:00,NO_SESSION
03_mnq_12_20.Last.txt,2020-10-18 15:11:00+00:00,2020-10-18 11:11:00-04:00,NO_SESSION
03_mnq_12_20.Last.txt,2020-10-18 15:12:00+00:00,2020-10-18 11:12:00-04:00,NO_SESSION
03_mnq_12_20.Last.txt,2020-10-18 15:13:00+00:00,2020-10-18 11:13:00-04:00,NO_SESSION
03_mnq_12_20.Last.txt,2020-10-18 15:14:00+00:00,2020-10-18 11:14:00-04:00,NO_SESSION
03_mnq_12_20.Last.txt,2020-10-18 15:15:00+00:00,2020-10-18 11:15:00-04:00,NO_SESSION
03_mnq_12_20.Last.txt,2020-10-18 15:16:00+00:00,2020-10-18 11:16:00-04:00,NO_SESSION
03_mnq_12_20.Last.txt,2020-10-18 15:17:00+00:00,2020-10-18 11:17:00-04:00,NO_SESSION
03_mnq_12_20.Last.txt,2020-10-18 15:18:00+00:00,2020-10-18 11:18:00-04:00,NO_SESSION
03_mnq_12_20.Last.txt,2020-10-18 15:19:00+00:00,2020-10-18 11:19:00-04:00,NO_SESSION
03_mnq_12_20.Last.txt,2020-10-18 15:20:00+00:00,2020-10-18 11:20:00-04:00,NO_SESSION
03_mnq_12_20.Last.txt,2020-10-18 15:21:00+00:00,2020-10-18 11:21:00-04:00,NO_SESSION
03_mnq_12_20.Last.txt,2020-10-18 15:22:00+00:00,2020-10-18 11:22:00-04:00,NO_SESSION
03_mnq_12_20.Last.txt,2020-10-18 15:23:00+00:00,2020-10-18 11:23:00-04:00,NO_SESSION
03_mnq_12_20.Last.txt,2020-10-18 15:24:00+00:00,2020-10-18 11:24:00-04:00,NO_SESSION
03_mnq_12_20.Last.txt,2020-10-18 15:25:00+00:00,2020-10-18 11:25:00-04:00,NO_SESSION
03_mnq_12_20.Last.txt,2020-10-18 15:26:00+00:00,2020-10-18 11:26:00-04:00,NO_SESSION
03_mnq_12_20.Last.txt,2020-10-18 15:27:00+00:00,2020-10-18 11:27:00-04:00,NO_SESSION
03_mnq_12_20.Last.txt,2020-10-18 15:28:00+00:00,2020-10-18 11:28:00-04:00,NO_SESSION
03_mnq_12_20.Last.txt,2020-10-18 15:29:00+00:00,2020-10-18 11:29:00-04:00,NO_SESSION
03_mnq_12_20.Last.txt,2020-10-18 15:30:00+00:00,2020-10-18 11:30:00-04:00,NO_SESSION
03_mnq_12_20.Last.txt,2020-10-18 15:31:00+00:00,2020-10-18 11:31:00-04:00,NO_SESSION
03_mnq_12_20.Last.txt,2020-10-18 15:32:00+00:00,2020-10-18 11:32:00-04:00,NO_SESSION
03_mnq_12_20.Last.txt,2020-10-18 15:33:00+00:00,2020-10-18 11:33:00-04:00,NO_SESSION
03_mnq_12_20.Last.txt,2020-10-18 15:34:00+00:00,2020-10-18 11:34:00-04:00,NO_SESSION
03_mnq_12_20.Last.txt,2020-10-18 15:35:00+00:00,2020-10-18 11:35:00-04:00,NO_SESSION
03_mnq_12_20.Last.txt,2020-10-18 15:36:00+00:00,2020-10-18 11:36:00-04:00,NO_SESSION
03_mnq_12_20.Last.txt,2020-10-18 15:37:00+00:00,2020-10-18 11:37:00-04:00,NO_SESSION
03_mnq_12_20.Last.txt,2020-10-18 15:38:00+00:00,2020-10-18 11:38:00-04:00,NO_SESSION
03_mnq_12_20.Last.txt,2020-10-18 15:39:00+00:00,2020-10-18 11:39:00-04:00,NO_SESSION
03_mnq_12_20.Last.txt,2020-10-18 15:40:00+00:00,2020-10-18 11:40:00-04:00,NO_SESSION
03_mnq_12_20.Last.txt,2020-10-18 15:41:00+00:00,2020-10-18 11:41:00-04:00,NO_SESSION
03_mnq_12_20.Last.txt,2020-10-18 15:42:00+00:00,2020-10-18 11:42:00-04:00,NO_SESSION
03_mnq_12_20.Last.txt,2020-10-18 15:43:00+00:00,2020-10-18 11:43:00-04:00,NO_SESSION
03_mnq_12_20.Last.txt,2020-10-18 15:44:00+00:00,2020-10-18 11:44:00-04:00,NO_SESSION
03_mnq_12_20.Last.txt,2020-10-18 15:45:00+00:00,2020-10-18 11:45:00-04:00,NO_SESSION
03_mnq_12_20.Last.txt,2020-10-18 15:46:00+00:00,2020-10-18 11:46:00-04:00,NO_SESSION
03_mnq_12_20.Last.txt,2020-10-18 15:47:00+00:00,2020-10-18 11:47:00-04:00,NO_SESSION
03_mnq_12_20.Last.txt,2020-10-18 15:48:00+00:00,2020-10-18 11:48:00-04:00,NO_SESSION
03_mnq_12_20.Last.txt,2020-10-18 15:49:00+00:00,2020-10-18 11:49:00-04:00,NO_SESSION
03_mnq_12_20.Last.txt,2020-10-18 15:50:00+00:00,2020-10-18 11:50:00-04:00,NO_SESSION
03_mnq_12_20.Last.txt,2020-10-18 15:51:00+00:00,2020-10-18 11:51:00-04:00,NO_SESSION
03_mnq_12_20.Last.txt,2020-10-18 15:52:00+00:00,2020-10-18 11:52:00-04:00,NO_SESSION
03_mnq_12_20.Last.txt,2020-10-18 15:53:00+00:00,2020-10-18 11:53:00-04:00,NO_SESSION
03_mnq_12_20.Last.txt,2020-10-18 15:54:00+00:00,2020-10-18 11:54:00-04:00,NO_SESSION
03_mnq_12_20.Last.txt,2020-10-18 15:55:00+00:00,2020-10-18 11:55:00-04:00,NO_SESSION
03_mnq_12_20.Last.txt,2020-10-18 15:56:00+00:00,2020-10-18 11:56:00-04:00,NO_SESSION
03_mnq_12_20.Last.txt,2020-10-18 15:57:00+00:00,2020-10-18 11:57:00-04:00,NO_SESSION
03_mnq_12_20.Last.txt,2020-10-18 15:58:00+00:00,2020-10-18 11:58:00-04:00,NO_SESSION
03_mnq_12_20.Last.txt,2020-10-18 15:59:00+00:00,2020-10-18 11:59:00-04:00,NO_SESSION
03_mnq_12_20.Last.txt,2020-10-18 16:00:00+00:00,2020-10-18 12:00:00-04:00,NO_SESSION
03_mnq_12_20.Last.txt,2020-10-18 16:01:00+00:00,2020-10-18 12:01:00-04:00,NO_SESSION
03_mnq_12_20.Last.txt,2020-10-18 16:02:00+00:00,2020-10-18 12:02:00-04:00,NO_SESSION
03_mnq_12_20.Last.txt,2020-10-18 16:03:00+00:00,2020-10-18 12:03:00-04:00,NO_SESSION
03_mnq_12_20.Last.txt,2020-10-18 16:04:00+00:00,2020-10-18 12:04:00-04:00,NO_SESSION
03_mnq_12_20.Last.txt,2020-10-18 16:05:00+00:00,2020-10-18 12:05:00-04:00,NO_SESSION
03_mnq_12_20.Last.txt,2020-10-18 16:06:00+00:00,2020-10-18 12:06:00-04:00,NO_SESSION
03_mnq_12_20.Last.txt,2020-10-18 16:07:00+00:00,2020-10-18 12:07:00-04:00,NO_SESSION
03_mnq_12_20.Last.txt,2020-10-18 16:08:00+00:00,2020-10-18 12:08:00-04:00,NO_SESSION
03_mnq_12_20.Last.txt,2020-10-18 16:09:00+00:00,2020-10-18 12:09:00-04:00,NO_SESSION
03_mnq_12_20.Last.txt,2020-10-18 16:10:00+00:00,2020-10-18 12:10:00-04:00,NO_SESSION
03_mnq_12_20.Last.txt,2020-10-18 16:11:00+00:00,2020-10-18 12:11:00-04:00,NO_SESSION
03_mnq_12_20.Last.txt,2020-10-18 16:12:00+00:00,2020-10-18 12:12:00-04:00,NO_SESSION
03_mnq_12_20.Last.txt,2020-10-18 16:13:00+00:00,2020-10-18 12:13:00-04:00,NO_SESSION
03_mnq_12_20.Last.txt,2020-10-18 16:14:00+00:00,2020-10-18 12:14:00-04:00,NO_SESSION
03_mnq_12_20.Last.txt,2020-10-18 16:15:00+00:00,2020-10-18 12:15:00-04:00,NO_SESSION
03_mnq_12_20.Last.txt,2020-10-18 16:16:00+00:00,2020-10-18 12:16:00-04:00,NO_SESSION
03_mnq_12_20.Last.txt,2020-10-18 16:17:00+00:00,2020-10-18 12:17:00-04:00,NO_SESSION
03_mnq_12_20.Last.txt,2020-10-18 16:18:00+00:00,2020-10-18 12:18:00-04:00,NO_SESSION
03_mnq_12_20.Last.txt,2020-10-18 16:19:00+00:00,2020-10-18 12:19:00-04:00,NO_SESSION
03_mnq_12_20.Last.txt,2020-10-18 16:20:00+00:00,2020-10-18 12:20:00-04:00,NO_SESSION
03_mnq_12_20.Last.txt,2020-10-18 16:21:00+00:00,2020-10-18 12:21:00-04:00,NO_SESSION
03_mnq_12_20.Last.txt,2020-10-18 16:22:00+00:00,2020-10-18 12:22:00-04:00,NO_SESSION
03_mnq_12_20.Last.txt,2020-10-18 16:23:00+00:00,2020-10-18 12:23:00-04:00,NO_SESSION
03_mnq_12_20.Last.txt,2020-10-18 16:24:00+00:00,2020-10-18 12:24:00-04:00,NO_SESSION
03_mnq_12_20.Last.txt,2020-10-18 16:25:00+00:00,2020-10-18 12:25:00-04:00,NO_SESSION
03_mnq_12_20.Last.txt,2020-10-18 16:26:00+00:00,2020-10-18 12:26:00-04:00,NO_SESSION
03_mnq_12_20.Last.txt,2020-10-18 16:27:00+00:00,2020-10-18 12:27:00-04:00,NO_SESSION
03_mnq_12_20.Last.txt,2020-10-18 16:28:00+00:00,2020-10-18 12:28:00-04:00,NO_SESSION
03_mnq_12_20.Last.txt,2020-10-18 16:29:00+00:00,2020-10-18 12:29:00-04:00,NO_SESSION
03_mnq_12_20.Last.txt,2020-10-18 16:30:00+00:00,2020-10-18 12:30:00-04:00,NO_SESSION
03_mnq_12_20.Last.txt,2020-10-18 16:31:00+00:00,2020-10-18 12:31:00-04:00,NO_SESSION
03_mnq_12_20.Last.txt,2020-10-18 16:32:00+00:00,2020-10-18 12:32:00-04:00,NO_SESSION
03_mnq_12_20.Last.txt,2020-10-18 16:33:00+00:00,2020-10-18 12:33:00-04:00,NO_SESSION
03_mnq_12_20.Last.txt,2020-10-18 16:34:00+00:00,2020-10-18 12:34:00-04:00,NO_SESSION
03_mnq_12_20.Last.txt,2020-10-18 16:35:00+00:00,2020-10-18 12:35:00-04:00,NO_SESSION
03_mnq_12_20.Last.txt,2020-10-18 16:36:00+00:00,2020-10-18 12:36:00-04:00,NO_SESSION
03_mnq_12_20.Last.txt,2020-10-18 16:37:00+00:00,2020-10-18 12:37:00-04:00,NO_SESSION
03_mnq_12_20.Last.txt,2020-10-18 16:38:00+00:00,2020-10-18 12:38:00-04:00,NO_SESSION
03_mnq_12_20.Last.txt,2020-10-18 16:39:00+00:00,2020-10-18 12:39:00-04:00,NO_SESSION
03_mnq_12_20.Last.txt,2020-10-18 16:40:00+00:00,2020-10-18 12:40:00-04:00,NO_SESSION
03_mnq_12_20.Last.txt,2020-10-18 16:41:00+00:00,2020-10-18 12:41:00-04:00,NO_SESSION
03_mnq_12_20.Last.txt,2020-10-18 16:42:00+00:00,2020-10-18 12:42:00-04:00,NO_SESSION
03_mnq_12_20.Last.txt,2020-10-18 16:43:00+00:00,2020-10-18 12:43:00-04:00,NO_SESSION
03_mnq_12_20.Last.txt,2020-10-18 16:44:00+00:00,2020-10-18 12:44:00-04:00,NO_SESSION
03_mnq_12_20.Last.txt,2020-10-18 16:45:00+00:00,2020-10-18 12:45:00-04:00,NO_SESSION
03_mnq_12_20.Last.txt,2020-10-18 16:46:00+00:00,2020-10-18 12:46:00-04:00,NO_SESSION
03_mnq_12_20.Last.txt,2020-10-18 16:47:00+00:00,2020-10-18 12:47:00-04:00,NO_SESSION
03_mnq_12_20.Last.txt,2020-10-18 16:48:00+00:00,2020-10-18 12:48:00-04:00,NO_SESSION
03_mnq_12_20.Last.txt,2020-10-18 16:49:00+00:00,2020-10-18 12:49:00-04:00,NO_SESSION
03_mnq_12_20.Last.txt,2020-10-18 16:50:00+00:00,2020-10-18 12:50:00-04:00,NO_SESSION
03_mnq_12_20.Last.txt,2020-10-18 16:51:00+00:00,2020-10-18 12:51:00-04:00,NO_SESSION
03_mnq_12_20.Last.txt,2020-10-18 16:52:00+00:00,2020-10-18 12:52:00-04:00,NO_SESSION
03_mnq_12_20.Last.txt,2020-10-18 16:53:00+00:00,2020-10-18 12:53:00-04:00,NO_SESSION
03_mnq_12_20.Last.txt,2020-10-18 16:54:00+00:00,2020-10-18 12:54:00-04:00,NO_SESSION
03_mnq_12_20.Last.txt,2020-10-18 16:55:00+00:00,2020-10-18 12:55:00-04:00,NO_SESSION
03_mnq_12_20.Last.txt,2020-10-18 16:56:00+00:00,2020-10-18 12:56:00-04:00,NO_SESSION
03_mnq_12_20.Last.txt,2020-10-18 16:57:00+00:00,2020-10-18 12:57:00-04:00,NO_SESSION
03_mnq_12_20.Last.txt,2020-10-18 16:58:00+00:00,2020-10-18 12:58:00-04:00,NO_SESSION
03_mnq_12_20.Last.txt,2020-10-18 16:59:00+00:00,2020-10-18 12:59:00-04:00,NO_SESSION
03_mnq_12_20.Last.txt,2020-10-18 17:00:00+00:00,2020-10-18 13:00:00-04:00,NO_SESSION
03_mnq_12_20.Last.txt,2020-10-18 17:01:00+00:00,2020-10-18 13:01:00-04:00,NO_SESSION
03_mnq_12_20.Last.txt,2020-10-18 17:02:00+00:00,2020-10-18 13:02:00-04:00,NO_SESSION
03_mnq_12_20.Last.txt,2020-10-18 17:03:00+00:00,2020-10-18 13:03:00-04:00,NO_SESSION
03_mnq_12_20.Last.txt,2020-10-18 17:04:00+00:00,2020-10-18 13:04:00-04:00,NO_SESSION
03_mnq_12_20.Last.txt,2020-10-18 17:05:00+00:00,2020-10-18 13:05:00-04:00,NO_SESSION
03_mnq_12_20.Last.txt,2020-10-18 17:06:00+00:00,2020-10-18 13:06:00-04:00,NO_SESSION
03_mnq_12_20.Last.txt,2020-10-18 17:07:00+00:00,2020-10-18 13:07:00-04:00,NO_SESSION
03_mnq_12_20.Last.txt,2020-10-18 17:08:00+00:00,2020-10-18 13:08:00-04:00,NO_SESSION
03_mnq_12_20.Last.txt,2020-10-18 17:09:00+00:00,2020-10-18 13:09:00-04:00,NO_SESSION
03_mnq_12_20.Last.txt,2020-10-18 17:10:00+00:00,2020-10-18 13:10:00-04:00,NO_SESSION
03_mnq_12_20.Last.txt,2020-10-18 17:11:00+00:00,2020-10-18 13:11:00-04:00,NO_SESSION
03_mnq_12_20.Last.txt,2020-10-18 17:12:00+00:00,2020-10-18 13:12:00-04:00,NO_SESSION
03_mnq_12_20.Last.txt,2020-10-18 17:13:00+00:00,2020-10-18 13:13:00-04:00,NO_SESSION
03_mnq_12_20.Last.txt,2020-10-18 17:14:00+00:00,2020-10-18 13:14:00-04:00,NO_SESSION
03_mnq_12_20.Last.txt,2020-10-18 17:15:00+00:00,2020-10-18 13:15:00-04:00,NO_SESSION
03_mnq_12_20.Last.txt,2020-10-18 17:16:00+00:00,2020-10-18 13:16:00-04:00,NO_SESSION
03_mnq_12_20.Last.txt,2020-10-18 17:17:00+00:00,2020-10-18 13:17:00-04:00,NO_SESSION
03_mnq_12_20.Last.txt,2020-10-18 17:18:00+00:00,2020-10-18 13:18:00-04:00,NO_SESSION
03_mnq_12_20.Last.txt,2020-10-18 17:19:00+00:00,2020-10-18 13:19:00-04:00,NO_SESSION
03_mnq_12_20.Last.txt,2020-10-18 17:20:00+00:00,2020-10-18 13:20:00-04:00,NO_SESSION
03_mnq_12_20.Last.txt,2020-10-18 17:21:00+00:00,2020-10-18 13:21:00-04:00,NO_SESSION
03_mnq_12_20.Last.txt,2020-10-18 17:22:00+00:00,2020-10-18 13:22:00-04:00,NO_SESSION
03_mnq_12_20.Last.txt,2020-10-18 17:23:00+00:00,2020-10-18 13:23:00-04:00,NO_SESSION
03_mnq_12_20.Last.txt,2020-10-18 17:24:00+00:00,2020-10-18 13:24:00-04:00,NO_SESSION
03_mnq_12_20.Last.txt,2020-10-18 17:25:00+00:00,2020-10-18 13:25:00-04:00,NO_SESSION
03_mnq_12_20.Last.txt,2020-10-18 17:26:00+00:00,2020-10-18 13:26:00-04:00,NO_SESSION
03_mnq_12_20.Last.txt,2020-10-18 17:27:00+00:00,2020-10-18 13:27:00-04:00,NO_SESSION
03_mnq_12_20.Last.txt,2020-10-18 17:28:00+00:00,2020-10-18 13:28:00-04:00,NO_SESSION
03_mnq_12_20.Last.txt,2020-10-18 17:29:00+00:00,2020-10-18 13:29:00-04:00,NO_SESSION
03_mnq_12_20.Last.txt,2020-10-18 17:30:00+00:00,2020-10-18 13:30:00-04:00,NO_SESSION
03_mnq_12_20.Last.txt,2020-10-18 17:31:00+00:00,2020-10-18 13:31:00-04:00,NO_SESSION
03_mnq_12_20.Last.txt,2020-10-18 17:32:00+00:00,2020-10-18 13:32:00-04:00,NO_SESSION
03_mnq_12_20.Last.txt,2020-10-18 17:33:00+00:00,2020-10-18 13:33:00-04:00,NO_SESSION
03_mnq_12_20.Last.txt,2020-10-18 17:34:00+00:00,2020-10-18 13:34:00-04:00,NO_SESSION
03_mnq_12_20.Last.txt,2020-10-18 17:35:00+00:00,2020-10-18 13:35:00-04:00,NO_SESSION
03_mnq_12_20.Last.txt,2020-10-18 17:36:00+00:00,2020-10-18 13:36:00-04:00,NO_SESSION
03_mnq_12_20.Last.txt,2020-10-18 17:37:00+00:00,2020-10-18 13:37:00-04:00,NO_SESSION
03_mnq_12_20.Last.txt,2020-10-18 17:38:00+00:00,2020-10-18 13:38:00-04:00,NO_SESSION
03_mnq_12_20.Last.txt,2020-10-18 17:39:00+00:00,2020-10-18 13:39:00-04:00,NO_SESSION
03_mnq_12_20.Last.txt,2020-10-18 17:40:00+00:00,2020-10-18 13:40:00-04:00,NO_SESSION
03_mnq_12_20.Last.txt,2020-10-18 17:41:00+00:00,2020-10-18 13:41:00-04:00,NO_SESSION
03_mnq_12_20.Last.txt,2020-10-18 17:42:00+00:00,2020-10-18 13:42:00-04:00,NO_SESSION
03_mnq_12_20.Last.txt,2020-10-18 17:43:00+00:00,2020-10-18 13:43:00-04:00,NO_SESSION
03_mnq_12_20.Last.txt,2020-10-18 17:44:00+00:00,2020-10-18 13:44:00-04:00,NO_SESSION
03_mnq_12_20.Last.txt,2020-10-18 17:45:00+00:00,2020-10-18 13:45:00-04:00,NO_SESSION
03_mnq_12_20.Last.txt,2020-10-18 17:46:00+00:00,2020-10-18 13:46:00-04:00,NO_SESSION
03_mnq_12_20.Last.txt,2020-10-18 17:47:00+00:00,2020-10-18 13:47:00-04:00,NO_SESSION
03_mnq_12_20.Last.txt,2020-10-18 17:48:00+00:00,2020-10-18 13:48:00-04:00,NO_SESSION
03_mnq_12_20.Last.txt,2020-10-18 17:49:00+00:00,2020-10-18 13:49:00-04:00,NO_SESSION
03_mnq_12_20.Last.txt,2020-10-18 17:50:00+00:00,2020-10-18 13:50:00-04:00,NO_SESSION
03_mnq_12_20.Last.txt,2020-10-18 17:51:00+00:00,2020-10-18 13:51:00-04:00,NO_SESSION
03_mnq_12_20.Last.txt,2020-10-18 17:52:00+00:00,2020-10-18 13:52:00-04:00,NO_SESSION
03_mnq_12_20.Last.txt,2020-10-18 17:53:00+00:00,2020-10-18 13:53:00-04:00,NO_SESSION
03_mnq_12_20.Last.txt,2020-10-18 17:54:00+00:00,2020-10-18 13:54:00-04:00,NO_SESSION
03_mnq_12_20.Last.txt,2020-10-18 17:55:00+00:00,2020-10-18 13:55:00-04:00,NO_SESSION
03_mnq_12_20.Last.txt,2020-10-18 17:56:00+00:00,2020-10-18 13:56:00-04:00,NO_SESSION
03_mnq_12_20.Last.txt,2020-10-18 17:57:00+00:00,2020-10-18 13:57:00-04:00,NO_SESSION
03_mnq_12_20.Last.txt,2020-10-18 17:58:00+00:00,2020-10-18 13:58:00-04:00,NO_SESSION
03_mnq_12_20.Last.txt,2020-10-18 17:59:00+00:00,2020-10-18 13:59:00-04:00,NO_SESSION
03_mnq_12_20.Last.txt,2020-10-18 18:00:00+00:00,2020-10-18 14:00:00-04:00,NO_SESSION
03_mnq_12_20.Last.txt,2020-10-18 18:01:00+00:00,2020-10-18 14:01:00-04:00,NO_SESSION
03_mnq_12_20.Last.txt,2020-10-18 18:02:00+00:00,2020-10-18 14:02:00-04:00,NO_SESSION
03_mnq_12_20.Last.txt,2020-10-18 18:03:00+00:00,2020-10-18 14:03:00-04:00,NO_SESSION
03_mnq_12_20.Last.txt,2020-10-18 18:04:00+00:00,2020-10-18 14:04:00-04:00,NO_SESSION
03_mnq_12_20.Last.txt,2020-10-18 18:05:00+00:00,2020-10-18 14:05:00-04:00,NO_SESSION
03_mnq_12_20.Last.txt,2020-10-18 18:06:00+00:00,2020-10-18 14:06:00-04:00,NO_SESSION
03_mnq_12_20.Last.txt,2020-10-18 18:07:00+00:00,2020-10-18 14:07:00-04:00,NO_SESSION
03_mnq_12_20.Last.txt,2020-10-18 18:08:00+00:00,2020-10-18 14:08:00-04:00,NO_SESSION
03_mnq_12_20.Last.txt,2020-10-18 18:09:00+00:00,2020-10-18 14:09:00-04:00,NO_SESSION
03_mnq_12_20.Last.txt,2020-10-18 18:10:00+00:00,2020-10-18 14:10:00-04:00,NO_SESSION
03_mnq_12_20.Last.txt,2020-10-18 18:11:00+00:00,2020-10-18 14:11:00-04:00,NO_SESSION
03_mnq_12_20.Last.txt,2020-10-18 18:12:00+00:00,2020-10-18 14:12:00-04:00,NO_SESSION
03_mnq_12_20.Last.txt,2020-10-18 18:13:00+00:00,2020-10-18 14:13:00-04:00,NO_SESSION
03_mnq_12_20.Last.txt,2020-10-18 18:14:00+00:00,2020-10-18 14:14:00-04:00,NO_SESSION
03_mnq_12_20.Last.txt,2020-10-18 18:15:00+00:00,2020-10-18 14:15:00-04:00,NO_SESSION
03_mnq_12_20.Last.txt,2020-10-18 18:16:00+00:00,2020-10-18 14:16:00-04:00,NO_SESSION
03_mnq_12_20.Last.txt,2020-10-18 18:17:00+00:00,2020-10-18 14:17:00-04:00,NO_SESSION
03_mnq_12_20.Last.txt,2020-10-18 18:18:00+00:00,2020-10-18 14:18:00-04:00,NO_SESSION
03_mnq_12_20.Last.txt,2020-10-18 18:19:00+00:00,2020-10-18 14:19:00-04:00,NO_SESSION
03_mnq_12_20.Last.txt,2020-10-18 18:20:00+00:00,2020-10-18 14:20:00-04:00,NO_SESSION
03_mnq_12_20.Last.txt,2020-10-18 18:21:00+00:00,2020-10-18 14:21:00-04:00,NO_SESSION
03_mnq_12_20.Last.txt,2020-10-18 18:22:00+00:00,2020-10-18 14:22:00-04:00,NO_SESSION
03_mnq_12_20.Last.txt,2020-10-18 18:23:00+00:00,2020-10-18 14:23:00-04:00,NO_SESSION
03_mnq_12_20.Last.txt,2020-10-18 18:24:00+00:00,2020-10-18 14:24:00-04:00,NO_SESSION
03_mnq_12_20.Last.txt,2020-10-18 18:25:00+00:00,2020-10-18 14:25:00-04:00,NO_SESSION
03_mnq_12_20.Last.txt,2020-10-18 18:26:00+00:00,2020-10-18 14:26:00-04:00,NO_SESSION
03_mnq_12_20.Last.txt,2020-10-18 18:27:00+00:00,2020-10-18 14:27:00-04:00,NO_SESSION
03_mnq_12_20.Last.txt,2020-10-18 18:28:00+00:00,2020-10-18 14:28:00-04:00,NO_SESSION
03_mnq_12_20.Last.txt,2020-10-18 18:29:00+00:00,2020-10-18 14:29:00-04:00,NO_SESSION
03_mnq_12_20.Last.txt,2020-10-18 18:30:00+00:00,2020-10-18 14:30:00-04:00,NO_SESSION
03_mnq_12_20.Last.txt,2020-10-18 18:31:00+00:00,2020-10-18 14:31:00-04:00,NO_SESSION
03_mnq_12_20.Last.txt,2020-10-18 18:32:00+00:00,2020-10-18 14:32:00-04:00,NO_SESSION
03_mnq_12_20.Last.txt,2020-10-18 18:33:00+00:00,2020-10-18 14:33:00-04:00,NO_SESSION
03_mnq_12_20.Last.txt,2020-10-18 18:34:00+00:00,2020-10-18 14:34:00-04:00,NO_SESSION
03_mnq_12_20.Last.txt,2020-10-18 18:35:00+00:00,2020-10-18 14:35:00-04:00,NO_SESSION
03_mnq_12_20.Last.txt,2020-10-18 18:36:00+00:00,2020-10-18 14:36:00-04:00,NO_SESSION
03_mnq_12_20.Last.txt,2020-10-18 18:37:00+00:00,2020-10-18 14:37:00-04:00,NO_SESSION
03_mnq_12_20.Last.txt,2020-10-18 18:38:00+00:00,2020-10-18 14:38:00-04:00,NO_SESSION
03_mnq_12_20.Last.txt,2020-10-18 18:39:00+00:00,2020-10-18 14:39:00-04:00,NO_SESSION
03_mnq_12_20.Last.txt,2020-10-18 18:40:00+00:00,2020-10-18 14:40:00-04:00,NO_SESSION
03_mnq_12_20.Last.txt,2020-10-18 18:41:00+00:00,2020-10-18 14:41:00-04:00,NO_SESSION
03_mnq_12_20.Last.txt,2020-10-18 18:42:00+00:00,2020-10-18 14:42:00-04:00,NO_SESSION
03_mnq_12_20.Last.txt,2020-10-18 18:43:00+00:00,2020-10-18 14:43:00-04:00,NO_SESSION
03_mnq_12_20.Last.txt,2020-10-18 18:44:00+00:00,2020-10-18 14:44:00-04:00,NO_SESSION
03_mnq_12_20.Last.txt,2020-10-18 18:45:00+00:00,2020-10-18 14:45:00-04:00,NO_SESSION
03_mnq_12_20.Last.txt,2020-10-18 18:46:00+00:00,2020-10-18 14:46:00-04:00,NO_SESSION
03_mnq_12_20.Last.txt,2020-10-18 18:47:00+00:00,2020-10-18 14:47:00-04:00,NO_SESSION
03_mnq_12_20.Last.txt,2020-10-18 18:48:00+00:00,2020-10-18 14:48:00-04:00,NO_SESSION
03_mnq_12_20.Last.txt,2020-10-18 18:49:00+00:00,2020-10-18 14:49:00-04:00,NO_SESSION
03_mnq_12_20.Last.txt,2020-10-18 18:50:00+00:00,2020-10-18 14:50:00-04:00,NO_SESSION
03_mnq_12_20.Last.txt,2020-10-18 18:51:00+00:00,2020-10-18 14:51:00-04:00,NO_SESSION
03_mnq_12_20.Last.txt,2020-10-18 18:52:00+00:00,2020-10-18 14:52:00-04:00,NO_SESSION
03_mnq_12_20.Last.txt,2020-10-18 18:53:00+00:00,2020-10-18 14:53:00-04:00,NO_SESSION
03_mnq_12_20.Last.txt,2020-10-18 18:54:00+00:00,2020-10-18 14:54:00-04:00,NO_SESSION
03_mnq_12_20.Last.txt,2020-10-18 18:55:00+00:00,2020-10-18 14:55:00-04:00,NO_SESSION
03_mnq_12_20.Last.txt,2020-10-18 18:56:00+00:00,2020-10-18 14:56:00-04:00,NO_SESSION
03_mnq_12_20.Last.txt,2020-10-18 18:57:00+00:00,2020-10-18 14:57:00-04:00,NO_SESSION
03_mnq_12_20.Last.txt,2020-10-18 18:58:00+00:00,2020-10-18 14:58:00-04:00,NO_SESSION
03_mnq_12_20.Last.txt,2020-10-18 18:59:00+00:00,2020-10-18 14:59:00-04:00,NO_SESSION
03_mnq_12_20.Last.txt,2020-10-18 19:00:00+00:00,2020-10-18 15:00:00-04:00,NO_SESSION
03_mnq_12_20.Last.txt,2020-10-18 19:01:00+00:00,2020-10-18 15:01:00-04:00,NO_SESSION
03_mnq_12_20.Last.txt,2020-10-18 19:02:00+00:00,2020-10-18 15:02:00-04:00,NO_SESSION
03_mnq_12_20.Last.txt,2020-10-18 19:03:00+00:00,2020-10-18 15:03:00-04:00,NO_SESSION
03_mnq_12_20.Last.txt,2020-10-18 19:04:00+00:00,2020-10-18 15:04:00-04:00,NO_SESSION
03_mnq_12_20.Last.txt,2020-10-18 19:05:00+00:00,2020-10-18 15:05:00-04:00,NO_SESSION
03_mnq_12_20.Last.txt,2020-10-18 19:06:00+00:00,2020-10-18 15:06:00-04:00,NO_SESSION
03_mnq_12_20.Last.txt,2020-10-18 19:07:00+00:00,2020-10-18 15:07:00-04:00,NO_SESSION
03_mnq_12_20.Last.txt,2020-10-18 19:08:00+00:00,2020-10-18 15:08:00-04:00,NO_SESSION
03_mnq_12_20.Last.txt,2020-10-18 19:09:00+00:00,2020-10-18 15:09:00-04:00,NO_SESSION
03_mnq_12_20.Last.txt,2020-10-18 19:10:00+00:00,2020-10-18 15:10:00-04:00,NO_SESSION
03_mnq_12_20.Last.txt,2020-10-18 19:11:00+00:00,2020-10-18 15:11:00-04:00,NO_SESSION
03_mnq_12_20.Last.txt,2020-10-18 19:12:00+00:00,2020-10-18 15:12:00-04:00,NO_SESSION
03_mnq_12_20.Last.txt,2020-10-18 19:13:00+00:00,2020-10-18 15:13:00-04:00,NO_SESSION
03_mnq_12_20.Last.txt,2020-10-18 19:14:00+00:00,2020-10-18 15:14:00-04:00,NO_SESSION
03_mnq_12_20.Last.txt,2020-10-18 19:15:00+00:00,2020-10-18 15:15:00-04:00,NO_SESSION
03_mnq_12_20.Last.txt,2020-10-18 19:16:00+00:00,2020-10-18 15:16:00-04:00,NO_SESSION
03_mnq_12_20.Last.txt,2020-10-18 19:17:00+00:00,2020-10-18 15:17:00-04:00,NO_SESSION
03_mnq_12_20.Last.txt,2020-10-18 19:18:00+00:00,2020-10-18 15:18:00-04:00,NO_SESSION
03_mnq_12_20.Last.txt,2020-10-18 19:19:00+00:00,2020-10-18 15:19:00-04:00,NO_SESSION
03_mnq_12_20.Last.txt,2020-10-18 19:20:00+00:00,2020-10-18 15:20:00-04:00,NO_SESSION
03_mnq_12_20.Last.txt,2020-10-18 19:21:00+00:00,2020-10-18 15:21:00-04:00,NO_SESSION
03_mnq_12_20.Last.txt,2020-10-18 19:22:00+00:00,2020-10-18 15:22:00-04:00,NO_SESSION
03_mnq_12_20.Last.txt,2020-10-18 19:23:00+00:00,2020-10-18 15:23:00-04:00,NO_SESSION
03_mnq_12_20.Last.txt,2020-10-18 19:24:00+00:00,2020-10-18 15:24:00-04:00,NO_SESSION
03_mnq_12_20.Last.txt,2020-10-18 19:25:00+00:00,2020-10-18 15:25:00-04:00,NO_SESSION
03_mnq_12_20.Last.txt,2020-10-18 19:26:00+00:00,2020-10-18 15:26:00-04:00,NO_SESSION
03_mnq_12_20.Last.txt,2020-10-18 19:27:00+00:00,2020-10-18 15:27:00-04:00,NO_SESSION
03_mnq_12_20.Last.txt,2020-10-18 19:28:00+00:00,2020-10-18 15:28:00-04:00,NO_SESSION
03_mnq_12_20.Last.txt,2020-10-18 19:29:00+00:00,2020-10-18 15:29:00-04:00,NO_SESSION
03_mnq_12_20.Last.txt,2020-10-18 19:30:00+00:00,2020-10-18 15:30:00-04:00,NO_SESSION
03_mnq_12_20.Last.txt,2020-10-18 19:31:00+00:00,2020-10-18 15:31:00-04:00,NO_SESSION
03_mnq_12_20.Last.txt,2020-10-18 19:32:00+00:00,2020-10-18 15:32:00-04:00,NO_SESSION
03_mnq_12_20.Last.txt,2020-10-18 19:33:00+00:00,2020-10-18 15:33:00-04:00,NO_SESSION
03_mnq_12_20.Last.txt,2020-10-18 19:34:00+00:00,2020-10-18 15:34:00-04:00,NO_SESSION
03_mnq_12_20.Last.txt,2020-10-18 19:35:00+00:00,2020-10-18 15:35:00-04:00,NO_SESSION
03_mnq_12_20.Last.txt,2020-10-18 19:36:00+00:00,2020-10-18 15:36:00-04:00,NO_SESSION
03_mnq_12_20.Last.txt,2020-10-18 19:37:00+00:00,2020-10-18 15:37:00-04:00,NO_SESSION
03_mnq_12_20.Last.txt,2020-10-18 19:38:00+00:00,2020-10-18 15:38:00-04:00,NO_SESSION
03_mnq_12_20.Last.txt,2020-10-18 19:39:00+00:00,2020-10-18 15:39:00-04:00,NO_SESSION
03_mnq_12_20.Last.txt,2020-10-18 19:40:00+00:00,2020-10-18 15:40:00-04:00,NO_SESSION
03_mnq_12_20.Last.txt,2020-10-18 19:41:00+00:00,2020-10-18 15:41:00-04:00,NO_SESSION
03_mnq_12_20.Last.txt,2020-10-18 19:42:00+00:00,2020-10-18 15:42:00-04:00,NO_SESSION
03_mnq_12_20.Last.txt,2020-10-18 19:43:00+00:00,2020-10-18 15:43:00-04:00,NO_SESSION
03_mnq_12_20.Last.txt,2020-10-18 19:44:00+00:00,2020-10-18 15:44:00-04:00,NO_SESSION
03_mnq_12_20.Last.txt,2020-10-18 19:45:00+00:00,2020-10-18 15:45:00-04:00,NO_SESSION
03_mnq_12_20.Last.txt,2020-10-18 19:46:00+00:00,2020-10-18 15:46:00-04:00,NO_SESSION
03_mnq_12_20.Last.txt,2020-10-18 19:47:00+00:00,2020-10-18 15:47:00-04:00,NO_SESSION
03_mnq_12_20.Last.txt,2020-10-18 19:48:00+00:00,2020-10-18 15:48:00-04:00,NO_SESSION
03_mnq_12_20.Last.txt,2020-10-18 19:49:00+00:00,2020-10-18 15:49:00-04:00,NO_SESSION
03_mnq_12_20.Last.txt,2020-10-18 19:50:00+00:00,2020-10-18 15:50:00-04:00,NO_SESSION
03_mnq_12_20.Last.txt,2020-10-18 19:51:00+00:00,2020-10-18 15:51:00-04:00,NO_SESSION
03_mnq_12_20.Last.txt,2020-10-18 19:52:00+00:00,2020-10-18 15:52:00-04:00,NO_SESSION
03_mnq_12_20.Last.txt,2020-10-18 19:53:00+00:00,2020-10-18 15:53:00-04:00,NO_SESSION
03_mnq_12_20.Last.txt,2020-10-18 19:54:00+00:00,2020-10-18 15:54:00-04:00,NO_SESSION
03_mnq_12_20.Last.txt,2020-10-18 19:55:00+00:00,2020-10-18 15:55:00-04:00,NO_SESSION
03_mnq_12_20.Last.txt,2020-10-18 19:56:00+00:00,2020-10-18 15:56:00-04:00,NO_SESSION
03_mnq_12_20.Last.txt,2020-10-18 19:57:00+00:00,2020-10-18 15:57:00-04:00,NO_SESSION
03_mnq_12_20.Last.txt,2020-10-18 19:58:00+00:00,2020-10-18 15:58:00-04:00,NO_SESSION
03_mnq_12_20.Last.txt,2020-10-18 19:59:00+00:00,2020-10-18 15:59:00-04:00,NO_SESSION
03_mnq_12_20.Last.txt,2020-10-18 20:00:00+00:00,2020-10-18 16:00:00-04:00,NO_SESSION
03_mnq_12_20.Last.txt,2020-10-18 20:01:00+00:00,2020-10-18 16:01:00-04:00,NO_SESSION
03_mnq_12_20.Last.txt,2020-10-18 20:02:00+00:00,2020-10-18 16:02:00-04:00,NO_SESSION
03_mnq_12_20.Last.txt,2020-10-18 20:03:00+00:00,2020-10-18 16:03:00-04:00,NO_SESSION
03_mnq_12_20.Last.txt,2020-10-18 20:04:00+00:00,2020-10-18 16:04:00-04:00,NO_SESSION
03_mnq_12_20.Last.txt,2020-10-18 20:05:00+00:00,2020-10-18 16:05:00-04:00,NO_SESSION
03_mnq_12_20.Last.txt,2020-10-18 20:06:00+00:00,2020-10-18 16:06:00-04:00,NO_SESSION
03_mnq_12_20.Last.txt,2020-10-18 20:07:00+00:00,2020-10-18 16:07:00-04:00,NO_SESSION
03_mnq_12_20.Last.txt,2020-10-18 20:08:00+00:00,2020-10-18 16:08:00-04:00,NO_SESSION
03_mnq_12_20.Last.txt,2020-10-18 20:09:00+00:00,2020-10-18 16:09:00-04:00,NO_SESSION
03_mnq_12_20.Last.txt,2020-10-18 20:10:00+00:00,2020-10-18 16:10:00-04:00,NO_SESSION
03_mnq_12_20.Last.txt,2020-10-18 20:11:00+00:00,2020-10-18 16:11:00-04:00,NO_SESSION
03_mnq_12_20.Last.txt,2020-10-18 20:12:00+00:00,2020-10-18 16:12:00-04:00,NO_SESSION
03_mnq_12_20.Last.txt,2020-10-18 20:13:00+00:00,2020-10-18 16:13:00-04:00,NO_SESSION
03_mnq_12_20.Last.txt,2020-10-18 20:14:00+00:00,2020-10-18 16:14:00-04:00,NO_SESSION
03_mnq_12_20.Last.txt,2020-10-18 20:15:00+00:00,2020-10-18 16:15:00-04:00,NO_SESSION
03_mnq_12_20.Last.txt,2020-10-18 20:16:00+00:00,2020-10-18 16:16:00-04:00,NO_SESSION
03_mnq_12_20.Last.txt,2020-10-18 20:17:00+00:00,2020-10-18 16:17:00-04:00,NO_SESSION
03_mnq_12_20.Last.txt,2020-10-18 20:18:00+00:00,2020-10-18 16:18:00-04:00,NO_SESSION
03_mnq_12_20.Last.txt,2020-10-18 20:19:00+00:00,2020-10-18 16:19:00-04:00,NO_SESSION
03_mnq_12_20.Last.txt,2020-10-18 20:20:00+00:00,2020-10-18 16:20:00-04:00,NO_SESSION
03_mnq_12_20.Last.txt,2020-10-18 20:21:00+00:00,2020-10-18 16:21:00-04:00,NO_SESSION
03_mnq_12_20.Last.txt,2020-10-18 20:22:00+00:00,2020-10-18 16:22:00-04:00,NO_SESSION
03_mnq_12_20.Last.txt,2020-10-18 20:23:00+00:00,2020-10-18 16:23:00-04:00,NO_SESSION
03_mnq_12_20.Last.txt,2020-10-18 20:24:00+00:00,2020-10-18 16:24:00-04:00,NO_SESSION
03_mnq_12_20.Last.txt,2020-10-18 20:25:00+00:00,2020-10-18 16:25:00-04:00,NO_SESSION
03_mnq_12_20.Last.txt,2020-10-18 20:26:00+00:00,2020-10-18 16:26:00-04:00,NO_SESSION
03_mnq_12_20.Last.txt,2020-10-18 20:27:00+00:00,2020-10-18 16:27:00-04:00,NO_SESSION
03_mnq_12_20.Last.txt,2020-10-18 20:28:00+00:00,2020-10-18 16:28:00-04:00,NO_SESSION
03_mnq_12_20.Last.txt,2020-10-18 20:29:00+00:00,2020-10-18 16:29:00-04:00,NO_SESSION
03_mnq_12_20.Last.txt,2020-10-18 20:30:00+00:00,2020-10-18 16:30:00-04:00,NO_SESSION
03_mnq_12_20.Last.txt,2020-10-18 20:31:00+00:00,2020-10-18 16:31:00-04:00,NO_SESSION
03_mnq_12_20.Last.txt,2020-10-18 20:32:00+00:00,2020-10-18 16:32:00-04:00,NO_SESSION
03_mnq_12_20.Last.txt,2020-10-18 20:33:00+00:00,2020-10-18 16:33:00-04:00,NO_SESSION
03_mnq_12_20.Last.txt,2020-10-18 20:34:00+00:00,2020-10-18 16:34:00-04:00,NO_SESSION
03_mnq_12_20.Last.txt,2020-10-18 20:35:00+00:00,2020-10-18 16:35:00-04:00,NO_SESSION
03_mnq_12_20.Last.txt,2020-10-18 20:36:00+00:00,2020-10-18 16:36:00-04:00,NO_SESSION
03_mnq_12_20.Last.txt,2020-10-18 20:37:00+00:00,2020-10-18 16:37:00-04:00,NO_SESSION
03_mnq_12_20.Last.txt,2020-10-18 20:38:00+00:00,2020-10-18 16:38:00-04:00,NO_SESSION
03_mnq_12_20.Last.txt,2020-10-18 20:39:00+00:00,2020-10-18 16:39:00-04:00,NO_SESSION
03_mnq_12_20.Last.txt,2020-10-18 20:40:00+00:00,2020-10-18 16:40:00-04:00,NO_SESSION
03_mnq_12_20.Last.txt,2020-10-18 20:41:00+00:00,2020-10-18 16:41:00-04:00,NO_SESSION
03_mnq_12_20.Last.txt,2020-10-18 20:42:00+00:00,2020-10-18 16:42:00-04:00,NO_SESSION
03_mnq_12_20.Last.txt,2020-10-18 20:43:00+00:00,2020-10-18 16:43:00-04:00,NO_SESSION
03_mnq_12_20.Last.txt,2020-10-18 20:44:00+00:00,2020-10-18 16:44:00-04:00,NO_SESSION
03_mnq_12_20.Last.txt,2020-10-18 20:45:00+00:00,2020-10-18 16:45:00-04:00,NO_SESSION
03_mnq_12_20.Last.txt,2020-10-18 20:46:00+00:00,2020-10-18 16:46:00-04:00,NO_SESSION
03_mnq_12_20.Last.txt,2020-10-18 20:47:00+00:00,2020-10-18 16:47:00-04:00,NO_SESSION
03_mnq_12_20.Last.txt,2020-10-18 20:48:00+00:00,2020-10-18 16:48:00-04:00,NO_SESSION
03_mnq_12_20.Last.txt,2020-10-18 20:49:00+00:00,2020-10-18 16:49:00-04:00,NO_SESSION
03_mnq_12_20.Last.txt,2020-10-18 20:50:00+00:00,2020-10-18 16:50:00-04:00,NO_SESSION
03_mnq_12_20.Last.txt,2020-10-18 20:51:00+00:00,2020-10-18 16:51:00-04:00,NO_SESSION
03_mnq_12_20.Last.txt,2020-10-18 20:52:00+00:00,2020-10-18 16:52:00-04:00,NO_SESSION
03_mnq_12_20.Last.txt,2020-10-18 20:53:00+00:00,2020-10-18 16:53:00-04:00,NO_SESSION
03_mnq_12_20.Last.txt,2020-10-18 20:54:00+00:00,2020-10-18 16:54:00-04:00,NO_SESSION
03_mnq_12_20.Last.txt,2020-10-18 20:55:00+00:00,2020-10-18 16:55:00-04:00,NO_SESSION
03_mnq_12_20.Last.txt,2020-10-18 20:56:00+00:00,2020-10-18 16:56:00-04:00,NO_SESSION
03_mnq_12_20.Last.txt,2020-10-18 20:57:00+00:00,2020-10-18 16:57:00-04:00,NO_SESSION
03_mnq_12_20.Last.txt,2020-10-18 20:58:00+00:00,2020-10-18 16:58:00-04:00,NO_SESSION
03_mnq_12_20.Last.txt,2020-10-18 20:59:00+00:00,2020-10-18 16:59:00-04:00,NO_SESSION
03_mnq_12_20.Last.txt,2020-10-18 21:00:00+00:00,2020-10-18 17:00:00-04:00,NO_SESSION
03_mnq_12_20.Last.txt,2020-10-18 21:01:00+00:00,2020-10-18 17:01:00-04:00,NO_SESSION
03_mnq_12_20.Last.txt,2020-10-18 21:02:00+00:00,2020-10-18 17:02:00-04:00,NO_SESSION
03_mnq_12_20.Last.txt,2020-10-18 21:03:00+00:00,2020-10-18 17:03:00-04:00,NO_SESSION
03_mnq_12_20.Last.txt,2020-10-18 21:04:00+00:00,2020-10-18 17:04:00-04:00,NO_SESSION
03_mnq_12_20.Last.txt,2020-10-18 21:05:00+00:00,2020-10-18 17:05:00-04:00,NO_SESSION
03_mnq_12_20.Last.txt,2020-10-18 21:06:00+00:00,2020-10-18 17:06:00-04:00,NO_SESSION
03_mnq_12_20.Last.txt,2020-10-18 21:07:00+00:00,2020-10-18 17:07:00-04:00,NO_SESSION
03_mnq_12_20.Last.txt,2020-10-18 21:08:00+00:00,2020-10-18 17:08:00-04:00,NO_SESSION
03_mnq_12_20.Last.txt,2020-10-18 21:09:00+00:00,2020-10-18 17:09:00-04:00,NO_SESSION
03_mnq_12_20.Last.txt,2020-10-18 21:10:00+00:00,2020-10-18 17:10:00-04:00,NO_SESSION
03_mnq_12_20.Last.txt,2020-10-18 21:11:00+00:00,2020-10-18 17:11:00-04:00,NO_SESSION
03_mnq_12_20.Last.txt,2020-10-18 21:12:00+00:00,2020-10-18 17:12:00-04:00,NO_SESSION
03_mnq_12_20.Last.txt,2020-10-18 21:13:00+00:00,2020-10-18 17:13:00-04:00,NO_SESSION
03_mnq_12_20.Last.txt,2020-10-18 21:14:00+00:00,2020-10-18 17:14:00-04:00,NO_SESSION
03_mnq_12_20.Last.txt,2020-10-18 21:15:00+00:00,2020-10-18 17:15:00-04:00,NO_SESSION
03_mnq_12_20.Last.txt,2020-10-18 21:16:00+00:00,2020-10-18 17:16:00-04:00,NO_SESSION
03_mnq_12_20.Last.txt,2020-10-18 21:17:00+00:00,2020-10-18 17:17:00-04:00,NO_SESSION
03_mnq_12_20.Last.txt,2020-10-18 21:18:00+00:00,2020-10-18 17:18:00-04:00,NO_SESSION
03_mnq_12_20.Last.txt,2020-10-18 21:19:00+00:00,2020-10-18 17:19:00-04:00,NO_SESSION
03_mnq_12_20.Last.txt,2020-10-18 21:20:00+00:00,2020-10-18 17:20:00-04:00,NO_SESSION
03_mnq_12_20.Last.txt,2020-10-18 21:21:00+00:00,2020-10-18 17:21:00-04:00,NO_SESSION
03_mnq_12_20.Last.txt,2020-10-18 21:22:00+00:00,2020-10-18 17:22:00-04:00,NO_SESSION
03_mnq_12_20.Last.txt,2020-10-18 21:23:00+00:00,2020-10-18 17:23:00-04:00,NO_SESSION
03_mnq_12_20.Last.txt,2020-10-18 21:24:00+00:00,2020-10-18 17:24:00-04:00,NO_SESSION
03_mnq_12_20.Last.txt,2020-10-18 21:25:00+00:00,2020-10-18 17:25:00-04:00,NO_SESSION
03_mnq_12_20.Last.txt,2020-10-18 21:26:00+00:00,2020-10-18 17:26:00-04:00,NO_SESSION
03_mnq_12_20.Last.txt,2020-10-18 21:27:00+00:00,2020-10-18 17:27:00-04:00,NO_SESSION
03_mnq_12_20.Last.txt,2020-10-18 21:28:00+00:00,2020-10-18 17:28:00-04:00,NO_SESSION
03_mnq_12_20.Last.txt,2020-10-18 21:29:00+00:00,2020-10-18 17:29:00-04:00,NO_SESSION
03_mnq_12_20.Last.txt,2020-10-18 21:30:00+00:00,2020-10-18 17:30:00-04:00,NO_SESSION
03_mnq_12_20.Last.txt,2020-10-18 21:31:00+00:00,2020-10-18 17:31:00-04:00,NO_SESSION
03_mnq_12_20.Last.txt,2020-10-18 21:32:00+00:00,2020-10-18 17:32:00-04:00,NO_SESSION
03_mnq_12_20.Last.txt,2020-10-18 21:33:00+00:00,2020-10-18 17:33:00-04:00,NO_SESSION
03_mnq_12_20.Last.txt,2020-10-18 21:34:00+00:00,2020-10-18 17:34:00-04:00,NO_SESSION
03_mnq_12_20.Last.txt,2020-10-18 21:35:00+00:00,2020-10-18 17:35:00-04:00,NO_SESSION
03_mnq_12_20.Last.txt,2020-10-18 21:36:00+00:00,2020-10-18 17:36:00-04:00,NO_SESSION
03_mnq_12_20.Last.txt,2020-10-18 21:37:00+00:00,2020-10-18 17:37:00-04:00,NO_SESSION
03_mnq_12_20.Last.txt,2020-10-18 21:38:00+00:00,2020-10-18 17:38:00-04:00,NO_SESSION
03_mnq_12_20.Last.txt,2020-10-18 21:39:00+00:00,2020-10-18 17:39:00-04:00,NO_SESSION
03_mnq_12_20.Last.txt,2020-10-18 21:40:00+00:00,2020-10-18 17:40:00-04:00,NO_SESSION
03_mnq_12_20.Last.txt,2020-10-18 21:41:00+00:00,2020-10-18 17:41:00-04:00,NO_SESSION
03_mnq_12_20.Last.txt,2020-10-18 21:42:00+00:00,2020-10-18 17:42:00-04:00,NO_SESSION
03_mnq_12_20.Last.txt,2020-10-18 21:43:00+00:00,2020-10-18 17:43:00-04:00,NO_SESSION
03_mnq_12_20.Last.txt,2020-10-18 21:44:00+00:00,2020-10-18 17:44:00-04:00,NO_SESSION
03_mnq_12_20.Last.txt,2020-10-18 21:45:00+00:00,2020-10-18 17:45:00-04:00,NO_SESSION
03_mnq_12_20.Last.txt,2020-10-18 21:46:00+00:00,2020-10-18 17:46:00-04:00,NO_SESSION
03_mnq_12_20.Last.txt,2020-10-18 21:47:00+00:00,2020-10-18 17:47:00-04:00,NO_SESSION
03_mnq_12_20.Last.txt,2020-10-18 21:48:00+00:00,2020-10-18 17:48:00-04:00,NO_SESSION
03_mnq_12_20.Last.txt,2020-10-18 21:49:00+00:00,2020-10-18 17:49:00-04:00,NO_SESSION
03_mnq_12_20.Last.txt,2020-10-18 21:50:00+00:00,2020-10-18 17:50:00-04:00,NO_SESSION
03_mnq_12_20.Last.txt,2020-10-18 21:51:00+00:00,2020-10-18 17:51:00-04:00,NO_SESSION
03_mnq_12_20.Last.txt,2020-10-18 21:52:00+00:00,2020-10-18 17:52:00-04:00,NO_SESSION
03_mnq_12_20.Last.txt,2020-10-18 21:53:00+00:00,2020-10-18 17:53:00-04:00,NO_SESSION
03_mnq_12_20.Last.txt,2020-10-18 21:54:00+00:00,2020-10-18 17:54:00-04:00,NO_SESSION
03_mnq_12_20.Last.txt,2020-10-18 21:55:00+00:00,2020-10-18 17:55:00-04:00,NO_SESSION
03_mnq_12_20.Last.txt,2020-10-18 21:56:00+00:00,2020-10-18 17:56:00-04:00,NO_SESSION
03_mnq_12_20.Last.txt,2020-10-18 21:57:00+00:00,2020-10-18 17:57:00-04:00,NO_SESSION
03_mnq_12_20.Last.txt,2020-10-18 21:58:00+00:00,2020-10-18 17:58:00-04:00,NO_SESSION
03_mnq_12_20.Last.txt,2020-10-18 21:59:00+00:00,2020-10-18 17:59:00-04:00,NO_SESSION
03_mnq_12_20.Last.txt,2020-10-18 22:00:00+00:00,2020-10-18 18:00:00-04:00,NO_SESSION
03_mnq_12_20.Last.txt,2020-10-19 20:16:00+00:00,2020-10-19 16:16:00-04:00,SECONDARY_BREAK_WINDOW
03_mnq_12_20.Last.txt,2020-10-19 20:17:00+00:00,2020-10-19 16:17:00-04:00,SECONDARY_BREAK_WINDOW
03_mnq_12_20.Last.txt,2020-10-19 20:18:00+00:00,2020-10-19 16:18:00-04:00,SECONDARY_BREAK_WINDOW
03_mnq_12_20.Last.txt,2020-10-19 20:19:00+00:00,2020-10-19 16:19:00-04:00,SECONDARY_BREAK_WINDOW
03_mnq_12_20.Last.txt,2020-10-19 20:20:00+00:00,2020-10-19 16:20:00-04:00,SECONDARY_BREAK_WINDOW
03_mnq_12_20.Last.txt,2020-10-19 20:21:00+00:00,2020-10-19 16:21:00-04:00,SECONDARY_BREAK_WINDOW
03_mnq_12_20.Last.txt,2020-10-19 20:22:00+00:00,2020-10-19 16:22:00-04:00,SECONDARY_BREAK_WINDOW
03_mnq_12_20.Last.txt,2020-10-19 20:23:00+00:00,2020-10-19 16:23:00-04:00,SECONDARY_BREAK_WINDOW
03_mnq_12_20.Last.txt,2020-10-19 20:24:00+00:00,2020-10-19 16:24:00-04:00,SECONDARY_BREAK_WINDOW
03_mnq_12_20.Last.txt,2020-10-19 20:25:00+00:00,2020-10-19 16:25:00-04:00,SECONDARY_BREAK_WINDOW
03_mnq_12_20.Last.txt,2020-10-19 20:26:00+00:00,2020-10-19 16:26:00-04:00,SECONDARY_BREAK_WINDOW
03_mnq_12_20.Last.txt,2020-10-19 20:27:00+00:00,2020-10-19 16:27:00-04:00,SECONDARY_BREAK_WINDOW
03_mnq_12_20.Last.txt,2020-10-19 20:28:00+00:00,2020-10-19 16:28:00-04:00,SECONDARY_BREAK_WINDOW
03_mnq_12_20.Last.txt,2020-10-19 20:29:00+00:00,2020-10-19 16:29:00-04:00,SECONDARY_BREAK_WINDOW
03_mnq_12_20.Last.txt,2020-10-19 20:30:00+00:00,2020-10-19 16:30:00-04:00,SECONDARY_BREAK_WINDOW
03_mnq_12_20.Last.txt,2020-10-19 21:01:00+00:00,2020-10-19 17:01:00-04:00,NO_SESSION
03_mnq_12_20.Last.txt,2020-10-19 21:02:00+00:00,2020-10-19 17:02:00-04:00,NO_SESSION
03_mnq_12_20.Last.txt,2020-10-19 21:03:00+00:00,2020-10-19 17:03:00-04:00,NO_SESSION
03_mnq_12_20.Last.txt,2020-10-19 21:04:00+00:00,2020-10-19 17:04:00-04:00,NO_SESSION
03_mnq_12_20.Last.txt,2020-10-19 21:05:00+00:00,2020-10-19 17:05:00-04:00,NO_SESSION
03_mnq_12_20.Last.txt,2020-10-19 21:06:00+00:00,2020-10-19 17:06:00-04:00,NO_SESSION
03_mnq_12_20.Last.txt,2020-10-19 21:07:00+00:00,2020-10-19 17:07:00-04:00,NO_SESSION
03_mnq_12_20.Last.txt,2020-10-19 21:08:00+00:00,2020-10-19 17:08:00-04:00,NO_SESSION
03_mnq_12_20.Last.txt,2020-10-19 21:09:00+00:00,2020-10-19 17:09:00-04:00,NO_SESSION
03_mnq_12_20.Last.txt,2020-10-19 21:10:00+00:00,2020-10-19 17:10:00-04:00,NO_SESSION
03_mnq_12_20.Last.txt,2020-10-19 21:11:00+00:00,2020-10-19 17:11:00-04:00,NO_SESSION
03_mnq_12_20.Last.txt,2020-10-19 21:12:00+00:00,2020-10-19 17:12:00-04:00,NO_SESSION
03_mnq_12_20.Last.txt,2020-10-19 21:13:00+00:00,2020-10-19 17:13:00-04:00,NO_SESSION
03_mnq_12_20.Last.txt,2020-10-19 21:14:00+00:00,2020-10-19 17:14:00-04:00,NO_SESSION
03_mnq_12_20.Last.txt,2020-10-19 21:15:00+00:00,2020-10-19 17:15:00-04:00,NO_SESSION
03_mnq_12_20.Last.txt,2020-10-19 21:16:00+00:00,2020-10-19 17:16:00-04:00,NO_SESSION
03_mnq_12_20.Last.txt,2020-10-19 21:17:00+00:00,2020-10-19 17:17:00-04:00,NO_SESSION
03_mnq_12_20.Last.txt,2020-10-19 21:18:00+00:00,2020-10-19 17:18:00-04:00,NO_SESSION
03_mnq_12_20.Last.txt,2020-10-19 21:19:00+00:00,2020-10-19 17:19:00-04:00,NO_SESSION
03_mnq_12_20.Last.txt,2020-10-19 21:20:00+00:00,2020-10-19 17:20:00-04:00,NO_SESSION
03_mnq_12_20.Last.txt,2020-10-19 21:21:00+00:00,2020-10-19 17:21:00-04:00,NO_SESSION
03_mnq_12_20.Last.txt,2020-10-19 21:22:00+00:00,2020-10-19 17:22:00-04:00,NO_SESSION
03_mnq_12_20.Last.txt,2020-10-19 21:23:00+00:00,2020-10-19 17:23:00-04:00,NO_SESSION
03_mnq_12_20.Last.txt,2020-10-19 21:24:00+00:00,2020-10-19 17:24:00-04:00,NO_SESSION
03_mnq_12_20.Last.txt,2020-10-19 21:25:00+00:00,2020-10-19 17:25:00-04:00,NO_SESSION
03_mnq_12_20.Last.txt,2020-10-19 21:26:00+00:00,2020-10-19 17:26:00-04:00,NO_SESSION
03_mnq_12_20.Last.txt,2020-10-19 21:27:00+00:00,2020-10-19 17:27:00-04:00,NO_SESSION
03_mnq_12_20.Last.txt,2020-10-19 21:28:00+00:00,2020-10-19 17:28:00-04:00,NO_SESSION
03_mnq_12_20.Last.txt,2020-10-19 21:29:00+00:00,2020-10-19 17:29:00-04:00,NO_SESSION
03_mnq_12_20.Last.txt,2020-10-19 21:30:00+00:00,2020-10-19 17:30:00-04:00,NO_SESSION
03_mnq_12_20.Last.txt,2020-10-19 21:31:00+00:00,2020-10-19 17:31:00-04:00,NO_SESSION
03_mnq_12_20.Last.txt,2020-10-19 21:32:00+00:00,2020-10-19 17:32:00-04:00,NO_SESSION
03_mnq_12_20.Last.txt,2020-10-19 21:33:00+00:00,2020-10-19 17:33:00-04:00,NO_SESSION
03_mnq_12_20.Last.txt,2020-10-19 21:34:00+00:00,2020-10-19 17:34:00-04:00,NO_SESSION
03_mnq_12_20.Last.txt,2020-10-19 21:35:00+00:00,2020-10-19 17:35:00-04:00,NO_SESSION
03_mnq_12_20.Last.txt,2020-10-19 21:36:00+00:00,2020-10-19 17:36:00-04:00,NO_SESSION
03_mnq_12_20.Last.txt,2020-10-19 21:37:00+00:00,2020-10-19 17:37:00-04:00,NO_SESSION
03_mnq_12_20.Last.txt,2020-10-19 21:38:00+00:00,2020-10-19 17:38:00-04:00,NO_SESSION
03_mnq_12_20.Last.txt,2020-10-19 21:39:00+00:00,2020-10-19 17:39:00-04:00,NO_SESSION
03_mnq_12_20.Last.txt,2020-10-19 21:40:00+00:00,2020-10-19 17:40:00-04:00,NO_SESSION
03_mnq_12_20.Last.txt,2020-10-19 21:41:00+00:00,2020-10-19 17:41:00-04:00,NO_SESSION
03_mnq_12_20.Last.txt,2020-10-19 21:42:00+00:00,2020-10-19 17:42:00-04:00,NO_SESSION
03_mnq_12_20.Last.txt,2020-10-19 21:43:00+00:00,2020-10-19 17:43:00-04:00,NO_SESSION
03_mnq_12_20.Last.txt,2020-10-19 21:44:00+00:00,2020-10-19 17:44:00-04:00,NO_SESSION
03_mnq_12_20.Last.txt,2020-10-19 21:45:00+00:00,2020-10-19 17:45:00-04:00,NO_SESSION
03_mnq_12_20.Last.txt,2020-10-19 21:46:00+00:00,2020-10-19 17:46:00-04:00,NO_SESSION
03_mnq_12_20.Last.txt,2020-10-19 21:47:00+00:00,2020-10-19 17:47:00-04:00,NO_SESSION
03_mnq_12_20.Last.txt,2020-10-19 21:48:00+00:00,2020-10-19 17:48:00-04:00,NO_SESSION
03_mnq_12_20.Last.txt,2020-10-19 21:49:00+00:00,2020-10-19 17:49:00-04:00,NO_SESSION
03_mnq_12_20.Last.txt,2020-10-19 21:50:00+00:00,2020-10-19 17:50:00-04:00,NO_SESSION
03_mnq_12_20.Last.txt,2020-10-19 21:51:00+00:00,2020-10-19 17:51:00-04:00,NO_SESSION
03_mnq_12_20.Last.txt,2020-10-19 21:52:00+00:00,2020-10-19 17:52:00-04:00,NO_SESSION
03_mnq_12_20.Last.txt,2020-10-19 21:53:00+00:00,2020-10-19 17:53:00-04:00,NO_SESSION
03_mnq_12_20.Last.txt,2020-10-19 21:54:00+00:00,2020-10-19 17:54:00-04:00,NO_SESSION
03_mnq_12_20.Last.txt,2020-10-19 21:55:00+00:00,2020-10-19 17:55:00-04:00,NO_SESSION
03_mnq_12_20.Last.txt,2020-10-19 21:56:00+00:00,2020-10-19 17:56:00-04:00,NO_SESSION
03_mnq_12_20.Last.txt,2020-10-19 21:57:00+00:00,2020-10-19 17:57:00-04:00,NO_SESSION
03_mnq_12_20.Last.txt,2020-10-19 21:58:00+00:00,2020-10-19 17:58:00-04:00,NO_SESSION
03_mnq_12_20.Last.txt,2020-10-19 21:59:00+00:00,2020-10-19 17:59:00-04:00,NO_SESSION
03_mnq_12_20.Last.txt,2020-10-19 22:00:00+00:00,2020-10-19 18:00:00-04:00,NO_SESSION
03_mnq_12_20.Last.txt,2020-10-20 20:16:00+00:00,2020-10-20 16:16:00-04:00,SECONDARY_BREAK_WINDOW
03_mnq_12_20.Last.txt,2020-10-20 20:17:00+00:00,2020-10-20 16:17:00-04:00,SECONDARY_BREAK_WINDOW
03_mnq_12_20.Last.txt,2020-10-20 20:18:00+00:00,2020-10-20 16:18:00-04:00,SECONDARY_BREAK_WINDOW
03_mnq_12_20.Last.txt,2020-10-20 20:19:00+00:00,2020-10-20 16:19:00-04:00,SECONDARY_BREAK_WINDOW
03_mnq_12_20.Last.txt,2020-10-20 20:20:00+00:00,2020-10-20 16:20:00-04:00,SECONDARY_BREAK_WINDOW
03_mnq_12_20.Last.txt,2020-10-20 20:21:00+00:00,2020-10-20 16:21:00-04:00,SECONDARY_BREAK_WINDOW
03_mnq_12_20.Last.txt,2020-10-20 20:22:00+00:00,2020-10-20 16:22:00-04:00,SECONDARY_BREAK_WINDOW
03_mnq_12_20.Last.txt,2020-10-20 20:23:00+00:00,2020-10-20 16:23:00-04:00,SECONDARY_BREAK_WINDOW
03_mnq_12_20.Last.txt,2020-10-20 20:24:00+00:00,2020-10-20 16:24:00-04:00,SECONDARY_BREAK_WINDOW
03_mnq_12_20.Last.txt,2020-10-20 20:25:00+00:00,2020-10-20 16:25:00-04:00,SECONDARY_BREAK_WINDOW
03_mnq_12_20.Last.txt,2020-10-20 20:26:00+00:00,2020-10-20 16:26:00-04:00,SECONDARY_BREAK_WINDOW
03_mnq_12_20.Last.txt,2020-10-20 20:27:00+00:00,2020-10-20 16:27:00-04:00,SECONDARY_BREAK_WINDOW
03_mnq_12_20.Last.txt,2020-10-20 20:28:00+00:00,2020-10-20 16:28:00-04:00,SECONDARY_BREAK_WINDOW
03_mnq_12_20.Last.txt,2020-10-20 20:29:00+00:00,2020-10-20 16:29:00-04:00,SECONDARY_BREAK_WINDOW
03_mnq_12_20.Last.txt,2020-10-20 20:30:00+00:00,2020-10-20 16:30:00-04:00,SECONDARY_BREAK_WINDOW
03_mnq_12_20.Last.txt,2020-10-20 21:01:00+00:00,2020-10-20 17:01:00-04:00,NO_SESSION
03_mnq_12_20.Last.txt,2020-10-20 21:02:00+00:00,2020-10-20 17:02:00-04:00,NO_SESSION
03_mnq_12_20.Last.txt,2020-10-20 21:03:00+00:00,2020-10-20 17:03:00-04:00,NO_SESSION
03_mnq_12_20.Last.txt,2020-10-20 21:04:00+00:00,2020-10-20 17:04:00-04:00,NO_SESSION
03_mnq_12_20.Last.txt,2020-10-20 21:05:00+00:00,2020-10-20 17:05:00-04:00,NO_SESSION
03_mnq_12_20.Last.txt,2020-10-20 21:06:00+00:00,2020-10-20 17:06:00-04:00,NO_SESSION
03_mnq_12_20.Last.txt,2020-10-20 21:07:00+00:00,2020-10-20 17:07:00-04:00,NO_SESSION
03_mnq_12_20.Last.txt,2020-10-20 21:08:00+00:00,2020-10-20 17:08:00-04:00,NO_SESSION
03_mnq_12_20.Last.txt,2020-10-20 21:09:00+00:00,2020-10-20 17:09:00-04:00,NO_SESSION
03_mnq_12_20.Last.txt,2020-10-20 21:10:00+00:00,2020-10-20 17:10:00-04:00,NO_SESSION
03_mnq_12_20.Last.txt,2020-10-20 21:11:00+00:00,2020-10-20 17:11:00-04:00,NO_SESSION
03_mnq_12_20.Last.txt,2020-10-20 21:12:00+00:00,2020-10-20 17:12:00-04:00,NO_SESSION
03_mnq_12_20.Last.txt,2020-10-20 21:13:00+00:00,2020-10-20 17:13:00-04:00,NO_SESSION
03_mnq_12_20.Last.txt,2020-10-20 21:14:00+00:00,2020-10-20 17:14:00-04:00,NO_SESSION
03_mnq_12_20.Last.txt,2020-10-20 21:15:00+00:00,2020-10-20 17:15:00-04:00,NO_SESSION
03_mnq_12_20.Last.txt,2020-10-20 21:16:00+00:00,2020-10-20 17:16:00-04:00,NO_SESSION
03_mnq_12_20.Last.txt,2020-10-20 21:17:00+00:00,2020-10-20 17:17:00-04:00,NO_SESSION
03_mnq_12_20.Last.txt,2020-10-20 21:18:00+00:00,2020-10-20 17:18:00-04:00,NO_SESSION
03_mnq_12_20.Last.txt,2020-10-20 21:19:00+00:00,2020-10-20 17:19:00-04:00,NO_SESSION
03_mnq_12_20.Last.txt,2020-10-20 21:20:00+00:00,2020-10-20 17:20:00-04:00,NO_SESSION
03_mnq_12_20.Last.txt,2020-10-20 21:21:00+00:00,2020-10-20 17:21:00-04:00,NO_SESSION
03_mnq_12_20.Last.txt,2020-10-20 21:22:00+00:00,2020-10-20 17:22:00-04:00,NO_SESSION
03_mnq_12_20.Last.txt,2020-10-20 21:23:00+00:00,2020-10-20 17:23:00-04:00,NO_SESSION
03_mnq_12_20.Last.txt,2020-10-20 21:24:00+00:00,2020-10-20 17:24:00-04:00,NO_SESSION
03_mnq_12_20.Last.txt,2020-10-20 21:25:00+00:00,2020-10-20 17:25:00-04:00,NO_SESSION
03_mnq_12_20.Last.txt,2020-10-20 21:26:00+00:00,2020-10-20 17:26:00-04:00,NO_SESSION
03_mnq_12_20.Last.txt,2020-10-20 21:27:00+00:00,2020-10-20 17:27:00-04:00,NO_SESSION
03_mnq_12_20.Last.txt,2020-10-20 21:28:00+00:00,2020-10-20 17:28:00-04:00,NO_SESSION
03_mnq_12_20.Last.txt,2020-10-20 21:29:00+00:00,2020-10-20 17:29:00-04:00,NO_SESSION
03_mnq_12_20.Last.txt,2020-10-20 21:30:00+00:00,2020-10-20 17:30:00-04:00,NO_SESSION
03_mnq_12_20.Last.txt,2020-10-20 21:31:00+00:00,2020-10-20 17:31:00-04:00,NO_SESSION
03_mnq_12_20.Last.txt,2020-10-20 21:32:00+00:00,2020-10-20 17:32:00-04:00,NO_SESSION
03_mnq_12_20.Last.txt,2020-10-20 21:33:00+00:00,2020-10-20 17:33:00-04:00,NO_SESSION
03_mnq_12_20.Last.txt,2020-10-20 21:34:00+00:00,2020-10-20 17:34:00-04:00,NO_SESSION
03_mnq_12_20.Last.txt,2020-10-20 21:35:00+00:00,2020-10-20 17:35:00-04:00,NO_SESSION
03_mnq_12_20.Last.txt,2020-10-20 21:36:00+00:00,2020-10-20 17:36:00-04:00,NO_SESSION
03_mnq_12_20.Last.txt,2020-10-20 21:37:00+00:00,2020-10-20 17:37:00-04:00,NO_SESSION
03_mnq_12_20.Last.txt,2020-10-20 21:38:00+00:00,2020-10-20 17:38:00-04:00,NO_SESSION
03_mnq_12_20.Last.txt,2020-10-20 21:39:00+00:00,2020-10-20 17:39:00-04:00,NO_SESSION
03_mnq_12_20.Last.txt,2020-10-20 21:40:00+00:00,2020-10-20 17:40:00-04:00,NO_SESSION
03_mnq_12_20.Last.txt,2020-10-20 21:41:00+00:00,2020-10-20 17:41:00-04:00,NO_SESSION
03_mnq_12_20.Last.txt,2020-10-20 21:42:00+00:00,2020-10-20 17:42:00-04:00,NO_SESSION
03_mnq_12_20.Last.txt,2020-10-20 21:43:00+00:00,2020-10-20 17:43:00-04:00,NO_SESSION
03_mnq_12_20.Last.txt,2020-10-20 21:44:00+00:00,2020-10-20 17:44:00-04:00,NO_SESSION
03_mnq_12_20.Last.txt,2020-10-20 21:45:00+00:00,2020-10-20 17:45:00-04:00,NO_SESSION
03_mnq_12_20.Last.txt,2020-10-20 21:46:00+00:00,2020-10-20 17:46:00-04:00,NO_SESSION
03_mnq_12_20.Last.txt,2020-10-20 21:47:00+00:00,2020-10-20 17:47:00-04:00,NO_SESSION
03_mnq_12_20.Last.txt,2020-10-20 21:48:00+00:00,2020-10-20 17:48:00-04:00,NO_SESSION
03_mnq_12_20.Last.txt,2020-10-20 21:49:00+00:00,2020-10-20 17:49:00-04:00,NO_SESSION
03_mnq_12_20.Last.txt,2020-10-20 21:50:00+00:00,2020-10-20 17:50:00-04:00,NO_SESSION
03_mnq_12_20.Last.txt,2020-10-20 21:51:00+00:00,2020-10-20 17:51:00-04:00,NO_SESSION
03_mnq_12_20.Last.txt,2020-10-20 21:52:00+00:00,2020-10-20 17:52:00-04:00,NO_SESSION
03_mnq_12_20.Last.txt,2020-10-20 21:53:00+00:00,2020-10-20 17:53:00-04:00,NO_SESSION
03_mnq_12_20.Last.txt,2020-10-20 21:54:00+00:00,2020-10-20 17:54:00-04:00,NO_SESSION
03_mnq_12_20.Last.txt,2020-10-20 21:55:00+00:00,2020-10-20 17:55:00-04:00,NO_SESSION
03_mnq_12_20.Last.txt,2020-10-20 21:56:00+00:00,2020-10-20 17:56:00-04:00,NO_SESSION
03_mnq_12_20.Last.txt,2020-10-20 21:57:00+00:00,2020-10-20 17:57:00-04:00,NO_SESSION
03_mnq_12_20.Last.txt,2020-10-20 21:58:00+00:00,2020-10-20 17:58:00-04:00,NO_SESSION
03_mnq_12_20.Last.txt,2020-10-20 21:59:00+00:00,2020-10-20 17:59:00-04:00,NO_SESSION
03_mnq_12_20.Last.txt,2020-10-20 22:00:00+00:00,2020-10-20 18:00:00-04:00,NO_SESSION
03_mnq_12_20.Last.txt,2020-10-21 20:16:00+00:00,2020-10-21 16:16:00-04:00,SECONDARY_BREAK_WINDOW
03_mnq_12_20.Last.txt,2020-10-21 20:17:00+00:00,2020-10-21 16:17:00-04:00,SECONDARY_BREAK_WINDOW
03_mnq_12_20.Last.txt,2020-10-21 20:18:00+00:00,2020-10-21 16:18:00-04:00,SECONDARY_BREAK_WINDOW
03_mnq_12_20.Last.txt,2020-10-21 20:19:00+00:00,2020-10-21 16:19:00-04:00,SECONDARY_BREAK_WINDOW
03_mnq_12_20.Last.txt,2020-10-21 20:20:00+00:00,2020-10-21 16:20:00-04:00,SECONDARY_BREAK_WINDOW
03_mnq_12_20.Last.txt,2020-10-21 20:21:00+00:00,2020-10-21 16:21:00-04:00,SECONDARY_BREAK_WINDOW
03_mnq_12_20.Last.txt,2020-10-21 20:22:00+00:00,2020-10-21 16:22:00-04:00,SECONDARY_BREAK_WINDOW
03_mnq_12_20.Last.txt,2020-10-21 20:23:00+00:00,2020-10-21 16:23:00-04:00,SECONDARY_BREAK_WINDOW
03_mnq_12_20.Last.txt,2020-10-21 20:24:00+00:00,2020-10-21 16:24:00-04:00,SECONDARY_BREAK_WINDOW
03_mnq_12_20.Last.txt,2020-10-21 20:25:00+00:00,2020-10-21 16:25:00-04:00,SECONDARY_BREAK_WINDOW
03_mnq_12_20.Last.txt,2020-10-21 20:26:00+00:00,2020-10-21 16:26:00-04:00,SECONDARY_BREAK_WINDOW
03_mnq_12_20.Last.txt,2020-10-21 20:27:00+00:00,2020-10-21 16:27:00-04:00,SECONDARY_BREAK_WINDOW
03_mnq_12_20.Last.txt,2020-10-21 20:28:00+00:00,2020-10-21 16:28:00-04:00,SECONDARY_BREAK_WINDOW
03_mnq_12_20.Last.txt,2020-10-21 20:29:00+00:00,2020-10-21 16:29:00-04:00,SECONDARY_BREAK_WINDOW
03_mnq_12_20.Last.txt,2020-10-21 20:30:00+00:00,2020-10-21 16:30:00-04:00,SECONDARY_BREAK_WINDOW
03_mnq_12_20.Last.txt,2020-10-21 21:01:00+00:00,2020-10-21 17:01:00-04:00,NO_SESSION
03_mnq_12_20.Last.txt,2020-10-21 21:02:00+00:00,2020-10-21 17:02:00-04:00,NO_SESSION
03_mnq_12_20.Last.txt,2020-10-21 21:03:00+00:00,2020-10-21 17:03:00-04:00,NO_SESSION
03_mnq_12_20.Last.txt,2020-10-21 21:04:00+00:00,2020-10-21 17:04:00-04:00,NO_SESSION
03_mnq_12_20.Last.txt,2020-10-21 21:05:00+00:00,2020-10-21 17:05:00-04:00,NO_SESSION
03_mnq_12_20.Last.txt,2020-10-21 21:06:00+00:00,2020-10-21 17:06:00-04:00,NO_SESSION
03_mnq_12_20.Last.txt,2020-10-21 21:07:00+00:00,2020-10-21 17:07:00-04:00,NO_SESSION
03_mnq_12_20.Last.txt,2020-10-21 21:08:00+00:00,2020-10-21 17:08:00-04:00,NO_SESSION
03_mnq_12_20.Last.txt,2020-10-21 21:09:00+00:00,2020-10-21 17:09:00-04:00,NO_SESSION
03_mnq_12_20.Last.txt,2020-10-21 21:10:00+00:00,2020-10-21 17:10:00-04:00,NO_SESSION
03_mnq_12_20.Last.txt,2020-10-21 21:11:00+00:00,2020-10-21 17:11:00-04:00,NO_SESSION
03_mnq_12_20.Last.txt,2020-10-21 21:12:00+00:00,2020-10-21 17:12:00-04:00,NO_SESSION
03_mnq_12_20.Last.txt,2020-10-21 21:13:00+00:00,2020-10-21 17:13:00-04:00,NO_SESSION
03_mnq_12_20.Last.txt,2020-10-21 21:14:00+00:00,2020-10-21 17:14:00-04:00,NO_SESSION
03_mnq_12_20.Last.txt,2020-10-21 21:15:00+00:00,2020-10-21 17:15:00-04:00,NO_SESSION
03_mnq_12_20.Last.txt,2020-10-21 21:16:00+00:00,2020-10-21 17:16:00-04:00,NO_SESSION
03_mnq_12_20.Last.txt,2020-10-21 21:17:00+00:00,2020-10-21 17:17:00-04:00,NO_SESSION
03_mnq_12_20.Last.txt,2020-10-21 21:18:00+00:00,2020-10-21 17:18:00-04:00,NO_SESSION
03_mnq_12_20.Last.txt,2020-10-21 21:19:00+00:00,2020-10-21 17:19:00-04:00,NO_SESSION
03_mnq_12_20.Last.txt,2020-10-21 21:20:00+00:00,2020-10-21 17:20:00-04:00,NO_SESSION
03_mnq_12_20.Last.txt,2020-10-21 21:21:00+00:00,2020-10-21 17:21:00-04:00,NO_SESSION
03_mnq_12_20.Last.txt,2020-10-21 21:22:00+00:00,2020-10-21 17:22:00-04:00,NO_SESSION
03_mnq_12_20.Last.txt,2020-10-21 21:23:00+00:00,2020-10-21 17:23:00-04:00,NO_SESSION
03_mnq_12_20.Last.txt,2020-10-21 21:24:00+00:00,2020-10-21 17:24:00-04:00,NO_SESSION
03_mnq_12_20.Last.txt,2020-10-21 21:25:00+00:00,2020-10-21 17:25:00-04:00,NO_SESSION
03_mnq_12_20.Last.txt,2020-10-21 21:26:00+00:00,2020-10-21 17:26:00-04:00,NO_SESSION
03_mnq_12_20.Last.txt,2020-10-21 21:27:00+00:00,2020-10-21 17:27:00-04:00,NO_SESSION
03_mnq_12_20.Last.txt,2020-10-21 21:28:00+00:00,2020-10-21 17:28:00-04:00,NO_SESSION
03_mnq_12_20.Last.txt,2020-10-21 21:29:00+00:00,2020-10-21 17:29:00-04:00,NO_SESSION
03_mnq_12_20.Last.txt,2020-10-21 21:30:00+00:00,2020-10-21 17:30:00-04:00,NO_SESSION
03_mnq_12_20.Last.txt,2020-10-21 21:31:00+00:00,2020-10-21 17:31:00-04:00,NO_SESSION
03_mnq_12_20.Last.txt,2020-10-21 21:32:00+00:00,2020-10-21 17:32:00-04:00,NO_SESSION
03_mnq_12_20.Last.txt,2020-10-21 21:33:00+00:00,2020-10-21 17:33:00-04:00,NO_SESSION
03_mnq_12_20.Last.txt,2020-10-21 21:34:00+00:00,2020-10-21 17:34:00-04:00,NO_SESSION
03_mnq_12_20.Last.txt,2020-10-21 21:35:00+00:00,2020-10-21 17:35:00-04:00,NO_SESSION
03_mnq_12_20.Last.txt,2020-10-21 21:36:00+00:00,2020-10-21 17:36:00-04:00,NO_SESSION
03_mnq_12_20.Last.txt,2020-10-21 21:37:00+00:00,2020-10-21 17:37:00-04:00,NO_SESSION
03_mnq_12_20.Last.txt,2020-10-21 21:38:00+00:00,2020-10-21 17:38:00-04:00,NO_SESSION
03_mnq_12_20.Last.txt,2020-10-21 21:39:00+00:00,2020-10-21 17:39:00-04:00,NO_SESSION
03_mnq_12_20.Last.txt,2020-10-21 21:40:00+00:00,2020-10-21 17:40:00-04:00,NO_SESSION
03_mnq_12_20.Last.txt,2020-10-21 21:41:00+00:00,2020-10-21 17:41:00-04:00,NO_SESSION
03_mnq_12_20.Last.txt,2020-10-21 21:42:00+00:00,2020-10-21 17:42:00-04:00,NO_SESSION
03_mnq_12_20.Last.txt,2020-10-21 21:43:00+00:00,2020-10-21 17:43:00-04:00,NO_SESSION
03_mnq_12_20.Last.txt,2020-10-21 21:44:00+00:00,2020-10-21 17:44:00-04:00,NO_SESSION
03_mnq_12_20.Last.txt,2020-10-21 21:45:00+00:00,2020-10-21 17:45:00-04:00,NO_SESSION
03_mnq_12_20.Last.txt,2020-10-21 21:46:00+00:00,2020-10-21 17:46:00-04:00,NO_SESSION
03_mnq_12_20.Last.txt,2020-10-21 21:47:00+00:00,2020-10-21 17:47:00-04:00,NO_SESSION
03_mnq_12_20.Last.txt,2020-10-21 21:48:00+00:00,2020-10-21 17:48:00-04:00,NO_SESSION
03_mnq_12_20.Last.txt,2020-10-21 21:49:00+00:00,2020-10-21 17:49:00-04:00,NO_SESSION
03_mnq_12_20.Last.txt,2020-10-21 21:50:00+00:00,2020-10-21 17:50:00-04:00,NO_SESSION
03_mnq_12_20.Last.txt,2020-10-21 21:51:00+00:00,2020-10-21 17:51:00-04:00,NO_SESSION
03_mnq_12_20.Last.txt,2020-10-21 21:52:00+00:00,2020-10-21 17:52:00-04:00,NO_SESSION
03_mnq_12_20.Last.txt,2020-10-21 21:53:00+00:00,2020-10-21 17:53:00-04:00,NO_SESSION
03_mnq_12_20.Last.txt,2020-10-21 21:54:00+00:00,2020-10-21 17:54:00-04:00,NO_SESSION
03_mnq_12_20.Last.txt,2020-10-21 21:55:00+00:00,2020-10-21 17:55:00-04:00,NO_SESSION
03_mnq_12_20.Last.txt,2020-10-21 21:56:00+00:00,2020-10-21 17:56:00-04:00,NO_SESSION
03_mnq_12_20.Last.txt,2020-10-21 21:57:00+00:00,2020-10-21 17:57:00-04:00,NO_SESSION
03_mnq_12_20.Last.txt,2020-10-21 21:58:00+00:00,2020-10-21 17:58:00-04:00,NO_SESSION
03_mnq_12_20.Last.txt,2020-10-21 21:59:00+00:00,2020-10-21 17:59:00-04:00,NO_SESSION
03_mnq_12_20.Last.txt,2020-10-21 22:00:00+00:00,2020-10-21 18:00:00-04:00,NO_SESSION
03_mnq_12_20.Last.txt,2020-10-22 20:16:00+00:00,2020-10-22 16:16:00-04:00,SECONDARY_BREAK_WINDOW
03_mnq_12_20.Last.txt,2020-10-22 20:17:00+00:00,2020-10-22 16:17:00-04:00,SECONDARY_BREAK_WINDOW
03_mnq_12_20.Last.txt,2020-10-22 20:18:00+00:00,2020-10-22 16:18:00-04:00,SECONDARY_BREAK_WINDOW
03_mnq_12_20.Last.txt,2020-10-22 20:19:00+00:00,2020-10-22 16:19:00-04:00,SECONDARY_BREAK_WINDOW
03_mnq_12_20.Last.txt,2020-10-22 20:20:00+00:00,2020-10-22 16:20:00-04:00,SECONDARY_BREAK_WINDOW
03_mnq_12_20.Last.txt,2020-10-22 20:21:00+00:00,2020-10-22 16:21:00-04:00,SECONDARY_BREAK_WINDOW
03_mnq_12_20.Last.txt,2020-10-22 20:22:00+00:00,2020-10-22 16:22:00-04:00,SECONDARY_BREAK_WINDOW
03_mnq_12_20.Last.txt,2020-10-22 20:23:00+00:00,2020-10-22 16:23:00-04:00,SECONDARY_BREAK_WINDOW
03_mnq_12_20.Last.txt,2020-10-22 20:24:00+00:00,2020-10-22 16:24:00-04:00,SECONDARY_BREAK_WINDOW
03_mnq_12_20.Last.txt,2020-10-22 20:25:00+00:00,2020-10-22 16:25:00-04:00,SECONDARY_BREAK_WINDOW
03_mnq_12_20.Last.txt,2020-10-22 20:26:00+00:00,2020-10-22 16:26:00-04:00,SECONDARY_BREAK_WINDOW
03_mnq_12_20.Last.txt,2020-10-22 20:27:00+00:00,2020-10-22 16:27:00-04:00,SECONDARY_BREAK_WINDOW
03_mnq_12_20.Last.txt,2020-10-22 20:28:00+00:00,2020-10-22 16:28:00-04:00,SECONDARY_BREAK_WINDOW
03_mnq_12_20.Last.txt,2020-10-22 20:29:00+00:00,2020-10-22 16:29:00-04:00,SECONDARY_BREAK_WINDOW
03_mnq_12_20.Last.txt,2020-10-22 20:30:00+00:00,2020-10-22 16:30:00-04:00,SECONDARY_BREAK_WINDOW
03_mnq_12_20.Last.txt,2020-10-22 21:01:00+00:00,2020-10-22 17:01:00-04:00,NO_SESSION
03_mnq_12_20.Last.txt,2020-10-22 21:02:00+00:00,2020-10-22 17:02:00-04:00,NO_SESSION
03_mnq_12_20.Last.txt,2020-10-22 21:03:00+00:00,2020-10-22 17:03:00-04:00,NO_SESSION
03_mnq_12_20.Last.txt,2020-10-22 21:04:00+00:00,2020-10-22 17:04:00-04:00,NO_SESSION
03_mnq_12_20.Last.txt,2020-10-22 21:05:00+00:00,2020-10-22 17:05:00-04:00,NO_SESSION
03_mnq_12_20.Last.txt,2020-10-22 21:06:00+00:00,2020-10-22 17:06:00-04:00,NO_SESSION
03_mnq_12_20.Last.txt,2020-10-22 21:07:00+00:00,2020-10-22 17:07:00-04:00,NO_SESSION
03_mnq_12_20.Last.txt,2020-10-22 21:08:00+00:00,2020-10-22 17:08:00-04:00,NO_SESSION
03_mnq_12_20.Last.txt,2020-10-22 21:09:00+00:00,2020-10-22 17:09:00-04:00,NO_SESSION
03_mnq_12_20.Last.txt,2020-10-22 21:10:00+00:00,2020-10-22 17:10:00-04:00,NO_SESSION
03_mnq_12_20.Last.txt,2020-10-22 21:11:00+00:00,2020-10-22 17:11:00-04:00,NO_SESSION
03_mnq_12_20.Last.txt,2020-10-22 21:12:00+00:00,2020-10-22 17:12:00-04:00,NO_SESSION
03_mnq_12_20.Last.txt,2020-10-22 21:13:00+00:00,2020-10-22 17:13:00-04:00,NO_SESSION
03_mnq_12_20.Last.txt,2020-10-22 21:14:00+00:00,2020-10-22 17:14:00-04:00,NO_SESSION
03_mnq_12_20.Last.txt,2020-10-22 21:15:00+00:00,2020-10-22 17:15:00-04:00,NO_SESSION
03_mnq_12_20.Last.txt,2020-10-22 21:16:00+00:00,2020-10-22 17:16:00-04:00,NO_SESSION
03_mnq_12_20.Last.txt,2020-10-22 21:17:00+00:00,2020-10-22 17:17:00-04:00,NO_SESSION
03_mnq_12_20.Last.txt,2020-10-22 21:18:00+00:00,2020-10-22 17:18:00-04:00,NO_SESSION
03_mnq_12_20.Last.txt,2020-10-22 21:19:00+00:00,2020-10-22 17:19:00-04:00,NO_SESSION
03_mnq_12_20.Last.txt,2020-10-22 21:20:00+00:00,2020-10-22 17:20:00-04:00,NO_SESSION
03_mnq_12_20.Last.txt,2020-10-22 21:21:00+00:00,2020-10-22 17:21:00-04:00,NO_SESSION
03_mnq_12_20.Last.txt,2020-10-22 21:22:00+00:00,2020-10-22 17:22:00-04:00,NO_SESSION
03_mnq_12_20.Last.txt,2020-10-22 21:23:00+00:00,2020-10-22 17:23:00-04:00,NO_SESSION
03_mnq_12_20.Last.txt,2020-10-22 21:24:00+00:00,2020-10-22 17:24:00-04:00,NO_SESSION
03_mnq_12_20.Last.txt,2020-10-22 21:25:00+00:00,2020-10-22 17:25:00-04:00,NO_SESSION
03_mnq_12_20.Last.txt,2020-10-22 21:26:00+00:00,2020-10-22 17:26:00-04:00,NO_SESSION
03_mnq_12_20.Last.txt,2020-10-22 21:27:00+00:00,2020-10-22 17:27:00-04:00,NO_SESSION
03_mnq_12_20.Last.txt,2020-10-22 21:28:00+00:00,2020-10-22 17:28:00-04:00,NO_SESSION
03_mnq_12_20.Last.txt,2020-10-22 21:29:00+00:00,2020-10-22 17:29:00-04:00,NO_SESSION
03_mnq_12_20.Last.txt,2020-10-22 21:30:00+00:00,2020-10-22 17:30:00-04:00,NO_SESSION
03_mnq_12_20.Last.txt,2020-10-22 21:31:00+00:00,2020-10-22 17:31:00-04:00,NO_SESSION
03_mnq_12_20.Last.txt,2020-10-22 21:32:00+00:00,2020-10-22 17:32:00-04:00,NO_SESSION
03_mnq_12_20.Last.txt,2020-10-22 21:33:00+00:00,2020-10-22 17:33:00-04:00,NO_SESSION
03_mnq_12_20.Last.txt,2020-10-22 21:34:00+00:00,2020-10-22 17:34:00-04:00,NO_SESSION
03_mnq_12_20.Last.txt,2020-10-22 21:35:00+00:00,2020-10-22 17:35:00-04:00,NO_SESSION
03_mnq_12_20.Last.txt,2020-10-22 21:36:00+00:00,2020-10-22 17:36:00-04:00,NO_SESSION
03_mnq_12_20.Last.txt,2020-10-22 21:37:00+00:00,2020-10-22 17:37:00-04:00,NO_SESSION
03_mnq_12_20.Last.txt,2020-10-22 21:38:00+00:00,2020-10-22 17:38:00-04:00,NO_SESSION
03_mnq_12_20.Last.txt,2020-10-22 21:39:00+00:00,2020-10-22 17:39:00-04:00,NO_SESSION
03_mnq_12_20.Last.txt,2020-10-22 21:40:00+00:00,2020-10-22 17:40:00-04:00,NO_SESSION
03_mnq_12_20.Last.txt,2020-10-22 21:41:00+00:00,2020-10-22 17:41:00-04:00,NO_SESSION
03_mnq_12_20.Last.txt,2020-10-22 21:42:00+00:00,2020-10-22 17:42:00-04:00,NO_SESSION
03_mnq_12_20.Last.txt,2020-10-22 21:43:00+00:00,2020-10-22 17:43:00-04:00,NO_SESSION
03_mnq_12_20.Last.txt,2020-10-22 21:44:00+00:00,2020-10-22 17:44:00-04:00,NO_SESSION
03_mnq_12_20.Last.txt,2020-10-22 21:45:00+00:00,2020-10-22 17:45:00-04:00,NO_SESSION
03_mnq_12_20.Last.txt,2020-10-22 21:46:00+00:00,2020-10-22 17:46:00-04:00,NO_SESSION
03_mnq_12_20.Last.txt,2020-10-22 21:47:00+00:00,2020-10-22 17:47:00-04:00,NO_SESSION
03_mnq_12_20.Last.txt,2020-10-22 21:48:00+00:00,2020-10-22 17:48:00-04:00,NO_SESSION
03_mnq_12_20.Last.txt,2020-10-22 21:49:00+00:00,2020-10-22 17:49:00-04:00,NO_SESSION
03_mnq_12_20.Last.txt,2020-10-22 21:50:00+00:00,2020-10-22 17:50:00-04:00,NO_SESSION
03_mnq_12_20.Last.txt,2020-10-22 21:51:00+00:00,2020-10-22 17:51:00-04:00,NO_SESSION
03_mnq_12_20.Last.txt,2020-10-22 21:52:00+00:00,2020-10-22 17:52:00-04:00,NO_SESSION
03_mnq_12_20.Last.txt,2020-10-22 21:53:00+00:00,2020-10-22 17:53:00-04:00,NO_SESSION
03_mnq_12_20.Last.txt,2020-10-22 21:54:00+00:00,2020-10-22 17:54:00-04:00,NO_SESSION
03_mnq_12_20.Last.txt,2020-10-22 21:55:00+00:00,2020-10-22 17:55:00-04:00,NO_SESSION
03_mnq_12_20.Last.txt,2020-10-22 21:56:00+00:00,2020-10-22 17:56:00-04:00,NO_SESSION
03_mnq_12_20.Last.txt,2020-10-22 21:57:00+00:00,2020-10-22 17:57:00-04:00,NO_SESSION
03_mnq_12_20.Last.txt,2020-10-22 21:58:00+00:00,2020-10-22 17:58:00-04:00,NO_SESSION
03_mnq_12_20.Last.txt,2020-10-22 21:59:00+00:00,2020-10-22 17:59:00-04:00,NO_SESSION
03_mnq_12_20.Last.txt,2020-10-22 22:00:00+00:00,2020-10-22 18:00:00-04:00,NO_SESSION
03_mnq_12_20.Last.txt,2020-10-25 14:55:00+00:00,2020-10-25 10:55:00-04:00,NO_SESSION
03_mnq_12_20.Last.txt,2020-10-31 19:42:00+00:00,2020-10-31 15:42:00-04:00,NO_SESSION
03_mnq_12_20.Last.txt,2020-10-31 23:15:00+00:00,2020-10-31 19:15:00-04:00,NO_SESSION
03_mnq_12_20.Last.txt,2020-11-15 14:41:00+00:00,2020-11-15 09:41:00-05:00,NO_SESSION
03_mnq_12_20.Last.txt,2020-11-27 18:01:00+00:00,2020-11-27 13:01:00-05:00,NO_SESSION
03_mnq_12_20.Last.txt,2020-11-27 18:02:00+00:00,2020-11-27 13:02:00-05:00,NO_SESSION
03_mnq_12_20.Last.txt,2020-11-27 18:03:00+00:00,2020-11-27 13:03:00-05:00,NO_SESSION
03_mnq_12_20.Last.txt,2020-11-27 18:04:00+00:00,2020-11-27 13:04:00-05:00,NO_SESSION
03_mnq_12_20.Last.txt,2020-11-27 18:05:00+00:00,2020-11-27 13:05:00-05:00,NO_SESSION
03_mnq_12_20.Last.txt,2020-11-27 18:06:00+00:00,2020-11-27 13:06:00-05:00,NO_SESSION
03_mnq_12_20.Last.txt,2020-11-27 18:07:00+00:00,2020-11-27 13:07:00-05:00,NO_SESSION
03_mnq_12_20.Last.txt,2020-11-27 18:08:00+00:00,2020-11-27 13:08:00-05:00,NO_SESSION
03_mnq_12_20.Last.txt,2020-11-27 18:09:00+00:00,2020-11-27 13:09:00-05:00,NO_SESSION
03_mnq_12_20.Last.txt,2020-11-27 18:10:00+00:00,2020-11-27 13:10:00-05:00,NO_SESSION
03_mnq_12_20.Last.txt,2020-11-27 18:11:00+00:00,2020-11-27 13:11:00-05:00,NO_SESSION
03_mnq_12_20.Last.txt,2020-11-27 18:12:00+00:00,2020-11-27 13:12:00-05:00,NO_SESSION
03_mnq_12_20.Last.txt,2020-11-27 18:13:00+00:00,2020-11-27 13:13:00-05:00,NO_SESSION
03_mnq_12_20.Last.txt,2020-11-27 18:14:00+00:00,2020-11-27 13:14:00-05:00,NO_SESSION
03_mnq_12_20.Last.txt,2020-11-27 18:15:00+00:00,2020-11-27 13:15:00-05:00,NO_SESSION
03_mnq_12_20.Last.txt,2020-11-29 15:56:00+00:00,2020-11-29 10:56:00-05:00,NO_SESSION
03_mnq_12_20.Last.txt,2020-12-06 15:02:00+00:00,2020-12-06 10:02:00-05:00,NO_SESSION
03_mnq_12_20.Last.txt,2020-12-12 03:15:00+00:00,2020-12-11 22:15:00-05:00,NO_SESSION
03_mnq_12_20.Last.txt,2020-12-12 20:04:00+00:00,2020-12-12 15:04:00-05:00,NO_SESSION
04_mnq_03_21.Last.txt,2020-12-24 18:01:00+00:00,2020-12-24 13:01:00-05:00,NO_SESSION
04_mnq_03_21.Last.txt,2020-12-24 18:02:00+00:00,2020-12-24 13:02:00-05:00,NO_SESSION
04_mnq_03_21.Last.txt,2020-12-24 18:03:00+00:00,2020-12-24 13:03:00-05:00,NO_SESSION
04_mnq_03_21.Last.txt,2020-12-24 18:04:00+00:00,2020-12-24 13:04:00-05:00,NO_SESSION
04_mnq_03_21.Last.txt,2020-12-24 18:05:00+00:00,2020-12-24 13:05:00-05:00,NO_SESSION
04_mnq_03_21.Last.txt,2020-12-24 18:06:00+00:00,2020-12-24 13:06:00-05:00,NO_SESSION
04_mnq_03_21.Last.txt,2020-12-24 18:07:00+00:00,2020-12-24 13:07:00-05:00,NO_SESSION
04_mnq_03_21.Last.txt,2020-12-24 18:08:00+00:00,2020-12-24 13:08:00-05:00,NO_SESSION
04_mnq_03_21.Last.txt,2020-12-24 18:09:00+00:00,2020-12-24 13:09:00-05:00,NO_SESSION
04_mnq_03_21.Last.txt,2020-12-24 18:10:00+00:00,2020-12-24 13:10:00-05:00,NO_SESSION
04_mnq_03_21.Last.txt,2020-12-24 18:11:00+00:00,2020-12-24 13:11:00-05:00,NO_SESSION
04_mnq_03_21.Last.txt,2020-12-24 18:12:00+00:00,2020-12-24 13:12:00-05:00,NO_SESSION
04_mnq_03_21.Last.txt,2020-12-24 18:13:00+00:00,2020-12-24 13:13:00-05:00,NO_SESSION
04_mnq_03_21.Last.txt,2020-12-24 18:14:00+00:00,2020-12-24 13:14:00-05:00,NO_SESSION
04_mnq_03_21.Last.txt,2020-12-24 18:15:00+00:00,2020-12-24 13:15:00-05:00,NO_SESSION
04_mnq_03_21.Last.txt,2020-12-27 03:16:00+00:00,2020-12-26 22:16:00-05:00,NO_SESSION
04_mnq_03_21.Last.txt,2021-01-09 20:54:00+00:00,2021-01-09 15:54:00-05:00,NO_SESSION
04_mnq_03_21.Last.txt,2021-01-11 21:16:00+00:00,2021-01-11 16:16:00-05:00,SECONDARY_BREAK_WINDOW
04_mnq_03_21.Last.txt,2021-01-16 17:52:00+00:00,2021-01-16 12:52:00-05:00,NO_SESSION
04_mnq_03_21.Last.txt,2021-01-23 21:53:00+00:00,2021-01-23 16:53:00-05:00,NO_SESSION
04_mnq_03_21.Last.txt,2021-01-31 14:39:00+00:00,2021-01-31 09:39:00-05:00,NO_SESSION
04_mnq_03_21.Last.txt,2021-02-06 20:30:00+00:00,2021-02-06 15:30:00-05:00,NO_SESSION
04_mnq_03_21.Last.txt,2021-02-08 22:09:00+00:00,2021-02-08 17:09:00-05:00,NO_SESSION
04_mnq_03_21.Last.txt,2021-02-14 14:59:00+00:00,2021-02-14 09:59:00-05:00,NO_SESSION
04_mnq_03_21.Last.txt,2021-02-17 22:28:00+00:00,2021-02-17 17:28:00-05:00,NO_SESSION
04_mnq_03_21.Last.txt,2021-02-20 21:41:00+00:00,2021-02-20 16:41:00-05:00,NO_SESSION
04_mnq_03_21.Last.txt,2021-03-14 13:50:00+00:00,2021-03-14 09:50:00-04:00,NO_SESSION
05_mnq_06_21.Last.txt,2021-03-28 13:31:00+00:00,2021-03-28 09:31:00-04:00,NO_SESSION
05_mnq_06_21.Last.txt,2021-04-01 21:01:00+00:00,2021-04-01 17:01:00-04:00,NO_SESSION
05_mnq_06_21.Last.txt,2021-04-03 16:22:00+00:00,2021-04-03 12:22:00-04:00,NO_SESSION
05_mnq_06_21.Last.txt,2021-04-04 03:47:00+00:00,2021-04-03 23:47:00-04:00,NO_SESSION
05_mnq_06_21.Last.txt,2021-04-04 19:12:00+00:00,2021-04-04 15:12:00-04:00,NO_SESSION
05_mnq_06_21.Last.txt,2021-04-14 20:16:00+00:00,2021-04-14 16:16:00-04:00,SECONDARY_BREAK_WINDOW
05_mnq_06_21.Last.txt,2021-04-17 17:13:00+00:00,2021-04-17 13:13:00-04:00,NO_SESSION
05_mnq_06_21.Last.txt,2021-04-18 14:23:00+00:00,2021-04-18 10:23:00-04:00,NO_SESSION
05_mnq_06_21.Last.txt,2021-04-18 20:42:00+00:00,2021-04-18 16:42:00-04:00,NO_SESSION
05_mnq_06_21.Last.txt,2021-05-01 18:08:00+00:00,2021-05-01 14:08:00-04:00,NO_SESSION
05_mnq_06_21.Last.txt,2021-05-02 17:05:00+00:00,2021-05-02 13:05:00-04:00,NO_SESSION
05_mnq_06_21.Last.txt,2021-05-03 21:30:00+00:00,2021-05-03 17:30:00-04:00,NO_SESSION
05_mnq_06_21.Last.txt,2021-05-08 19:55:00+00:00,2021-05-08 15:55:00-04:00,NO_SESSION
05_mnq_06_21.Last.txt,2021-05-15 23:05:00+00:00,2021-05-15 19:05:00-04:00,NO_SESSION
05_mnq_06_21.Last.txt,2021-05-28 20:16:00+00:00,2021-05-28 16:16:00-04:00,SECONDARY_BREAK_WINDOW
05_mnq_06_21.Last.txt,2021-05-30 05:45:00+00:00,2021-05-30 01:45:00-04:00,NO_SESSION
05_mnq_06_21.Last.txt,2021-06-12 14:13:00+00:00,2021-06-12 10:13:00-04:00,NO_SESSION
06_mnq_09_21.Last.txt,2021-06-26 19:06:00+00:00,2021-06-26 15:06:00-04:00,NO_SESSION
06_mnq_09_21.Last.txt,2021-07-10 07:43:00+00:00,2021-07-10 03:43:00-04:00,NO_SESSION
06_mnq_09_21.Last.txt,2021-07-11 05:21:00+00:00,2021-07-11 01:21:00-04:00,NO_SESSION
06_mnq_09_21.Last.txt,2021-07-18 16:40:00+00:00,2021-07-18 12:40:00-04:00,NO_SESSION
06_mnq_09_21.Last.txt,2021-07-25 19:21:00+00:00,2021-07-25 15:21:00-04:00,NO_SESSION
06_mnq_09_21.Last.txt,2021-08-01 19:10:00+00:00,2021-08-01 15:10:00-04:00,NO_SESSION
06_mnq_09_21.Last.txt,2021-08-08 02:17:00+00:00,2021-08-07 22:17:00-04:00,NO_SESSION
06_mnq_09_21.Last.txt,2021-08-14 20:33:00+00:00,2021-08-14 16:33:00-04:00,NO_SESSION
06_mnq_09_21.Last.txt,2021-08-14 21:07:00+00:00,2021-08-14 17:07:00-04:00,NO_SESSION
06_mnq_09_21.Last.txt,2021-08-21 15:40:00+00:00,2021-08-21 11:40:00-04:00,NO_SESSION
06_mnq_09_21.Last.txt,2021-08-24 21:27:00+00:00,2021-08-24 17:27:00-04:00,NO_SESSION
06_mnq_09_21.Last.txt,2021-08-28 18:19:00+00:00,2021-08-28 14:19:00-04:00,NO_SESSION
06_mnq_09_21.Last.txt,2021-09-04 17:34:00+00:00,2021-09-04 13:34:00-04:00,NO_SESSION
07_mnq_12_21.Last.txt,2021-09-26 06:02:00+00:00,2021-09-26 02:02:00-04:00,NO_SESSION
07_mnq_12_21.Last.txt,2021-10-02 21:09:00+00:00,2021-10-02 17:09:00-04:00,NO_SESSION
07_mnq_12_21.Last.txt,2021-10-10 20:10:00+00:00,2021-10-10 16:10:00-04:00,NO_SESSION
07_mnq_12_21.Last.txt,2021-10-24 17:49:00+00:00,2021-10-24 13:49:00-04:00,NO_SESSION
07_mnq_12_21.Last.txt,2021-10-24 20:09:00+00:00,2021-10-24 16:09:00-04:00,NO_SESSION
07_mnq_12_21.Last.txt,2021-10-31 17:14:00+00:00,2021-10-31 13:14:00-04:00,NO_SESSION
07_mnq_12_21.Last.txt,2021-10-31 20:00:00+00:00,2021-10-31 16:00:00-04:00,NO_SESSION
07_mnq_12_21.Last.txt,2021-10-31 20:48:00+00:00,2021-10-31 16:48:00-04:00,NO_SESSION
07_mnq_12_21.Last.txt,2021-11-13 19:22:00+00:00,2021-11-13 14:22:00-05:00,NO_SESSION
07_mnq_12_21.Last.txt,2021-11-13 22:07:00+00:00,2021-11-13 17:07:00-05:00,NO_SESSION
07_mnq_12_21.Last.txt,2021-11-13 22:31:00+00:00,2021-11-13 17:31:00-05:00,NO_SESSION
07_mnq_12_21.Last.txt,2021-11-14 06:28:00+00:00,2021-11-14 01:28:00-05:00,NO_SESSION
07_mnq_12_21.Last.txt,2021-11-21 18:27:00+00:00,2021-11-21 13:27:00-05:00,NO_SESSION
07_mnq_12_21.Last.txt,2021-11-21 19:05:00+00:00,2021-11-21 14:05:00-05:00,NO_SESSION
07_mnq_12_21.Last.txt,2021-11-26 18:01:00+00:00,2021-11-26 13:01:00-05:00,NO_SESSION
07_mnq_12_21.Last.txt,2021-11-26 18:02:00+00:00,2021-11-26 13:02:00-05:00,NO_SESSION
07_mnq_12_21.Last.txt,2021-11-26 18:03:00+00:00,2021-11-26 13:03:00-05:00,NO_SESSION
07_mnq_12_21.Last.txt,2021-11-26 18:04:00+00:00,2021-11-26 13:04:00-05:00,NO_SESSION
07_mnq_12_21.Last.txt,2021-11-26 18:05:00+00:00,2021-11-26 13:05:00-05:00,NO_SESSION
07_mnq_12_21.Last.txt,2021-11-26 18:06:00+00:00,2021-11-26 13:06:00-05:00,NO_SESSION
07_mnq_12_21.Last.txt,2021-11-26 18:07:00+00:00,2021-11-26 13:07:00-05:00,NO_SESSION
07_mnq_12_21.Last.txt,2021-11-26 18:08:00+00:00,2021-11-26 13:08:00-05:00,NO_SESSION
07_mnq_12_21.Last.txt,2021-11-26 18:09:00+00:00,2021-11-26 13:09:00-05:00,NO_SESSION
07_mnq_12_21.Last.txt,2021-11-26 18:10:00+00:00,2021-11-26 13:10:00-05:00,NO_SESSION
07_mnq_12_21.Last.txt,2021-11-26 18:11:00+00:00,2021-11-26 13:11:00-05:00,NO_SESSION
07_mnq_12_21.Last.txt,2021-11-26 18:12:00+00:00,2021-11-26 13:12:00-05:00,NO_SESSION
07_mnq_12_21.Last.txt,2021-11-26 18:13:00+00:00,2021-11-26 13:13:00-05:00,NO_SESSION
07_mnq_12_21.Last.txt,2021-11-26 18:14:00+00:00,2021-11-26 13:14:00-05:00,NO_SESSION
07_mnq_12_21.Last.txt,2021-11-26 18:15:00+00:00,2021-11-26 13:15:00-05:00,NO_SESSION
08_mnq_03_22.Last.txt,2022-01-09 00:49:00+00:00,2022-01-08 19:49:00-05:00,NO_SESSION
08_mnq_03_22.Last.txt,2022-01-09 01:58:00+00:00,2022-01-08 20:58:00-05:00,NO_SESSION
08_mnq_03_22.Last.txt,2022-01-09 06:34:00+00:00,2022-01-09 01:34:00-05:00,NO_SESSION
08_mnq_03_22.Last.txt,2022-01-17 23:00:00+00:00,2022-01-17 18:00:00-05:00,NO_SESSION
08_mnq_03_22.Last.txt,2022-01-23 18:08:00+00:00,2022-01-23 13:08:00-05:00,NO_SESSION
08_mnq_03_22.Last.txt,2022-01-23 19:07:00+00:00,2022-01-23 14:07:00-05:00,NO_SESSION
08_mnq_03_22.Last.txt,2022-01-30 13:58:00+00:00,2022-01-30 08:58:00-05:00,NO_SESSION
08_mnq_03_22.Last.txt,2022-01-30 19:55:00+00:00,2022-01-30 14:55:00-05:00,NO_SESSION
08_mnq_03_22.Last.txt,2022-02-20 16:12:00+00:00,2022-02-20 11:12:00-05:00,NO_SESSION
08_mnq_03_22.Last.txt,2022-02-20 18:22:00+00:00,2022-02-20 13:22:00-05:00,NO_SESSION
08_mnq_03_22.Last.txt,2022-02-20 19:11:00+00:00,2022-02-20 14:11:00-05:00,NO_SESSION
08_mnq_03_22.Last.txt,2022-02-21 18:01:00+00:00,2022-02-21 13:01:00-05:00,NO_SESSION
08_mnq_03_22.Last.txt,2022-03-06 19:28:00+00:00,2022-03-06 14:28:00-05:00,NO_SESSION
08_mnq_03_22.Last.txt,2022-03-13 15:14:00+00:00,2022-03-13 11:14:00-04:00,NO_SESSION
09_mnq_06_22.Last.txt,2022-03-27 19:44:00+00:00,2022-03-27 15:44:00-04:00,NO_SESSION
09_mnq_06_22.Last.txt,2022-03-27 19:57:00+00:00,2022-03-27 15:57:00-04:00,NO_SESSION
09_mnq_06_22.Last.txt,2022-04-03 05:44:00+00:00,2022-04-03 01:44:00-04:00,NO_SESSION
09_mnq_06_22.Last.txt,2022-04-10 18:28:00+00:00,2022-04-10 14:28:00-04:00,NO_SESSION
09_mnq_06_22.Last.txt,2022-04-10 21:01:00+00:00,2022-04-10 17:01:00-04:00,NO_SESSION
09_mnq_06_22.Last.txt,2022-04-16 13:05:00+00:00,2022-04-16 09:05:00-04:00,NO_SESSION
09_mnq_06_22.Last.txt,2022-04-17 02:20:00+00:00,2022-04-16 22:20:00-04:00,NO_SESSION
09_mnq_06_22.Last.txt,2022-04-29 21:19:00+00:00,2022-04-29 17:19:00-04:00,NO_SESSION
09_mnq_06_22.Last.txt,2022-05-01 19:00:00+00:00,2022-05-01 15:00:00-04:00,NO_SESSION
09_mnq_06_22.Last.txt,2022-05-01 19:13:00+00:00,2022-05-01 15:13:00-04:00,NO_SESSION
09_mnq_06_22.Last.txt,2022-05-07 13:30:00+00:00,2022-05-07 09:30:00-04:00,NO_SESSION
09_mnq_06_22.Last.txt,2022-05-07 14:40:00+00:00,2022-05-07 10:40:00-04:00,NO_SESSION
09_mnq_06_22.Last.txt,2022-05-08 19:32:00+00:00,2022-05-08 15:32:00-04:00,NO_SESSION
09_mnq_06_22.Last.txt,2022-05-08 20:33:00+00:00,2022-05-08 16:33:00-04:00,NO_SESSION
09_mnq_06_22.Last.txt,2022-05-22 05:49:00+00:00,2022-05-22 01:49:00-04:00,NO_SESSION
09_mnq_06_22.Last.txt,2022-05-22 11:58:00+00:00,2022-05-22 07:58:00-04:00,NO_SESSION
09_mnq_06_22.Last.txt,2022-05-29 15:34:00+00:00,2022-05-29 11:34:00-04:00,NO_SESSION
09_mnq_06_22.Last.txt,2022-06-04 13:57:00+00:00,2022-06-04 09:57:00-04:00,NO_SESSION
09_mnq_06_22.Last.txt,2022-06-11 15:31:00+00:00,2022-06-11 11:31:00-04:00,NO_SESSION
10_mnq_09_22.Last.txt,2022-07-16 00:12:00+00:00,2022-07-15 20:12:00-04:00,NO_SESSION
10_mnq_09_22.Last.txt,2022-07-16 00:37:00+00:00,2022-07-15 20:37:00-04:00,NO_SESSION
10_mnq_09_22.Last.txt,2022-07-16 11:58:00+00:00,2022-07-16 07:58:00-04:00,NO_SESSION
10_mnq_09_22.Last.txt,2022-07-16 21:51:00+00:00,2022-07-16 17:51:00-04:00,NO_SESSION
10_mnq_09_22.Last.txt,2022-07-17 12:02:00+00:00,2022-07-17 08:02:00-04:00,NO_SESSION
10_mnq_09_22.Last.txt,2022-07-17 12:56:00+00:00,2022-07-17 08:56:00-04:00,NO_SESSION
10_mnq_09_22.Last.txt,2022-07-17 17:17:00+00:00,2022-07-17 13:17:00-04:00,NO_SESSION
10_mnq_09_22.Last.txt,2022-07-17 20:13:00+00:00,2022-07-17 16:13:00-04:00,NO_SESSION
10_mnq_09_22.Last.txt,2022-07-30 16:07:00+00:00,2022-07-30 12:07:00-04:00,NO_SESSION
10_mnq_09_22.Last.txt,2022-07-31 16:53:00+00:00,2022-07-31 12:53:00-04:00,NO_SESSION
10_mnq_09_22.Last.txt,2022-08-06 05:58:00+00:00,2022-08-06 01:58:00-04:00,NO_SESSION
10_mnq_09_22.Last.txt,2022-08-07 04:38:00+00:00,2022-08-07 00:38:00-04:00,NO_SESSION
10_mnq_09_22.Last.txt,2022-08-07 21:05:00+00:00,2022-08-07 17:05:00-04:00,NO_SESSION
10_mnq_09_22.Last.txt,2022-08-28 06:27:00+00:00,2022-08-28 02:27:00-04:00,NO_SESSION
10_mnq_09_22.Last.txt,2022-08-28 10:55:00+00:00,2022-08-28 06:55:00-04:00,NO_SESSION
10_mnq_09_22.Last.txt,2022-08-28 18:14:00+00:00,2022-08-28 14:14:00-04:00,NO_SESSION
10_mnq_09_22.Last.txt,2022-09-03 17:11:00+00:00,2022-09-03 13:11:00-04:00,NO_SESSION
10_mnq_09_22.Last.txt,2022-09-03 22:42:00+00:00,2022-09-03 18:42:00-04:00,NO_SESSION
10_mnq_09_22.Last.txt,2022-09-04 02:30:00+00:00,2022-09-03 22:30:00-04:00,NO_SESSION
10_mnq_09_22.Last.txt,2022-09-04 10:50:00+00:00,2022-09-04 06:50:00-04:00,NO_SESSION
10_mnq_09_22.Last.txt,2022-09-04 18:36:00+00:00,2022-09-04 14:36:00-04:00,NO_SESSION
10_mnq_09_22.Last.txt,2022-09-04 19:54:00+00:00,2022-09-04 15:54:00-04:00,NO_SESSION
11_mnq_12_22.Last.txt,2022-10-09 18:20:00+00:00,2022-10-09 14:20:00-04:00,NO_SESSION
11_mnq_12_22.Last.txt,2022-10-11 21:01:00+00:00,2022-10-11 17:01:00-04:00,NO_SESSION
11_mnq_12_22.Last.txt,2022-10-16 04:59:00+00:00,2022-10-16 00:59:00-04:00,NO_SESSION
11_mnq_12_22.Last.txt,2022-10-16 21:07:00+00:00,2022-10-16 17:07:00-04:00,NO_SESSION
11_mnq_12_22.Last.txt,2022-10-23 14:09:00+00:00,2022-10-23 10:09:00-04:00,NO_SESSION
11_mnq_12_22.Last.txt,2022-10-23 19:28:00+00:00,2022-10-23 15:28:00-04:00,NO_SESSION
11_mnq_12_22.Last.txt,2022-10-30 19:55:00+00:00,2022-10-30 15:55:00-04:00,NO_SESSION
11_mnq_12_22.Last.txt,2022-11-06 04:05:00+00:00,2022-11-06 00:05:00-04:00,NO_SESSION
11_mnq_12_22.Last.txt,2022-11-06 10:28:00+00:00,2022-11-06 05:28:00-05:00,NO_SESSION
11_mnq_12_22.Last.txt,2022-11-06 10:38:00+00:00,2022-11-06 05:38:00-05:00,NO_SESSION
11_mnq_12_22.Last.txt,2022-11-06 13:20:00+00:00,2022-11-06 08:20:00-05:00,NO_SESSION
11_mnq_12_22.Last.txt,2022-11-06 14:47:00+00:00,2022-11-06 09:47:00-05:00,NO_SESSION
11_mnq_12_22.Last.txt,2022-11-06 16:44:00+00:00,2022-11-06 11:44:00-05:00,NO_SESSION
11_mnq_12_22.Last.txt,2022-11-06 19:14:00+00:00,2022-11-06 14:14:00-05:00,NO_SESSION
11_mnq_12_22.Last.txt,2022-11-06 19:41:00+00:00,2022-11-06 14:41:00-05:00,NO_SESSION
11_mnq_12_22.Last.txt,2022-11-13 04:29:00+00:00,2022-11-12 23:29:00-05:00,NO_SESSION
11_mnq_12_22.Last.txt,2022-11-13 12:12:00+00:00,2022-11-13 07:12:00-05:00,NO_SESSION
11_mnq_12_22.Last.txt,2022-11-13 16:09:00+00:00,2022-11-13 11:09:00-05:00,NO_SESSION
11_mnq_12_22.Last.txt,2022-11-19 00:12:00+00:00,2022-11-18 19:12:00-05:00,NO_SESSION
11_mnq_12_22.Last.txt,2022-11-19 01:06:00+00:00,2022-11-18 20:06:00-05:00,NO_SESSION
11_mnq_12_22.Last.txt,2022-11-19 21:54:00+00:00,2022-11-19 16:54:00-05:00,NO_SESSION
11_mnq_12_22.Last.txt,2022-11-20 22:15:00+00:00,2022-11-20 17:15:00-05:00,NO_SESSION
11_mnq_12_22.Last.txt,2022-11-25 18:01:00+00:00,2022-11-25 13:01:00-05:00,NO_SESSION
11_mnq_12_22.Last.txt,2022-11-25 18:02:00+00:00,2022-11-25 13:02:00-05:00,NO_SESSION
11_mnq_12_22.Last.txt,2022-11-25 18:03:00+00:00,2022-11-25 13:03:00-05:00,NO_SESSION
11_mnq_12_22.Last.txt,2022-11-25 18:04:00+00:00,2022-11-25 13:04:00-05:00,NO_SESSION
11_mnq_12_22.Last.txt,2022-11-25 18:05:00+00:00,2022-11-25 13:05:00-05:00,NO_SESSION
11_mnq_12_22.Last.txt,2022-11-25 18:06:00+00:00,2022-11-25 13:06:00-05:00,NO_SESSION
11_mnq_12_22.Last.txt,2022-11-25 18:07:00+00:00,2022-11-25 13:07:00-05:00,NO_SESSION
11_mnq_12_22.Last.txt,2022-11-25 18:08:00+00:00,2022-11-25 13:08:00-05:00,NO_SESSION
11_mnq_12_22.Last.txt,2022-11-25 18:09:00+00:00,2022-11-25 13:09:00-05:00,NO_SESSION
11_mnq_12_22.Last.txt,2022-11-25 18:10:00+00:00,2022-11-25 13:10:00-05:00,NO_SESSION
11_mnq_12_22.Last.txt,2022-11-25 18:11:00+00:00,2022-11-25 13:11:00-05:00,NO_SESSION
11_mnq_12_22.Last.txt,2022-11-25 18:12:00+00:00,2022-11-25 13:12:00-05:00,NO_SESSION
11_mnq_12_22.Last.txt,2022-11-25 18:13:00+00:00,2022-11-25 13:13:00-05:00,NO_SESSION
11_mnq_12_22.Last.txt,2022-11-25 18:14:00+00:00,2022-11-25 13:14:00-05:00,NO_SESSION
11_mnq_12_22.Last.txt,2022-11-25 18:15:00+00:00,2022-11-25 13:15:00-05:00,NO_SESSION
11_mnq_12_22.Last.txt,2022-11-26 15:27:00+00:00,2022-11-26 10:27:00-05:00,NO_SESSION
11_mnq_12_22.Last.txt,2022-12-09 22:44:00+00:00,2022-12-09 17:44:00-05:00,NO_SESSION
12_mnq_03_23.Last.txt,2022-12-25 15:33:00+00:00,2022-12-25 10:33:00-05:00,NO_SESSION
12_mnq_03_23.Last.txt,2022-12-25 19:16:00+00:00,2022-12-25 14:16:00-05:00,NO_SESSION
12_mnq_03_23.Last.txt,2022-12-26 02:58:00+00:00,2022-12-25 21:58:00-05:00,NO_SESSION
12_mnq_03_23.Last.txt,2022-12-26 05:16:00+00:00,2022-12-26 00:16:00-05:00,NO_SESSION
12_mnq_03_23.Last.txt,2022-12-26 05:42:00+00:00,2022-12-26 00:42:00-05:00,NO_SESSION
12_mnq_03_23.Last.txt,2022-12-26 14:27:00+00:00,2022-12-26 09:27:00-05:00,NO_SESSION
12_mnq_03_23.Last.txt,2022-12-26 16:22:00+00:00,2022-12-26 11:22:00-05:00,NO_SESSION
12_mnq_03_23.Last.txt,2022-12-26 16:29:00+00:00,2022-12-26 11:29:00-05:00,NO_SESSION
12_mnq_03_23.Last.txt,2022-12-26 18:41:00+00:00,2022-12-26 13:41:00-05:00,NO_SESSION
12_mnq_03_23.Last.txt,2023-01-01 12:13:00+00:00,2023-01-01 07:13:00-05:00,NO_SESSION
12_mnq_03_23.Last.txt,2023-01-02 02:14:00+00:00,2023-01-01 21:14:00-05:00,NO_SESSION
12_mnq_03_23.Last.txt,2023-01-08 05:26:00+00:00,2023-01-08 00:26:00-05:00,NO_SESSION
12_mnq_03_23.Last.txt,2023-01-08 06:47:00+00:00,2023-01-08 01:47:00-05:00,NO_SESSION
12_mnq_03_23.Last.txt,2023-02-05 14:55:00+00:00,2023-02-05 09:55:00-05:00,NO_SESSION
12_mnq_03_23.Last.txt,2023-02-05 18:25:00+00:00,2023-02-05 13:25:00-05:00,NO_SESSION
12_mnq_03_23.Last.txt,2023-02-12 21:44:00+00:00,2023-02-12 16:44:00-05:00,NO_SESSION
12_mnq_03_23.Last.txt,2023-02-20 18:15:00+00:00,2023-02-20 13:15:00-05:00,NO_SESSION
12_mnq_03_23.Last.txt,2023-02-20 18:24:00+00:00,2023-02-20 13:24:00-05:00,NO_SESSION
12_mnq_03_23.Last.txt,2023-03-04 03:16:00+00:00,2023-03-03 22:16:00-05:00,NO_SESSION
12_mnq_03_23.Last.txt,2023-03-04 04:16:00+00:00,2023-03-03 23:16:00-05:00,NO_SESSION
12_mnq_03_23.Last.txt,2023-03-04 20:58:00+00:00,2023-03-04 15:58:00-05:00,NO_SESSION
12_mnq_03_23.Last.txt,2023-03-05 05:56:00+00:00,2023-03-05 00:56:00-05:00,NO_SESSION
13_mnq_06_23.Last.txt,2023-04-16 14:18:00+00:00,2023-04-16 10:18:00-04:00,NO_SESSION
13_mnq_06_23.Last.txt,2023-05-07 19:40:00+00:00,2023-05-07 15:40:00-04:00,NO_SESSION
13_mnq_06_23.Last.txt,2023-05-07 20:33:00+00:00,2023-05-07 16:33:00-04:00,NO_SESSION
13_mnq_06_23.Last.txt,2023-06-03 16:47:00+00:00,2023-06-03 12:47:00-04:00,NO_SESSION
13_mnq_06_23.Last.txt,2023-06-04 16:24:00+00:00,2023-06-04 12:24:00-04:00,NO_SESSION
14_mnq_09_23.Last.txt,2023-06-25 16:01:00+00:00,2023-06-25 12:01:00-04:00,NO_SESSION
14_mnq_09_23.Last.txt,2023-06-25 17:57:00+00:00,2023-06-25 13:57:00-04:00,NO_SESSION
14_mnq_09_23.Last.txt,2023-07-03 17:01:00+00:00,2023-07-03 13:01:00-04:00,NO_SESSION
14_mnq_09_23.Last.txt,2023-07-03 17:02:00+00:00,2023-07-03 13:02:00-04:00,NO_SESSION
14_mnq_09_23.Last.txt,2023-07-03 17:03:00+00:00,2023-07-03 13:03:00-04:00,NO_SESSION
14_mnq_09_23.Last.txt,2023-07-03 17:04:00+00:00,2023-07-03 13:04:00-04:00,NO_SESSION
14_mnq_09_23.Last.txt,2023-07-03 17:05:00+00:00,2023-07-03 13:05:00-04:00,NO_SESSION
14_mnq_09_23.Last.txt,2023-07-03 17:06:00+00:00,2023-07-03 13:06:00-04:00,NO_SESSION
14_mnq_09_23.Last.txt,2023-07-03 17:07:00+00:00,2023-07-03 13:07:00-04:00,NO_SESSION
14_mnq_09_23.Last.txt,2023-07-03 17:08:00+00:00,2023-07-03 13:08:00-04:00,NO_SESSION
14_mnq_09_23.Last.txt,2023-07-03 17:09:00+00:00,2023-07-03 13:09:00-04:00,NO_SESSION
14_mnq_09_23.Last.txt,2023-07-03 17:10:00+00:00,2023-07-03 13:10:00-04:00,NO_SESSION
14_mnq_09_23.Last.txt,2023-07-03 17:11:00+00:00,2023-07-03 13:11:00-04:00,NO_SESSION
14_mnq_09_23.Last.txt,2023-07-03 17:12:00+00:00,2023-07-03 13:12:00-04:00,NO_SESSION
14_mnq_09_23.Last.txt,2023-07-03 17:13:00+00:00,2023-07-03 13:13:00-04:00,NO_SESSION
14_mnq_09_23.Last.txt,2023-07-03 17:14:00+00:00,2023-07-03 13:14:00-04:00,NO_SESSION
14_mnq_09_23.Last.txt,2023-07-03 17:15:00+00:00,2023-07-03 13:15:00-04:00,NO_SESSION
14_mnq_09_23.Last.txt,2023-07-23 08:20:00+00:00,2023-07-23 04:20:00-04:00,NO_SESSION
14_mnq_09_23.Last.txt,2023-08-19 00:58:00+00:00,2023-08-18 20:58:00-04:00,NO_SESSION
14_mnq_09_23.Last.txt,2023-08-19 06:26:00+00:00,2023-08-19 02:26:00-04:00,NO_SESSION
14_mnq_09_23.Last.txt,2023-08-19 08:51:00+00:00,2023-08-19 04:51:00-04:00,NO_SESSION
14_mnq_09_23.Last.txt,2023-08-19 12:23:00+00:00,2023-08-19 08:23:00-04:00,NO_SESSION
14_mnq_09_23.Last.txt,2023-08-19 23:40:00+00:00,2023-08-19 19:40:00-04:00,NO_SESSION
14_mnq_09_23.Last.txt,2023-08-20 05:02:00+00:00,2023-08-20 01:02:00-04:00,NO_SESSION
14_mnq_09_23.Last.txt,2023-08-27 18:29:00+00:00,2023-08-27 14:29:00-04:00,NO_SESSION
14_mnq_09_23.Last.txt,2023-08-27 20:07:00+00:00,2023-08-27 16:07:00-04:00,NO_SESSION
14_mnq_09_23.Last.txt,2023-08-27 21:23:00+00:00,2023-08-27 17:23:00-04:00,NO_SESSION
14_mnq_09_23.Last.txt,2023-08-31 21:01:00+00:00,2023-08-31 17:01:00-04:00,NO_SESSION
14_mnq_09_23.Last.txt,2023-09-02 00:32:00+00:00,2023-09-01 20:32:00-04:00,NO_SESSION
14_mnq_09_23.Last.txt,2023-09-04 20:21:00+00:00,2023-09-04 16:21:00-04:00,NO_SESSION
14_mnq_09_23.Last.txt,2023-09-09 23:52:00+00:00,2023-09-09 19:52:00-04:00,NO_SESSION
14_mnq_09_23.Last.txt,2023-09-10 01:25:00+00:00,2023-09-09 21:25:00-04:00,NO_SESSION
14_mnq_09_23.Last.txt,2023-09-10 01:34:00+00:00,2023-09-09 21:34:00-04:00,NO_SESSION
14_mnq_09_23.Last.txt,2023-09-10 14:19:00+00:00,2023-09-10 10:19:00-04:00,NO_SESSION
15_mnq_12_23.Last.txt,2023-10-15 04:33:00+00:00,2023-10-15 00:33:00-04:00,NO_SESSION
15_mnq_12_23.Last.txt,2023-10-15 20:10:00+00:00,2023-10-15 16:10:00-04:00,NO_SESSION
15_mnq_12_23.Last.txt,2023-10-21 11:27:00+00:00,2023-10-21 07:27:00-04:00,NO_SESSION
15_mnq_12_23.Last.txt,2023-10-21 14:17:00+00:00,2023-10-21 10:17:00-04:00,NO_SESSION
15_mnq_12_23.Last.txt,2023-10-21 21:52:00+00:00,2023-10-21 17:52:00-04:00,NO_SESSION
15_mnq_12_23.Last.txt,2023-10-22 08:56:00+00:00,2023-10-22 04:56:00-04:00,NO_SESSION
15_mnq_12_23.Last.txt,2023-10-22 10:49:00+00:00,2023-10-22 06:49:00-04:00,NO_SESSION
15_mnq_12_23.Last.txt,2023-10-22 14:22:00+00:00,2023-10-22 10:22:00-04:00,NO_SESSION
15_mnq_12_23.Last.txt,2023-11-11 01:43:00+00:00,2023-11-10 20:43:00-05:00,NO_SESSION
15_mnq_12_23.Last.txt,2023-11-11 17:27:00+00:00,2023-11-11 12:27:00-05:00,NO_SESSION
15_mnq_12_23.Last.txt,2023-11-11 20:04:00+00:00,2023-11-11 15:04:00-05:00,NO_SESSION
15_mnq_12_23.Last.txt,2023-11-24 18:01:00+00:00,2023-11-24 13:01:00-05:00,NO_SESSION
15_mnq_12_23.Last.txt,2023-11-24 18:02:00+00:00,2023-11-24 13:02:00-05:00,NO_SESSION
15_mnq_12_23.Last.txt,2023-11-24 18:03:00+00:00,2023-11-24 13:03:00-05:00,NO_SESSION
15_mnq_12_23.Last.txt,2023-11-24 18:04:00+00:00,2023-11-24 13:04:00-05:00,NO_SESSION
15_mnq_12_23.Last.txt,2023-11-24 18:05:00+00:00,2023-11-24 13:05:00-05:00,NO_SESSION
15_mnq_12_23.Last.txt,2023-11-24 18:06:00+00:00,2023-11-24 13:06:00-05:00,NO_SESSION
15_mnq_12_23.Last.txt,2023-11-24 18:07:00+00:00,2023-11-24 13:07:00-05:00,NO_SESSION
15_mnq_12_23.Last.txt,2023-11-24 18:08:00+00:00,2023-11-24 13:08:00-05:00,NO_SESSION
15_mnq_12_23.Last.txt,2023-11-24 18:09:00+00:00,2023-11-24 13:09:00-05:00,NO_SESSION
15_mnq_12_23.Last.txt,2023-11-24 18:10:00+00:00,2023-11-24 13:10:00-05:00,NO_SESSION
15_mnq_12_23.Last.txt,2023-11-24 18:11:00+00:00,2023-11-24 13:11:00-05:00,NO_SESSION
15_mnq_12_23.Last.txt,2023-11-24 18:12:00+00:00,2023-11-24 13:12:00-05:00,NO_SESSION
15_mnq_12_23.Last.txt,2023-11-24 18:13:00+00:00,2023-11-24 13:13:00-05:00,NO_SESSION
15_mnq_12_23.Last.txt,2023-11-24 18:14:00+00:00,2023-11-24 13:14:00-05:00,NO_SESSION
15_mnq_12_23.Last.txt,2023-11-24 18:15:00+00:00,2023-11-24 13:15:00-05:00,NO_SESSION
15_mnq_12_23.Last.txt,2023-11-24 22:02:00+00:00,2023-11-24 17:02:00-05:00,NO_SESSION
15_mnq_12_23.Last.txt,2023-11-25 17:27:00+00:00,2023-11-25 12:27:00-05:00,NO_SESSION
15_mnq_12_23.Last.txt,2023-11-25 18:48:00+00:00,2023-11-25 13:48:00-05:00,NO_SESSION
16_mnq_03_24.Last.txt,2023-12-31 17:08:00+00:00,2023-12-31 12:08:00-05:00,NO_SESSION
16_mnq_03_24.Last.txt,2024-01-14 21:33:00+00:00,2024-01-14 16:33:00-05:00,NO_SESSION
16_mnq_03_24.Last.txt,2024-01-20 18:59:00+00:00,2024-01-20 13:59:00-05:00,NO_SESSION
16_mnq_03_24.Last.txt,2024-02-03 16:21:00+00:00,2024-02-03 11:21:00-05:00,NO_SESSION
16_mnq_03_24.Last.txt,2024-02-05 22:01:00+00:00,2024-02-05 17:01:00-05:00,NO_SESSION
16_mnq_03_24.Last.txt,2024-02-10 02:55:00+00:00,2024-02-09 21:55:00-05:00,NO_SESSION
16_mnq_03_24.Last.txt,2024-02-24 22:23:00+00:00,2024-02-24 17:23:00-05:00,NO_SESSION
16_mnq_03_24.Last.txt,2024-02-24 22:31:00+00:00,2024-02-24 17:31:00-05:00,NO_SESSION
16_mnq_03_24.Last.txt,2024-02-25 16:28:00+00:00,2024-02-25 11:28:00-05:00,NO_SESSION
16_mnq_03_24.Last.txt,2024-02-25 16:46:00+00:00,2024-02-25 11:46:00-05:00,NO_SESSION
16_mnq_03_24.Last.txt,2024-03-09 15:44:00+00:00,2024-03-09 10:44:00-05:00,NO_SESSION
16_mnq_03_24.Last.txt,2024-03-09 21:14:00+00:00,2024-03-09 16:14:00-05:00,NO_SESSION
16_mnq_03_24.Last.txt,2024-03-09 21:26:00+00:00,2024-03-09 16:26:00-05:00,NO_SESSION
16_mnq_03_24.Last.txt,2024-03-09 21:39:00+00:00,2024-03-09 16:39:00-05:00,NO_SESSION
16_mnq_03_24.Last.txt,2024-03-09 22:08:00+00:00,2024-03-09 17:08:00-05:00,NO_SESSION
16_mnq_03_24.Last.txt,2024-03-10 00:43:00+00:00,2024-03-09 19:43:00-05:00,NO_SESSION
16_mnq_03_24.Last.txt,2024-03-10 05:45:00+00:00,2024-03-10 00:45:00-05:00,NO_SESSION
16_mnq_03_24.Last.txt,2024-03-10 12:10:00+00:00,2024-03-10 08:10:00-04:00,NO_SESSION
16_mnq_03_24.Last.txt,2024-03-10 12:17:00+00:00,2024-03-10 08:17:00-04:00,NO_SESSION
16_mnq_03_24.Last.txt,2024-03-10 14:13:00+00:00,2024-03-10 10:13:00-04:00,NO_SESSION
16_mnq_03_24.Last.txt,2024-03-10 19:21:00+00:00,2024-03-10 15:21:00-04:00,NO_SESSION
16_mnq_03_24.Last.txt,2024-03-10 19:25:00+00:00,2024-03-10 15:25:00-04:00,NO_SESSION
16_mnq_03_24.Last.txt,2024-03-10 20:34:00+00:00,2024-03-10 16:34:00-04:00,NO_SESSION
17_mnq_06_24.Last.txt,2024-03-31 20:29:00+00:00,2024-03-31 16:29:00-04:00,NO_SESSION
17_mnq_06_24.Last.txt,2024-04-07 20:02:00+00:00,2024-04-07 16:02:00-04:00,NO_SESSION
17_mnq_06_24.Last.txt,2024-04-21 13:08:00+00:00,2024-04-21 09:08:00-04:00,NO_SESSION
17_mnq_06_24.Last.txt,2024-05-04 18:56:00+00:00,2024-05-04 14:56:00-04:00,NO_SESSION
17_mnq_06_24.Last.txt,2024-05-05 01:36:00+00:00,2024-05-04 21:36:00-04:00,NO_SESSION
17_mnq_06_24.Last.txt,2024-05-06 21:01:00+00:00,2024-05-06 17:01:00-04:00,NO_SESSION
17_mnq_06_24.Last.txt,2024-05-12 15:54:00+00:00,2024-05-12 11:54:00-04:00,NO_SESSION
17_mnq_06_24.Last.txt,2024-05-12 19:22:00+00:00,2024-05-12 15:22:00-04:00,NO_SESSION
17_mnq_06_24.Last.txt,2024-05-19 20:30:00+00:00,2024-05-19 16:30:00-04:00,NO_SESSION
17_mnq_06_24.Last.txt,2024-05-19 21:08:00+00:00,2024-05-19 17:08:00-04:00,NO_SESSION
17_mnq_06_24.Last.txt,2024-06-02 17:47:00+00:00,2024-06-02 13:47:00-04:00,NO_SESSION
17_mnq_06_24.Last.txt,2024-06-02 20:58:00+00:00,2024-06-02 16:58:00-04:00,NO_SESSION
17_mnq_06_24.Last.txt,2024-06-08 18:39:00+00:00,2024-06-08 14:39:00-04:00,NO_SESSION
17_mnq_06_24.Last.txt,2024-06-15 21:58:00+00:00,2024-06-15 17:58:00-04:00,NO_SESSION
18_mnq_09_24.Last.txt,2024-06-30 20:31:00+00:00,2024-06-30 16:31:00-04:00,NO_SESSION
18_mnq_09_24.Last.txt,2024-07-03 17:01:00+00:00,2024-07-03 13:01:00-04:00,NO_SESSION
18_mnq_09_24.Last.txt,2024-07-03 17:02:00+00:00,2024-07-03 13:02:00-04:00,NO_SESSION
18_mnq_09_24.Last.txt,2024-07-03 17:03:00+00:00,2024-07-03 13:03:00-04:00,NO_SESSION
18_mnq_09_24.Last.txt,2024-07-03 17:04:00+00:00,2024-07-03 13:04:00-04:00,NO_SESSION
18_mnq_09_24.Last.txt,2024-07-03 17:05:00+00:00,2024-07-03 13:05:00-04:00,NO_SESSION
18_mnq_09_24.Last.txt,2024-07-03 17:06:00+00:00,2024-07-03 13:06:00-04:00,NO_SESSION
18_mnq_09_24.Last.txt,2024-07-03 17:07:00+00:00,2024-07-03 13:07:00-04:00,NO_SESSION
18_mnq_09_24.Last.txt,2024-07-03 17:08:00+00:00,2024-07-03 13:08:00-04:00,NO_SESSION
18_mnq_09_24.Last.txt,2024-07-03 17:09:00+00:00,2024-07-03 13:09:00-04:00,NO_SESSION
18_mnq_09_24.Last.txt,2024-07-03 17:10:00+00:00,2024-07-03 13:10:00-04:00,NO_SESSION
18_mnq_09_24.Last.txt,2024-07-03 17:11:00+00:00,2024-07-03 13:11:00-04:00,NO_SESSION
18_mnq_09_24.Last.txt,2024-07-03 17:12:00+00:00,2024-07-03 13:12:00-04:00,NO_SESSION
18_mnq_09_24.Last.txt,2024-07-03 17:13:00+00:00,2024-07-03 13:13:00-04:00,NO_SESSION
18_mnq_09_24.Last.txt,2024-07-03 17:14:00+00:00,2024-07-03 13:14:00-04:00,NO_SESSION
18_mnq_09_24.Last.txt,2024-07-03 17:15:00+00:00,2024-07-03 13:15:00-04:00,NO_SESSION
18_mnq_09_24.Last.txt,2024-07-07 14:14:00+00:00,2024-07-07 10:14:00-04:00,NO_SESSION
18_mnq_09_24.Last.txt,2024-07-16 21:07:00+00:00,2024-07-16 17:07:00-04:00,NO_SESSION
18_mnq_09_24.Last.txt,2024-07-17 21:26:00+00:00,2024-07-17 17:26:00-04:00,NO_SESSION
18_mnq_09_24.Last.txt,2024-07-21 17:52:00+00:00,2024-07-21 13:52:00-04:00,NO_SESSION
18_mnq_09_24.Last.txt,2024-07-26 22:44:00+00:00,2024-07-26 18:44:00-04:00,NO_SESSION
18_mnq_09_24.Last.txt,2024-07-28 19:56:00+00:00,2024-07-28 15:56:00-04:00,NO_SESSION
18_mnq_09_24.Last.txt,2024-08-02 22:41:00+00:00,2024-08-02 18:41:00-04:00,NO_SESSION
18_mnq_09_24.Last.txt,2024-08-02 22:57:00+00:00,2024-08-02 18:57:00-04:00,NO_SESSION
18_mnq_09_24.Last.txt,2024-08-03 02:01:00+00:00,2024-08-02 22:01:00-04:00,NO_SESSION
18_mnq_09_24.Last.txt,2024-08-05 21:01:00+00:00,2024-08-05 17:01:00-04:00,NO_SESSION
18_mnq_09_24.Last.txt,2024-08-11 14:49:00+00:00,2024-08-11 10:49:00-04:00,NO_SESSION
18_mnq_09_24.Last.txt,2024-08-11 16:40:00+00:00,2024-08-11 12:40:00-04:00,NO_SESSION
18_mnq_09_24.Last.txt,2024-08-25 13:44:00+00:00,2024-08-25 09:44:00-04:00,NO_SESSION
18_mnq_09_24.Last.txt,2024-08-31 18:21:00+00:00,2024-08-31 14:21:00-04:00,NO_SESSION
18_mnq_09_24.Last.txt,2024-09-01 17:35:00+00:00,2024-09-01 13:35:00-04:00,NO_SESSION
18_mnq_09_24.Last.txt,2024-09-02 18:31:00+00:00,2024-09-02 14:31:00-04:00,NO_SESSION
18_mnq_09_24.Last.txt,2024-09-02 18:33:00+00:00,2024-09-02 14:33:00-04:00,NO_SESSION
18_mnq_09_24.Last.txt,2024-09-04 21:01:00+00:00,2024-09-04 17:01:00-04:00,NO_SESSION
18_mnq_09_24.Last.txt,2024-09-06 21:01:00+00:00,2024-09-06 17:01:00-04:00,NO_SESSION
18_mnq_09_24.Last.txt,2024-09-15 20:04:00+00:00,2024-09-15 16:04:00-04:00,NO_SESSION
18_mnq_09_24.Last.txt,2024-09-20 22:30:00+00:00,2024-09-20 18:30:00-04:00,NO_SESSION
18_mnq_09_24.Last.txt,2024-09-21 01:19:00+00:00,2024-09-20 21:19:00-04:00,NO_SESSION
19_mnq_12_24.Last.txt,2024-09-28 00:00:00+00:00,2024-09-27 20:00:00-04:00,NO_SESSION
19_mnq_12_24.Last.txt,2024-09-28 07:05:00+00:00,2024-09-28 03:05:00-04:00,NO_SESSION
19_mnq_12_24.Last.txt,2024-09-28 08:43:00+00:00,2024-09-28 04:43:00-04:00,NO_SESSION
19_mnq_12_24.Last.txt,2024-09-28 13:59:00+00:00,2024-09-28 09:59:00-04:00,NO_SESSION
19_mnq_12_24.Last.txt,2024-09-28 18:37:00+00:00,2024-09-28 14:37:00-04:00,NO_SESSION
19_mnq_12_24.Last.txt,2024-09-28 19:09:00+00:00,2024-09-28 15:09:00-04:00,NO_SESSION
19_mnq_12_24.Last.txt,2024-09-28 19:16:00+00:00,2024-09-28 15:16:00-04:00,NO_SESSION
19_mnq_12_24.Last.txt,2024-09-29 07:28:00+00:00,2024-09-29 03:28:00-04:00,NO_SESSION
19_mnq_12_24.Last.txt,2024-09-29 11:13:00+00:00,2024-09-29 07:13:00-04:00,NO_SESSION
19_mnq_12_24.Last.txt,2024-10-11 22:22:00+00:00,2024-10-11 18:22:00-04:00,NO_SESSION
19_mnq_12_24.Last.txt,2024-10-11 22:43:00+00:00,2024-10-11 18:43:00-04:00,NO_SESSION
19_mnq_12_24.Last.txt,2024-10-12 16:48:00+00:00,2024-10-12 12:48:00-04:00,NO_SESSION
19_mnq_12_24.Last.txt,2024-10-12 16:55:00+00:00,2024-10-12 12:55:00-04:00,NO_SESSION
19_mnq_12_24.Last.txt,2024-10-20 19:13:00+00:00,2024-10-20 15:13:00-04:00,NO_SESSION
19_mnq_12_24.Last.txt,2024-10-27 18:24:00+00:00,2024-10-27 14:24:00-04:00,NO_SESSION
19_mnq_12_24.Last.txt,2024-11-23 15:36:00+00:00,2024-11-23 10:36:00-05:00,NO_SESSION
19_mnq_12_24.Last.txt,2024-11-23 22:19:00+00:00,2024-11-23 17:19:00-05:00,NO_SESSION
19_mnq_12_24.Last.txt,2024-11-23 22:58:00+00:00,2024-11-23 17:58:00-05:00,NO_SESSION
19_mnq_12_24.Last.txt,2024-11-24 17:19:00+00:00,2024-11-24 12:19:00-05:00,NO_SESSION
19_mnq_12_24.Last.txt,2024-11-24 18:40:00+00:00,2024-11-24 13:40:00-05:00,NO_SESSION
19_mnq_12_24.Last.txt,2024-11-29 18:01:00+00:00,2024-11-29 13:01:00-05:00,NO_SESSION
19_mnq_12_24.Last.txt,2024-11-29 18:02:00+00:00,2024-11-29 13:02:00-05:00,NO_SESSION
19_mnq_12_24.Last.txt,2024-11-29 18:03:00+00:00,2024-11-29 13:03:00-05:00,NO_SESSION
19_mnq_12_24.Last.txt,2024-11-29 18:04:00+00:00,2024-11-29 13:04:00-05:00,NO_SESSION
19_mnq_12_24.Last.txt,2024-11-29 18:05:00+00:00,2024-11-29 13:05:00-05:00,NO_SESSION
19_mnq_12_24.Last.txt,2024-11-29 18:06:00+00:00,2024-11-29 13:06:00-05:00,NO_SESSION
19_mnq_12_24.Last.txt,2024-11-29 18:07:00+00:00,2024-11-29 13:07:00-05:00,NO_SESSION
19_mnq_12_24.Last.txt,2024-11-29 18:08:00+00:00,2024-11-29 13:08:00-05:00,NO_SESSION
19_mnq_12_24.Last.txt,2024-11-29 18:09:00+00:00,2024-11-29 13:09:00-05:00,NO_SESSION
19_mnq_12_24.Last.txt,2024-11-29 18:10:00+00:00,2024-11-29 13:10:00-05:00,NO_SESSION
19_mnq_12_24.Last.txt,2024-11-29 18:11:00+00:00,2024-11-29 13:11:00-05:00,NO_SESSION
19_mnq_12_24.Last.txt,2024-11-29 18:12:00+00:00,2024-11-29 13:12:00-05:00,NO_SESSION
19_mnq_12_24.Last.txt,2024-11-29 18:13:00+00:00,2024-11-29 13:13:00-05:00,NO_SESSION
19_mnq_12_24.Last.txt,2024-11-29 18:14:00+00:00,2024-11-29 13:14:00-05:00,NO_SESSION
19_mnq_12_24.Last.txt,2024-11-29 18:15:00+00:00,2024-11-29 13:15:00-05:00,NO_SESSION
19_mnq_12_24.Last.txt,2024-11-30 15:24:00+00:00,2024-11-30 10:24:00-05:00,NO_SESSION
19_mnq_12_24.Last.txt,2024-12-01 00:20:00+00:00,2024-11-30 19:20:00-05:00,NO_SESSION
19_mnq_12_24.Last.txt,2024-12-01 01:05:00+00:00,2024-11-30 20:05:00-05:00,NO_SESSION
19_mnq_12_24.Last.txt,2024-12-01 07:06:00+00:00,2024-12-01 02:06:00-05:00,NO_SESSION
19_mnq_12_24.Last.txt,2024-12-01 17:10:00+00:00,2024-12-01 12:10:00-05:00,NO_SESSION
19_mnq_12_24.Last.txt,2024-12-01 21:53:00+00:00,2024-12-01 16:53:00-05:00,NO_SESSION
19_mnq_12_24.Last.txt,2024-12-08 15:30:00+00:00,2024-12-08 10:30:00-05:00,NO_SESSION
19_mnq_12_24.Last.txt,2024-12-08 16:40:00+00:00,2024-12-08 11:40:00-05:00,NO_SESSION
19_mnq_12_24.Last.txt,2024-12-15 21:29:00+00:00,2024-12-15 16:29:00-05:00,NO_SESSION
20_mnq_03_25.Last.txt,2024-12-15 21:30:00+00:00,2024-12-15 16:30:00-05:00,NO_SESSION
20_mnq_03_25.Last.txt,2024-12-24 18:01:00+00:00,2024-12-24 13:01:00-05:00,NO_SESSION
20_mnq_03_25.Last.txt,2024-12-24 18:02:00+00:00,2024-12-24 13:02:00-05:00,NO_SESSION
20_mnq_03_25.Last.txt,2024-12-24 18:03:00+00:00,2024-12-24 13:03:00-05:00,NO_SESSION
20_mnq_03_25.Last.txt,2024-12-24 18:04:00+00:00,2024-12-24 13:04:00-05:00,NO_SESSION
20_mnq_03_25.Last.txt,2024-12-24 18:05:00+00:00,2024-12-24 13:05:00-05:00,NO_SESSION
20_mnq_03_25.Last.txt,2024-12-24 18:06:00+00:00,2024-12-24 13:06:00-05:00,NO_SESSION
20_mnq_03_25.Last.txt,2024-12-24 18:07:00+00:00,2024-12-24 13:07:00-05:00,NO_SESSION
20_mnq_03_25.Last.txt,2024-12-24 18:08:00+00:00,2024-12-24 13:08:00-05:00,NO_SESSION
20_mnq_03_25.Last.txt,2024-12-24 18:09:00+00:00,2024-12-24 13:09:00-05:00,NO_SESSION
20_mnq_03_25.Last.txt,2024-12-24 18:10:00+00:00,2024-12-24 13:10:00-05:00,NO_SESSION
20_mnq_03_25.Last.txt,2024-12-24 18:11:00+00:00,2024-12-24 13:11:00-05:00,NO_SESSION
20_mnq_03_25.Last.txt,2024-12-24 18:12:00+00:00,2024-12-24 13:12:00-05:00,NO_SESSION
20_mnq_03_25.Last.txt,2024-12-24 18:13:00+00:00,2024-12-24 13:13:00-05:00,NO_SESSION
20_mnq_03_25.Last.txt,2024-12-24 18:14:00+00:00,2024-12-24 13:14:00-05:00,NO_SESSION
20_mnq_03_25.Last.txt,2024-12-24 18:15:00+00:00,2024-12-24 13:15:00-05:00,NO_SESSION
20_mnq_03_25.Last.txt,2024-12-29 20:37:00+00:00,2024-12-29 15:37:00-05:00,NO_SESSION
20_mnq_03_25.Last.txt,2024-12-29 21:26:00+00:00,2024-12-29 16:26:00-05:00,NO_SESSION
20_mnq_03_25.Last.txt,2025-01-01 03:09:00+00:00,2024-12-31 22:09:00-05:00,NO_SESSION
20_mnq_03_25.Last.txt,2025-01-01 15:14:00+00:00,2025-01-01 10:14:00-05:00,NO_SESSION
20_mnq_03_25.Last.txt,2025-01-05 05:54:00+00:00,2025-01-05 00:54:00-05:00,NO_SESSION
20_mnq_03_25.Last.txt,2025-01-05 06:53:00+00:00,2025-01-05 01:53:00-05:00,NO_SESSION
20_mnq_03_25.Last.txt,2025-01-05 07:00:00+00:00,2025-01-05 02:00:00-05:00,NO_SESSION
20_mnq_03_25.Last.txt,2025-01-05 14:14:00+00:00,2025-01-05 09:14:00-05:00,NO_SESSION
20_mnq_03_25.Last.txt,2025-01-05 22:26:00+00:00,2025-01-05 17:26:00-05:00,NO_SESSION
20_mnq_03_25.Last.txt,2025-01-07 22:14:00+00:00,2025-01-07 17:14:00-05:00,NO_SESSION
20_mnq_03_25.Last.txt,2025-01-11 15:20:00+00:00,2025-01-11 10:20:00-05:00,NO_SESSION
20_mnq_03_25.Last.txt,2025-01-11 22:51:00+00:00,2025-01-11 17:51:00-05:00,NO_SESSION
20_mnq_03_25.Last.txt,2025-01-11 22:58:00+00:00,2025-01-11 17:58:00-05:00,NO_SESSION
20_mnq_03_25.Last.txt,2025-01-11 23:01:00+00:00,2025-01-11 18:01:00-05:00,NO_SESSION
20_mnq_03_25.Last.txt,2025-01-17 22:58:00+00:00,2025-01-17 17:58:00-05:00,NO_SESSION
20_mnq_03_25.Last.txt,2025-01-30 22:15:00+00:00,2025-01-30 17:15:00-05:00,NO_SESSION
20_mnq_03_25.Last.txt,2025-01-30 22:17:00+00:00,2025-01-30 17:17:00-05:00,NO_SESSION
20_mnq_03_25.Last.txt,2025-02-06 22:01:00+00:00,2025-02-06 17:01:00-05:00,NO_SESSION
20_mnq_03_25.Last.txt,2025-02-16 16:28:00+00:00,2025-02-16 11:28:00-05:00,NO_SESSION
20_mnq_03_25.Last.txt,2025-02-16 19:34:00+00:00,2025-02-16 14:34:00-05:00,NO_SESSION
20_mnq_03_25.Last.txt,2025-02-16 22:30:00+00:00,2025-02-16 17:30:00-05:00,NO_SESSION
20_mnq_03_25.Last.txt,2025-02-23 16:35:00+00:00,2025-02-23 11:35:00-05:00,NO_SESSION
20_mnq_03_25.Last.txt,2025-02-23 17:03:00+00:00,2025-02-23 12:03:00-05:00,NO_SESSION
20_mnq_03_25.Last.txt,2025-02-23 21:46:00+00:00,2025-02-23 16:46:00-05:00,NO_SESSION
20_mnq_03_25.Last.txt,2025-03-02 17:40:00+00:00,2025-03-02 12:40:00-05:00,NO_SESSION
20_mnq_03_25.Last.txt,2025-03-09 02:14:00+00:00,2025-03-08 21:14:00-05:00,NO_SESSION
20_mnq_03_25.Last.txt,2025-03-09 18:20:00+00:00,2025-03-09 14:20:00-04:00,NO_SESSION
20_mnq_03_25.Last.txt,2025-03-09 18:26:00+00:00,2025-03-09 14:26:00-04:00,NO_SESSION
20_mnq_03_25.Last.txt,2025-03-15 16:20:00+00:00,2025-03-15 12:20:00-04:00,NO_SESSION
20_mnq_03_25.Last.txt,2025-03-15 18:11:00+00:00,2025-03-15 14:11:00-04:00,NO_SESSION
20_mnq_03_25.Last.txt,2025-03-16 00:16:00+00:00,2025-03-15 20:16:00-04:00,NO_SESSION
20_mnq_03_25.Last.txt,2025-03-16 05:07:00+00:00,2025-03-16 01:07:00-04:00,NO_SESSION
20_mnq_03_25.Last.txt,2025-03-21 21:31:00+00:00,2025-03-21 17:31:00-04:00,NO_SESSION
20_mnq_03_25.Last.txt,2025-03-22 15:03:00+00:00,2025-03-22 11:03:00-04:00,NO_SESSION
21_mnq_06_25.Last.txt,2025-03-15 16:20:00+00:00,2025-03-15 12:20:00-04:00,NO_SESSION
21_mnq_06_25.Last.txt,2025-03-16 19:03:00+00:00,2025-03-16 15:03:00-04:00,NO_SESSION
21_mnq_06_25.Last.txt,2025-03-16 19:25:00+00:00,2025-03-16 15:25:00-04:00,NO_SESSION
21_mnq_06_25.Last.txt,2025-03-28 22:43:00+00:00,2025-03-28 18:43:00-04:00,NO_SESSION
21_mnq_06_25.Last.txt,2025-03-28 22:58:00+00:00,2025-03-28 18:58:00-04:00,NO_SESSION
21_mnq_06_25.Last.txt,2025-03-29 23:18:00+00:00,2025-03-29 19:18:00-04:00,NO_SESSION
21_mnq_06_25.Last.txt,2025-03-29 23:39:00+00:00,2025-03-29 19:39:00-04:00,NO_SESSION
21_mnq_06_25.Last.txt,2025-03-30 01:52:00+00:00,2025-03-29 21:52:00-04:00,NO_SESSION
21_mnq_06_25.Last.txt,2025-03-30 17:00:00+00:00,2025-03-30 13:00:00-04:00,NO_SESSION
21_mnq_06_25.Last.txt,2025-03-30 18:14:00+00:00,2025-03-30 14:14:00-04:00,NO_SESSION
21_mnq_06_25.Last.txt,2025-03-30 21:02:00+00:00,2025-03-30 17:02:00-04:00,NO_SESSION
21_mnq_06_25.Last.txt,2025-04-05 14:24:00+00:00,2025-04-05 10:24:00-04:00,NO_SESSION
21_mnq_06_25.Last.txt,2025-04-05 14:27:00+00:00,2025-04-05 10:27:00-04:00,NO_SESSION
21_mnq_06_25.Last.txt,2025-04-05 18:37:00+00:00,2025-04-05 14:37:00-04:00,NO_SESSION
21_mnq_06_25.Last.txt,2025-04-06 08:42:00+00:00,2025-04-06 04:42:00-04:00,NO_SESSION
21_mnq_06_25.Last.txt,2025-04-11 22:45:00+00:00,2025-04-11 18:45:00-04:00,NO_SESSION
21_mnq_06_25.Last.txt,2025-04-13 14:12:00+00:00,2025-04-13 10:12:00-04:00,NO_SESSION
21_mnq_06_25.Last.txt,2025-04-13 20:45:00+00:00,2025-04-13 16:45:00-04:00,NO_SESSION
21_mnq_06_25.Last.txt,2025-04-20 13:56:00+00:00,2025-04-20 09:56:00-04:00,NO_SESSION
21_mnq_06_25.Last.txt,2025-04-20 16:40:00+00:00,2025-04-20 12:40:00-04:00,NO_SESSION
21_mnq_06_25.Last.txt,2025-04-20 19:34:00+00:00,2025-04-20 15:34:00-04:00,NO_SESSION
21_mnq_06_25.Last.txt,2025-04-20 20:44:00+00:00,2025-04-20 16:44:00-04:00,NO_SESSION
21_mnq_06_25.Last.txt,2025-04-27 14:16:00+00:00,2025-04-27 10:16:00-04:00,NO_SESSION
21_mnq_06_25.Last.txt,2025-04-27 16:27:00+00:00,2025-04-27 12:27:00-04:00,NO_SESSION
21_mnq_06_25.Last.txt,2025-05-03 13:41:00+00:00,2025-05-03 09:41:00-04:00,NO_SESSION
21_mnq_06_25.Last.txt,2025-05-03 13:43:00+00:00,2025-05-03 09:43:00-04:00,NO_SESSION
21_mnq_06_25.Last.txt,2025-05-05 21:31:00+00:00,2025-05-05 17:31:00-04:00,NO_SESSION
21_mnq_06_25.Last.txt,2025-05-09 23:18:00+00:00,2025-05-09 19:18:00-04:00,NO_SESSION
21_mnq_06_25.Last.txt,2025-05-18 19:58:00+00:00,2025-05-18 15:58:00-04:00,NO_SESSION
21_mnq_06_25.Last.txt,2025-05-24 22:25:00+00:00,2025-05-24 18:25:00-04:00,NO_SESSION
21_mnq_06_25.Last.txt,2025-05-24 23:29:00+00:00,2025-05-24 19:29:00-04:00,NO_SESSION
21_mnq_06_25.Last.txt,2025-05-24 23:38:00+00:00,2025-05-24 19:38:00-04:00,NO_SESSION
21_mnq_06_25.Last.txt,2025-05-24 23:39:00+00:00,2025-05-24 19:39:00-04:00,NO_SESSION
21_mnq_06_25.Last.txt,2025-05-24 23:41:00+00:00,2025-05-24 19:41:00-04:00,NO_SESSION
21_mnq_06_25.Last.txt,2025-05-24 23:46:00+00:00,2025-05-24 19:46:00-04:00,NO_SESSION
21_mnq_06_25.Last.txt,2025-05-25 01:15:00+00:00,2025-05-24 21:15:00-04:00,NO_SESSION
21_mnq_06_25.Last.txt,2025-05-25 01:52:00+00:00,2025-05-24 21:52:00-04:00,NO_SESSION
21_mnq_06_25.Last.txt,2025-05-25 02:21:00+00:00,2025-05-24 22:21:00-04:00,NO_SESSION
21_mnq_06_25.Last.txt,2025-05-25 02:29:00+00:00,2025-05-24 22:29:00-04:00,NO_SESSION
21_mnq_06_25.Last.txt,2025-05-25 03:37:00+00:00,2025-05-24 23:37:00-04:00,NO_SESSION
21_mnq_06_25.Last.txt,2025-05-25 04:01:00+00:00,2025-05-25 00:01:00-04:00,NO_SESSION
21_mnq_06_25.Last.txt,2025-05-25 06:55:00+00:00,2025-05-25 02:55:00-04:00,NO_SESSION
21_mnq_06_25.Last.txt,2025-05-25 08:09:00+00:00,2025-05-25 04:09:00-04:00,NO_SESSION
21_mnq_06_25.Last.txt,2025-05-25 08:27:00+00:00,2025-05-25 04:27:00-04:00,NO_SESSION
21_mnq_06_25.Last.txt,2025-05-25 08:29:00+00:00,2025-05-25 04:29:00-04:00,NO_SESSION
21_mnq_06_25.Last.txt,2025-05-25 08:48:00+00:00,2025-05-25 04:48:00-04:00,NO_SESSION
21_mnq_06_25.Last.txt,2025-05-25 09:42:00+00:00,2025-05-25 05:42:00-04:00,NO_SESSION
21_mnq_06_25.Last.txt,2025-05-25 11:56:00+00:00,2025-05-25 07:56:00-04:00,NO_SESSION
21_mnq_06_25.Last.txt,2025-05-25 12:20:00+00:00,2025-05-25 08:20:00-04:00,NO_SESSION
21_mnq_06_25.Last.txt,2025-05-25 12:28:00+00:00,2025-05-25 08:28:00-04:00,NO_SESSION
21_mnq_06_25.Last.txt,2025-05-25 16:52:00+00:00,2025-05-25 12:52:00-04:00,NO_SESSION
21_mnq_06_25.Last.txt,2025-05-25 17:14:00+00:00,2025-05-25 13:14:00-04:00,NO_SESSION
21_mnq_06_25.Last.txt,2025-05-25 18:11:00+00:00,2025-05-25 14:11:00-04:00,NO_SESSION
21_mnq_06_25.Last.txt,2025-05-25 19:11:00+00:00,2025-05-25 15:11:00-04:00,NO_SESSION
21_mnq_06_25.Last.txt,2025-06-08 16:36:00+00:00,2025-06-08 12:36:00-04:00,NO_SESSION
21_mnq_06_25.Last.txt,2025-06-11 21:09:00+00:00,2025-06-11 17:09:00-04:00,NO_SESSION
21_mnq_06_25.Last.txt,2025-06-14 08:34:00+00:00,2025-06-14 04:34:00-04:00,NO_SESSION
21_mnq_06_25.Last.txt,2025-06-15 15:53:00+00:00,2025-06-15 11:53:00-04:00,NO_SESSION
21_mnq_06_25.Last.txt,2025-06-15 16:09:00+00:00,2025-06-15 12:09:00-04:00,NO_SESSION
21_mnq_06_25.Last.txt,2025-06-15 17:24:00+00:00,2025-06-15 13:24:00-04:00,NO_SESSION
21_mnq_06_25.Last.txt,2025-06-15 21:28:00+00:00,2025-06-15 17:28:00-04:00,NO_SESSION
21_mnq_06_25.Last.txt,2025-06-22 13:53:00+00:00,2025-06-22 09:53:00-04:00,NO_SESSION
