lag,rho,beta,n_pairs,estimable,series,bartlett_se
1,0.005921100675958302,0.005915184560903213,1911434,True,r_1m,0.0007227180676124741
2,-0.00844524979014991,-0.008434130206968902,1908553,True,r_1m,0.0007227434052541448
3,-0.0016172860704395822,-0.001613494695387972,1905799,True,r_1m,0.0007227949474835859
4,0.003939048311167655,0.003927843558456291,1903157,True,r_1m,0.0007227968376317123
5,-0.0044792849066290245,-0.004464297855076278,1900601,True,r_1m,0.0007228080500896383
6,0.0011507224440538155,0.001146742462003572,1898109,True,r_1m,0.0007228225487494905
7,-5.647304569985375e-05,-5.6259126624429574e-05,1895659,True,r_1m,0.0007228235056064326
8,0.00012714982352720404,0.0001266382760246247,1893253,True,r_1m,0.0007228235079109923
9,-0.0065062154276502495,-0.006479862797236516,1890880,True,r_1m,0.000722823519593527
10,0.003238380747821849,0.0032246657735760928,1888548,True,r_1m,0.0007228541077453994
11,0.002631683505937929,0.0026203712423880543,1886238,True,r_1m,0.0007228616855030594
12,0.0011730687232214643,0.0011679336106843582,1883955,True,r_1m,0.0007228666898617647
13,-0.0019272497458740676,-0.0019192414230583515,1881700,True,r_1m,0.0007228676841818767
14,-0.0007494129494471784,-0.0007466139141726925,1879471,True,r_1m,0.0007228703680069254
15,0.0014659953816483925,0.0014618364332414518,1877263,True,r_1m,0.0007228707738140487
16,0.00015988064159146615,0.00015957475598414746,1875074,True,r_1m,0.0007228723267083476
17,-0.0006777355914998976,-0.0006765401059578263,1872908,True,r_1m,0.0007228723451783938
18,0.0013585623574941732,0.0013569772558833253,1870754,True,r_1m,0.0007228726770703301
19,0.0031217691144238367,0.0031186470790322087,1868620,True,r_1m,0.0007228740106985233
20,0.0030122758082680497,0.0030103210876463813,1866492,True,r_1m,0.0007228810523521219
21,-0.0007926567557846372,-0.0007930518898144808,1864375,True,r_1m,0.0007228876086470412
22,0.001540561347986496,0.0015417735817732253,1862266,True,r_1m,0.0007228880626275822
23,-0.0018337107747353882,-0.0018357044673587032,1860165,True,r_1m,0.0007228897774701306
24,-0.00017336338497175378,-0.0001736200449892001,1858073,True,r_1m,0.0007228922070248486
25,0.0009187676595411489,0.0009218096608160811,1855990,True,r_1m,0.0007228922287408086
26,-0.00216375973136889,-0.0021715626727826366,1853916,True,r_1m,0.0007228928386644734
27,0.0009297758184395072,0.0009334581409265832,1851849,True,r_1m,0.000722896221500551
28,0.0012702741648852724,0.0012755574561639988,1849790,True,r_1m,0.0007228968461238437
29,-2.138655865060012e-05,-2.1483879936141378e-05,1847740,True,r_1m,0.0007228980120098096
30,-0.00038417703786273094,-0.00038625862890303073,1846051,True,r_1m,0.0007228980123402876
31,-0.004771379917343097,-0.004798930521573433,1844372,True,r_1m,0.0007228981189811304
32,0.00017100138600331468,0.00017200581801349324,1842701,True,r_1m,0.0007229145681433988
33,-0.0006418547783123957,-0.0006460166542204285,1841036,True,r_1m,0.0007229145892709957
34,-0.0004399810332140286,-0.00044293879984732296,1839377,True,r_1m,0.0007229148869336173
35,-0.0011863637090510572,-0.0011951660266363699,1837726,True,r_1m,0.0007229150268016687
36,0.002763882762573241,0.002784726899206255,1836086,True,r_1m,0.0007229160437197574
37,0.0024023504730924126,0.0024210690070770448,1834453,True,r_1m,0.0007229215630647079
38,0.0011491524113775796,0.0011583259120307124,1832825,True,r_1m,0.0007229257328925452
39,-0.0016747887535108815,-0.0016886894759075577,1831204,True,r_1m,0.0007229266870040198
40,0.005811787260958368,0.0058636423164105216,1829590,True,r_1m,0.0007229287135806485
41,-0.0029644344589757595,-0.0029914849335430584,1827982,True,r_1m,0.0007229531172109274
42,0.0016201151957091382,0.0016357359481044941,1826378,True,r_1m,0.0007229594662717599
43,-0.00249981825055892,-0.002524662653526369,1824776,True,r_1m,0.0007229613626069169
44,0.0007982776750384995,0.0008065603225239473,1823177,True,r_1m,0.0007229658774041373
45,0.0027513222187975175,0.0027810421779475222,1821581,True,r_1m,0.0007229663377962272
46,0.0013786998803248223,0.0013940647972129586,1819986,True,r_1m,0.0007229718067092411
47,-0.0016179381259954129,-0.0016364363116063883,1818395,True,r_1m,0.0007229731799779539
48,-0.0017283043697057456,-0.001748196168785465,1816806,True,r_1m,0.0007229750711841737
49,-0.0008130809361661488,-0.000822574858383723,1815218,True,r_1m,0.0007229772291984287
50,0.0012705614126729727,0.0012857405057865182,1813633,True,r_1m,0.000722977706816355
51,0.0008585194884727638,0.0008688491866600237,1812049,True,r_1m,0.0007229788730992088
52,0.0007004045004365214,0.0007090669891713486,1810465,True,r_1m,0.0007229794055903339
53,0.000720482867019568,0.00072961288425857,1808882,True,r_1m,0.0007229797600033367
54,0.0019704160673236163,0.0019958141966269767,1807300,True,r_1m,0.0007229801350271865
55,0.003811015154321768,0.003863703858101931,1805720,True,r_1m,0.0007229829399860563
56,-0.0004945159812938155,-0.0005014700493627835,1804141,True,r_1m,0.000722993432703416
57,-0.0014752295903952173,-0.0014966050544072105,1802562,True,r_1m,0.0007229936093739335
58,-0.0004229557886113584,-0.00042933121000247464,1800987,True,r_1m,0.0007229951816258152
59,0.000511398505506015,0.0005199648858773741,1799414,True,r_1m,0.0007229953108644401
60,0.00040814854244029683,0.00041539461309418114,1797843,True,r_1m,0.0007229954998032588
61,9.123487940766659e-05,9.294162655232333e-05,1796273,True,r_1m,0.0007229956201512079
62,-0.0012312034084706982,-0.0012546823015134002,1794704,True,r_1m,0.0007229956261646615
63,0.0005637819254743002,0.000574712042478174,1793138,True,r_1m,0.0007229967212839879
64,-0.0019684555281893807,-0.002007836792094183,1791576,True,r_1m,0.0007229969509113963
65,0.0020602430681214675,0.0021038125224341216,1790014,True,r_1m,0.0007229997502261469
66,-0.002131626515830679,-0.0021788902693802067,1788452,True,r_1m,0.0007230028166746732
67,-0.003561143411503834,-0.00364212887170584,1786892,True,r_1m,0.0007230060992830748
68,-0.000937797582852298,-0.0009594417212479007,1785333,True,r_1m,0.0007230152608980998
69,-0.000300107648310578,-0.0003072339859137711,1783774,True,r_1m,0.0007230158962413014
70,0.0007807943020159298,0.0008009913092612535,1782215,True,r_1m,0.0007230159613057996
71,-0.0031275583396309765,-0.0032095797460549172,1780658,True,r_1m,0.0007230164017217888
72,-0.0024888841066601415,-0.0025556769611814385,1779102,True,r_1m,0.0007230234681246184
73,-0.00012323301895998326,-0.0001266200368283506,1777548,True,r_1m,0.0007230279431286911
74,5.854991132424607e-05,6.020427494583892e-05,1775996,True,r_1m,0.0007230279540994562
75,0.001796530814104594,0.001848691603118924,1774447,True,r_1m,0.0007230279565759385
76,-0.001973188049351187,-0.0020313480901777803,1772900,True,r_1m,0.0007230302881615952
77,-0.003604429827592734,-0.0037120122745072826,1771357,True,r_1m,0.0007230331008229215
78,-0.0016193968417827264,-0.001668679982047116,1769815,True,r_1m,0.0007230424861621638
79,-0.0021177774622638604,-0.0021832543149183214,1768274,True,r_1m,0.000723044380598494
80,0.0024221779324792255,0.002498340189450593,1766734,True,r_1m,0.0007230476205054638
81,-0.00217560267170306,-0.0022450681752145436,1765195,True,r_1m,0.0007230518587082849
82,-0.003425962332116735,-0.0035373686409224904,1763658,True,r_1m,0.0007230552779241287
83,0.0007992937606336025,0.0008256858122304327,1762125,True,r_1m,0.0007230637566177929
84,0.0023611581261646503,0.0024403214419888223,1760592,True,r_1m,0.0007230642181201653
85,-7.640894006043358e-05,-7.901278557126691e-05,1759059,True,r_1m,0.0007230682453822138
86,-0.00010047733442505643,-0.00010394188497466226,1757527,True,r_1m,0.0007230682495996341
87,0.0013458911010718426,0.0013932560871453294,1755995,True,r_1m,0.0007230682568924415
88,-0.0011446059957484838,-0.0011856604269978946,1754465,True,r_1m,0.0007230695654052499
89,-0.0006510636280399502,-0.0006747207128770079,1752936,True,r_1m,0.0007230705117938292
90,0.0015419935085818307,0.00159900768708922,1751407,True,r_1m,0.0007230708179929571
91,0.001964732488455762,0.002038377599283293,1749878,True,r_1m,0.0007230725355911111
92,0.0016298566706970338,0.0016917331864901393,1748351,True,r_1m,0.0007230753240354115
93,-0.00286671566641102,-0.0029768214026858917,1746824,True,r_1m,0.0007230772429362625
94,0.0027407081023834243,0.002847253608565005,1745298,True,r_1m,0.0007230831793011483
95,-0.0001654712241794761,-0.00017198485102968043,1743772,True,r_1m,0.0007230886052226087
96,-0.0011440163175692238,-0.0011893733409469634,1742246,True,r_1m,0.0007230886250010134
97,-0.0010404498598894636,-0.0010820763472584461,1740721,True,r_1m,0.000723089570389804
98,0.00019788196574238015,0.00020587565300131912,1739197,True,r_1m,0.0007230903523556843
99,0.0005966206424883774,0.0006210191965438918,1737674,True,r_1m,0.0007230903806407817
100,0.0014789615832569865,0.0015404038873420814,1736152,True,r_1m,0.0007230906377642477
101,-0.001860985086872002,-0.0019389144614207654,1734630,True,r_1m,0.0007230922177690149
102,0.0001974862965213793,0.0002058483991885456,1733110,True,r_1m,0.0007230947194341215
103,-0.0011151164885925154,-0.0011628978158499158,1731590,True,r_1m,0.0007230947476060488
104,-0.0011225063852405345,-0.0011712897321223038,1730070,True,r_1m,0.0007230956458262586
105,-0.0004719612738901308,-0.0004926557050083178,1728551,True,r_1m,0.0007230965559898202
106,-0.0001302875524149314,-0.0001360437241111662,1727034,True,r_1m,0.0007230967168891414
107,0.0036368033213432195,0.0037973625369271537,1725519,True,r_1m,0.0007230967291507453
108,0.0029068693105591,0.003036140064750893,1724004,True,r_1m,0.0007231062829956764
109,0.001098929876212216,0.0011483219990797544,1722489,True,r_1m,0.000723112386578887
110,0.000864437082011338,0.0009038470507052342,1720976,True,r_1m,0.0007231132588906368
111,-0.00043697981581328665,-0.0004570963347887891,1719464,True,r_1m,0.000723113798647427
112,0.0003348610402932264,0.0003504535745076655,1717952,True,r_1m,0.0007231139365758873
113,-0.0023110020773379194,-0.002419652463311139,1716440,True,r_1m,0.0007231140175712795
114,-0.0006830301843735241,-0.0007154954468070225,1714928,True,r_1m,0.0007231178752899849
115,-0.0012079982968089967,-0.0012658901913421225,1713416,True,r_1m,0.0007231182122733155
116,0.0011271072563971173,0.0011817696118069593,1711904,True,r_1m,0.0007231192663224396
117,-0.0017249559810193923,-0.001809347382619967,1710393,True,r_1m,0.0007231201839323752
118,-0.0012658505835999449,-0.0013285480562337572,1708883,True,r_1m,0.0007231223331615557
119,0.0012746346539361274,0.0013385726608512206,1707373,True,r_1m,0.0007231234905805204
120,0.002306352908750422,0.0024235987344349477,1705866,True,r_1m,0.000723124664116597
121,-0.00139366965332376,-0.0014649335938828438,1704359,True,r_1m,0.000723128506272823
122,0.001687254838411635,0.0017739762724262383,1702852,True,r_1m,0.0007231299092209308
123,-0.0025048213312911486,-0.0026344220915317075,1701347,True,r_1m,0.0007231319655009066
124,-0.001599876170019697,-0.0016829690471027736,1699842,True,r_1m,0.000723136497318382
125,-0.002366972263964256,-0.002490771375488852,1698337,True,r_1m,0.0007231383461175068
126,0.004129313340730037,0.004347138781405814,1696833,True,r_1m,0.0007231423928225915
127,-0.0017715395869483093,-0.001865685239311833,1695329,True,r_1m,0.0007231547087177262
128,-0.004628348884476125,-0.004876354252494126,1693825,True,r_1m,0.0007231569754887273
129,0.003258295724506481,0.0034356926313577276,1692321,True,r_1m,0.0007231724477138409
130,0.001047491083525904,0.0011051881094033284,1690818,True,r_1m,0.0007231801155821787
131,-4.200132619899443e-05,-4.433575453960005e-05,1689315,True,r_1m,0.0007231809080685084
132,-0.00047657018462552553,-0.0005033342022403352,1687814,True,r_1m,0.0007231809093426476
133,0.0006090987883253924,0.000643721814086857,1686315,True,r_1m,0.0007231810733806826
134,-0.0018698366137216587,-0.001977473097171876,1684816,True,r_1m,0.0007231813413383345
135,0.003081439074857099,0.003261715783817477,1683318,True,r_1m,0.0007231838665464269
136,0.001383882514194442,0.001465376086368747,1681823,True,r_1m,0.0007231907244947265
137,-0.001108154370540749,-0.001173942591265313,1680328,True,r_1m,0.0007231921076884361
138,0.0007660830498381807,0.00081213553308254,1678833,True,r_1m,0.0007231929946083517
139,0.0013828611660159748,0.0014668684246827981,1677339,True,r_1m,0.0007231934184808045
140,0.0002693578417325332,0.00028590247035651674,1675847,True,r_1m,0.0007231947996284449
141,0.0007094652538024384,0.0007533397106702245,1674355,True,r_1m,0.0007231948520297085
142,-0.0019405226034098842,-0.0020623276237672974,1672863,True,r_1m,0.0007231952155633864
143,-0.0004074510631620173,-0.0004332554278864639,1671372,True,r_1m,0.0007231979352500692
144,-0.0001924867710432493,-0.00020487208082101667,1669881,True,r_1m,0.0007231980551534756
145,-6.817060119993766e-05,-7.260954335357262e-05,1668391,True,r_1m,0.0007231980819132434
146,0.001386453464867519,0.0014776233800836782,1666902,True,r_1m,0.0007231980852696518
147,0.004164485936718123,0.004441238684059234,1665413,True,r_1m,0.0007231994735933418
148,-0.0019837091344030934,-0.0021169454830146793,1663924,True,r_1m,0.0007232119991997692
149,-0.0004325617971596885,-0.00046195563973954406,1662435,True,r_1m,0.0007232148412211041
150,0.0003190679468358474,0.0003410072127156965,1660946,True,r_1m,0.000723214976355771
151,0.0036601369461664555,0.003912574311623531,1659457,True,r_1m,0.000723215049881061
152,-0.0017238532202879322,-0.0018434050533821026,1657968,True,r_1m,0.0007232247251296899
153,-0.00316994918739058,-0.0033911257542721513,1656479,True,r_1m,0.0007232268713014872
154,-0.0007472234330498183,-0.0007996895913823758,1654990,True,r_1m,0.0007232341284446866
155,0.0020412816470282823,0.0021857871827187995,1653501,True,r_1m,0.0007232345316811129
156,0.0004876335316841632,0.0005223344789096417,1652012,True,r_1m,0.0007232375409682475
157,-0.0014891127424306002,-0.0015958350545038553,1650524,True,r_1m,0.0007232377126973639
158,-2.8317013020128285e-06,-3.0362322065853125e-06,1649037,True,r_1m,0.0007232393141401926
159,-0.001521022021186701,-0.001631725240076159,1647551,True,r_1m,0.0007232393141459836
160,-0.004457844379992267,-0.004784331469908461,1646065,True,r_1m,0.0007232409849530379
161,0.0005384524177298758,0.0005781018858316201,1644579,True,r_1m,0.0007232553365521029
162,0.001123736954047543,0.0012071622866760769,1643093,True,r_1m,0.000723255545934794
163,-2.629673127845574e-05,-2.8262266688450706e-05,1641607,True,r_1m,0.0007232564578933525
164,-0.0017149518408549396,-0.0018440762926068342,1640121,True,r_1m,0.000723256458392753
165,0.0008844214083477068,0.000951509140397052,1638635,True,r_1m,0.0007232585823644408
166,-0.0021074820998128597,-0.0022683737444522613,1637149,True,r_1m,0.0007232591472527046
167,0.00034795744414737955,0.0003747054395701676,1635663,True,r_1m,0.000723262354782617
168,0.0013992026800288583,0.0015074906031101525,1634177,True,r_1m,0.0007232624422194062
169,0.0006192084233983987,0.0006675408556253805,1632691,True,r_1m,0.000723263856067474
170,0.0008270027529972991,0.0008919411717310039,1631206,True,r_1m,0.0007232641329622037
171,0.0008503912671404228,0.0009175944113491431,1629722,True,r_1m,0.0007232646268799807
172,-0.00289652352115914,-0.0031275551402801848,1628238,True,r_1m,0.0007232651491294715
173,-0.0009531847054526578,-0.0010300196514491822,1626754,True,r_1m,0.0007232712080127361
174,0.0014832639556226254,0.0016040579915468185,1625270,True,r_1m,0.0007232718641437709
175,0.0019205917430369637,0.0020786669841711142,1623786,True,r_1m,0.0007232734529563236
176,0.00022214869498543213,0.00024056945792071748,1622303,True,r_1m,0.0007232761167747215
177,-0.0017753278041942604,-0.001923773189817906,1620820,True,r_1m,0.0007232761524133696
178,0.0010151661812618318,0.0011008815449791323,1619337,True,r_1m,0.0007232784285068999
179,-0.002966905452497367,-0.0032213854004837458,1617854,True,r_1m,0.0007232791727355263
180,0.002446099455585348,0.0026604361838032504,1616371,True,r_1m,0.0007232855295182804
181,0.0011099686255014775,0.001207679199337773,1614888,True,r_1m,0.0007232898504258109
182,0.001302243920406027,0.0014172680794154505,1613405,True,r_1m,0.0007232907401319603
183,0.004321838409546994,0.004705963497631825,1611923,True,r_1m,0.000723291964774182
184,0.0004200523896795469,0.000457597663348405,1610441,True,r_1m,0.0007233054530731623
185,-0.0006077486158260237,-0.0006624216881864585,1608959,True,r_1m,0.0007233055804888685
186,0.0019553931190829476,0.0021320860807782266,1607478,True,r_1m,0.0007233058472139675
187,0.0008979984450664321,0.0009794407618483529,1605997,True,r_1m,0.0007233086083206327
188,-0.0005273455763344306,-0.0005755711704709277,1604517,True,r_1m,0.0007233091906452966
189,-0.00013546421793135852,-0.00014793445280001443,1603037,True,r_1m,0.0007233093914641093
190,-0.001828237187277342,-0.0019978748687894247,1601557,True,r_1m,0.0007233094047155441
191,-0.000745423717942753,-0.000814851132075701,1600078,True,r_1m,0.000723311818386499
192,-0.0014700374433148401,-0.0016081670638398982,1598599,True,r_1m,0.0007233122196397429
193,-0.0013382343780851548,-0.001464390993052785,1597122,True,r_1m,0.0007233137801561782
194,0.0012473014442052506,0.0013662580150817607,1595645,True,r_1m,0.000723315073384066
195,-0.00019440026938970055,-0.00021298009279185857,1594169,True,r_1m,0.0007233161968316679
196,-0.0013889409694684313,-0.0015220037427497088,1592693,True,r_1m,0.0007233162241216563
197,0.002849312378024731,0.003123092338002586,1591217,True,r_1m,0.0007233176172039624
198,-0.004954698293626167,-0.0054332030345581326,1589742,True,r_1m,0.0007233234797619388
199,0.002792003208963089,0.003063280947367319,1588267,True,r_1m,0.0007233412067261387
200,-0.003958871007865838,-0.0043452084889940715,1586792,True,r_1m,0.0007233468356419615
201,-0.002612106002849315,-0.0028682598031001378,1585319,True,r_1m,0.0007233581526218329
202,-0.003138170133813768,-0.0034478561276323097,1583846,True,r_1m,0.0007233630794175924
203,0.0014937154485258413,0.0016419768253883318,1582373,True,r_1m,0.0007233701904444772
204,-0.00025190807958756306,-0.00027710574903462966,1580900,True,r_1m,0.0007233718015073072
205,-0.001414534280027338,-0.0015568285196386074,1579428,True,r_1m,0.0007233718473278711
206,0.0007870082470829297,0.0008664390368619702,1577956,True,r_1m,0.0007233732921112644
207,0.0014303275014969665,0.0015753536718558889,1576484,True,r_1m,0.0007233737393442077
208,-0.003283614215647477,-0.0036188493442915245,1575012,True,r_1m,0.0007233752165657089
209,0.002742802535430126,0.003025063161017952,1573540,True,r_1m,0.0007233830018793965
210,0.0008298337056583855,0.0009159962382594927,1572068,True,r_1m,0.0007233884338445905
211,-0.0021328118663477332,-0.00235518738650887,1570596,True,r_1m,0.0007233889310642086
212,-0.002766179864942074,-0.0030576086869782866,1569124,True,r_1m,0.0007233922155703308
213,0.003821310436138502,0.004225464224297483,1567652,True,r_1m,0.0007233977404543569
214,0.0013394275708903372,0.0014819085906093783,1566180,True,r_1m,0.0007234082838900139
215,-0.0019750489743760873,-0.002186719873639195,1564709,True,r_1m,0.0007234095792558119
216,-0.0012435803483920361,-0.0013772715898338192,1563238,True,r_1m,0.0007234123957474194
217,0.0023824431056418127,0.002639903711319401,1561768,True,r_1m,0.000723413512351585
218,-0.0018750905124415834,-0.002078617539091158,1560298,True,r_1m,0.000723417610569559
219,-0.001868188993507837,-0.0020724591231732004,1558828,True,r_1m,0.0007234201491589336
220,-0.0012981011950896184,-0.0014408819807362168,1557358,True,r_1m,0.0007234226690866596
221,0.004308074232684615,0.0047899668793459005,1555888,True,r_1m,0.0007234238857276509
222,-0.0007964770199476497,-0.0008860769939104804,1554418,True,r_1m,0.0007234372858052657
223,-0.0016086048789456806,-0.001790321450615797,1552948,True,r_1m,0.0007234377438240589
224,0.00019415620738049498,0.00021620943120544516,1551479,True,r_1m,0.0007234396120735087
225,-0.0003483281075489823,-0.00038812048766836467,1550010,True,r_1m,0.0007234396392903731
226,-0.0017609812168003379,-0.0019628075742959667,1548542,True,r_1m,0.0007234397268920738
227,0.00011648705444666774,0.00012987050567462826,1547074,True,r_1m,0.0007234419658413022
228,0.0009229745164607004,0.001029501992902149,1545606,True,r_1m,0.0007234419756382199
229,1.4804827812539851e-06,1.6522232778661995e-06,1544139,True,r_1m,0.0007234425906923738
230,0.0013617690470056508,0.0015205818949198676,1542672,True,r_1m,0.0007234425906939562
231,-0.0009968730505127313,-0.0011135145620912975,1541205,True,r_1m,0.0007234439295696765
232,0.001534445497008579,0.0017147537507000235,1539738,True,r_1m,0.0007234446470540434
233,-0.0002894306523282816,-0.00032360281558118,1538271,True,r_1m,0.000723446346999317
234,-0.0012788141456513231,-0.0014306429768905918,1536804,True,r_1m,0.0007234464074805344
235,0.001572963983639799,0.0017607899400701585,1535337,True,r_1m,0.0007234475881979481
236,-0.0015945851035568716,-0.0017859113531608578,1533870,True,r_1m,0.0007234493745529567
237,-0.0009458519622722027,-0.0010600764650388048,1532404,True,r_1m,0.0007234512103494365
238,-0.0012289156013478653,-0.0013787189061480291,1530939,True,r_1m,0.0007234518562634709
239,0.0018096456779901735,0.0020317273089902306,1529475,True,r_1m,0.0007234529466286576
240,0.0019374695461887963,0.0021775732359786255,1528012,True,r_1m,0.0007234553109904049
241,0.00188774627528151,0.002122427324046768,1526550,True,r_1m,0.0007234580211512781
242,-0.00024107816081803175,-0.0002711765892609681,1525089,True,r_1m,0.0007234605939804996
243,0.00022337360982681328,0.0002514104121817916,1523628,True,r_1m,0.0007234606359408079
244,-0.004032306955890913,-0.004540870364639442,1522168,True,r_1m,0.0007234606719643681
245,0.0016714999129892332,0.00188334946185193,1520708,True,r_1m,0.0007234724108411265
246,0.0006876915293029061,0.0007752334704275827,1519250,True,r_1m,0.0007234744279435957
247,0.0007875851119343217,0.0008882547971825284,1517792,True,r_1m,0.0007234747693737594
248,-0.0004562665625126623,-0.0005148851543558279,1516334,True,r_1m,0.0007234752171997502
249,-0.00022564810331864848,-0.0002547895841785866,1514876,True,r_1m,0.0007234753674971285
250,-0.00016683457512496548,-0.00018849109355787596,1513418,True,r_1m,0.0007234754042572924
251,0.00020137984278146694,0.00022763071496788165,1511960,True,r_1m,0.000723475424352207
252,-0.0037190977050037726,-0.004205946538464865,1510502,True,r_1m,0.0007234754536305186
253,-0.0012110584810910952,-0.001370487244399638,1509045,True,r_1m,0.0007234854395072777
254,0.002040778066581112,0.0023110245539985108,1507590,True,r_1m,0.0007234864983658132
255,-0.0017460691932844367,-0.0019788813461354307,1506135,True,r_1m,0.0007234895051208478
256,-0.001867655923784382,-0.0021179070278927225,1504680,True,r_1m,0.0007234917061603028
257,0.0016410013389754662,0.0018620012135722806,1503225,True,r_1m,0.0007234942244010719
258,0.0006190563898250365,0.0007028506395150119,1501770,True,r_1m,0.0007234961685075293
259,0.0011696188704775456,0.0013288151269886161,1500315,True,r_1m,0.0007234964451774381
260,0.0009375177885347391,0.0010658422107444952,1498860,True,r_1m,0.0007234974327973993
261,0.004075484842681004,0.004635279073906973,1497405,True,r_1m,0.000723498067338376
262,-0.00023367570386428787,-0.0002658964979474264,1495950,True,r_1m,0.0007235100583386893
263,0.0010757377397071224,0.0012247206321483253,1494495,True,r_1m,0.0007235100977590286
264,0.0025365034021264865,0.002889531032483896,1493040,True,r_1m,0.0007235109331807956
265,0.003303789226605598,0.0037657924219930044,1491585,True,r_1m,0.0007235155779295835
266,-0.0004383700296685696,-0.0004998457514720081,1490130,True,r_1m,0.00072352345767594
267,0.0017613853944408822,0.002009480155075497,1488675,True,r_1m,0.0007235235964048187
268,-0.0034425985435253084,-0.003929662100009501,1487221,True,r_1m,0.0007235258361222706
269,-0.0002170802143793004,-0.00024796301453023,1485767,True,r_1m,0.000723534391791261
270,-0.0006130638707394713,-0.0007007756319596269,1484313,True,r_1m,0.000723534425810071
271,0.0027178825696473788,0.0031080226832237564,1482860,True,r_1m,0.0007235346971351816
272,0.0018802624763651823,0.002151459305557329,1481408,True,r_1m,0.0007235400297257216
273,0.0016086959069895074,0.0018421109212710515,1479956,True,r_1m,0.000723542581906614
274,0.00037507585391009427,0.0004297500040095739,1478504,True,r_1m,0.0007235444500967803
275,0.00010906434452505884,0.0001250517939279068,1477052,True,r_1m,0.000723544551653997
276,-0.0020130358119171197,-0.0023094401555548818,1475600,True,r_1m,0.0007235445602409312
277,0.0012641350902069602,0.0014511724345947525,1474148,True,r_1m,0.0007235474855695872
278,-0.0020703855472883285,-0.0023782581506503085,1472696,True,r_1m,0.0007235486391753389
279,0.0001736331868985969,0.00019959850625104957,1471244,True,r_1m,0.0007235517335409002
280,-0.002493420875682784,-0.0028686157879358595,1469792,True,r_1m,0.0007235517553046489
281,0.002694780960196288,0.003102381465417606,1468341,True,r_1m,0.0007235562433584875
282,-0.0009677953650124841,-0.0011149813897469555,1466890,True,r_1m,0.0007235614855260158
283,-5.379110188469298e-06,-6.201587588162067e-06,1465439,True,r_1m,0.0007235621616545352
284,-7.319535964600163e-05,-8.44578973593824e-05,1463989,True,r_1m,0.0007235621616754225
285,0.003546064383116561,0.004094979880613492,1462539,True,r_1m,0.0007235621655429115
286,0.002533264974803347,0.00292718031239688,1461089,True,r_1m,0.0007235712427550026
287,2.3917232822850807e-05,2.765496091134349e-05,1459639,True,r_1m,0.0007235758752650803
288,0.0014557241565810758,0.0016844795028357524,1458189,True,r_1m,0.0007235758756780094
289,-0.0020571556962184615,-0.0023822976528124905,1456739,True,r_1m,0.0007235774053963149
290,-0.0006953419252451574,-0.0008058997214596502,1455289,True,r_1m,0.0007235804602206069
291,0.0005096094149956871,0.000590981102157956,1453839,True,r_1m,0.0007235808092385223
292,-0.0013234214769482068,-0.0015362128496728118,1452389,True,r_1m,0.0007235809967058607
293,-0.0004712047658920068,-0.0005473351977025433,1450939,True,r_1m,0.0007235822609957028
294,0.0009342112766861497,0.0010859339325389448,1449489,True,r_1m,0.0007235824212719677
295,-0.002044308571094555,-0.002378046362015435,1448039,True,r_1m,0.0007235830512709356
296,-0.002895765386243114,-0.003370598861329875,1446589,True,r_1m,0.0007235860680355964
297,0.000979624019317526,0.0011412618486561822,1445140,True,r_1m,0.0007235921210618331
298,-0.001236631854949481,-0.0014418737067246022,1443692,True,r_1m,0.0007235928137896651
299,0.0003802793734117265,0.00044382299883283395,1442244,True,r_1m,0.0007235939176753631
300,0.000992942204415671,0.0011601142885346084,1440798,True,r_1m,0.0007235940220628457
301,-0.0008384946654494801,-0.0009801618531794616,1439352,True,r_1m,0.000723594733752383
302,-5.0563262661726764e-05,-5.915490563396382e-05,1437906,True,r_1m,0.0007235952412603708
303,-0.0011047660076454696,-0.0012934332924262523,1436460,True,r_1m,0.0007235952431058634
304,0.00028397617823697197,0.00033275167808871625,1435014,True,r_1m,0.0007235961241191591
305,0.002812699477241032,0.0032984688824698174,1433568,True,r_1m,0.000723596182330204
306,-0.001150494570193812,-0.001350161423114133,1432122,True,r_1m,0.0007236018929928909
307,-0.0006979495029514032,-0.0008197535613852394,1430676,True,r_1m,0.0007236028484407458
308,-0.002701059284658031,-0.003174341012083712,1429230,True,r_1m,0.000723603200070369
309,0.000836534213488666,0.000984124767115098,1427784,True,r_1m,0.0007236084663509951
310,-0.000627086941828454,-0.0007383854029029686,1426338,True,r_1m,0.0007236089714790021
311,-0.0003129722991943993,-0.0003688314290058295,1424892,True,r_1m,0.0007236092553292716
312,0.0018619016541251386,0.0021959374944393066,1423447,True,r_1m,0.0007236093260335168
313,0.0012042915737205092,0.0014215982991870443,1422002,True,r_1m,0.0007236118283739485
314,-0.0014996248107555373,-0.0017718834123858756,1420557,True,r_1m,0.0007236128752497178
315,-0.0010805643518462264,-0.0012782815218234551,1419112,True,r_1m,0.0007236144985403609
316,-0.0010956301902009691,-0.001297265893741135,1417667,True,r_1m,0.0007236153413540543
317,-0.0008006533353116998,-0.000948812555402349,1416223,True,r_1m,0.000723616207832532
318,-0.0022917561972357805,-0.0027182493121246857,1414779,True,r_1m,0.000723616670552705
319,0.000511427637632317,0.000607263892527998,1413336,True,r_1m,0.0007236204616501865
320,0.000632067804769323,0.0007512630793591462,1411895,True,r_1m,0.0007236206504472851
321,-0.0019304101959655557,-0.0022961915054999222,1410454,True,r_1m,0.0007236209388199723
322,0.0002483936395184918,0.0002957747804098145,1409013,True,r_1m,0.0007236236286516082
323,0.0008588311531754137,0.0010235845831988134,1407573,True,r_1m,0.0007236236731870754
324,0.0019047321859557553,0.0022725897823662805,1406133,True,r_1m,0.0007236242055900549
325,0.0016142104404688366,0.0019279846324887088,1404693,True,r_1m,0.0007236268243265064
326,-0.00030104537076017793,-0.0003598650973295648,1403253,True,r_1m,0.000723628705127762
327,-0.0005326847913584004,-0.0006374035892163279,1401814,True,r_1m,0.0007236287705440542
328,-0.0011658980256836367,-0.0013966479477363254,1400375,True,r_1m,0.0007236289753594184
329,0.00020233666877267524,0.0002426812562318825,1398936,True,r_1m,0.0007236299565259257
330,0.002948293627539926,0.0035408774043551275,1397497,True,r_1m,0.0007236299860768091
331,-0.0012408976199528771,-0.0014915246822076501,1396059,True,r_1m,0.000723636260312859
332,-0.0003803388118430603,-0.00045766248025470987,1394621,True,r_1m,0.0007236373717606655
333,-0.0009191919636185022,-0.0011072716766531788,1393183,True,r_1m,0.0007236374761745122
334,-0.0009228845845383666,-0.0011130712401861904,1391746,True,r_1m,0.0007236380860329377
335,0.00010498146019524869,0.00012677472055154962,1390309,True,r_1m,0.0007236387008005885
336,-0.0013998693218314345,-0.001692231369572201,1388873,True,r_1m,0.0007236387087556082
337,-0.0020033770572704538,-0.002424644254833476,1387438,True,r_1m,0.0007236401232153844
338,0.0002820588877739457,0.00034177126565582816,1386003,True,r_1m,0.0007236430201567668
339,0.002137646189451166,0.0025945864287220334,1384568,True,r_1m,0.0007236430775807095
340,0.0020001950814623496,0.0024312862819222945,1383133,True,r_1m,0.0007236463758345155
341,-0.00019371269620381705,-0.00023567799616708293,1381698,True,r_1m,0.0007236492635558144
342,-0.0005504378434931216,-0.0006703600475413679,1380263,True,r_1m,0.0007236492906406287
343,0.003849773723324962,0.004694287637427088,1378828,True,r_1m,0.0007236495093292501
344,0.0009676294405715206,0.0011814046041557073,1377394,True,r_1m,0.0007236602066926603
345,0.0015203991993785041,0.001859026117542681,1375960,True,r_1m,0.0007236608824971557
346,0.0036878532865673133,0.004516964869740191,1374526,True,r_1m,0.0007236625509636527
347,-0.001725574724970802,-0.0021158246973374483,1373093,True,r_1m,0.0007236723672235922
348,-0.0002735791580083315,-0.00033587007951631166,1371660,True,r_1m,0.0007236745163538128
349,-0.0010127647395384502,-0.0012449673437818635,1370227,True,r_1m,0.0007236745703745547
350,-0.0003042142779218169,-0.00037451418711989277,1368794,True,r_1m,0.0007236753106808372
351,-0.0007806652839510266,-0.000962358148587048,1367362,True,r_1m,0.0007236753774772645
352,0.00030776914664305957,0.00037983487756306715,1365930,True,r_1m,0.0007236758173465414
353,0.0021354762454282345,0.0026393024457753572,1364499,True,r_1m,0.0007236758857131292
354,0.001147953326387246,0.0014209397205307962,1363069,True,r_1m,0.0007236791771249507
355,-0.0014924094470462161,-0.0018503070651591954,1361639,True,r_1m,0.0007236801282550462
356,0.002871960770728925,0.003564530673795678,1360209,True,r_1m,0.0007236817358131284
357,-0.0020801079179001694,-0.0025855454269531624,1358779,True,r_1m,0.0007236876889440332
358,0.0003042257611428569,0.00037874177617227715,1357349,True,r_1m,0.0007236908118394233
359,0.0013645633546366443,0.0017013573852470163,1355919,True,r_1m,0.0007236908786394627
360,-0.0019453686058633437,-0.00242987537140369,1354489,True,r_1m,0.0007236922225542425
361,-0.0005687190261293208,-0.000711014461219665,1353059,True,r_1m,0.0007236949539643058
362,-0.0015643080514188275,-0.0019577981999667473,1351629,True,r_1m,0.0007236951874056226
363,-0.0038958871697298437,-0.00488209448921769,1350199,True,r_1m,0.0007236969535498685
364,-0.00012182904770483149,-0.00015287534202778266,1348769,True,r_1m,0.0007237079079987713
365,-0.0029098815062053784,-0.0036562391094770875,1347340,True,r_1m,0.0007237079187109104
366,-0.0004370281556137732,-0.000549932770080046,1345911,True,r_1m,0.0007237140298655643
367,0.0006806371068959703,0.000857907123689175,1344482,True,r_1m,0.0007237141677101225
368,0.001291442755047462,0.0016300435482214627,1343053,True,r_1m,0.0007237145020605581
369,0.0011970636658138914,0.0015137916426683354,1341624,True,r_1m,0.0007237157057667875
370,0.0004900639490747027,0.0006213033588749925,1340196,True,r_1m,0.0007237167399655506
371,0.0023947641160337596,0.0030402978029670444,1338768,True,r_1m,0.0007237169132959209
372,-0.0009082477184025413,-0.0011546508854424445,1337341,True,r_1m,0.0007237210522760722
373,-0.0047453052815500055,-0.006042935936945489,1335914,True,r_1m,0.0007237216476297907
374,-0.0016555200059355805,-0.00211237886486186,1334487,True,r_1m,0.0007237378989893568
375,0.003929727634490172,0.005030150186607874,1333060,True,r_1m,0.0007237398769825004
376,-0.0011206326952075247,-0.0014369181417969795,1331633,True,r_1m,0.0007237510219005583
377,-0.0026756693492242544,-0.0034371342770140693,1330206,True,r_1m,0.0007237519282067363
378,-0.00013496293281670558,-0.00017369000344661026,1328780,True,r_1m,0.0007237570948851091
379,-0.0020595305099288474,-0.0026552486899901187,1327356,True,r_1m,0.000723757108030515
380,-0.0009866527898500766,-0.0012750744135769452,1325933,True,r_1m,0.0007237601691517044
381,0.000509088249936004,0.0006592355884949951,1324510,True,r_1m,0.0007237608716926338
382,0.0024523815741406157,0.0031831862902687025,1323087,True,r_1m,0.0007237610587301878
383,8.326119623661759e-05,0.00010830251802543884,1321664,True,r_1m,0.0007237653990066945
384,0.001958773888016335,0.002554107057581762,1320241,True,r_1m,0.0007237654040096345
385,-0.0010304497901962133,-0.0013466919406338164,1318819,True,r_1m,0.0007237681729129103
386,-0.0016861596495225532,-0.0022085900983608653,1317399,True,r_1m,0.0007237689392004838
387,0.000541266056552981,0.000710274083774637,1315979,True,r_1m,0.0007237709909987179
388,0.0005108197282885671,0.0006719224852094346,1314559,True,r_1m,0.0007237712024246109
389,0.003611354998235281,0.0047621686805261855,1313140,True,r_1m,0.0007237713907339207
390,0.0029095212192485702,0.003848100075867916,1311722,True,r_1m,0.0007237808025612688
391,-0.0009729451047795541,-0.0012898828529973965,1310304,True,r_1m,0.0007237869115874893
392,-0.002377299252903925,-0.0031597080792430984,1308886,True,r_1m,0.0007237875947178202
393,-0.00012798957728162665,-0.00017046632617413697,1307468,True,r_1m,0.0007237916731493246
394,-0.002660353817649666,-0.003551846679953271,1306050,True,r_1m,0.0007237916849708479
395,-0.0003501008657074595,-0.0004687092260731844,1304632,True,r_1m,0.0007237967923900199
396,0.0012887970642145887,0.0017297465177253787,1303214,True,r_1m,0.0007237968808419905
397,-0.0008912734097837567,-0.0011993220587755095,1301796,True,r_1m,0.0007237980794849352
398,0.0015941110895082323,0.0021515010808248708,1300378,True,r_1m,0.0007237986527323775
399,0.0006376130848099454,0.0008631557337708701,1298960,True,r_1m,0.0007238004865522276
400,0.0006496158152268011,0.0008824162329260714,1297542,True,r_1m,0.000723800779934121
401,0.0014614398228224128,0.001990887613187966,1296124,True,r_1m,0.0007238010844653708
402,-0.0024930203467276764,-0.0034107354187335164,1294706,True,r_1m,0.0007238026257399188
403,0.001560172770633002,0.0021430246773307105,1293288,True,r_1m,0.0007238071107969539
404,-0.0027009829548941783,-0.0037255419413901526,1291870,True,r_1m,0.0007238088673442166
405,0.0015217031771911091,0.002109118938145902,1290453,True,r_1m,0.00072381413183091
406,-0.0017737012444812847,-0.0024628676959305056,1289036,True,r_1m,0.0007238158028067069
407,-0.0004114627463833771,-0.0005730522319934504,1287619,True,r_1m,0.0007238180730375715
408,0.0005393855690208509,0.0007528663162900044,1286203,True,r_1m,0.0007238181952089307
409,0.00010212143592460348,0.00014288160601950246,1284787,True,r_1m,0.0007238184051545953
410,0.0005085730405867381,0.0007137073081074159,1283371,True,r_1m,0.0007238184126802107
411,-0.0016504774568549783,-0.0023207818095429054,1281955,True,r_1m,0.0007238185993245447
412,-0.0022904309951008893,-0.0032268815534923527,1280541,True,r_1m,0.0007238205650673257
413,-9.316618246632468e-05,-0.00013155306568474927,1279127,True,r_1m,0.0007238243507150198
414,-0.001170251706977252,-0.0016559004068343534,1277713,True,r_1m,0.0007238243569785797
415,0.004193754779057353,0.005947576497315351,1276299,True,r_1m,0.0007238253452196548
416,0.0001402901495300987,0.0001993557896254832,1274885,True,r_1m,0.0007238380365250658
417,0.0004162531900356692,0.0005926412712162391,1273471,True,r_1m,0.0007238380507271073
418,0.0010449385444899477,0.001491752342589961,1272057,True,r_1m,0.0007238381757563286
419,0.0005486064727624313,0.0007855350706057337,1270643,True,r_1m,0.0007238389636681234
420,-0.0012549614065190326,-0.0018076991919086978,1269230,True,r_1m,0.000723839180847037
421,2.1035125144341488e-05,3.0343829876893286e-05,1267817,True,r_1m,0.0007238403173122228
422,0.0016609226710244376,0.0023999229744554526,1266404,True,r_1m,0.0007238403176315128
423,0.0036798055898278935,0.005325053214806323,1264991,True,r_1m,0.000723842308274066
424,-0.00019897610366013103,-0.00028858821011399065,1263578,True,r_1m,0.0007238520793115318
425,0.0017735804674747933,0.0025779759840300997,1262165,True,r_1m,0.0007238521078801895
426,0.001948880749641169,0.002837738118421129,1260752,True,r_1m,0.0007238543776880419
427,-0.0019487303034333406,-0.00284388526643382,1259339,True,r_1m,0.000723857118355406
428,0.0013824715993225926,0.002022472354217831,1257926,True,r_1m,0.0007238598585892741
429,-0.00039038432082324267,-0.000572630755244492,1256514,True,r_1m,0.0007238612376879866
430,-0.0012979074180298812,-0.0019088691276564684,1255103,True,r_1m,0.0007238613476562085
431,-0.0026432959437633833,-0.003897301205422765,1253692,True,r_1m,0.0007238625631968991
432,0.0010655027970599346,0.0015752323326099138,1252282,True,r_1m,0.0007238676048362355
433,-0.0018822983311971744,-0.002790064684455499,1250872,True,r_1m,0.0007238684240318626
434,0.001574469249358645,0.002340717545306227,1249462,True,r_1m,0.0007238709805821452
435,-0.0009105755747941993,-0.0013589961598654032,1248052,True,r_1m,0.0007238727693108928
436,0.000601718827144826,0.0009005214058128176,1246642,True,r_1m,0.0007238733675949061
437,-0.0004723115620698734,-0.0007089267502562356,1245232,True,r_1m,0.0007238736288485446
438,-0.00063896542577703,-0.0009619725522276413,1243822,True,r_1m,0.0007238737898138119
439,-0.0014747333339302,-0.0022273055960216354,1242412,True,r_1m,0.0007238740844116817
440,0.0008180641408969955,0.001240598562913269,1241002,True,r_1m,0.0007238756536948564
441,-0.001570282959913614,-0.0023885449953114086,1239592,True,r_1m,0.0007238761365850893
442,0.001193201106413165,0.001821126458648002,1238182,True,r_1m,0.0007238779158018713
443,0.00033415272426212103,0.0005116744125797624,1236772,True,r_1m,0.0007238789431070641
444,-0.0017454873228797305,-0.002682775748956959,1235362,True,r_1m,0.0007238790236749316
445,-0.0010544746710152055,-0.0016279553749266658,1233952,True,r_1m,0.0007238812220640743
446,-0.0026245990861101186,-0.004067305004679002,1232542,True,r_1m,0.0007238820243747609
447,-0.00036817599955343453,-0.0005733246250619884,1231132,True,r_1m,0.0007238869948107742
448,0.0010803580146022337,0.0016917111372783198,1229722,True,r_1m,0.000723887092619583
449,0.002292636222998842,0.003612588610161337,1228312,True,r_1m,0.0007238879347941746
450,-0.0025222292719749486,-0.003999750156890031,1226902,True,r_1m,0.0007238917273820111
451,0.0014115327943906592,0.002239810490922408,1225492,True,r_1m,0.0007238963175856911
452,-0.0003217811268603471,-0.0005110539937662982,1224082,True,r_1m,0.0007238977552019328
453,0.0009710863940057175,0.0015439590994426342,1222672,True,r_1m,0.000723897829912444
454,0.00039300740984663066,0.0006252257898680979,1221262,True,r_1m,0.0007238985103308977
455,0.0011657779994984515,0.0018574127816588805,1219852,True,r_1m,0.0007238986217761535
456,0.003368801682619785,0.0053704001016645405,1218442,True,r_1m,0.0007238996023752533
457,0.0017423475628771912,0.0027791650218620357,1217032,True,r_1m,0.0007239077909425071
458,-0.0045377007280126514,-0.007243937673432665,1215623,True,r_1m,0.0007239099813428601
459,0.002932140987216704,0.004683833513378634,1214214,True,r_1m,0.0007239248379795245
460,0.0008647342891375351,0.0013823106395230856,1212805,True,r_1m,0.0007239310411281002
461,0.0003103543608534467,0.0004964315845745908,1211397,True,r_1m,0.0007239315806459576
462,-0.0007617488447128607,-0.001219477105411123,1209989,True,r_1m,0.0007239316501413457
463,0.0003580100426935836,0.0005737837045023861,1208581,True,r_1m,0.0007239320688035374
464,0.0005836292749833455,0.0009365380479932786,1207173,True,r_1m,0.0007239321612798276
465,-0.0026836419132405718,-0.004319031165625227,1205765,True,r_1m,0.0007239324070414219
466,-0.0010195367096164367,-0.0016415599823040225,1204357,True,r_1m,0.0007239376032596156
467,-0.0003760925516730239,-0.0006059362022800504,1202949,True,r_1m,0.0007239383532266929
468,-0.00422388160942711,-0.0068105886890956506,1201541,True,r_1m,0.0007239384552796687
469,-0.002052887805861656,-0.0033120238016988036,1200133,True,r_1m,0.0007239513275689161
470,-0.000497041618651801,-0.000802471216611741,1198725,True,r_1m,0.0007239543681596887
471,0.0015452983751987398,0.0024968011939470376,1197317,True,r_1m,0.0007239545464025263
472,0.002763101676775618,0.0044675299614820385,1195909,True,r_1m,0.0007239562692653641
473,-0.0006998534818539041,-0.0011323367052247543,1194501,True,r_1m,0.0007239617775651865
474,0.0004893343155832386,0.0007922926543889461,1193093,True,r_1m,0.0007239621309406046
475,0.00011373057390178132,0.0001843767247076243,1191685,True,r_1m,0.0007239623036966556
476,0.0001874873363753317,0.00030419480015553323,1190277,True,r_1m,0.00072396231302869
477,-0.0007110394135073529,-0.0011545404388466757,1188870,True,r_1m,0.0007239623383896526
478,-0.000631867364192642,-0.001027320608388315,1187463,True,r_1m,0.000723962703151234
479,-0.002425167697872489,-0.003947506544620981,1186056,True,r_1m,0.0007239629912048917
480,0.00026820597112534484,0.0004370227131150492,1184649,True,r_1m,0.000723967234504874
481,-0.0015378885381714118,-0.0025066475448540346,1183242,True,r_1m,0.0007239672864034906
482,0.0011178134960049373,0.0018228319656338208,1181835,True,r_1m,0.0007239689927533861
483,0.0013495427739064752,0.002202245840747228,1180429,True,r_1m,0.0007239698942337789
484,3.8281753236230965e-05,6.254813548620328e-05,1179023,True,r_1m,0.0007239712082182462
485,-0.0021638121931739983,-0.0035377509662809217,1177617,True,r_1m,0.0007239712092755509
486,-0.0002384792996089094,-0.0003902180312115156,1176212,True,r_1m,0.0007239745872366407
487,-0.0005521605214855541,-0.0009040527374777445,1174807,True,r_1m,0.0007239746282679962
488,-0.0007778424544423279,-0.0012744529167667213,1173402,True,r_1m,0.0007239748482287076
489,0.00032036545243147865,0.0005253903584885275,1171997,True,r_1m,0.0007239752847420279
490,0.0031680628053564405,0.005199838235962037,1170592,True,r_1m,0.0007239753587886779
491,-0.000285942286803811,-0.00046998711213031333,1169187,True,r_1m,0.0007239825998034378
492,0.0018622355402856498,0.0030640019772413835,1167782,True,r_1m,0.0007239826587918151
493,-0.0016098859772987054,-0.0026511585294212194,1166377,True,r_1m,0.0007239851607389634
494,0.00014292941604787307,0.00023565795320131276,1164973,True,r_1m,0.0007239870305504938
495,0.0017237248119167307,0.002846302267731609,1163569,True,r_1m,0.0007239870452888915
496,0.0021684159365620063,0.003582651563750081,1162166,True,r_1m,0.0007239891888815058
497,0.0007222895232944205,0.001194456604787958,1160763,True,r_1m,0.0007239925811475591
498,-1.8765065320241264e-06,-3.106668536686197e-06,1159360,True,r_1m,0.000723992957527289
499,0.00354289047031066,0.005871104323809115,1157957,True,r_1m,0.0007239929575298295
500,-0.0019512235172858975,-0.003237033552198168,1156554,True,r_1m,0.0007240020131087243
501,4.2410784150969786e-05,7.042152792061854e-05,1155151,True,r_1m,0.0007240047598089921
502,0.0025999304491352957,0.004321767710848701,1153748,True,r_1m,0.0007240047611066165
503,-0.00163263070596082,-0.0027171312478107834,1152345,True,r_1m,0.0007240096377208267
504,-0.001781575674464336,-0.0029692823938030897,1150942,True,r_1m,0.0007240115606744952
505,-0.0006519019470934941,-0.001088288752665318,1149539,True,r_1m,0.000724013850488382
506,-0.0013051282278890917,-0.0021825067179803205,1148136,True,r_1m,0.0007240141570765669
507,-0.00012702978812959183,-0.00021283132019010208,1146733,True,r_1m,0.000724015385920594
508,0.003595107102389209,0.006041775782375572,1145331,True,r_1m,0.0007240153975618857
509,-0.00017002651813084765,-0.0002866339747027083,1143929,True,r_1m,0.0007240247217470897
510,0.0020366911633923827,0.003585910884978547,1142527,True,r_1m,0.0007240247426024522
511,0.0017532089223913508,0.003098022060355882,1141126,True,r_1m,0.0007240277351005077
512,0.00020122390375689776,0.00035596161999552537,1139725,True,r_1m,0.0007240299525273502
513,-0.000948312988354033,-0.001678391555173324,1138324,True,r_1m,0.0007240299817379464
514,-0.0005657840073973106,-0.0010021228831835676,1136923,True,r_1m,0.0007240306304985611
515,-0.0017054637814441906,-0.0030225067547911787,1135522,True,r_1m,0.0007240308614295152
516,0.0002050786958848928,0.0003636887268121375,1134122,True,r_1m,0.0007240329597176181
517,-0.0017491727824520355,-0.003103340181695383,1132722,True,r_1m,0.0007240329900579671
518,0.0002523407323295498,0.00044791189843313827,1131322,True,r_1m,0.0007240351972708841
519,-0.0007378850182092891,-0.001310819912667241,1129922,True,r_1m,0.0007240352432068498
520,0.00024951898772984784,0.0004436208501378472,1128522,True,r_1m,0.0007240356359922937
521,0.0015294248310284925,0.0027208183220248316,1127122,True,r_1m,0.0007240356809066384
522,0.0013719787360938892,0.0024426230699528717,1125722,True,r_1m,0.0007240373683671658
523,0.0022314208893947866,0.003975833085386425,1124322,True,r_1m,0.0007240387262778219
524,-0.0001434533563707785,-0.0002557891817307499,1122922,True,r_1m,0.0007240423182911534
525,0.0050609992532534955,0.009032605692110751,1121522,True,r_1m,0.0007240423331366692
526,0.003124564169451821,0.005578871584176664,1120122,True,r_1m,0.000724060810537063
527,-0.003442342285859506,-0.0061489961598011475,1118722,True,r_1m,0.0007240678532431805
528,-0.005238285775313835,-0.009362168131860346,1117322,True,r_1m,0.0007240764012349968
529,-0.0004527691408644189,-0.000809775794741891,1115922,True,r_1m,0.0007240961948842443
530,0.0008460627104950525,0.001514263836756657,1114522,True,r_1m,0.0007240963427593789
531,-0.0012778606051624575,-0.0022885999720539943,1113122,True,r_1m,0.000724096859112045
532,0.0026748677664110527,0.004794428368895741,1111722,True,r_1m,0.000724098037010278
533,0.0014391110199994293,0.0025816869846912232,1110322,True,r_1m,0.0007241031981253328
534,-0.002213506007518257,-0.003972950718718746,1108922,True,r_1m,0.0007241046920390261
535,0.0038365779786082395,0.0068910217144746546,1107522,True,r_1m,0.0007241082262853304
536,-0.0007798496937116702,-0.0014016341295484919,1106122,True,r_1m,0.0007241188437107263
537,0.0019242486121402737,0.00346063750209372,1104722,True,r_1m,0.000724119282392565
538,0.0012711876332219653,0.002287637193750204,1103322,True,r_1m,0.0007241219532411927
539,0.002342862943969489,0.004220066265562148,1101922,True,r_1m,0.0007241231188292222
540,-0.002061219898225511,-0.0037128088045880053,1100522,True,r_1m,0.000724127078125396
541,-0.002037070939676544,-0.0036700679766256284,1099122,True,r_1m,0.000724130142704033
542,-0.00042268234138029325,-0.000761243036149938,1097723,True,r_1m,0.0007241331358824651
543,-0.0022997576106119004,-0.004143462479482255,1096324,True,r_1m,0.0007241332647512025
544,-0.0018561182827147183,-0.003345210036588597,1094925,True,r_1m,0.0007241370796437623
545,-0.0014672940734008224,-0.002645816996511469,1093526,True,r_1m,0.0007241395646506095
546,-0.0016363689737549098,-0.0029519494045803056,1092127,True,r_1m,0.0007241411175717726
547,-0.001275101283170789,-0.0023008676629657347,1090728,True,r_1m,0.0007241430489908193
548,0.0028893583077021587,0.005215043912710427,1089329,True,r_1m,0.0007241442217327995
549,-0.0012943279510844014,-0.002337442196273743,1087930,True,r_1m,0.0007241502433584406
550,0.004157682695919158,0.007511717871988847,1086531,True,r_1m,0.0007241514517215012
551,0.002588866066978755,0.004677717818845835,1085132,True,r_1m,0.0007241639200249531
552,0.0020316215787151326,0.0036727445587798496,1083733,True,r_1m,0.0007241687541586508
553,0.0021411411546042873,0.0038728271138295627,1082334,True,r_1m,0.0007241717311857165
554,-0.001297114470276787,-0.0023476479784128247,1080935,True,r_1m,0.0007241750378177063
555,-0.0004490735483455953,-0.0008134404469330429,1079537,True,r_1m,0.0007241762513477086
556,0.0011498041455701,0.0020832943132458493,1078139,True,r_1m,0.0007241763968026405
557,-0.005604405103883454,-0.010158106457404722,1076741,True,r_1m,0.0007241773503470246
558,-0.001976062875766863,-0.0035828935818941576,1075343,True,r_1m,0.0007242000043594029
559,-0.000351815477806449,-0.0006382541146470973,1073945,True,r_1m,0.0007242028206662743
560,0.0016975076259535921,0.0030799688936906803,1072547,True,r_1m,0.0007242029099366719
561,-0.0007014642013670562,-0.0012733429139363376,1071149,True,r_1m,0.0007242049881991815
562,-0.003404149473955614,-0.006181940003457843,1069751,True,r_1m,0.0007242053430838438
563,0.0015121417324550936,0.002747503409060338,1068354,True,r_1m,0.0007242137008619399
564,-0.002658751659151499,-0.004832174420963509,1066957,True,r_1m,0.0007242153499945956
565,0.0025874215642205426,0.00470426959258869,1065560,True,r_1m,0.0007242204482796924
566,-0.0004189705264916078,-0.0007620217834635269,1064163,True,r_1m,0.0007242252766434357
567,-0.0033059430234552867,-0.006014556329640311,1062766,True,r_1m,0.0007242254032426624
568,-0.0030574559618056444,-0.005565671432545024,1061369,True,r_1m,0.0007242332855331368
569,-0.001816719490012383,-0.003309045870569969,1059972,True,r_1m,0.0007242400273622847
570,-0.0002732633557106406,-0.000497987187836878,1058575,True,r_1m,0.0007242424076548347
571,0.0031882915729141703,0.005812333851586999,1057178,True,r_1m,0.0007242424615086718
572,0.0017689888085776599,0.003227085537162414,1055781,True,r_1m,0.00072424979258439
573,-0.0017511013307473814,-0.003195885351611186,1054384,True,r_1m,0.0007242520494148701
574,0.0018994686133600124,0.0034684509953677865,1052987,True,r_1m,0.0007242542608285118
575,0.0012781689625116007,0.002335265791525078,1051590,True,r_1m,0.0007242568628461036
576,0.0004999519342937273,0.0009138374926242786,1050193,True,r_1m,0.0007242580410525283
577,-0.0017309057588942842,-0.003164751856924696,1048796,True,r_1m,0.0007242582213131855
578,-0.0005241677347687394,-0.0009590081216106884,1047399,True,r_1m,0.0007242603819938634
579,-0.001757306036545506,-0.003216610560470598,1046002,True,r_1m,0.0007242605801390852
580,0.0005760631894223291,0.00105503065517561,1044605,True,r_1m,0.000724262807225711
581,0.00023483212742609854,0.00043028558935704817,1043208,True,r_1m,0.000724263046547267
582,0.0027992361671363027,0.005131371965123063,1041811,True,r_1m,0.0007242630863173512
583,0.00021388829347795767,0.00039236274598708335,1040414,True,r_1m,0.0007242687372334641
584,0.0014086082260148052,0.002585369533931463,1039017,True,r_1m,0.0007242687702257271
585,-0.0019804846737884467,-0.003637046177974586,1037621,True,r_1m,0.000724270201154697
586,0.002631147580030666,0.004833384738113803,1036225,True,r_1m,0.0007242730298054571
587,-0.00036275962766353474,-0.0006666423932104791,1034829,True,r_1m,0.0007242780223785306
588,0.0034744752301394967,0.006388089574646838,1033433,True,r_1m,0.0007242781172794421
589,-0.0018150036981211667,-0.0033393644523040953,1032037,True,r_1m,0.0007242868230715024
590,0.000302754317034724,0.0005573859867340464,1030641,True,r_1m,0.0007242891987165734
591,0.0017109730898776775,0.0031516321102749863,1029245,True,r_1m,0.0007242892648173382
592,0.002828984511473622,0.0052142009927581365,1027849,True,r_1m,0.0007242913759304392
593,0.002057641376443099,0.0037944008104659308,1026453,True,r_1m,0.0007242971473669037
594,0.0005849142255086148,0.0010792562461175781,1025057,True,r_1m,0.0007243002005967756
595,0.001506945866637765,0.002781954785090793,1023661,True,r_1m,0.0007243004473162962
596,-0.00021700999303013162,-0.00040086777908450097,1022266,True,r_1m,0.0007243020849391213
597,-0.0014943275663728192,-0.002762160715943939,1020871,True,r_1m,0.0007243021188998926
598,0.00365251743478457,0.006756990405156642,1019476,True,r_1m,0.0007243037292088241
599,0.0014527256072565046,0.002689829189015141,1018081,True,r_1m,0.0007243133497347403
600,0.0016856447803523097,0.003128302271420123,1016686,True,r_1m,0.0007243148716065129
601,-0.00278354873354911,-0.005167493292332262,1015291,True,r_1m,0.0007243169206063682
602,-0.0027656836162490176,-0.005136430362063177,1013896,True,r_1m,0.0007243225079473564
603,0.0013918758831895982,0.0025859043119041644,1012501,True,r_1m,0.0007243280237559036
604,-0.0007555288638423209,-0.0014041545529805295,1011106,True,r_1m,0.0007243294207775552
605,-0.0016424454867315038,-0.003053464849431802,1009711,True,r_1m,0.0007243298324044056
606,-0.0028933663980822513,-0.005380945961176646,1008316,True,r_1m,0.0007243317776874283
607,0.0008112636596980996,0.0015093765948140617,1006921,True,r_1m,0.0007243378144673362
608,0.0008992879218846202,0.0016738633080411285,1005526,True,r_1m,0.0007243382890595053
609,0.003451422227284404,0.006426942040549741,1004131,True,r_1m,0.0007243388722275621
610,0.002557391635888147,0.004765011150565221,1002736,True,r_1m,0.0007243474621578558
611,0.00026530483037571736,0.0004945388765516259,1001341,True,r_1m,0.000724352178268096
612,-0.0020632747149560305,-0.0038474275441701534,999950,True,r_1m,0.0007243522290230398
613,0.00015978062469423551,0.0002980692413205211,998559,True,r_1m,0.0007243552987603654
614,-0.004189530689961295,-0.007822252080004997,997168,True,r_1m,0.0007243553171695439
615,9.687097775075659e-05,0.00018097239975619747,995777,True,r_1m,0.0007243679736551554
616,-0.0022903648363932065,-0.0042808291198749735,994386,True,r_1m,0.0007243679804216844
617,0.002493269802634956,0.004662193013212019,992995,True,r_1m,0.0007243717629899981
618,-0.001465623429168985,-0.0027418406141416956,991604,True,r_1m,0.0007243762454200579
619,0.0016451641501747268,0.00307912913782543,990213,True,r_1m,0.0007243777943007198
620,4.685772175267525e-05,8.77431616278677e-05,988822,True,r_1m,0.0007243797458997104
621,0.0073709757387921656,0.013809590719622417,987431,True,r_1m,0.0007243797474829034
622,-7.782828495521202e-06,-1.4588817328699416e-05,986041,True,r_1m,0.0007244189225496002
623,0.002899653787675537,0.005437293124092016,984651,True,r_1m,0.0007244189225932742
624,0.002725685943693155,0.005113091379987535,983261,True,r_1m,0.0007244249849085039
625,0.0006237643185322654,0.0011707028572313972,981872,True,r_1m,0.000724430341572765
626,-0.0035862370916253145,-0.006733670415238219,980483,True,r_1m,0.0007244306221046075
627,0.00042832737013849325,0.0008043986804905049,979094,True,r_1m,0.0007244398950187925
628,0.0002861223009496781,0.0005376418611196853,977705,True,r_1m,0.0007244400272966277
629,-0.0002613166673862675,-0.0004914030870749689,976316,True,r_1m,0.0007244400863220069
630,0.002790905706779536,0.005250765956026619,974927,True,r_1m,0.0007244401355565097
631,0.0002483099836612158,0.0004672257616539375,973538,True,r_1m,0.0007244457515159806
632,0.0027532047989845764,0.005181904994236857,972149,True,r_1m,0.0007244457959709489
633,-0.0018927138365823072,-0.003564473588570923,970760,True,r_1m,0.0007244512611868735
634,-0.003987280962801797,-0.007516332713774658,969371,True,r_1m,0.0007244538440285829
635,-0.0005098855119157074,-0.000961912025197124,967982,True,r_1m,0.0007244653064757126
636,-0.0005763669105737633,-0.0010877358166850655,966593,True,r_1m,0.0007244654939171126
637,0.0007086811725959548,0.0013383117636546118,965204,True,r_1m,0.0007244657334240663
638,0.0008699882917896441,0.0016435689461644875,963815,True,r_1m,0.0007244660955183403
639,-0.0013138243939369554,-0.0024831734444713104,962426,True,r_1m,0.0007244666412088624
640,-0.0018503052350626356,-0.0034990792197072363,961037,True,r_1m,0.000724467885705423
641,-0.002550210857630506,-0.0048247600149804015,959648,True,r_1m,0.0007244703540438284
642,0.00046637901959318683,0.0008827021101402744,958259,True,r_1m,0.0007244750429115509
643,0.0007620683099907632,0.0014430149081402907,956870,True,r_1m,0.000724475199728268
644,0.0006836538178051495,0.0012950778596924953,955481,True,r_1m,0.0007244756184273221
645,0.0026481976807506934,0.005020596467441469,954092,True,r_1m,0.0007244759553935959
646,0.000592810648535114,0.001124539338693242,952703,True,r_1m,0.0007244810114642485
647,-0.0032886696115283906,-0.006241721902271846,951314,True,r_1m,0.0007244812648269805
648,0.0016018591012777422,0.003041648194060662,949925,True,r_1m,0.0007244890622091117
649,0.0017583847934361631,0.003340560315203228,948536,True,r_1m,0.0007244909121338607
650,0.0009947837781349987,0.0018911816579460581,947147,True,r_1m,0.000724493141246695
651,0.0002376959526832906,0.0004521569629050046,945758,True,r_1m,0.0007244938546920604
652,0.0022795858840186137,0.004338026133781988,944369,True,r_1m,0.0007244938954250868
653,-0.0007076899937071894,-0.0013474288596469729,942980,True,r_1m,0.0007244976418228779
654,-0.005134874643274666,-0.009780012410396477,941591,True,r_1m,0.0007244980028890898
655,0.002944185676657607,0.005611703232064361,940202,True,r_1m,0.0007245170116857718
656,-0.002179810199370173,-0.004158039151486493,938813,True,r_1m,0.0007245232607898088
657,-0.0028997308633057044,-0.005535139916316259,937424,True,r_1m,0.0007245266862728754
658,0.0007757697705070726,0.0014829863787282004,936035,True,r_1m,0.0007245327480086636
659,-0.001556250721082116,-0.002977485247155976,934646,True,r_1m,0.0007245331818644349
660,-0.0004626616270636155,-0.0008860461988313249,933257,True,r_1m,0.0007245349278399627
661,-0.00236392923731544,-0.004529479084079692,931868,True,r_1m,0.0007245350821539926
662,0.0009708859254114736,0.001861137643238886,930479,True,r_1m,0.000724539110679723
663,0.002161788617452293,0.004146745524186115,929091,True,r_1m,0.0007245397902152972
664,0.001675508553643497,0.003215828849299488,927708,True,r_1m,0.0007245431592154055
665,-0.0008994339963736555,-0.0017274161317932803,926325,True,r_1m,0.0007245451830091802
666,-0.002409775214564838,-0.004630622201346774,924942,True,r_1m,0.0007245457662001267
667,-0.0013593848052105104,-0.002614202489995541,923559,True,r_1m,0.0007245499524371349
668,-0.00014427795558782683,-0.00027765049829456793,922176,True,r_1m,0.0007245512845895452
669,0.003736986085536328,0.007195742855946046,920793,True,r_1m,0.0007245512995956733
670,-1.2071750017880113e-05,-2.326208142412113e-05,919410,True,r_1m,0.0007245613667940992
671,-0.0021439201234803485,-0.00413464619804329,918028,True,r_1m,0.0007245613668991509
672,0.0020130276514412518,0.0038847539344622926,916646,True,r_1m,0.0007245646803372255
673,-0.001001397559312557,-0.0019336917902788681,915264,True,r_1m,0.0007245676015236217
674,-0.00011313554352821311,-0.00021863505626337342,913882,True,r_1m,0.0007245683244128503
675,0.00012895706239890366,0.00024942409463034814,912500,True,r_1m,0.0007245683336397673
676,0.005123721218066814,0.009914739299564407,911118,True,r_1m,0.0007245683456278223
677,-0.0005578770808068375,-0.0010800198174241507,909736,True,r_1m,0.000724587270100156
678,-0.0006583470499996881,-0.0012751050679480327,908354,True,r_1m,0.0007245874944491345
679,-0.00011327308224061159,-0.00021951741617320047,906973,True,r_1m,0.0007245878068819796
680,0.001411980837062501,0.0027378170721554,905592,True,r_1m,0.0007245878161310958
681,-0.002103230666921655,-0.004080615061559887,904211,True,r_1m,0.0007245892532872914
682,0.0014521504999247797,0.002818875310164384,902830,True,r_1m,0.0007245924420249514
683,-0.00036151633468796683,-0.0007021104242244123,901449,True,r_1m,0.0007245939621062856
684,-0.0004275894712020415,-0.0008309420356358464,900068,True,r_1m,0.0007245940563167046
685,0.0006754157834298252,0.0013134279919753175,898687,True,r_1m,0.0007245941881111244
686,0.002415760009106477,0.004699703928206025,897306,True,r_1m,0.0007245945169516167
687,-0.0016216319092554714,-0.0031563602424650003,895926,True,r_1m,0.0007245987237247844
688,-0.002144048353128517,-0.004175422957267143,894546,True,r_1m,0.0007246006193141088
689,0.00485219261518568,0.009456019166810273,893166,True,r_1m,0.00072460393296904
690,-0.002363088786507049,-0.0046100087898809,891787,True,r_1m,0.0007246209039957241
691,-0.002171338658809987,-0.00423792656681339,890408,True,r_1m,0.0007246249291806537
692,0.000619001972161335,0.0012087146202591401,889029,True,r_1m,0.0007246283276132764
693,-0.0029147597519829003,-0.005696580881196248,887650,True,r_1m,0.0007246286038023537
694,-0.001401533897978014,-0.002741687236141172,886271,True,r_1m,0.0007246347276734944
695,0.0010696831127186203,0.0020938982708894566,884893,True,r_1m,0.0007246361435503044
696,-0.0014213990263543537,-0.002784398533549595,883516,True,r_1m,0.0007246369683108247
697,-0.0014413360463820786,-0.002825247206062071,882139,True,r_1m,0.0007246384246043831
698,-0.0008414870764629081,-0.0016505397716101513,880764,True,r_1m,0.0007246399220343229
699,0.00020857071961885665,0.0004093343060847898,879389,True,r_1m,0.0007246404324339112
700,0.0009429201472365658,0.0018519052096044747,878014,True,r_1m,0.0007246404637900033
701,0.00042691582518236145,0.000838984017357799,876639,True,r_1m,0.0007246411046525354
702,-0.002388087180068551,-0.004696034006691776,875264,True,r_1m,0.0007246412360234812
703,0.0001283503817631498,0.00025257939974947176,873889,True,r_1m,0.0007246453467056818
704,0.00038144543159504064,0.0007513091835716146,872514,True,r_1m,0.0007246453585799443
705,0.0021968699297019887,0.004330237994231482,871139,True,r_1m,0.0007246454634561853
706,-0.0002630587093260904,-0.0005188464326009787,869764,True,r_1m,0.000724648942179538
707,-0.0017012797332010218,-0.003358314815270828,868389,True,r_1m,0.0007246489920582828
708,-0.0023366440329589317,-0.004616059323431498,867014,True,r_1m,0.0007246510782824078
709,0.0010682199401253786,0.002111731985964655,865639,True,r_1m,0.0007246550137180537
710,0.002775207254953373,0.005490157348505673,864264,True,r_1m,0.0007246558362023927
711,0.001536379931803885,0.003041905796063885,862889,True,r_1m,0.0007246613875089473
712,-0.000969563019926453,-0.0019212602376243398,861514,True,r_1m,0.0007246630888815872
713,0.0007438252176234604,0.0014748904706772769,860139,True,r_1m,0.0007246637664506457
714,0.0006015339313555801,0.0011939226155877846,858764,True,r_1m,0.0007246641652394467
715,0.0005329985214796921,0.0010586798869639258,857389,True,r_1m,0.0007246644260476336
716,0.0032774426908996936,0.00651470907214654,856014,True,r_1m,0.0007246646308112678
717,-0.0020451866522916483,-0.004068586853570258,854639,True,r_1m,0.0007246723730873161
718,-0.0006577263120976191,-0.0013097363207700127,853264,True,r_1m,0.0007246753879054241
719,-0.0009951140075786231,-0.0019836113039725764,851889,True,r_1m,0.0007246756997115554
720,-0.00044153573093562464,-0.0008810764074237438,850514,True,r_1m,0.0007246764134508229
721,-0.0005703115552968673,-0.0011387926113052616,849139,True,r_1m,0.0007246765539666888
722,0.0025736239627912496,0.005141261766594061,847764,True,r_1m,0.0007246767883992249
723,0.002095146203623661,0.004188816523999491,846389,True,r_1m,0.0007246815623971478
724,0.00012205607086700814,0.0002442284326946104,845014,True,r_1m,0.0007246847262649779
725,-0.0009966832443187726,-0.0019957215244058896,843639,True,r_1m,0.0007246847370025844
726,-0.001449173629735128,-0.002903850672885265,842265,True,r_1m,0.0007246854529857471
727,-0.002125434925841673,-0.004262785235063715,840891,True,r_1m,0.0007246869666469246
728,0.003522740242107709,0.007072439843213539,839517,True,r_1m,0.000724690222629134
729,-0.0012010068068536736,-0.00241323019459199,838143,True,r_1m,0.0007246991668802371
730,-0.0060532863691715455,-0.012174928734632615,836769,True,r_1m,0.0007247002064908111
731,0.0032920987116613703,0.006626712121809519,835395,True,r_1m,0.0007247266156129976
732,0.0013596312331623918,0.002739292857193646,834021,True,r_1m,0.0007247344266189752
733,-0.001376664469387326,-0.002775824552726202,832647,True,r_1m,0.0007247357589152025
734,0.000541568182754341,0.0010934711618432187,831273,True,r_1m,0.0007247371247995622
735,0.0012827888810930186,0.0025932645750075013,829899,True,r_1m,0.0007247373361793876
736,0.0003896512583495266,0.0007883926436870948,828525,True,r_1m,0.0007247385221316479
737,0.0015519926878083759,0.0031431331920235878,827151,True,r_1m,0.0007247386315546464
738,-0.0001743035259040875,-0.00035329757434961174,825777,True,r_1m,0.0007247403674967384
739,-0.0006620938573210099,-0.0013436384311676054,824403,True,r_1m,0.000724740389392886
740,-0.002846959202888164,-0.005782171153004672,823029,True,r_1m,0.0007247407053254425
741,-0.0034228633533823615,-0.0069563020028087785,821655,True,r_1m,0.0007247465467114626
742,0.0005826751950721279,0.0011851057485917735,820281,True,r_1m,0.0007247549903233544
743,0.0008205553554041902,0.0016705393906329717,818907,True,r_1m,0.0007247552350039883
744,-0.0030527259087171667,-0.006220219517077965,817533,True,r_1m,0.0007247557202501247
745,-0.0014605048246020735,-0.002978891643932657,816159,True,r_1m,0.0007247624363908148
746,-0.0009456204546012982,-0.0019300943943381867,814785,True,r_1m,0.0007247639736520614
747,0.003584348664444755,0.007322903373503874,813411,True,r_1m,0.0007247646180805765
748,-0.00021085104803055988,-0.0004312473223595006,812037,True,r_1m,0.0007247738769628851
749,0.0014399297817629848,0.0029486985446062035,810663,True,r_1m,0.0007247739090024649
750,0.0014268417261741205,0.002925912106054028,809289,True,r_1m,0.0007247754032324728
751,-0.003196176643669999,-0.006559061162903239,807915,True,r_1m,0.0007247768704197108
752,-0.0028928059663121553,-0.00594156414615114,806541,True,r_1m,0.0007247842323693125
753,0.0001178157466749941,0.00024237795396116673,805167,True,r_1m,0.0007247902630438272
754,-0.00044709880107973726,-0.0009208503941412423,803794,True,r_1m,0.0007247902730468705
755,0.001241419749164688,0.00256030357961454,802421,True,r_1m,0.0007247904171032299
756,-0.0029128776385144994,-0.006014739034362683,801049,True,r_1m,0.0007247915277151972
757,0.0015485109798015308,0.0032002120778340222,799677,True,r_1m,0.0007247976423055549
758,-0.002080850178597617,-0.0043051797208190105,798305,True,r_1m,0.0007247993703269391
759,-0.001484807036490265,-0.003075286010139905,796933,True,r_1m,0.0007248024906582281
760,-0.0017641889362645098,-0.0036576828452751383,795561,True,r_1m,0.000724804079416062
761,-0.0003008514273634848,-0.0006245501902524887,794189,True,r_1m,0.0007248063222995381
762,-0.0006354719266946122,-0.0013213061481806853,792817,True,r_1m,0.0007248063875254237
763,-0.0034429386801090264,-0.007168859395321801,791445,True,r_1m,0.0007248066785357927
764,-0.0012252851007168387,-0.002554247182722273,790073,True,r_1m,0.0007248152207735324
765,-0.0002998101868873961,-0.0006258340390445968,788701,True,r_1m,0.0007248163026670044
766,-7.561900842573713e-05,-0.00015798328883548875,787329,True,r_1m,0.0007248163674412885
767,0.0008147974330032654,0.0017045081048476763,785957,True,r_1m,0.000724816371561996
768,-0.0021243243423519445,-0.004448448642390362,784585,True,r_1m,0.0007248168499816259
769,-0.0008384146844911968,-0.001758186897987563,783213,True,r_1m,0.0007248201019792538
770,0.0035776647016907913,0.00751077393337968,781841,True,r_1m,0.0007248206085326078
771,0.0008230806072742554,0.001730191840884313,780469,True,r_1m,0.0007248298322035297
772,0.005091294903427507,0.01071520912276571,779097,True,r_1m,0.0007248303203906943
773,0.0009844872919331955,0.0020756524750967184,777725,True,r_1m,0.0007248489993374004
774,-0.002371057020696536,-0.005006202606967284,776354,True,r_1m,0.000724849697747161
775,-0.003680525854490654,-0.0077814716587581755,774983,True,r_1m,0.0007248537488441866
776,0.0021136024950991865,0.00447469263000384,773612,True,r_1m,0.0007248635100676724
777,-0.0014112586963433557,-0.002992393196486812,772241,True,r_1m,0.0007248667291141548
778,0.0022770049804610878,0.004837634880793882,770870,True,r_1m,0.0007248681642482753
779,-0.0020224549733491607,-0.004304937568131909,769499,True,r_1m,0.0007248719002377126
780,-0.0002150253893644983,-0.00045854461794025487,768128,True,r_1m,0.0007248748475991674
781,-0.000527579664243212,-0.001125964163828067,766757,True,r_1m,0.000724874880915276
782,-0.0016422792900074672,-0.00350811874152906,765386,True,r_1m,0.0007248750814782718
783,2.1211443656405044e-05,4.5363114448777874e-05,764015,True,r_1m,0.0007248770249046975
784,0.0017036619521059461,0.0036481817099131126,762644,True,r_1m,0.0007248770252288981
785,-0.0015973878068211214,-0.0034251739872354324,761273,True,r_1m,0.0007248791166414551
786,-0.00040092669099937807,-0.0008606875818501496,759902,True,r_1m,0.0007248809552632977
787,-0.00024701045152561115,-0.0005308653920497673,758531,True,r_1m,0.000724881071087959
788,0.00027227621511059026,0.0005859168990336986,757160,True,r_1m,0.0007248811150524158
789,0.002250101748991247,0.004847448094281756,755789,True,r_1m,0.0007248811684707611
790,-0.004370734204599062,-0.009432333191576218,754418,True,r_1m,0.0007248848166337091
791,0.0007496454233324889,0.0016195802685991703,753047,True,r_1m,0.0007248985815473472
792,-0.003861820081911449,-0.008354112713419584,751676,True,r_1m,0.000724898986470156
793,0.0030302349373090773,0.006565752935441152,750305,True,r_1m,0.0007249097323303429
794,-0.000469222907157473,-0.0010183583604968902,748934,True,r_1m,0.0007249163484677146
795,0.003844455088439944,0.008363154292482858,747564,True,r_1m,0.0007249165071061046
796,0.0010438599936693628,0.002274226753206693,746194,True,r_1m,0.0007249271562875902
797,-0.001558979905218884,-0.003399497141592594,744824,True,r_1m,0.0007249279413925603
798,0.003446020831016646,0.007521475421582363,743454,True,r_1m,0.0007249296925431498
799,0.0007281241237440936,0.0015911780082692958,742085,True,r_1m,0.0007249382486297075
800,0.0032390431952187184,0.007086132551629716,740716,True,r_1m,0.0007249386306157861
801,0.0010051462232070927,0.0022014026566316487,739347,True,r_1m,0.0007249461896758478
802,0.0031738128484529514,0.006958090477813972,737978,True,r_1m,0.0007249469176070321
803,0.00010254845199516292,0.00022504149528707257,736609,True,r_1m,0.0007249541751910203
804,-0.0008837137928451544,-0.0019415199528954666,735240,True,r_1m,0.0007249541827678144
805,-0.004465392445579043,-0.009821793681225809,733871,True,r_1m,0.000724954745433412
806,0.0005016674897541639,0.0011044558514108128,732502,True,r_1m,0.0007249691116328271
807,-0.0037834476605178922,-0.008341500335255707,731133,True,r_1m,0.000724969292954694
808,-0.0035773793283152815,-0.007897743062442751,729764,True,r_1m,0.0007249796060868729
809,0.002069582802238897,0.004577553180817434,728395,True,r_1m,0.0007249888262638818
810,0.0010516453409554654,0.002330121886618233,727026,True,r_1m,0.0007249919120882217
811,0.0012605242250768856,0.0027959996847186255,725657,True,r_1m,0.0007249927088766679
812,0.004579909674928531,0.010172007106312726,724288,True,r_1m,0.0007249938536150252
813,0.004262903516070143,0.009480177361007952,722919,True,r_1m,0.0007250089652967812
814,0.000575145006929365,0.0012809223379724828,721550,True,r_1m,0.000725022057162203
815,-0.0016275670487164405,-0.003630806685929725,720181,True,r_1m,0.0007250222954716403
816,0.0006757815654565188,0.0015094939202875517,718812,True,r_1m,0.0007250242038464172
817,-0.002334354235649552,-0.005223208477737164,717443,True,r_1m,0.000725024532847935
818,-0.000811663267634056,-0.0018184703579861654,716075,True,r_1m,0.0007250284585511797
819,0.0021219446802319035,0.004759750423934805,714707,True,r_1m,0.0007250289331584782
820,0.0024201614563495537,0.005438910250249957,713339,True,r_1m,0.0007250321769253163
821,-0.0020321996940747297,-0.004572701824280822,711971,True,r_1m,0.000725036396493018
822,-0.0006219926546703833,-0.0014014615587136423,710603,True,r_1m,0.0007250393716500128
823,0.0004099020088851368,0.0009247997117937669,709236,True,r_1m,0.0007250396503562332
824,-1.4392287201924263e-06,-3.252758607424354e-06,707869,True,r_1m,0.0007250397713982423
825,-0.0008680816548198873,-0.001965568827073067,706502,True,r_1m,0.0007250397713997346
826,-0.0006361102341572363,-0.0014425962569810298,705135,True,r_1m,0.0007250403142711667
827,0.0007790626152216604,0.0017694181949608311,703768,True,r_1m,0.0007250406057723669
828,0.0008900257460327686,0.0020243966311960385,702401,True,r_1m,0.0007250410430125747
829,-0.004256471503477476,-0.009698013389619047,701034,True,r_1m,0.000725041613676213
830,0.0019212160108283715,0.004384487702816111,699667,True,r_1m,0.0007250546654771647
831,0.002235242557389225,0.005108749282314258,698300,True,r_1m,0.0007250573244792062
832,-0.0025112691283003218,-0.0057484152115056366,696933,True,r_1m,0.0007250609237433252
833,0.0006075268037648333,0.0013933405992726552,695566,True,r_1m,0.0007250654668033927
834,0.0015425571136709196,0.003545248813166903,694199,True,r_1m,0.0007250657326869069
835,-0.00450344637027813,-0.01037340653842353,692832,True,r_1m,0.0007250674468116977
836,-0.0015809727639498096,-0.0036474600131979696,691465,True,r_1m,0.0007250820566373078
837,0.0024326114104704826,0.005620969106246458,690098,True,r_1m,0.0007250838571612609
838,0.0034146825921788524,0.007926873658888011,688731,True,r_1m,0.0007250881199498062
839,0.0014264112396347671,0.003320686377903818,687364,True,r_1m,0.0007250965192905522
840,-0.0005001223087719601,-0.0011689456711242636,685999,True,r_1m,0.0007250979849432417
841,0.0006219359820935087,0.0014545758301824341,684634,True,r_1m,0.0007250981651178252
842,-0.0007336360647048128,-0.0017170702691988238,683269,True,r_1m,0.0007250984437506652
843,-0.0025561606943608705,-0.005987537364158436,681904,True,r_1m,0.0007250988314562708
844,0.00523761838302367,0.012277101080017403,680539,True,r_1m,0.0007251035381453955
845,-0.00048600834587556074,-0.0011405940274516549,679174,True,r_1m,0.0007251232987207961
846,-0.0026306604935875406,-0.0061778661487277885,677809,True,r_1m,0.0007251234688635147
847,-0.002592635544116401,-0.006094407273472667,676444,True,r_1m,0.0007251284537351038
848,-0.0008906408925812552,-0.002095419470045929,675079,True,r_1m,0.0007251332955074834
849,-0.003030931155558492,-0.0071366312579493815,673714,True,r_1m,0.0007251338668875282
850,0.004554685883595247,0.010738548544479885,672349,True,r_1m,0.0007251404840195156
851,0.002889245336816137,0.006817899420975382,670985,True,r_1m,0.0007251554266844857
852,-0.0016276068473736341,-0.0038441417107295314,669621,True,r_1m,0.0007251614394430306
853,8.337006048792273e-05,0.00019715574611963978,668257,True,r_1m,0.000725163347544943
854,0.0014968552598529088,0.0035469845073044727,666893,True,r_1m,0.0007251633525513046
855,-0.0020461437862367114,-0.004856598965562009,665530,True,r_1m,0.0007251649663936556
856,-0.0006537969412812216,-0.0015531649217945507,664167,True,r_1m,0.0007251679819844203
857,-0.00010414436386351871,-0.0002475227858201928,662804,True,r_1m,0.0007251682898668322
858,0.0016716168283463573,0.003975772191441883,661441,True,r_1m,0.0007251682976789819
859,0.001669874614588119,0.003974479288206384,660078,True,r_1m,0.000725170310345773
860,0.0051284271430970625,0.012217776231144648,658715,True,r_1m,0.0007251723188138473
861,-0.006662114242782294,-0.01588130249603057,657352,True,r_1m,0.0007251912622742229
862,5.739372816429623e-05,0.00013692152260409918,655990,True,r_1m,0.0007252232291240593
863,0.001699709981896827,0.00405749471135786,654628,True,r_1m,0.000725223231496498
864,0.002277746405181664,0.00544152447170273,653266,True,r_1m,0.0007252253122236918
865,0.0011917656325182192,0.002849247309402502,651904,True,r_1m,0.0007252290488054677
866,0.00325863313523666,0.007796390282475746,650542,True,r_1m,0.0007252300717310525
867,-0.0035402742164058337,-0.008480319069226368,649180,True,r_1m,0.0007252377194279812
868,-0.0020120883455264343,-0.004823442946013907,647818,True,r_1m,0.0007252467461182752
869,-0.00200772254825653,-0.004809623847128647,646456,True,r_1m,0.0007252496618344972
870,0.0010291605824528437,0.0024176682705862288,645094,True,r_1m,0.0007252525648998512
871,0.0003070592850524864,0.0007209292166634559,643733,True,r_1m,0.000725253327706747
872,0.0019331284725530272,0.004535415247267131,642372,True,r_1m,0.0007252533956103067
873,0.0006470428910143142,0.0015181243227012679,641011,True,r_1m,0.000725256086951027
874,-0.000315437057983979,-0.0007404654181719158,639650,True,r_1m,0.0007252563884685045
875,0.003468706827641497,0.008143617278544292,638289,True,r_1m,0.0007252564601276569
876,-0.003526730689421711,-0.008280632896097345,636929,True,r_1m,0.0007252651253321059
877,-0.0007872395779357792,-0.0018485586851376182,635569,True,r_1m,0.0007252740827521759
878,-0.0023386554118016746,-0.005493692476366588,634209,True,r_1m,0.0007252745290752828
879,0.0015163583883225078,0.0035640988721647644,632849,True,r_1m,0.0007252784679003229
880,0.0010378190343769298,0.0024403258292932948,631490,True,r_1m,0.0007252801238085356
881,-0.002367164060175062,-0.005569012513803413,630131,True,r_1m,0.0007252808994751144
882,0.001026864644385552,0.0024166607778301577,628772,True,r_1m,0.0007252849348797862
883,-0.0020150815307830475,-0.0047448145064102965,627415,True,r_1m,0.0007252856942531196
884,-5.4317260987495526e-05,-0.0001280578419789503,626058,True,r_1m,0.0007252886184935823
885,-0.00038935119341699793,-0.0009187394188891033,624701,True,r_1m,0.0007252886206183071
886,0.001885620396230942,0.004452829694727458,623344,True,r_1m,0.0007252887297899758
887,0.0016414189333964011,0.0038779550901381155,621987,True,r_1m,0.0007252912903482416
888,-0.0016410013326499892,-0.0038791251638535694,620630,True,r_1m,0.0007252932306248953
889,-0.0015401991771751508,-0.0036435467781866155,619273,True,r_1m,0.0007252951699092189
890,-0.0015908641228583717,-0.0037652754429634934,617916,True,r_1m,0.0007252968782570528
891,-0.001985893695346517,-0.004702974913234896,616559,True,r_1m,0.0007252987008414399
892,-1.632167932743154e-05,-3.8681658450201126e-05,615202,True,r_1m,0.0007253015409312149
893,-0.0013226126980580301,-0.0031370440330522964,613845,True,r_1m,0.0007253015411230591
894,-0.001449938158658845,-0.003442094626728122,612488,True,r_1m,0.00072530280087264
895,-0.0022267736590385486,-0.005291683990972709,611131,True,r_1m,0.0007253043148416141
896,0.0015066088011618445,0.0035851320339034915,609774,True,r_1m,0.0007253078856672537
897,0.0006212255822309119,0.0014796540046956115,608417,True,r_1m,0.0007253095202839694
898,0.001777255317721877,0.004237807669333122,607060,True,r_1m,0.000725309798199634
899,-0.0035526432827290588,-0.00848285967893842,605703,True,r_1m,0.0007253120728426263
900,0.00017903732104228854,0.0004281098683787124,604346,True,r_1m,0.0007253211617860866
901,-0.00013296057060535284,-0.00031813918562860596,602989,True,r_1m,0.0007253211848692119
902,0.00377055153317296,0.009023741193499817,601632,True,r_1m,0.0007253211975999386
903,-0.001555900983974152,-0.0037258974247907045,600275,True,r_1m,0.0007253314355769633
904,-0.002509821892516847,-0.006013219678638178,598918,True,r_1m,0.0007253331788471904
905,-0.001709318415936583,-0.004097375513777594,597561,True,r_1m,0.000725337714969213
906,-0.0013562489218579296,-0.0032523754587743137,596204,True,r_1m,0.0007253398189553681
907,0.0028956419319792564,0.0069487138277047845,594847,True,r_1m,0.0007253411435247742
908,0.001089302232959644,0.0026156885217106947,593490,True,r_1m,0.0007253471813900447
909,-0.002917866995813538,-0.007012758251662637,592133,True,r_1m,0.0007253480358435352
910,-0.001464027544322436,-0.0035209463260735463,590776,True,r_1m,0.0007253541666913055
911,0.007187598040747378,0.017296767220459197,589419,True,r_1m,0.0007253557101170751
912,0.0018089151077815592,0.004355267800815083,588062,True,r_1m,0.0007253929101407906
913,0.0014447858960198183,0.0034802031601671285,586705,True,r_1m,0.000725395266275863
914,-2.553727609851314e-05,-6.15777690251338e-05,585348,True,r_1m,0.0007253967693127663
915,0.0016249531534408262,0.003921833952014057,583993,True,r_1m,0.0007253967697823482
916,-0.0015509926405373508,-0.0037457351483716306,582638,True,r_1m,0.0007253986710502996
917,-0.0007071067121354951,-0.001709498545842554,581284,True,r_1m,0.0007254004031784668
918,-0.0023578336278188457,-0.005703082684525592,579930,True,r_1m,0.0007254007632011324
919,0.005105867498014014,0.012355216819037552,578576,True,r_1m,0.0007254047661950697
920,0.003984368119955183,0.009647511263144391,577222,True,r_1m,0.0007254235373450971
921,0.0014582930676389624,0.0035334835380462794,575868,True,r_1m,0.0007254349677515257
922,-0.002735203352338842,-0.00663162395512692,574514,True,r_1m,0.0007254364989394749
923,-0.0007762092401238566,-0.0018828195680938929,573161,True,r_1m,0.0007254418855558785
924,8.897201677847488e-05,0.000215914878553003,571808,True,r_1m,0.0007254423193590109
925,-9.890242185889951e-05,-0.00024005960505412728,570455,True,r_1m,0.000725442325058577
926,-0.0015560223199964523,-0.0037795500112923035,569103,True,r_1m,0.0007254423321014327
927,0.0036842917733468754,0.008951591052219505,567751,True,r_1m,0.0007254440753770357
928,0.004156317926465329,0.010097073702682664,566399,True,r_1m,0.0007254538486266961
929,-0.0033315400910070687,-0.0080970292450401,565047,True,r_1m,0.0007254662863769701
930,0.000972889693007988,0.0023543369535274834,563696,True,r_1m,0.0007254742775086094
931,0.005179586997795998,0.012481936847289004,562345,True,r_1m,0.0007254749589724338
932,0.0025494022914744033,0.0061207230289857684,560994,True,r_1m,0.000725494274202261
933,6.149760665244662e-05,0.0001471942530011845,559643,True,r_1m,0.000725498953483818
934,0.0030197451207675395,0.007208484588807832,558292,True,r_1m,0.0007254989562066288
935,1.8265160922456132e-06,4.347240918069125e-06,556941,True,r_1m,0.0007255055212808981
936,0.002458265941479563,0.005834581605540024,555590,True,r_1m,0.0007255055212833
937,0.000722591006074294,0.0017112549746438048,554239,True,r_1m,0.0007255098719271055
938,0.0016496148835862398,0.0038979344065615635,552888,True,r_1m,0.0007255102478333054
939,0.0015613068100644948,0.003682153598867528,551537,True,r_1m,0.0007255122069432952
940,0.001818052648913721,0.004274516749810163,550186,True,r_1m,0.0007255139619108137
941,0.0002606526874779101,0.0006116440246852654,548836,True,r_1m,0.0007255163415123952
942,0.001923329847137314,0.0045042433262638785,547486,True,r_1m,0.0007255163904243506
943,-0.0009991275583332137,-0.002335978588072958,546136,True,r_1m,0.0007255190535848535
944,0.00048027788911731003,0.001121159216959004,544786,True,r_1m,0.0007255197722567506
945,0.002544337617838377,0.005927824095182249,543437,True,r_1m,0.0007255199383200676
946,0.0034048722816972083,0.007916170061943364,542088,True,r_1m,0.0007255245988634522
947,0.0009395900786100243,0.002180703861652845,540739,True,r_1m,0.0007255329449875181
948,-0.0033302138165157875,-0.007715125065633693,539390,True,r_1m,0.000725533580548666
949,0.0057785820131372664,0.013370850709363604,538041,True,r_1m,0.000725541564578534
950,0.004236803979664022,0.009782575235812455,536693,True,r_1m,0.0007255656032739755
951,-0.0024011431505382755,-0.00553371992052172,535345,True,r_1m,0.0007255785254012246
952,-0.004975353563315436,-0.011446509031319241,533997,True,r_1m,0.000725582675785091
953,0.005292241174888994,0.01215548076229067,532649,True,r_1m,0.0007256004952017681
954,0.0027379692822586624,0.006282667871559304,531301,True,r_1m,0.0007256206562670029
955,-0.004281966719237253,-0.009811351107762633,529953,True,r_1m,0.00072562605241329
956,0.001756654411936026,0.004018224968147228,528605,True,r_1m,0.000725639250396834
957,-0.0019027290913517572,-0.004347987013191431,527258,True,r_1m,0.0007256414716039436
958,-0.0027981181890910805,-0.006387814421839695,525911,True,r_1m,0.0007256440775706645
959,0.0003552633570686758,0.0008107199829613784,524565,True,r_1m,0.0007256497132281669
960,0.0037194815626776442,0.008431441324939205,523219,True,r_1m,0.0007256498040753781
961,0.001667740838470323,0.0037709215605823436,521873,True,r_1m,0.0007256597620859349
962,0.0008547089160290682,0.0019280098103123993,520527,True,r_1m,0.0007256617640731977
963,-0.00045047318194729264,-0.001014493663898392,519181,True,r_1m,0.000725662289896581
964,-0.0033427376466311173,-0.007516890387603995,517835,True,r_1m,0.0007256624359598808
965,0.0019265183158824744,0.00432247154001431,516489,True,r_1m,0.0007256704787245229
966,0.0034009157951328706,0.007615891471576337,515143,True,r_1m,0.0007256731501548597
967,0.001956153397503201,0.004370917720692751,513798,True,r_1m,0.0007256814751892589
968,-0.0016942308418956746,-0.003779356529973133,512453,True,r_1m,0.0007256842293975391
969,2.9076394492849285e-06,6.475148470563384e-06,511108,True,r_1m,0.0007256862954183297
970,0.006377660552198349,0.014163849291778512,509763,True,r_1m,0.0007256862954244148
971,-0.00234061119900731,-0.0051859382377033095,508418,True,r_1m,0.0007257155708315359
972,-0.00324370374002557,-0.007172299573153538,507073,True,r_1m,0.0007257195138495407
973,0.0009690637371742247,0.0021385236542502332,505728,True,r_1m,0.0007257270865210865
974,-0.0024121226827516873,-0.00531550158900722,504383,True,r_1m,0.0007257277624001193
975,-0.0026042374613361465,-0.00572912717567405,503038,True,r_1m,0.0007257319499656776
976,0.002975994865444971,0.006532112424196188,501693,True,r_1m,0.0007257368311059015
977,-0.0037876393944782714,-0.00829759486681302,500348,True,r_1m,0.0007257432052387089
978,0.006214848237836555,0.013578884391185412,499003,True,r_1m,0.0007257535302136459
979,-0.0009943428257111848,-0.0021698547467247165,497658,True,r_1m,0.0007257813274363144
980,-0.0007806948593653624,-0.0017001499978513744,496313,True,r_1m,0.0007257820389841626
981,-0.003451318392686884,-0.007504846667943147,494968,True,r_1m,0.0007257824776099044
982,0.0026294480305103967,0.005706873146917739,493623,True,r_1m,0.0007257910499389341
983,0.002612290101274859,0.0056602454476740735,492278,True,r_1m,0.0007257960256357573
984,0.0010142049331263716,0.002194177893746178,490933,True,r_1m,0.0007258009365751966
985,-0.005867262006069135,-0.012676337425015007,489588,True,r_1m,0.0007258016768134349
986,-0.0023062054421797125,-0.0049757231923666986,488243,True,r_1m,0.0007258264500876453
987,-0.0010370985068944953,-0.002234805207525871,486899,True,r_1m,0.0007258302774525818
988,0.00028083128939175816,0.0006042459677571378,485555,True,r_1m,0.0007258310514553786
989,0.0009531379772906863,0.0020473219043151076,484211,True,r_1m,0.0007258311082089571
990,0.002112122165328905,0.004526985561018499,482868,True,r_1m,0.0007258317619618131
991,-0.0030682527772929783,-0.006564293694182206,481525,True,r_1m,0.0007258349722126163
992,0.0009362767419710622,0.001999921123320035,480182,True,r_1m,0.000725841746758362
993,0.003939616587922092,0.008404174255094796,478839,True,r_1m,0.0007258423775764863
994,-0.001440990967380586,-0.0030700491997706168,477496,True,r_1m,0.0007258535462109471
995,0.0007089160102345301,0.0015088516841112365,476153,True,r_1m,0.0007258550404183752
996,-0.0008695983243301355,-0.0018474971700138047,474811,True,r_1m,0.0007258554020591477
997,-0.002791141115668684,-0.0059213286432762335,473469,True,r_1m,0.0007258559462170448
998,0.00159103352656796,0.0033697854608057084,472127,True,r_1m,0.0007258615521680343
999,0.0014042991993460923,0.0029714981669145602,470785,True,r_1m,0.0007258633737224461
1000,-0.0018954336069413342,-0.004004423629126921,469444,True,r_1m,0.000725864792785892
1001,-0.0014281550146208813,-0.003013334322032927,468104,True,r_1m,0.0007258673780116351
1002,-0.00013093132950228116,-0.00027603414193525276,466765,True,r_1m,0.000725868845689703
1003,-0.0010984670233844362,-0.002313297803894244,465427,True,r_1m,0.0007258688580254888
1004,-0.0020701783236449674,-0.004355672290850335,464089,True,r_1m,0.000725869726292793
1005,-0.0051016193513158834,-0.010721891246022346,462751,True,r_1m,0.0007258728101462433
1006,0.003338767630007768,0.007005984705701328,461414,True,r_1m,0.0007258915379907736
1007,0.003513995641068749,0.007363280589046272,460077,True,r_1m,0.0007258995591304574
1008,0.0007730048465308837,0.001617699646160791,458740,True,r_1m,0.0007259084442048904
1009,-0.0014633330037381548,-0.0030595118108572615,457403,True,r_1m,0.0007259088741571945
1010,0.0011335997720569614,0.002365790304694072,456066,True,r_1m,0.0007259104149406018
1011,0.0019552330807365743,0.004075097967045842,454729,True,r_1m,0.0007259113395834604
1012,0.0014496021431103234,0.003017580706435532,453393,True,r_1m,0.000725914090329482
1013,0.001178511750872911,0.0024500371092093464,452058,True,r_1m,0.0007259156023225157
1014,0.0037146524162355163,0.007717493587126407,450723,True,r_1m,0.0007259166016762244
1015,-0.005064754469112452,-0.010514824279135006,449388,True,r_1m,0.0007259265301956647
1016,-0.005645125535945207,-0.011709807471295668,448053,True,r_1m,0.00072594498699655
1017,-0.004105156878663014,-0.00850848764424332,446718,True,r_1m,0.0007259679154342334
1018,-0.0025339419856764685,-0.005246372926848323,445383,True,r_1m,0.0007259800402817839
1019,-0.003773353484274088,-0.007810125091936264,444048,True,r_1m,0.0007259846598894857
1020,0.0021314572447764272,0.004402531075099397,442713,True,r_1m,0.0007259949037179798
1021,0.0010396573279511222,0.002143730336016499,441378,True,r_1m,0.000725998172278459
1022,-0.0034061539421105847,-0.007014686416697669,440043,True,r_1m,0.0007259989499254612
1023,0.0020391643276758188,0.004192744241054121,438708,True,r_1m,0.0007260072968767523
1024,0.0008373402224059261,0.0017197548743460099,437373,True,r_1m,0.000726010288455187
1025,-0.0014075641245342965,-0.0028863723536338014,436038,True,r_1m,0.0007260107928827447
1026,0.0005887248874882801,0.001205065834669761,434704,True,r_1m,0.0007260122182628705
1027,0.0013067260651874284,0.002672152188938001,433370,True,r_1m,0.0007260124676181745
1028,-0.002055636036526176,-0.004199680248511949,432036,True,r_1m,0.0007260136960823211
1029,0.004781600713539571,0.009760970495544504,430702,True,r_1m,0.0007260167361590583
1030,0.00441267347580634,0.00899829769529013,429368,True,r_1m,0.0007260331849085842
1031,-0.0064475231664482624,-0.013133698821511221,428035,True,r_1m,0.0007260471930574132
1032,-8.177605347635573e-05,-0.00016642678095490527,426703,True,r_1m,0.000726077098473667
1033,0.002991436526748717,0.006084218605489637,425371,True,r_1m,0.0007260771032843572
1034,0.0029920956642761043,0.006074000906598522,424039,True,r_1m,0.0007260835407176504
1035,0.001862551867662638,0.0037759682014145697,422711,True,r_1m,0.000726089980931012
1036,0.0010756900447264637,0.0021779540486957516,421384,True,r_1m,0.000726092476464401
1037,0.0006412934433919368,0.0012971530024086483,420058,True,r_1m,0.0007260933088411434
1038,-0.00279077731073146,-0.005641219685353566,418732,True,r_1m,0.0007260936046825104
1039,-0.0027024617921928215,-0.005459599805539019,417406,True,r_1m,0.0007260992073378137
1040,-0.005205787282475658,-0.01049986291891024,416082,True,r_1m,0.0007261044609669919
1041,0.003627886373246643,0.007308629283033212,414758,True,r_1m,0.0007261239551808199
1042,-0.0009240868290233282,-0.0018600317638571466,413434,True,r_1m,0.0007261334225994442
1043,-0.0018679615098971523,-0.003756261912851399,412110,True,r_1m,0.0007261340368517195
1044,0.0014445897783206848,0.002903976499542405,410786,True,r_1m,0.0007261365467500253
1045,-0.0010680748280827517,-0.0021454258675106036,409463,True,r_1m,0.0007261380478449435
1046,0.004513619767780745,0.009054019899618626,408140,True,r_1m,0.000726138868426488
1047,0.005571152656197553,0.011168690997547808,406817,True,r_1m,0.0007261535226799668
1048,0.002302321918927754,0.004612253162086756,405495,True,r_1m,0.0007261758477493414
1049,-0.0026225834631372225,-0.005250305742317661,404173,True,r_1m,0.0007261796603996999
1050,-0.0042711062418012615,-0.008543302143482196,402851,True,r_1m,0.0007261846075021118
1051,0.0037623315014602135,0.0075154442565191,401529,True,r_1m,0.0007261977285224965
1052,-0.002937453675584844,-0.005862173340944839,400207,True,r_1m,0.0007262079096062769
1053,-0.0012905229137991142,-0.002573733909044462,398885,True,r_1m,0.0007262141156816573
1054,0.0004885798446907421,0.0009737407216741165,397563,True,r_1m,0.0007262153135365738
1055,-0.0004917683586558143,-0.000979190963384152,396241,True,r_1m,0.0007262154852259665
1056,0.0007805043243409785,0.0015526404239548093,394920,True,r_1m,0.0007262156591635494
1057,0.005004747267007959,0.009955230633429927,393599,True,r_1m,0.0007262160973134433
1058,0.0027628367544272024,0.005490868335636,392278,True,r_1m,0.0007262341121724849
1059,-0.003003230026395897,-0.005965182611266988,390957,True,r_1m,0.0007262396021426938
1060,0.0013576676684116712,0.0026941500652420593,389636,True,r_1m,0.0007262460889821815
1061,0.002421572768090172,0.004800926571606458,388315,True,r_1m,0.0007262474146678846
1062,-0.0008059400495905166,-0.0015962911292300953,386995,True,r_1m,0.0007262516320894249
1063,0.003945091021386838,0.0078084227971470035,385675,True,r_1m,0.0007262520992390862
1064,-0.005498176274321007,-0.010876599057847427,384355,True,r_1m,0.0007262632926161032
1065,-0.004045896309936619,-0.007998953737468173,383035,True,r_1m,0.0007262850333674202
1066,0.0022472164855653893,0.004438958607791611,381715,True,r_1m,0.000726296805542331
1067,-0.0002002354816071376,-0.00039530336725624674,380395,True,r_1m,0.0007263004372629236
1068,0.00033296157863119585,0.0006570961663202618,379076,True,r_1m,0.0007263004660968366
1069,0.003865082941615817,0.007630206422658555,377757,True,r_1m,0.0007263005458246257
1070,0.0009141710961843444,0.0018030739346612812,376438,True,r_1m,0.0007263112890794589
1071,-0.0004993434716434963,-0.0009839916575928604,375119,True,r_1m,0.0007263118900730235
1072,0.0015374603028403613,0.003027915081889359,373800,True,r_1m,0.000726312069386681
1073,-0.0012236591169321519,-0.0024085802758785006,372481,True,r_1m,0.000726313769280822
1074,-0.0012125145101306452,-0.0023857552793678017,371163,True,r_1m,0.0007263148460785367
1075,0.0013844776594170126,0.002723036188303366,369845,True,r_1m,0.0007263159033499153
1076,0.0024223362271784967,0.004759674393409565,368527,True,r_1m,0.000726317281776888
1077,-0.0018506907159041304,-0.003634029836747235,367209,True,r_1m,0.0007263215014521843
1078,-0.0004201218765961401,-0.0008245699739277687,365891,True,r_1m,0.0007263239645172206
1079,0.0011187461188407195,0.002195908132257029,364573,True,r_1m,0.0007263240914453869
1080,0.0003957053104132622,0.0007767914112933053,363264,True,r_1m,0.0007263249915027493
1081,-0.0017464823551995078,-0.0034237680347180156,361956,True,r_1m,0.0007263251041059046
1082,-0.003190075982180249,-0.0062473484369914385,360648,True,r_1m,0.0007263272975901418
1083,-0.007787749273838758,-0.01523901613174968,359340,True,r_1m,0.0007263346158078355
1084,-0.0037887130725171047,-0.007411096728422044,358032,True,r_1m,0.0007263782284065325
1085,0.00204255653199237,0.003991967492696907,356724,True,r_1m,0.0007263885502044621
1086,-0.00243932491517905,-0.004763841075722981,355416,True,r_1m,0.0007263915501689101
1087,-0.001748553898881087,-0.0034124216089297917,354108,True,r_1m,0.000726395828802189
1088,0.0006320355061147977,0.0012323153093093753,352800,True,r_1m,0.000726398027278918
1089,-0.003047838824580957,-0.0059435725862882665,351492,True,r_1m,0.0007263983145196568
1090,0.0009150363128601313,0.001782878049432163,350184,True,r_1m,0.0007264049940356402
1091,0.0008085705598205332,0.001574620035608908,348877,True,r_1m,0.0007264055960896887
1092,-0.0003920865304301072,-0.0007629975967087478,347570,True,r_1m,0.000726406066194127
1093,0.0025666365683691336,0.0049927653465112005,346263,True,r_1m,0.0007264061767348178
1094,-0.0004632962683051183,-0.0009011265061121972,344956,True,r_1m,0.0007264109135412181
1095,0.0005240239534401511,0.0010187544156267775,343650,True,r_1m,0.0007264110678792728
1096,-0.0004923590037052146,-0.0009571718020432652,342344,True,r_1m,0.0007264112653294786
1097,-0.0023074748259867463,-0.0044831958995917185,341038,True,r_1m,0.0007264114396381407
1098,-0.0008970048475183754,-0.0017423279377632248,339732,True,r_1m,0.0007264152681319398
1099,0.00368409226753314,0.007156491426560581,338426,True,r_1m,0.000726415846683764
1100,0.0028118912520741467,0.005461554749761514,337120,True,r_1m,0.0007264256058023223
1101,0.00027349722429008156,0.0005310935703886394,335814,True,r_1m,0.00072643129095355
1102,0.004120154093741024,0.007997347150421934,334508,True,r_1m,0.0007264313447370562
1103,0.0006083370070609313,0.0011804615467515293,333203,True,r_1m,0.0007264435505446051
1104,0.0015402821887780043,0.002988277879348321,331898,True,r_1m,0.000726443816632027
1105,-0.003600212734151533,-0.00698298603765439,330593,True,r_1m,0.0007264455224625043
1106,-0.0011837950857321196,-0.0022963457835014005,329288,True,r_1m,0.0007264548418702687
1107,-0.006489667129968018,-0.012587143188493133,327983,True,r_1m,0.0007264558494559
1108,0.005730635980430555,0.011111797536468711,326678,True,r_1m,0.0007264861300499225
1109,0.0006554925667652387,0.0012717014608074242,325373,True,r_1m,0.0007265097407619363
1110,0.0003961209068798138,0.0007683921703427893,324068,True,r_1m,0.0007265100496718403
1111,-0.0020630972670269837,-0.003999086833951922,322763,True,r_1m,0.0007265101624829038
1112,-0.002750999568827478,-0.0053306083126833945,321458,True,r_1m,0.0007265132225758886
1113,0.0008099771967962693,0.0015687461503960376,320153,True,r_1m,0.0007265186635131676
1114,0.006760684911834542,0.013095129649258715,318848,True,r_1m,0.0007265191351812541
1115,0.005576188381236182,0.01079953595746259,317543,True,r_1m,0.0007265519947861307
1116,-0.0029806307040643127,-0.005769676598267542,316238,True,r_1m,0.0007265743479662775
1117,0.002807765608998642,0.005433115823499192,314933,True,r_1m,0.0007265807346027417
1118,0.0019115451461141388,0.0036990201174496315,313628,True,r_1m,0.0007265864018733778
1119,-0.0029586831853170292,-0.00572486525521201,312323,True,r_1m,0.0007265890286242926
1120,0.005059328511700664,0.009790788304947463,311018,True,r_1m,0.0007265953214258232
1121,0.002211556615719751,0.004279748988225425,309713,True,r_1m,0.0007266137217505593
1122,-0.0006086373312817501,-0.0011784593714652244,308408,True,r_1m,0.00072661723759217
1123,-0.004374992314332562,-0.008472855843652894,307103,True,r_1m,0.0007266175038787141
1124,-0.000947363989929792,-0.0018357398218307658,305798,True,r_1m,0.00072663126273852
1125,0.0013113678650061732,0.002539274878182507,304493,True,r_1m,0.0007266319078834637
1126,-0.00410790430326958,-0.007953832963535978,303188,True,r_1m,0.0007266331440359995
1127,-0.007512550813264814,-0.014537638651281637,301883,True,r_1m,0.0007266452740033315
1128,0.0042291305952810564,0.008185038710712873,300578,True,r_1m,0.0007266858414891374
1129,-0.004512358323829412,-0.008734953809390027,299273,True,r_1m,0.0007266986970040542
1130,0.000706995969769322,0.0013683261571514431,297968,True,r_1m,0.0007267133317850696
1131,0.004433235915782727,0.008580900879528246,296663,True,r_1m,0.0007267136910447385
1132,0.0011065287846286416,0.00214198500999898,295358,True,r_1m,0.000726727816808763
1133,-0.0006798855306115385,-0.0013167968114252662,294053,True,r_1m,0.0007267286968260611
1134,0.0036424389391289894,0.007055881096399106,292748,True,r_1m,0.000726729029054658
1135,-0.0024799190878300337,-0.004807176117625178,291444,True,r_1m,0.0007267385646327388
1136,-0.005276455229163993,-0.010229685392025182,290140,True,r_1m,0.0007267429847451995
1137,0.003198098376824667,0.006199834104995952,288837,True,r_1m,0.0007267629942118211
1138,0.0012614042878970888,0.002446697672825058,287534,True,r_1m,0.0007267703448739362
1139,-0.005328212746569553,-0.010365306795477446,286231,True,r_1m,0.0007267714884074319
1140,0.0033275142139984016,0.006471914040365564,284968,True,r_1m,0.000726791891545144
1141,-0.0011498452641976532,-0.002233320490587746,283705,True,r_1m,0.0007267998488356154
1142,0.0010718443062928175,0.002077627315633252,282442,True,r_1m,0.0007268007990060515
1143,-0.001446827168599003,-0.002803147802818697,281179,True,r_1m,0.0007268016246362926
1144,0.0027457932430462943,0.005317917564088932,279916,True,r_1m,0.0007268031290067487
1145,-0.002317542348934146,-0.0044871284845800176,278653,True,r_1m,0.0007268085472073582
1146,0.001721676027627545,0.0033310181528174317,277390,True,r_1m,0.000726812407071356
1147,0.0014662191064301392,0.0028364579319926104,276127,True,r_1m,0.0007268145372583079
1148,-0.0027838457339466336,-0.005387124615565363,274864,True,r_1m,0.000726816082197912
1149,-0.001599320488432262,-0.003096439865443758,273601,True,r_1m,0.0007268216515152218
1150,-0.0035128138684964753,-0.006802211777589527,272338,True,r_1m,0.0007268234896629867
1151,0.0005603671672614156,0.0010854930707223421,271075,True,r_1m,0.0007268323574753981
1152,-0.0003738909287113176,-0.0007244925771604653,269812,True,r_1m,0.0007268325831324273
1153,0.0032647999744179505,0.006329742122449337,268549,True,r_1m,0.000726832683592448
1154,-0.004664272698246675,-0.00905465168387782,267286,True,r_1m,0.000726840343336257
1155,0.0019387720421886099,0.00376656106267451,266023,True,r_1m,0.0007268559770442478
1156,5.851209853861239e-05,0.00011362086948434649,264760,True,r_1m,0.0007268586781534834
1157,0.007106193560281479,0.01380022789307354,263497,True,r_1m,0.0007268586806137331
1158,-0.0017802600303555255,-0.003456314553403161,262234,True,r_1m,0.0007268949676139696
1159,0.0017399496069776094,0.0033629775462769955,260971,True,r_1m,0.0007268972449775138
1160,0.0025194068836554345,0.004871050684051641,259708,True,r_1m,0.0007268994203693375
1161,-0.006436217260967307,-0.01243827746949952,258445,True,r_1m,0.0007269039813555795
1162,0.0028065097292383034,0.005425245624801916,257182,True,r_1m,0.0007269337468620197
1163,0.004107470431445482,0.007939662542251823,255919,True,r_1m,0.0007269394063143586
1164,-0.005055097576190219,-0.009779575487030496,254656,True,r_1m,0.000726951528610307
1165,-0.0020043330356490576,-0.0038772923990556996,253393,True,r_1m,0.0007269698891723508
1166,0.0033470510993342463,0.006472467912433806,252130,True,r_1m,0.0007269727755975554
1167,0.0003922975685566882,0.0007585627377578718,250867,True,r_1m,0.0007269808245981237
1168,-0.00685825501121693,-0.01323329730765505,249604,True,r_1m,0.0007269809351703537
1169,-0.00015342149611836904,-0.00029609901969933816,248341,True,r_1m,0.0007270147285764557
1170,-0.005090920271112953,-0.009822483258801022,247078,True,r_1m,0.000727014745487368
1171,0.006298253005755437,0.012132600956387825,245815,True,r_1m,0.000727033365571303
1172,0.0037477576910393186,0.0072150797509870565,244552,True,r_1m,0.0007270618636233525
1173,-0.007921798011230748,-0.015247181757013124,243289,True,r_1m,0.0007270719539785235
1174,-0.0002890349196685274,-0.0005564582878417612,242026,True,r_1m,0.0007271170350777527
1175,0.0077933695664176485,0.015001603091454041,240763,True,r_1m,0.000727117095089202
1176,0.00030906426271199626,0.0005944589024299069,239500,True,r_1m,0.0007271607236595592
1177,0.0003715658732481155,0.0007145129492052254,238237,True,r_1m,0.0007271607922723321
1178,0.003885484840514448,0.00747013932639445,236974,True,r_1m,0.0007271608914420272
1179,0.000218983638169657,0.00042106139429822577,235711,True,r_1m,0.0007271717355669034
1180,0.0011486155542704873,0.0022087799942975806,234448,True,r_1m,0.0007271717700117423
1181,-0.001203940938558468,-0.002315900489261616,233185,True,r_1m,0.0007271727176659967
1182,-0.00047114497592657957,-0.0009068498481752384,231922,True,r_1m,0.0007271737588087998
1183,0.003871185859888432,0.007445135295838138,230659,True,r_1m,0.0007271739182529928
1184,9.547095830051749e-05,0.00018388479961978013,229396,True,r_1m,0.0007271846825175157
1185,-0.003980918293081103,-0.0076794951059758,228133,True,r_1m,0.000727184689064415
1186,0.00232834774398595,0.004486944624852794,226870,True,r_1m,0.0007271960720510672
1187,-0.0024513276639915615,-0.0047217372905325765,225607,True,r_1m,0.0007271999659154734
1188,-0.0026272417740343676,-0.00505740881360308,224344,True,r_1m,0.000727204281955048
1189,0.0002595890200396587,0.0004998428397664694,223081,True,r_1m,0.0007272092396522488
1190,-0.0016005060779460548,-0.003081410578023408,221818,True,r_1m,0.0007272092880528838
1191,0.0009283475355895633,0.0017866262122750544,220555,True,r_1m,0.0007272111279456544
1192,-0.004314251479400077,-0.00830738285563641,219292,True,r_1m,0.0007272117469565608
1193,0.004138749239318476,0.00797268611933765,218029,True,r_1m,0.0007272251154928701
1194,-0.003159004277751939,-0.006088557272314453,216767,True,r_1m,0.000727237418279983
1195,0.004509973998913293,0.008694850561335638,215505,True,r_1m,0.0007272445856511541
1196,0.0021985276527137767,0.004238913725661089,214243,True,r_1m,0.0007272591939969888
1197,-0.0002965129926813535,-0.0005720762305511918,212981,True,r_1m,0.0007272626654511274
1198,0.0014416394023499884,0.002784272755956519,211719,True,r_1m,0.0007272627285954004
1199,0.005825195749210597,0.011259536081815125,210457,True,r_1m,0.0007272642212500388
1200,-0.0044940646347855565,-0.008664475842553887,209195,True,r_1m,0.0007272885914657351
1201,-0.006281081420798219,-0.012065376266467358,207933,True,r_1m,0.00072730309605205
1202,0.00038753280157086584,0.0007431212345000337,206671,True,r_1m,0.0007273314284135877
1203,0.010719238170822348,0.020542444342467117,205410,True,r_1m,0.0007273315362641401
1204,-0.003344320158499016,-0.0064095043082689354,204149,True,r_1m,0.0007274140466491688
1205,-0.0025350951350610936,-0.004856770568639037,202888,True,r_1m,0.0007274220776456702
1206,0.0005938596036080231,0.0011358080031250747,201627,True,r_1m,0.000727426692292746
1207,-0.003182749377028433,-0.006074212981922472,200366,True,r_1m,0.0007274269455232874
1208,0.005452920795138864,0.010403131238387443,199105,True,r_1m,0.0007274342191523966
1209,0.0010422477929164769,0.0019876652102043865,197844,True,r_1m,0.0007274555690650759
1210,-0.006224925495833948,-0.01188332456326407,196583,True,r_1m,0.0007274563490264333
1211,-0.0011215978456528438,-0.0021406781351311936,195322,True,r_1m,0.0007274841711897903
1212,0.001364383024306691,0.002604412357271456,194061,True,r_1m,0.0007274850743989621
1213,-0.003573615601387702,-0.006829056741996931,192800,True,r_1m,0.0007274864109512452
1214,-0.00200369087284327,-0.003835339223627887,191539,True,r_1m,0.0007274955800335845
1215,0.005267913377139594,0.0100986191900593,190278,True,r_1m,0.0007274984625251448
1216,-0.004042891258746251,-0.007741116880468299,189017,True,r_1m,0.0007275183865487354
1217,0.004951414042194289,0.009483216498329328,187756,True,r_1m,0.0007275301213156688
1218,0.00828765550955128,0.01586220912587087,186495,True,r_1m,0.0007275477224265898
1219,0.0030719283642662853,0.005879335039285585,185235,True,r_1m,0.0007275970312912515
1220,0.0009615292818743073,0.00183959037214495,183975,True,r_1m,0.0007276038056322178
1221,0.0041938705221181705,0.008017278507181733,182715,True,r_1m,0.0007276044693259146
1222,-0.004034602090100437,-0.007709097161282425,181455,True,r_1m,0.0007276170954116628
1223,-0.0016921333570601455,-0.0032287378575613155,180195,True,r_1m,0.0007276287805231635
1224,0.0012771097660795347,0.0024369805859672813,178935,True,r_1m,0.0007276308359239362
1225,0.0021190296306405217,0.004042057389651487,177675,True,r_1m,0.0007276320067242523
1226,-0.0067505843612392265,-0.012866173779327422,176415,True,r_1m,0.0007276352300123674
1227,-0.00010666619786369323,-0.00020319370719698316,175155,True,r_1m,0.0007276679412579748
1228,0.000124786037021374,0.00023786370448343648,173895,True,r_1m,0.0007276679494248931
1229,-0.005034711275815123,-0.009609315910476982,172636,True,r_1m,0.0007276679606021842
1230,0.002137486348309155,0.004070694714453075,171377,True,r_1m,0.0007276861554438927
1231,0.006397351422015966,0.0121577827612695,170118,True,r_1m,0.0007276894348819509
1232,-0.003375582249080255,-0.006403450561574736,168860,True,r_1m,0.0007277188102559874
1233,-0.0058215557626143085,-0.011037074376402809,167602,True,r_1m,0.0007277269886715024
1234,-0.0026540035510938006,-0.00502250765116654,166344,True,r_1m,0.0007277513129634827
1235,-0.0006227763224866991,-0.001175659052615693,165086,True,r_1m,0.0007277563683727146
1236,0.0010623632941821485,0.0019971751837722846,163828,True,r_1m,0.0007277566467385369
1237,0.003930112580187796,0.007381334414156051,162570,True,r_1m,0.0007277574567618448
1238,0.0014086937361620273,0.00263874589968015,161312,True,r_1m,0.0007277685423268922
1239,-0.0030059473984001567,-0.005628039389930625,160054,True,r_1m,0.0007277699665475695
1240,5.601744110913428e-05,0.00010472474812132172,158797,True,r_1m,0.0007277764514659274
1241,-0.004036682825698299,-0.007532719214220125,157540,True,r_1m,0.0007277764537180207
1242,-0.007207046225808758,-0.013431713376780417,156283,True,r_1m,0.0007277881483238442
1243,0.002580476546833891,0.004805936470576449,155026,True,r_1m,0.0007278254249276923
1244,0.0002567837747339931,0.0004784894997287602,153769,True,r_1m,0.0007278302036193431
1245,-6.89621915231435e-05,-0.0001285656546495504,152512,True,r_1m,0.0007278302509391424
1246,0.008962355635586788,0.016690247918631152,151255,True,r_1m,0.0007278302543520916
1247,0.0006577875841466102,0.0012224177425128272,149998,True,r_1m,0.0007278878957983704
1248,-0.006406801462349935,-0.011902160376436268,148741,True,r_1m,0.0007278882062861972
1249,-0.0015091596721241703,-0.002801307079300702,147484,True,r_1m,0.000727917660462806
1250,0.0025413896357108124,0.004712211746187315,146227,True,r_1m,0.0007279192947390326
1251,0.003097683155461832,0.005731190352830794,144970,True,r_1m,0.0007279239291625484
1252,-0.0038329076780692214,-0.007092266492558171,143714,True,r_1m,0.0007279308144767291
1253,0.0027463911413102325,0.005073371802809323,142458,True,r_1m,0.0007279413559495327
1254,0.010772856395232596,0.019898596698362494,141202,True,r_1m,0.0007279467680343656
1255,-0.005521139640778521,-0.010210986861744752,139946,True,r_1m,0.0007280300354537147
1256,0.0011792087601819414,0.0021979199255677748,138690,True,r_1m,0.0007280519049845971
1257,0.0054351161884423,0.01013419262365287,137434,True,r_1m,0.0007280529025849121
1258,0.003972516745848008,0.007424096303781109,136178,True,r_1m,0.0007280740952820013
1259,-0.008592174214161226,-0.016096285301041888,134923,True,r_1m,0.0007280854164267069
1260,0.0007877982473322705,0.001473576854120614,133669,True,r_1m,0.0007281383761668502
1261,0.0001102723795366919,0.00020582844092366492,132417,True,r_1m,0.0007281388213654512
1262,0.003886005592262842,0.007226521489157519,131166,True,r_1m,0.0007281388300882755
1263,0.0031092670175076093,0.005765020920711422,129915,True,r_1m,0.0007281496625520257
1264,0.0077714077886620455,0.014382503474302482,128664,True,r_1m,0.0007281565973073604
1265,-0.0014728649023098407,-0.002721564159469973,127413,True,r_1m,0.0007281999184110956
1266,0.0008032515863133514,0.001479321527351069,126162,True,r_1m,0.0007282014744217293
1267,-0.003618022437231104,-0.0066579275330228265,124911,True,r_1m,0.00072820193721743
1268,-0.00645256179285636,-0.011865633493340464,123660,True,r_1m,0.0007282113263550759
1269,0.0048301753764180945,0.008868015880304931,122410,True,r_1m,0.0007282411895200953
1270,0.006427280584186448,0.011776003886173855,121160,True,r_1m,0.0007282579228893461
1271,0.001733000984853329,0.003171530077418199,119910,True,r_1m,0.0007282875506133854
1272,-0.00430901970107625,-0.007873007224946337,118660,True,r_1m,0.0007282897045450197
1273,0.005025379014477739,0.009168048065987046,117410,True,r_1m,0.0007283030209392048
1274,-0.00737751645145195,-0.013448143246762944,116161,True,r_1m,0.0007283211325866723
1275,-0.00583278792900193,-0.010610917016192602,114912,True,r_1m,0.000728360164842236
1276,-0.001661797845679538,-0.0030103744655387062,113663,True,r_1m,0.0007283845618597486
1277,-0.009124961030018868,-0.01648119704745594,112415,True,r_1m,0.0007283865421683991
1278,-0.005163128477662954,-0.009300798905092913,111167,True,r_1m,0.0007284462484669716
1279,-0.0005385243286154785,-0.0009682230860434534,109919,True,r_1m,0.0007284653628585693
1280,-0.009378706611884622,-0.016789086425066362,108671,True,r_1m,0.0007284655707992739
1281,0.0007223683428294942,0.0012899878323752658,107423,True,r_1m,0.0007285286368876544
1282,-0.005895380581578571,-0.010504431225003713,106175,True,r_1m,0.0007285290110055607
1283,0.0013513564848358496,0.0024034673635192905,104927,True,r_1m,0.0007285539286646442
1284,0.003670998363678721,0.00653080131874195,103679,True,r_1m,0.0007285552378935625
1285,-0.0062227106684511315,-0.01104262573275621,102431,True,r_1m,0.0007285648993108772
1286,0.003645361784203656,0.006450925881872683,101183,True,r_1m,0.0007285926593787212
1287,0.003366350471594018,0.005938923557017709,99935,True,r_1m,0.0007286021858369206
1288,-0.007029763571657381,-0.012360925327575498,98687,True,r_1m,0.0007286103097186105
1289,-0.0058827689777653175,-0.010332285961902124,97439,True,r_1m,0.000728645735006799
1290,-0.0013524803213262686,-0.002364074729463364,96192,True,r_1m,0.0007286705421978343
1291,0.0036824254939761708,0.006409781713390723,94945,True,r_1m,0.0007286718533953875
1292,0.0067394547235317,0.011662609882771319,93699,True,r_1m,0.0007286815734984622
1293,0.0007007126022399486,0.0012062715015526324,92453,True,r_1m,0.0007287141301592675
1294,0.00020552806939935176,0.00035304865364262035,91207,True,r_1m,0.0007287144820925863
1295,0.004319548598637762,0.007396596940867161,89961,True,r_1m,0.0007287145123702737
1296,0.0017719045789324108,0.0030222006863351303,88715,True,r_1m,0.0007287278861186978
1297,-0.004334547363386784,-0.00735764899398207,87469,True,r_1m,0.0007287301364809039
1298,-0.0036785278303501845,-0.006228981150175587,86224,True,r_1m,0.0007287436029762982
1299,0.021930026222356312,0.03710398260041598,84979,True,r_1m,0.0007287533015589409
1300,0.0014214966366576968,0.002394441373793294,83734,True,r_1m,0.0007290979155598326
1301,0.010224681394300368,0.017216412675718988,82489,True,r_1m,0.0007290993631419493
1302,-0.004165433363280438,-0.006975086802179768,81244,True,r_1m,0.0007291742539245926
1303,-0.014508358980213314,-0.0242287891690384,79999,True,r_1m,0.0007291866825523035
1304,0.0009220095580431318,0.001536348435853258,78754,True,r_1m,0.0007293374441695995
1305,0.009567992406134287,0.015806569584926523,77509,True,r_1m,0.0007293380529770776
1306,-0.01300234138001057,-0.02131608090950709,76264,True,r_1m,0.0007294036117892334
1307,-0.008286946995004395,-0.013519334138103627,75019,True,r_1m,0.0007295246651933243
1308,0.004698347915168483,0.0076122960375194495,73774,True,r_1m,0.0007295738320372744
1309,0.0062075935154224824,0.010010699656767428,72529,True,r_1m,0.0007295896355713986
1310,-0.01471748292867304,-0.022187004617219265,71284,True,r_1m,0.0007296172221283005
1311,0.011953888887075671,0.017813778310402706,70039,True,r_1m,0.0007297722692421664
1312,0.0015210707969511756,0.002247273019293715,68794,True,r_1m,0.0007298745369372106
1313,0.0016684212424472862,0.0024457353018853345,67549,True,r_1m,0.0007298761926613305
1314,-0.008078097174765125,-0.011401397081454667,66304,True,r_1m,0.0007298781847077522
1315,0.00499779169017214,0.006848283110019904,65059,True,r_1m,0.0007299248819995405
1316,0.014168049580653656,0.01915565029769785,63814,True,r_1m,0.0007299427555421386
1317,0.0010606956600497028,0.0014255637837115019,62569,True,r_1m,0.0007300863793488606
1318,-0.00020013772068033095,-0.000267112972948296,61324,True,r_1m,0.000730087184254411
1319,-0.005838069604874691,-0.007536171424341769,60079,True,r_1m,0.0007300872129107687
1320,-0.003376276512607109,-0.004194537939711986,58834,True,r_1m,0.0007301115963165958
1321,0.007901624723537599,0.00909468016662886,57589,True,r_1m,0.0007301197512828334
1322,-0.0035713977258823863,-0.003997575243534693,56344,True,r_1m,0.0007301644158615982
1323,3.504788886456688e-05,3.850505240143053e-05,55099,True,r_1m,0.0007301735399793619
1324,0.00029431825354866016,0.0003184751175511543,53854,True,r_1m,0.0007301735408580515
1325,-0.006454416506305046,-0.006624844928602337,52609,True,r_1m,0.0007301736028230023
1326,0.0030524697062284567,0.003084703332511433,51364,True,r_1m,0.0007302034028603174
1327,0.013010739842944478,0.012923676671402201,50121,True,r_1m,0.0007302100677768451
1328,-0.01080137340307463,-0.010593430615547779,48878,True,r_1m,0.0007303311437559859
1329,0.00391937324326872,0.003830671358527676,47635,True,r_1m,0.000730414579310389
1330,-0.0062526801670952014,-0.006022854147048869,46392,True,r_1m,0.0007304255642676597
1331,-0.00866858978179947,-0.008312996499576689,45149,True,r_1m,0.0007304535209722344
1332,0.012005227894801867,0.011524635768393545,43906,True,r_1m,0.0007305072521261703
1333,0.0053943077710271285,0.005050204665332352,42663,True,r_1m,0.0007306102963091729
1334,-0.005881478128884037,-0.0054862274280689655,41421,True,r_1m,0.0007306310988937182
1335,0.0037079508767250764,0.0034057751299663703,40485,True,r_1m,0.0007306558278219129
1336,0.0014506037881509507,0.0013192284739641095,39559,True,r_1m,0.0007306656563841995
1337,0.002513978066558747,0.0022552115647986835,38633,True,r_1m,0.0007306671606213034
1338,0.0024607145274718085,0.0021826905255210244,37708,True,r_1m,0.0007306716785550854
1339,0.0015445860900047553,0.0013598448192855934,36783,True,r_1m,0.0007306760070481905
1340,-0.0037117754065358164,-0.0031241987581327115,35858,True,r_1m,0.0007306777124892285
1341,2.1800785761524482e-05,1.784504357390785e-05,34934,True,r_1m,0.0007306875610420038
1342,-0.004938273407481898,-0.0039870252291146,34011,True,r_1m,0.0007306875613817467
1343,0.0027433549576610632,0.002185674375613421,33088,True,r_1m,0.0007307049935412544
1344,0.015068622640979771,0.011898835807532501,32165,True,r_1m,0.0007307103732424909
1345,-0.009505422876783357,-0.007431499265014609,31242,True,r_1m,0.0007308726631228545
1346,-0.010678818770892641,-0.008057006149428673,30319,True,r_1m,0.0007309372314905554
1347,0.012299536711050878,0.009025023242796458,29396,True,r_1m,0.0007310187169212604
1348,0.0040259815113097555,0.0028853148374759926,28473,True,r_1m,0.0007311267992588792
1349,-0.0016093821297541542,-0.0011352536155927121,27550,True,r_1m,0.0007311383786369499
1350,0.010518517661129937,0.006694302212352184,26627,True,r_1m,0.0007311402289961448
1351,0.012500261207058558,0.007756144131878305,25705,True,r_1m,0.0007312192645956329
1352,-0.008288063505986532,-0.005076246053938718,24784,True,r_1m,0.000731330872571843
1353,-0.003829387719382152,-0.0022837825691692263,23863,True,r_1m,0.0007313799312102866
1354,0.023842938612564993,0.013757473137949516,22942,True,r_1m,0.0007313904037099686
1355,-0.0008096356149363066,-0.000457716260716802,22022,True,r_1m,0.0007317962743558225
1356,-0.016262637563708184,-0.009003435829678002,21102,True,r_1m,0.0007317967422274386
1357,0.014413844978768537,0.007873814570370365,20182,True,r_1m,0.0007319854862975303
1358,-0.007505447298745267,-0.004017918194578633,19262,True,r_1m,0.0007321337214059439
1359,0.013432609008984554,0.007035915836348095,18342,True,r_1m,0.0007321739086897506
1360,0.01589634892178087,0.00817471210227602,17423,True,r_1m,0.0007323026168706829
1361,0.0026573552628562313,0.0013416059787622514,16504,True,r_1m,0.0007324828308916127
1362,-0.015934938440429494,-0.007856844371486415,15585,True,r_1m,0.0007324878663396697
1363,0.02637786269228651,0.012847481419224888,14667,True,r_1m,0.00073266891049192
1364,0.000508556973129169,0.0002455779285406256,13749,True,r_1m,0.0007331647742056192
1365,-0.009937439722925063,-0.00467956530617652,12832,True,r_1m,0.000733164958458975
1366,-0.002490628790042935,-0.0011528415000202291,11915,True,r_1m,0.0007332353084916455
1367,-0.00974752598588701,-0.004387267918163528,10998,True,r_1m,0.0007332397273609149
1368,0.007963920939702893,0.003500492209344278,10081,True,r_1m,0.0007333074073994384
1369,-0.006309966154699545,-0.002657397374503497,9164,True,r_1m,0.000733352581785101
1370,-0.005403901330224503,-0.0022398003736835586,8247,True,r_1m,0.0007333809394627637
1371,0.021164692222804395,0.008340442111067133,7330,True,r_1m,0.0007334017372374456
1372,-0.004623692083691335,-0.0017619644033978474,6413,True,r_1m,0.0007337206892733014
1373,-0.0040200419210281325,-0.0014924850623104454,5496,True,r_1m,0.0007337359080716776
1374,-0.00976636751838912,-0.0033942296668938166,4579,True,r_1m,0.0007337474122554287
1375,0.015510387832969475,0.005307071600081749,3662,True,r_1m,0.0007338153071745437
1376,-0.023911021996473797,-0.007890305520500594,2746,True,r_1m,0.0007339865237117399
1377,0.029627205623052745,0.010147299633670412,1830,True,r_1m,0.0007343932719658467
1378,-0.016414408445739617,-0.005537343075309356,915,True,r_1m,0.0007350173027896207
1379,,,0,False,r_1m,0.0007352087434480044
1380,,,0,False,r_1m,
1381,,,0,False,r_1m,
1382,,,0,False,r_1m,
1383,,,0,False,r_1m,
1384,,,0,False,r_1m,
1385,,,0,False,r_1m,
1386,,,0,False,r_1m,
1387,,,0,False,r_1m,
1388,,,0,False,r_1m,
1389,,,0,False,r_1m,
1390,,,0,False,r_1m,
1391,,,0,False,r_1m,
1392,,,0,False,r_1m,
1393,,,0,False,r_1m,
1394,,,0,False,r_1m,
1395,,,0,False,r_1m,
1396,,,0,False,r_1m,
1397,,,0,False,r_1m,
1398,,,0,False,r_1m,
1399,,,0,False,r_1m,
1400,,,0,False,r_1m,
1401,,,0,False,r_1m,
1402,,,0,False,r_1m,
1403,,,0,False,r_1m,
1404,,,0,False,r_1m,
1405,,,0,False,r_1m,
1406,,,0,False,r_1m,
1407,,,0,False,r_1m,
1408,,,0,False,r_1m,
1409,,,0,False,r_1m,
1410,,,0,False,r_1m,
1411,,,0,False,r_1m,
1412,,,0,False,r_1m,
1413,,,0,False,r_1m,
1414,,,0,False,r_1m,
1415,,,0,False,r_1m,
1416,,,0,False,r_1m,
1417,,,0,False,r_1m,
1418,,,0,False,r_1m,
1419,,,0,False,r_1m,
1420,,,0,False,r_1m,
1421,,,0,False,r_1m,
1422,,,0,False,r_1m,
1423,,,0,False,r_1m,
1424,,,0,False,r_1m,
1425,,,0,False,r_1m,
1426,,,0,False,r_1m,
1427,,,0,False,r_1m,
1428,,,0,False,r_1m,
1429,,,0,False,r_1m,
1430,,,0,False,r_1m,
1431,,,0,False,r_1m,
1432,,,0,False,r_1m,
1433,,,0,False,r_1m,
1434,,,0,False,r_1m,
1435,,,0,False,r_1m,
1436,,,0,False,r_1m,
1437,,,0,False,r_1m,
1438,,,0,False,r_1m,
1439,,,0,False,r_1m,
1440,,,0,False,r_1m,
1441,,,0,False,r_1m,
1442,,,0,False,r_1m,
1443,,,0,False,r_1m,
1444,,,0,False,r_1m,
1445,,,0,False,r_1m,
1446,,,0,False,r_1m,
1447,,,0,False,r_1m,
1448,,,0,False,r_1m,
1449,,,0,False,r_1m,
1450,,,0,False,r_1m,
1451,,,0,False,r_1m,
1452,,,0,False,r_1m,
1453,,,0,False,r_1m,
1454,,,0,False,r_1m,
1455,,,0,False,r_1m,
1456,,,0,False,r_1m,
1457,,,0,False,r_1m,
1458,,,0,False,r_1m,
1459,,,0,False,r_1m,
1460,,,0,False,r_1m,
1461,,,0,False,r_1m,
1462,,,0,False,r_1m,
1463,,,0,False,r_1m,
1464,,,0,False,r_1m,
1465,,,0,False,r_1m,
1466,,,0,False,r_1m,
1467,,,0,False,r_1m,
1468,,,0,False,r_1m,
1469,,,0,False,r_1m,
1470,,,0,False,r_1m,
1471,,,0,False,r_1m,
1472,,,0,False,r_1m,
1473,,,0,False,r_1m,
1474,,,0,False,r_1m,
1475,,,0,False,r_1m,
1476,,,0,False,r_1m,
1477,,,0,False,r_1m,
1478,,,0,False,r_1m,
1479,,,0,False,r_1m,
1480,,,0,False,r_1m,
1481,,,0,False,r_1m,
1482,,,0,False,r_1m,
1483,,,0,False,r_1m,
1484,,,0,False,r_1m,
1485,,,0,False,r_1m,
1486,,,0,False,r_1m,
1487,,,0,False,r_1m,
1488,,,0,False,r_1m,
1489,,,0,False,r_1m,
1490,,,0,False,r_1m,
1491,,,0,False,r_1m,
1492,,,0,False,r_1m,
1493,,,0,False,r_1m,
1494,,,0,False,r_1m,
1495,,,0,False,r_1m,
1496,,,0,False,r_1m,
1497,,,0,False,r_1m,
1498,,,0,False,r_1m,
1499,,,0,False,r_1m,
1500,,,0,False,r_1m,
1501,,,0,False,r_1m,
1502,,,0,False,r_1m,
1503,,,0,False,r_1m,
1504,,,0,False,r_1m,
1505,,,0,False,r_1m,
1506,,,0,False,r_1m,
1507,,,0,False,r_1m,
1508,,,0,False,r_1m,
1509,,,0,False,r_1m,
1510,,,0,False,r_1m,
1511,,,0,False,r_1m,
1512,,,0,False,r_1m,
1513,,,0,False,r_1m,
1514,,,0,False,r_1m,
1515,,,0,False,r_1m,
1516,,,0,False,r_1m,
1517,,,0,False,r_1m,
1518,,,0,False,r_1m,
1519,,,0,False,r_1m,
1520,,,0,False,r_1m,
1521,,,0,False,r_1m,
1522,,,0,False,r_1m,
1523,,,0,False,r_1m,
1524,,,0,False,r_1m,
1525,,,0,False,r_1m,
1526,,,0,False,r_1m,
1527,,,0,False,r_1m,
1528,,,0,False,r_1m,
1529,,,0,False,r_1m,
1530,,,0,False,r_1m,
1531,,,0,False,r_1m,
1532,,,0,False,r_1m,
1533,,,0,False,r_1m,
1534,,,0,False,r_1m,
1535,,,0,False,r_1m,
1536,,,0,False,r_1m,
1537,,,0,False,r_1m,
1538,,,0,False,r_1m,
1539,,,0,False,r_1m,
1540,,,0,False,r_1m,
1541,,,0,False,r_1m,
1542,,,0,False,r_1m,
1543,,,0,False,r_1m,
1544,,,0,False,r_1m,
1545,,,0,False,r_1m,
1546,,,0,False,r_1m,
1547,,,0,False,r_1m,
1548,,,0,False,r_1m,
1549,,,0,False,r_1m,
1550,,,0,False,r_1m,
1551,,,0,False,r_1m,
1552,,,0,False,r_1m,
1553,,,0,False,r_1m,
1554,,,0,False,r_1m,
1555,,,0,False,r_1m,
1556,,,0,False,r_1m,
1557,,,0,False,r_1m,
1558,,,0,False,r_1m,
1559,,,0,False,r_1m,
1560,,,0,False,r_1m,
1561,,,0,False,r_1m,
1562,,,0,False,r_1m,
1563,,,0,False,r_1m,
1564,,,0,False,r_1m,
1565,,,0,False,r_1m,
1566,,,0,False,r_1m,
1567,,,0,False,r_1m,
1568,,,0,False,r_1m,
1569,,,0,False,r_1m,
1570,,,0,False,r_1m,
1571,,,0,False,r_1m,
1572,,,0,False,r_1m,
1573,,,0,False,r_1m,
1574,,,0,False,r_1m,
1575,,,0,False,r_1m,
1576,,,0,False,r_1m,
1577,,,0,False,r_1m,
1578,,,0,False,r_1m,
1579,,,0,False,r_1m,
1580,,,0,False,r_1m,
1581,,,0,False,r_1m,
1582,,,0,False,r_1m,
1583,,,0,False,r_1m,
1584,,,0,False,r_1m,
1585,,,0,False,r_1m,
1586,,,0,False,r_1m,
1587,,,0,False,r_1m,
1588,,,0,False,r_1m,
1589,,,0,False,r_1m,
1590,,,0,False,r_1m,
1591,,,0,False,r_1m,
1592,,,0,False,r_1m,
1593,,,0,False,r_1m,
1594,,,0,False,r_1m,
1595,,,0,False,r_1m,
1596,,,0,False,r_1m,
1597,,,0,False,r_1m,
1598,,,0,False,r_1m,
1599,,,0,False,r_1m,
1600,,,0,False,r_1m,
1601,,,0,False,r_1m,
1602,,,0,False,r_1m,
1603,,,0,False,r_1m,
1604,,,0,False,r_1m,
1605,,,0,False,r_1m,
1606,,,0,False,r_1m,
1607,,,0,False,r_1m,
1608,,,0,False,r_1m,
1609,,,0,False,r_1m,
1610,,,0,False,r_1m,
1611,,,0,False,r_1m,
1612,,,0,False,r_1m,
1613,,,0,False,r_1m,
1614,,,0,False,r_1m,
1615,,,0,False,r_1m,
1616,,,0,False,r_1m,
1617,,,0,False,r_1m,
1618,,,0,False,r_1m,
1619,,,0,False,r_1m,
1620,,,0,False,r_1m,
1621,,,0,False,r_1m,
1622,,,0,False,r_1m,
1623,,,0,False,r_1m,
1624,,,0,False,r_1m,
1625,,,0,False,r_1m,
1626,,,0,False,r_1m,
1627,,,0,False,r_1m,
1628,,,0,False,r_1m,
1629,,,0,False,r_1m,
1630,,,0,False,r_1m,
1631,,,0,False,r_1m,
1632,,,0,False,r_1m,
1633,,,0,False,r_1m,
1634,,,0,False,r_1m,
1635,,,0,False,r_1m,
1636,,,0,False,r_1m,
1637,,,0,False,r_1m,
1638,,,0,False,r_1m,
1639,,,0,False,r_1m,
1640,,,0,False,r_1m,
1641,,,0,False,r_1m,
1642,,,0,False,r_1m,
1643,,,0,False,r_1m,
1644,,,0,False,r_1m,
1645,,,0,False,r_1m,
1646,,,0,False,r_1m,
1647,,,0,False,r_1m,
1648,,,0,False,r_1m,
1649,,,0,False,r_1m,
1650,,,0,False,r_1m,
1651,,,0,False,r_1m,
1652,,,0,False,r_1m,
1653,,,0,False,r_1m,
1654,,,0,False,r_1m,
1655,,,0,False,r_1m,
1656,,,0,False,r_1m,
1657,,,0,False,r_1m,
1658,,,0,False,r_1m,
1659,,,0,False,r_1m,
1660,,,0,False,r_1m,
1661,,,0,False,r_1m,
1662,,,0,False,r_1m,
1663,,,0,False,r_1m,
1664,,,0,False,r_1m,
1665,,,0,False,r_1m,
1666,,,0,False,r_1m,
1667,,,0,False,r_1m,
1668,,,0,False,r_1m,
1669,,,0,False,r_1m,
1670,,,0,False,r_1m,
1671,,,0,False,r_1m,
1672,,,0,False,r_1m,
1673,,,0,False,r_1m,
1674,,,0,False,r_1m,
1675,,,0,False,r_1m,
1676,,,0,False,r_1m,
1677,,,0,False,r_1m,
1678,,,0,False,r_1m,
1679,,,0,False,r_1m,
1680,,,0,False,r_1m,
1681,,,0,False,r_1m,
1682,,,0,False,r_1m,
1683,,,0,False,r_1m,
1684,,,0,False,r_1m,
1685,,,0,False,r_1m,
1686,,,0,False,r_1m,
1687,,,0,False,r_1m,
1688,,,0,False,r_1m,
1689,,,0,False,r_1m,
1690,,,0,False,r_1m,
1691,,,0,False,r_1m,
1692,,,0,False,r_1m,
1693,,,0,False,r_1m,
1694,,,0,False,r_1m,
1695,,,0,False,r_1m,
1696,,,0,False,r_1m,
1697,,,0,False,r_1m,
1698,,,0,False,r_1m,
1699,,,0,False,r_1m,
1700,,,0,False,r_1m,
1701,,,0,False,r_1m,
1702,,,0,False,r_1m,
1703,,,0,False,r_1m,
1704,,,0,False,r_1m,
1705,,,0,False,r_1m,
1706,,,0,False,r_1m,
1707,,,0,False,r_1m,
1708,,,0,False,r_1m,
1709,,,0,False,r_1m,
1710,,,0,False,r_1m,
1711,,,0,False,r_1m,
1712,,,0,False,r_1m,
1713,,,0,False,r_1m,
1714,,,0,False,r_1m,
1715,,,0,False,r_1m,
1716,,,0,False,r_1m,
1717,,,0,False,r_1m,
1718,,,0,False,r_1m,
1719,,,0,False,r_1m,
1720,,,0,False,r_1m,
1721,,,0,False,r_1m,
1722,,,0,False,r_1m,
1723,,,0,False,r_1m,
1724,,,0,False,r_1m,
1725,,,0,False,r_1m,
1726,,,0,False,r_1m,
1727,,,0,False,r_1m,
1728,,,0,False,r_1m,
1729,,,0,False,r_1m,
1730,,,0,False,r_1m,
1731,,,0,False,r_1m,
1732,,,0,False,r_1m,
1733,,,0,False,r_1m,
1734,,,0,False,r_1m,
1735,,,0,False,r_1m,
1736,,,0,False,r_1m,
1737,,,0,False,r_1m,
1738,,,0,False,r_1m,
1739,,,0,False,r_1m,
1740,,,0,False,r_1m,
1741,,,0,False,r_1m,
1742,,,0,False,r_1m,
1743,,,0,False,r_1m,
1744,,,0,False,r_1m,
1745,,,0,False,r_1m,
1746,,,0,False,r_1m,
1747,,,0,False,r_1m,
1748,,,0,False,r_1m,
1749,,,0,False,r_1m,
1750,,,0,False,r_1m,
1751,,,0,False,r_1m,
1752,,,0,False,r_1m,
1753,,,0,False,r_1m,
1754,,,0,False,r_1m,
1755,,,0,False,r_1m,
1756,,,0,False,r_1m,
1757,,,0,False,r_1m,
1758,,,0,False,r_1m,
1759,,,0,False,r_1m,
1760,,,0,False,r_1m,
1761,,,0,False,r_1m,
1762,,,0,False,r_1m,
1763,,,0,False,r_1m,
1764,,,0,False,r_1m,
1765,,,0,False,r_1m,
1766,,,0,False,r_1m,
1767,,,0,False,r_1m,
1768,,,0,False,r_1m,
1769,,,0,False,r_1m,
1770,,,0,False,r_1m,
1771,,,0,False,r_1m,
1772,,,0,False,r_1m,
1773,,,0,False,r_1m,
1774,,,0,False,r_1m,
1775,,,0,False,r_1m,
1776,,,0,False,r_1m,
1777,,,0,False,r_1m,
1778,,,0,False,r_1m,
1779,,,0,False,r_1m,
1780,,,0,False,r_1m,
1781,,,0,False,r_1m,
1782,,,0,False,r_1m,
1783,,,0,False,r_1m,
1784,,,0,False,r_1m,
1785,,,0,False,r_1m,
1786,,,0,False,r_1m,
1787,,,0,False,r_1m,
1788,,,0,False,r_1m,
1789,,,0,False,r_1m,
1790,,,0,False,r_1m,
1791,,,0,False,r_1m,
1792,,,0,False,r_1m,
1793,,,0,False,r_1m,
1794,,,0,False,r_1m,
1795,,,0,False,r_1m,
1796,,,0,False,r_1m,
1797,,,0,False,r_1m,
1798,,,0,False,r_1m,
1799,,,0,False,r_1m,
1800,,,0,False,r_1m,
1801,,,0,False,r_1m,
1802,,,0,False,r_1m,
1803,,,0,False,r_1m,
1804,,,0,False,r_1m,
1805,,,0,False,r_1m,
1806,,,0,False,r_1m,
1807,,,0,False,r_1m,
1808,,,0,False,r_1m,
1809,,,0,False,r_1m,
1810,,,0,False,r_1m,
1811,,,0,False,r_1m,
1812,,,0,False,r_1m,
1813,,,0,False,r_1m,
1814,,,0,False,r_1m,
1815,,,0,False,r_1m,
1816,,,0,False,r_1m,
1817,,,0,False,r_1m,
1818,,,0,False,r_1m,
1819,,,0,False,r_1m,
1820,,,0,False,r_1m,
1821,,,0,False,r_1m,
1822,,,0,False,r_1m,
1823,,,0,False,r_1m,
1824,,,0,False,r_1m,
1825,,,0,False,r_1m,
1826,,,0,False,r_1m,
1827,,,0,False,r_1m,
1828,,,0,False,r_1m,
1829,,,0,False,r_1m,
1830,,,0,False,r_1m,
1831,,,0,False,r_1m,
1832,,,0,False,r_1m,
1833,,,0,False,r_1m,
1834,,,0,False,r_1m,
1835,,,0,False,r_1m,
1836,,,0,False,r_1m,
1837,,,0,False,r_1m,
1838,,,0,False,r_1m,
1839,,,0,False,r_1m,
1840,,,0,False,r_1m,
1841,,,0,False,r_1m,
1842,,,0,False,r_1m,
1843,,,0,False,r_1m,
1844,,,0,False,r_1m,
1845,,,0,False,r_1m,
1846,,,0,False,r_1m,
1847,,,0,False,r_1m,
1848,,,0,False,r_1m,
1849,,,0,False,r_1m,
1850,,,0,False,r_1m,
1851,,,0,False,r_1m,
1852,,,0,False,r_1m,
1853,,,0,False,r_1m,
1854,,,0,False,r_1m,
1855,,,0,False,r_1m,
1856,,,0,False,r_1m,
1857,,,0,False,r_1m,
1858,,,0,False,r_1m,
1859,,,0,False,r_1m,
1860,,,0,False,r_1m,
1861,,,0,False,r_1m,
1862,,,0,False,r_1m,
1863,,,0,False,r_1m,
1864,,,0,False,r_1m,
1865,,,0,False,r_1m,
1866,,,0,False,r_1m,
1867,,,0,False,r_1m,
1868,,,0,False,r_1m,
1869,,,0,False,r_1m,
1870,,,0,False,r_1m,
1871,,,0,False,r_1m,
1872,,,0,False,r_1m,
1873,,,0,False,r_1m,
1874,,,0,False,r_1m,
1875,,,0,False,r_1m,
1876,,,0,False,r_1m,
1877,,,0,False,r_1m,
1878,,,0,False,r_1m,
1879,,,0,False,r_1m,
1880,,,0,False,r_1m,
1881,,,0,False,r_1m,
1882,,,0,False,r_1m,
1883,,,0,False,r_1m,
1884,,,0,False,r_1m,
1885,,,0,False,r_1m,
1886,,,0,False,r_1m,
1887,,,0,False,r_1m,
1888,,,0,False,r_1m,
1889,,,0,False,r_1m,
1890,,,0,False,r_1m,
1891,,,0,False,r_1m,
1892,,,0,False,r_1m,
1893,,,0,False,r_1m,
1894,,,0,False,r_1m,
1895,,,0,False,r_1m,
1896,,,0,False,r_1m,
1897,,,0,False,r_1m,
1898,,,0,False,r_1m,
1899,,,0,False,r_1m,
1900,,,0,False,r_1m,
1901,,,0,False,r_1m,
1902,,,0,False,r_1m,
1903,,,0,False,r_1m,
1904,,,0,False,r_1m,
1905,,,0,False,r_1m,
1906,,,0,False,r_1m,
1907,,,0,False,r_1m,
1908,,,0,False,r_1m,
1909,,,0,False,r_1m,
1910,,,0,False,r_1m,
1911,,,0,False,r_1m,
1912,,,0,False,r_1m,
1913,,,0,False,r_1m,
1914,,,0,False,r_1m,
1915,,,0,False,r_1m,
1916,,,0,False,r_1m,
1917,,,0,False,r_1m,
1918,,,0,False,r_1m,
1919,,,0,False,r_1m,
1920,,,0,False,r_1m,
1921,,,0,False,r_1m,
1922,,,0,False,r_1m,
1923,,,0,False,r_1m,
1924,,,0,False,r_1m,
1925,,,0,False,r_1m,
1926,,,0,False,r_1m,
1927,,,0,False,r_1m,
1928,,,0,False,r_1m,
1929,,,0,False,r_1m,
1930,,,0,False,r_1m,
1931,,,0,False,r_1m,
1932,,,0,False,r_1m,
1933,,,0,False,r_1m,
1934,,,0,False,r_1m,
1935,,,0,False,r_1m,
1936,,,0,False,r_1m,
1937,,,0,False,r_1m,
1938,,,0,False,r_1m,
1939,,,0,False,r_1m,
1940,,,0,False,r_1m,
1941,,,0,False,r_1m,
1942,,,0,False,r_1m,
1943,,,0,False,r_1m,
1944,,,0,False,r_1m,
1945,,,0,False,r_1m,
1946,,,0,False,r_1m,
1947,,,0,False,r_1m,
1948,,,0,False,r_1m,
1949,,,0,False,r_1m,
1950,,,0,False,r_1m,
1951,,,0,False,r_1m,
1952,,,0,False,r_1m,
1953,,,0,False,r_1m,
1954,,,0,False,r_1m,
1955,,,0,False,r_1m,
1956,,,0,False,r_1m,
1957,,,0,False,r_1m,
1958,,,0,False,r_1m,
1959,,,0,False,r_1m,
1960,,,0,False,r_1m,
1961,,,0,False,r_1m,
1962,,,0,False,r_1m,
1963,,,0,False,r_1m,
1964,,,0,False,r_1m,
1965,,,0,False,r_1m,
1966,,,0,False,r_1m,
1967,,,0,False,r_1m,
1968,,,0,False,r_1m,
1969,,,0,False,r_1m,
1970,,,0,False,r_1m,
1971,,,0,False,r_1m,
1972,,,0,False,r_1m,
1973,,,0,False,r_1m,
1974,,,0,False,r_1m,
1975,,,0,False,r_1m,
1976,,,0,False,r_1m,
1977,,,0,False,r_1m,
1978,,,0,False,r_1m,
1979,,,0,False,r_1m,
1980,,,0,False,r_1m,
1981,,,0,False,r_1m,
1982,,,0,False,r_1m,
1983,,,0,False,r_1m,
1984,,,0,False,r_1m,
1985,,,0,False,r_1m,
1986,,,0,False,r_1m,
1987,,,0,False,r_1m,
1988,,,0,False,r_1m,
1989,,,0,False,r_1m,
1990,,,0,False,r_1m,
1991,,,0,False,r_1m,
1992,,,0,False,r_1m,
1993,,,0,False,r_1m,
1994,,,0,False,r_1m,
1995,,,0,False,r_1m,
1996,,,0,False,r_1m,
1997,,,0,False,r_1m,
1998,,,0,False,r_1m,
1999,,,0,False,r_1m,
2000,,,0,False,r_1m,
2001,,,0,False,r_1m,
2002,,,0,False,r_1m,
2003,,,0,False,r_1m,
2004,,,0,False,r_1m,
2005,,,0,False,r_1m,
2006,,,0,False,r_1m,
2007,,,0,False,r_1m,
2008,,,0,False,r_1m,
2009,,,0,False,r_1m,
2010,,,0,False,r_1m,
2011,,,0,False,r_1m,
2012,,,0,False,r_1m,
2013,,,0,False,r_1m,
2014,,,0,False,r_1m,
2015,,,0,False,r_1m,
2016,,,0,False,r_1m,
2017,,,0,False,r_1m,
2018,,,0,False,r_1m,
2019,,,0,False,r_1m,
2020,,,0,False,r_1m,
2021,,,0,False,r_1m,
2022,,,0,False,r_1m,
2023,,,0,False,r_1m,
2024,,,0,False,r_1m,
2025,,,0,False,r_1m,
2026,,,0,False,r_1m,
2027,,,0,False,r_1m,
2028,,,0,False,r_1m,
2029,,,0,False,r_1m,
2030,,,0,False,r_1m,
2031,,,0,False,r_1m,
2032,,,0,False,r_1m,
2033,,,0,False,r_1m,
2034,,,0,False,r_1m,
2035,,,0,False,r_1m,
2036,,,0,False,r_1m,
2037,,,0,False,r_1m,
2038,,,0,False,r_1m,
2039,,,0,False,r_1m,
2040,,,0,False,r_1m,
2041,,,0,False,r_1m,
2042,,,0,False,r_1m,
2043,,,0,False,r_1m,
2044,,,0,False,r_1m,
2045,,,0,False,r_1m,
2046,,,0,False,r_1m,
2047,,,0,False,r_1m,
2048,,,0,False,r_1m,
2049,,,0,False,r_1m,
2050,,,0,False,r_1m,
2051,,,0,False,r_1m,
2052,,,0,False,r_1m,
2053,,,0,False,r_1m,
2054,,,0,False,r_1m,
2055,,,0,False,r_1m,
2056,,,0,False,r_1m,
2057,,,0,False,r_1m,
2058,,,0,False,r_1m,
2059,,,0,False,r_1m,
2060,,,0,False,r_1m,
2061,,,0,False,r_1m,
2062,,,0,False,r_1m,
2063,,,0,False,r_1m,
2064,,,0,False,r_1m,
2065,,,0,False,r_1m,
2066,,,0,False,r_1m,
2067,,,0,False,r_1m,
2068,,,0,False,r_1m,
2069,,,0,False,r_1m,
2070,,,0,False,r_1m,
2071,,,0,False,r_1m,
2072,,,0,False,r_1m,
2073,,,0,False,r_1m,
2074,,,0,False,r_1m,
2075,,,0,False,r_1m,
2076,,,0,False,r_1m,
2077,,,0,False,r_1m,
2078,,,0,False,r_1m,
2079,,,0,False,r_1m,
2080,,,0,False,r_1m,
2081,,,0,False,r_1m,
2082,,,0,False,r_1m,
2083,,,0,False,r_1m,
2084,,,0,False,r_1m,
2085,,,0,False,r_1m,
2086,,,0,False,r_1m,
2087,,,0,False,r_1m,
2088,,,0,False,r_1m,
2089,,,0,False,r_1m,
2090,,,0,False,r_1m,
2091,,,0,False,r_1m,
2092,,,0,False,r_1m,
2093,,,0,False,r_1m,
2094,,,0,False,r_1m,
2095,,,0,False,r_1m,
2096,,,0,False,r_1m,
2097,,,0,False,r_1m,
2098,,,0,False,r_1m,
2099,,,0,False,r_1m,
2100,,,0,False,r_1m,
2101,,,0,False,r_1m,
2102,,,0,False,r_1m,
2103,,,0,False,r_1m,
2104,,,0,False,r_1m,
2105,,,0,False,r_1m,
2106,,,0,False,r_1m,
2107,,,0,False,r_1m,
2108,,,0,False,r_1m,
2109,,,0,False,r_1m,
2110,,,0,False,r_1m,
2111,,,0,False,r_1m,
2112,,,0,False,r_1m,
2113,,,0,False,r_1m,
2114,,,0,False,r_1m,
2115,,,0,False,r_1m,
2116,,,0,False,r_1m,
2117,,,0,False,r_1m,
2118,,,0,False,r_1m,
2119,,,0,False,r_1m,
2120,,,0,False,r_1m,
2121,,,0,False,r_1m,
2122,,,0,False,r_1m,
2123,,,0,False,r_1m,
2124,,,0,False,r_1m,
2125,,,0,False,r_1m,
2126,,,0,False,r_1m,
2127,,,0,False,r_1m,
2128,,,0,False,r_1m,
2129,,,0,False,r_1m,
2130,,,0,False,r_1m,
2131,,,0,False,r_1m,
2132,,,0,False,r_1m,
2133,,,0,False,r_1m,
2134,,,0,False,r_1m,
2135,,,0,False,r_1m,
2136,,,0,False,r_1m,
2137,,,0,False,r_1m,
2138,,,0,False,r_1m,
2139,,,0,False,r_1m,
2140,,,0,False,r_1m,
2141,,,0,False,r_1m,
2142,,,0,False,r_1m,
2143,,,0,False,r_1m,
2144,,,0,False,r_1m,
2145,,,0,False,r_1m,
2146,,,0,False,r_1m,
2147,,,0,False,r_1m,
2148,,,0,False,r_1m,
2149,,,0,False,r_1m,
2150,,,0,False,r_1m,
2151,,,0,False,r_1m,
2152,,,0,False,r_1m,
2153,,,0,False,r_1m,
2154,,,0,False,r_1m,
2155,,,0,False,r_1m,
2156,,,0,False,r_1m,
2157,,,0,False,r_1m,
2158,,,0,False,r_1m,
2159,,,0,False,r_1m,
2160,,,0,False,r_1m,
2161,,,0,False,r_1m,
2162,,,0,False,r_1m,
2163,,,0,False,r_1m,
2164,,,0,False,r_1m,
2165,,,0,False,r_1m,
2166,,,0,False,r_1m,
2167,,,0,False,r_1m,
2168,,,0,False,r_1m,
2169,,,0,False,r_1m,
2170,,,0,False,r_1m,
2171,,,0,False,r_1m,
2172,,,0,False,r_1m,
2173,,,0,False,r_1m,
2174,,,0,False,r_1m,
2175,,,0,False,r_1m,
2176,,,0,False,r_1m,
2177,,,0,False,r_1m,
2178,,,0,False,r_1m,
2179,,,0,False,r_1m,
2180,,,0,False,r_1m,
2181,,,0,False,r_1m,
2182,,,0,False,r_1m,
2183,,,0,False,r_1m,
2184,,,0,False,r_1m,
2185,,,0,False,r_1m,
2186,,,0,False,r_1m,
2187,,,0,False,r_1m,
2188,,,0,False,r_1m,
2189,,,0,False,r_1m,
2190,,,0,False,r_1m,
2191,,,0,False,r_1m,
2192,,,0,False,r_1m,
2193,,,0,False,r_1m,
2194,,,0,False,r_1m,
2195,,,0,False,r_1m,
2196,,,0,False,r_1m,
2197,,,0,False,r_1m,
2198,,,0,False,r_1m,
2199,,,0,False,r_1m,
2200,,,0,False,r_1m,
2201,,,0,False,r_1m,
2202,,,0,False,r_1m,
2203,,,0,False,r_1m,
2204,,,0,False,r_1m,
2205,,,0,False,r_1m,
2206,,,0,False,r_1m,
2207,,,0,False,r_1m,
2208,,,0,False,r_1m,
2209,,,0,False,r_1m,
2210,,,0,False,r_1m,
2211,,,0,False,r_1m,
2212,,,0,False,r_1m,
2213,,,0,False,r_1m,
2214,,,0,False,r_1m,
2215,,,0,False,r_1m,
2216,,,0,False,r_1m,
2217,,,0,False,r_1m,
2218,,,0,False,r_1m,
2219,,,0,False,r_1m,
2220,,,0,False,r_1m,
2221,,,0,False,r_1m,
2222,,,0,False,r_1m,
2223,,,0,False,r_1m,
2224,,,0,False,r_1m,
2225,,,0,False,r_1m,
2226,,,0,False,r_1m,
2227,,,0,False,r_1m,
2228,,,0,False,r_1m,
2229,,,0,False,r_1m,
2230,,,0,False,r_1m,
2231,,,0,False,r_1m,
2232,,,0,False,r_1m,
2233,,,0,False,r_1m,
2234,,,0,False,r_1m,
2235,,,0,False,r_1m,
2236,,,0,False,r_1m,
2237,,,0,False,r_1m,
2238,,,0,False,r_1m,
2239,,,0,False,r_1m,
2240,,,0,False,r_1m,
2241,,,0,False,r_1m,
2242,,,0,False,r_1m,
2243,,,0,False,r_1m,
2244,,,0,False,r_1m,
2245,,,0,False,r_1m,
2246,,,0,False,r_1m,
2247,,,0,False,r_1m,
2248,,,0,False,r_1m,
2249,,,0,False,r_1m,
2250,,,0,False,r_1m,
2251,,,0,False,r_1m,
2252,,,0,False,r_1m,
2253,,,0,False,r_1m,
2254,,,0,False,r_1m,
2255,,,0,False,r_1m,
2256,,,0,False,r_1m,
2257,,,0,False,r_1m,
2258,,,0,False,r_1m,
2259,,,0,False,r_1m,
2260,,,0,False,r_1m,
2261,,,0,False,r_1m,
2262,,,0,False,r_1m,
2263,,,0,False,r_1m,
2264,,,0,False,r_1m,
2265,,,0,False,r_1m,
2266,,,0,False,r_1m,
2267,,,0,False,r_1m,
2268,,,0,False,r_1m,
2269,,,0,False,r_1m,
2270,,,0,False,r_1m,
2271,,,0,False,r_1m,
2272,,,0,False,r_1m,
2273,,,0,False,r_1m,
2274,,,0,False,r_1m,
2275,,,0,False,r_1m,
2276,,,0,False,r_1m,
2277,,,0,False,r_1m,
2278,,,0,False,r_1m,
2279,,,0,False,r_1m,
2280,,,0,False,r_1m,
2281,,,0,False,r_1m,
2282,,,0,False,r_1m,
2283,,,0,False,r_1m,
2284,,,0,False,r_1m,
2285,,,0,False,r_1m,
2286,,,0,False,r_1m,
2287,,,0,False,r_1m,
2288,,,0,False,r_1m,
2289,,,0,False,r_1m,
2290,,,0,False,r_1m,
2291,,,0,False,r_1m,
2292,,,0,False,r_1m,
2293,,,0,False,r_1m,
2294,,,0,False,r_1m,
2295,,,0,False,r_1m,
2296,,,0,False,r_1m,
2297,,,0,False,r_1m,
2298,,,0,False,r_1m,
2299,,,0,False,r_1m,
2300,,,0,False,r_1m,
2301,,,0,False,r_1m,
2302,,,0,False,r_1m,
2303,,,0,False,r_1m,
2304,,,0,False,r_1m,
2305,,,0,False,r_1m,
2306,,,0,False,r_1m,
2307,,,0,False,r_1m,
2308,,,0,False,r_1m,
2309,,,0,False,r_1m,
2310,,,0,False,r_1m,
2311,,,0,False,r_1m,
2312,,,0,False,r_1m,
2313,,,0,False,r_1m,
2314,,,0,False,r_1m,
2315,,,0,False,r_1m,
2316,,,0,False,r_1m,
2317,,,0,False,r_1m,
2318,,,0,False,r_1m,
2319,,,0,False,r_1m,
2320,,,0,False,r_1m,
2321,,,0,False,r_1m,
2322,,,0,False,r_1m,
2323,,,0,False,r_1m,
2324,,,0,False,r_1m,
2325,,,0,False,r_1m,
2326,,,0,False,r_1m,
2327,,,0,False,r_1m,
2328,,,0,False,r_1m,
2329,,,0,False,r_1m,
2330,,,0,False,r_1m,
2331,,,0,False,r_1m,
2332,,,0,False,r_1m,
2333,,,0,False,r_1m,
2334,,,0,False,r_1m,
2335,,,0,False,r_1m,
2336,,,0,False,r_1m,
2337,,,0,False,r_1m,
2338,,,0,False,r_1m,
2339,,,0,False,r_1m,
2340,,,0,False,r_1m,
2341,,,0,False,r_1m,
2342,,,0,False,r_1m,
2343,,,0,False,r_1m,
2344,,,0,False,r_1m,
2345,,,0,False,r_1m,
2346,,,0,False,r_1m,
2347,,,0,False,r_1m,
2348,,,0,False,r_1m,
2349,,,0,False,r_1m,
2350,,,0,False,r_1m,
2351,,,0,False,r_1m,
2352,,,0,False,r_1m,
2353,,,0,False,r_1m,
2354,,,0,False,r_1m,
2355,,,0,False,r_1m,
2356,,,0,False,r_1m,
2357,,,0,False,r_1m,
2358,,,0,False,r_1m,
2359,,,0,False,r_1m,
2360,,,0,False,r_1m,
2361,,,0,False,r_1m,
2362,,,0,False,r_1m,
2363,,,0,False,r_1m,
2364,,,0,False,r_1m,
2365,,,0,False,r_1m,
2366,,,0,False,r_1m,
2367,,,0,False,r_1m,
2368,,,0,False,r_1m,
2369,,,0,False,r_1m,
2370,,,0,False,r_1m,
2371,,,0,False,r_1m,
2372,,,0,False,r_1m,
2373,,,0,False,r_1m,
2374,,,0,False,r_1m,
2375,,,0,False,r_1m,
2376,,,0,False,r_1m,
2377,,,0,False,r_1m,
2378,,,0,False,r_1m,
2379,,,0,False,r_1m,
2380,,,0,False,r_1m,
2381,,,0,False,r_1m,
2382,,,0,False,r_1m,
2383,,,0,False,r_1m,
2384,,,0,False,r_1m,
2385,,,0,False,r_1m,
2386,,,0,False,r_1m,
2387,,,0,False,r_1m,
2388,,,0,False,r_1m,
2389,,,0,False,r_1m,
2390,,,0,False,r_1m,
2391,,,0,False,r_1m,
2392,,,0,False,r_1m,
2393,,,0,False,r_1m,
2394,,,0,False,r_1m,
2395,,,0,False,r_1m,
2396,,,0,False,r_1m,
2397,,,0,False,r_1m,
2398,,,0,False,r_1m,
2399,,,0,False,r_1m,
2400,,,0,False,r_1m,
2401,,,0,False,r_1m,
2402,,,0,False,r_1m,
2403,,,0,False,r_1m,
2404,,,0,False,r_1m,
2405,,,0,False,r_1m,
2406,,,0,False,r_1m,
2407,,,0,False,r_1m,
2408,,,0,False,r_1m,
2409,,,0,False,r_1m,
2410,,,0,False,r_1m,
2411,,,0,False,r_1m,
2412,,,0,False,r_1m,
2413,,,0,False,r_1m,
2414,,,0,False,r_1m,
2415,,,0,False,r_1m,
2416,,,0,False,r_1m,
2417,,,0,False,r_1m,
2418,,,0,False,r_1m,
2419,,,0,False,r_1m,
2420,,,0,False,r_1m,
2421,,,0,False,r_1m,
2422,,,0,False,r_1m,
2423,,,0,False,r_1m,
2424,,,0,False,r_1m,
2425,,,0,False,r_1m,
2426,,,0,False,r_1m,
2427,,,0,False,r_1m,
2428,,,0,False,r_1m,
2429,,,0,False,r_1m,
2430,,,0,False,r_1m,
2431,,,0,False,r_1m,
2432,,,0,False,r_1m,
2433,,,0,False,r_1m,
2434,,,0,False,r_1m,
2435,,,0,False,r_1m,
2436,,,0,False,r_1m,
2437,,,0,False,r_1m,
2438,,,0,False,r_1m,
2439,,,0,False,r_1m,
2440,,,0,False,r_1m,
2441,,,0,False,r_1m,
2442,,,0,False,r_1m,
2443,,,0,False,r_1m,
2444,,,0,False,r_1m,
2445,,,0,False,r_1m,
2446,,,0,False,r_1m,
2447,,,0,False,r_1m,
2448,,,0,False,r_1m,
2449,,,0,False,r_1m,
2450,,,0,False,r_1m,
2451,,,0,False,r_1m,
2452,,,0,False,r_1m,
2453,,,0,False,r_1m,
2454,,,0,False,r_1m,
2455,,,0,False,r_1m,
2456,,,0,False,r_1m,
2457,,,0,False,r_1m,
2458,,,0,False,r_1m,
2459,,,0,False,r_1m,
2460,,,0,False,r_1m,
2461,,,0,False,r_1m,
2462,,,0,False,r_1m,
2463,,,0,False,r_1m,
2464,,,0,False,r_1m,
2465,,,0,False,r_1m,
2466,,,0,False,r_1m,
2467,,,0,False,r_1m,
2468,,,0,False,r_1m,
2469,,,0,False,r_1m,
2470,,,0,False,r_1m,
2471,,,0,False,r_1m,
2472,,,0,False,r_1m,
2473,,,0,False,r_1m,
2474,,,0,False,r_1m,
2475,,,0,False,r_1m,
2476,,,0,False,r_1m,
2477,,,0,False,r_1m,
2478,,,0,False,r_1m,
2479,,,0,False,r_1m,
2480,,,0,False,r_1m,
2481,,,0,False,r_1m,
2482,,,0,False,r_1m,
2483,,,0,False,r_1m,
2484,,,0,False,r_1m,
2485,,,0,False,r_1m,
2486,,,0,False,r_1m,
2487,,,0,False,r_1m,
2488,,,0,False,r_1m,
2489,,,0,False,r_1m,
2490,,,0,False,r_1m,
2491,,,0,False,r_1m,
2492,,,0,False,r_1m,
2493,,,0,False,r_1m,
2494,,,0,False,r_1m,
2495,,,0,False,r_1m,
2496,,,0,False,r_1m,
2497,,,0,False,r_1m,
2498,,,0,False,r_1m,
2499,,,0,False,r_1m,
2500,,,0,False,r_1m,
2501,,,0,False,r_1m,
2502,,,0,False,r_1m,
2503,,,0,False,r_1m,
2504,,,0,False,r_1m,
2505,,,0,False,r_1m,
2506,,,0,False,r_1m,
2507,,,0,False,r_1m,
2508,,,0,False,r_1m,
2509,,,0,False,r_1m,
2510,,,0,False,r_1m,
2511,,,0,False,r_1m,
2512,,,0,False,r_1m,
2513,,,0,False,r_1m,
2514,,,0,False,r_1m,
2515,,,0,False,r_1m,
2516,,,0,False,r_1m,
2517,,,0,False,r_1m,
2518,,,0,False,r_1m,
2519,,,0,False,r_1m,
2520,,,0,False,r_1m,
2521,,,0,False,r_1m,
2522,,,0,False,r_1m,
2523,,,0,False,r_1m,
2524,,,0,False,r_1m,
2525,,,0,False,r_1m,
2526,,,0,False,r_1m,
2527,,,0,False,r_1m,
2528,,,0,False,r_1m,
2529,,,0,False,r_1m,
2530,,,0,False,r_1m,
2531,,,0,False,r_1m,
2532,,,0,False,r_1m,
2533,,,0,False,r_1m,
2534,,,0,False,r_1m,
2535,,,0,False,r_1m,
2536,,,0,False,r_1m,
2537,,,0,False,r_1m,
2538,,,0,False,r_1m,
2539,,,0,False,r_1m,
2540,,,0,False,r_1m,
2541,,,0,False,r_1m,
2542,,,0,False,r_1m,
2543,,,0,False,r_1m,
2544,,,0,False,r_1m,
2545,,,0,False,r_1m,
2546,,,0,False,r_1m,
2547,,,0,False,r_1m,
2548,,,0,False,r_1m,
2549,,,0,False,r_1m,
2550,,,0,False,r_1m,
2551,,,0,False,r_1m,
2552,,,0,False,r_1m,
2553,,,0,False,r_1m,
2554,,,0,False,r_1m,
2555,,,0,False,r_1m,
2556,,,0,False,r_1m,
2557,,,0,False,r_1m,
2558,,,0,False,r_1m,
2559,,,0,False,r_1m,
2560,,,0,False,r_1m,
2561,,,0,False,r_1m,
2562,,,0,False,r_1m,
2563,,,0,False,r_1m,
2564,,,0,False,r_1m,
2565,,,0,False,r_1m,
2566,,,0,False,r_1m,
2567,,,0,False,r_1m,
2568,,,0,False,r_1m,
2569,,,0,False,r_1m,
2570,,,0,False,r_1m,
2571,,,0,False,r_1m,
2572,,,0,False,r_1m,
2573,,,0,False,r_1m,
2574,,,0,False,r_1m,
2575,,,0,False,r_1m,
2576,,,0,False,r_1m,
2577,,,0,False,r_1m,
2578,,,0,False,r_1m,
2579,,,0,False,r_1m,
2580,,,0,False,r_1m,
2581,,,0,False,r_1m,
2582,,,0,False,r_1m,
2583,,,0,False,r_1m,
2584,,,0,False,r_1m,
2585,,,0,False,r_1m,
2586,,,0,False,r_1m,
2587,,,0,False,r_1m,
2588,,,0,False,r_1m,
2589,,,0,False,r_1m,
2590,,,0,False,r_1m,
2591,,,0,False,r_1m,
2592,,,0,False,r_1m,
2593,,,0,False,r_1m,
2594,,,0,False,r_1m,
2595,,,0,False,r_1m,
2596,,,0,False,r_1m,
2597,,,0,False,r_1m,
2598,,,0,False,r_1m,
2599,,,0,False,r_1m,
2600,,,0,False,r_1m,
2601,,,0,False,r_1m,
2602,,,0,False,r_1m,
2603,,,0,False,r_1m,
2604,,,0,False,r_1m,
2605,,,0,False,r_1m,
2606,,,0,False,r_1m,
2607,,,0,False,r_1m,
2608,,,0,False,r_1m,
2609,,,0,False,r_1m,
2610,,,0,False,r_1m,
2611,,,0,False,r_1m,
2612,,,0,False,r_1m,
2613,,,0,False,r_1m,
2614,,,0,False,r_1m,
2615,,,0,False,r_1m,
2616,,,0,False,r_1m,
2617,,,0,False,r_1m,
2618,,,0,False,r_1m,
2619,,,0,False,r_1m,
2620,,,0,False,r_1m,
2621,,,0,False,r_1m,
2622,,,0,False,r_1m,
2623,,,0,False,r_1m,
2624,,,0,False,r_1m,
2625,,,0,False,r_1m,
2626,,,0,False,r_1m,
2627,,,0,False,r_1m,
2628,,,0,False,r_1m,
2629,,,0,False,r_1m,
2630,,,0,False,r_1m,
2631,,,0,False,r_1m,
2632,,,0,False,r_1m,
2633,,,0,False,r_1m,
2634,,,0,False,r_1m,
2635,,,0,False,r_1m,
2636,,,0,False,r_1m,
2637,,,0,False,r_1m,
2638,,,0,False,r_1m,
2639,,,0,False,r_1m,
2640,,,0,False,r_1m,
2641,,,0,False,r_1m,
2642,,,0,False,r_1m,
2643,,,0,False,r_1m,
2644,,,0,False,r_1m,
2645,,,0,False,r_1m,
2646,,,0,False,r_1m,
2647,,,0,False,r_1m,
2648,,,0,False,r_1m,
2649,,,0,False,r_1m,
2650,,,0,False,r_1m,
2651,,,0,False,r_1m,
2652,,,0,False,r_1m,
2653,,,0,False,r_1m,
2654,,,0,False,r_1m,
2655,,,0,False,r_1m,
2656,,,0,False,r_1m,
2657,,,0,False,r_1m,
2658,,,0,False,r_1m,
2659,,,0,False,r_1m,
2660,,,0,False,r_1m,
2661,,,0,False,r_1m,
2662,,,0,False,r_1m,
2663,,,0,False,r_1m,
2664,,,0,False,r_1m,
2665,,,0,False,r_1m,
2666,,,0,False,r_1m,
2667,,,0,False,r_1m,
2668,,,0,False,r_1m,
2669,,,0,False,r_1m,
2670,,,0,False,r_1m,
2671,,,0,False,r_1m,
2672,,,0,False,r_1m,
2673,,,0,False,r_1m,
2674,,,0,False,r_1m,
2675,,,0,False,r_1m,
2676,,,0,False,r_1m,
2677,,,0,False,r_1m,
2678,,,0,False,r_1m,
2679,,,0,False,r_1m,
2680,,,0,False,r_1m,
2681,,,0,False,r_1m,
2682,,,0,False,r_1m,
2683,,,0,False,r_1m,
2684,,,0,False,r_1m,
2685,,,0,False,r_1m,
2686,,,0,False,r_1m,
2687,,,0,False,r_1m,
2688,,,0,False,r_1m,
2689,,,0,False,r_1m,
2690,,,0,False,r_1m,
2691,,,0,False,r_1m,
2692,,,0,False,r_1m,
2693,,,0,False,r_1m,
2694,,,0,False,r_1m,
2695,,,0,False,r_1m,
2696,,,0,False,r_1m,
2697,,,0,False,r_1m,
2698,,,0,False,r_1m,
2699,,,0,False,r_1m,
2700,,,0,False,r_1m,
2701,,,0,False,r_1m,
2702,,,0,False,r_1m,
2703,,,0,False,r_1m,
2704,,,0,False,r_1m,
2705,,,0,False,r_1m,
2706,,,0,False,r_1m,
2707,,,0,False,r_1m,
2708,,,0,False,r_1m,
2709,,,0,False,r_1m,
2710,,,0,False,r_1m,
2711,,,0,False,r_1m,
2712,,,0,False,r_1m,
2713,,,0,False,r_1m,
2714,,,0,False,r_1m,
2715,,,0,False,r_1m,
2716,,,0,False,r_1m,
2717,,,0,False,r_1m,
2718,,,0,False,r_1m,
2719,,,0,False,r_1m,
2720,,,0,False,r_1m,
2721,,,0,False,r_1m,
2722,,,0,False,r_1m,
2723,,,0,False,r_1m,
2724,,,0,False,r_1m,
2725,,,0,False,r_1m,
2726,,,0,False,r_1m,
2727,,,0,False,r_1m,
2728,,,0,False,r_1m,
2729,,,0,False,r_1m,
2730,,,0,False,r_1m,
2731,,,0,False,r_1m,
2732,,,0,False,r_1m,
2733,,,0,False,r_1m,
2734,,,0,False,r_1m,
2735,,,0,False,r_1m,
2736,,,0,False,r_1m,
2737,,,0,False,r_1m,
2738,,,0,False,r_1m,
2739,,,0,False,r_1m,
2740,,,0,False,r_1m,
2741,,,0,False,r_1m,
2742,,,0,False,r_1m,
2743,,,0,False,r_1m,
2744,,,0,False,r_1m,
2745,,,0,False,r_1m,
2746,,,0,False,r_1m,
2747,,,0,False,r_1m,
2748,,,0,False,r_1m,
2749,,,0,False,r_1m,
2750,,,0,False,r_1m,
2751,,,0,False,r_1m,
2752,,,0,False,r_1m,
2753,,,0,False,r_1m,
2754,,,0,False,r_1m,
2755,,,0,False,r_1m,
2756,,,0,False,r_1m,
2757,,,0,False,r_1m,
2758,,,0,False,r_1m,
2759,,,0,False,r_1m,
2760,,,0,False,r_1m,
1,-0.0057140838148911155,-0.005707765580684052,1911434,True,r_tilde,0.0007227180676124741
2,-0.013331175176279037,-0.013317902694781678,1908553,True,r_tilde,0.000722741664516976
3,-0.00037077674972766,-0.00037006523383284267,1905799,True,r_tilde,0.0007228700905356171
4,0.004354482935523587,0.004345337734081565,1903157,True,r_tilde,0.0007228701898706694
5,-0.005960707689013048,-0.005946186471236776,1900601,True,r_tilde,0.0007228838906912443
6,0.0034946167620328893,0.0034855274049987494,1898109,True,r_tilde,0.0007229095625441234
7,-9.802358371331089e-05,-9.773204003989987e-05,1895659,True,r_tilde,0.0007229183862356191
8,-0.0017419962144599995,-0.001736124404778457,1893253,True,r_tilde,0.0007229183931780202
9,-0.004142009544157698,-0.0041280009294467285,1890880,True,r_tilde,0.0007229205856916641
10,0.0035191964216499533,0.00350459091562783,1888548,True,r_tilde,0.0007229329812387526
11,0.00453717963682949,0.004518017647740514,1886238,True,r_tilde,0.000722941929200375
12,0.003465270126565261,0.0034487219610787275,1883955,True,r_tilde,0.0007229568023138532
13,-0.003531754671066084,-0.0035152494018150762,1881700,True,r_tilde,0.0007229654778646924
14,-0.0022020355047737447,-0.002191518244330468,1879471,True,r_tilde,0.0007229744893963748
15,0.004831798109864957,0.00480771874191803,1877263,True,r_tilde,0.0007229779925762137
16,0.0005642079272171008,0.000560997116547753,1875074,True,r_tilde,0.0007229948590866651
17,-0.0015920177872411965,-0.0015824404119870533,1872908,True,r_tilde,0.0007229950890618164
18,0.002255365125806252,0.0022421665733349974,1870754,True,r_tilde,0.0007229969201015058
19,0.0022491652258712276,0.002235315590590431,1868620,True,r_tilde,0.0007230005949039333
20,0.0054283144267184705,0.00539666034329299,1866492,True,r_tilde,0.0007230042495118642
21,0.0001188224386310529,0.00011815003020941388,1864375,True,r_tilde,0.0007230255368114313
22,0.0044702385541114335,0.004444780286395067,1862266,True,r_tilde,0.0007230255470109836
23,-0.0028106218289730834,-0.002794901453890844,1860165,True,r_tilde,0.0007230399828239142
24,-0.0002746514275492922,-0.0002731648501016028,1858073,True,r_tilde,0.0007230456894396075
25,-0.0015613702670966368,-0.0015531275050600464,1855990,True,r_tilde,0.0007230457439319889
26,-0.00044855657123761924,-0.00044618695654253165,1853916,True,r_tilde,0.0007230475050292063
27,-9.707519792620672e-05,-9.657398623787381e-05,1851849,True,r_tilde,0.0007230476503759797
28,0.0009540039316473001,0.0009490107950560002,1849790,True,r_tilde,0.0007230476571834769
29,-0.00041719621456192416,-0.0004150668477431291,1847740,True,r_tilde,0.000723048314646046
30,0.0018563470690309601,0.0018481100013702254,1846051,True,r_tilde,0.0007230484403795984
31,0.0004730929594718422,0.0004710229148467043,1844372,True,r_tilde,0.0007230509297414854
32,0.00016216876103452825,0.00016145601619044626,1842701,True,r_tilde,0.0007230510914235539
33,0.003277525290295845,0.0032643547488359157,1841036,True,r_tilde,0.0007230511104213504
34,0.0027425484592401915,0.0027308291001570846,1839377,True,r_tilde,0.0007230588703655648
35,-0.0004942973566148515,-0.000492373496990758,1837726,True,r_tilde,0.0007230643037590043
36,0.004202621506158984,0.004185575703247151,1836086,True,r_tilde,0.0007230644802560439
37,0.0015319574899166587,0.0015255966572121477,1834453,True,r_tilde,0.0007230772386944667
38,0.003357532908469488,0.003343083199216844,1832825,True,r_tilde,0.0007230789339924781
39,0.0026372238033084707,0.00262641657585439,1831204,True,r_tilde,0.0007230870771010561
40,0.003323240497413396,0.0033120065057810934,1829590,True,r_tilde,0.0007230921009860536
41,-0.001637174542199487,-0.0016314729041960766,1827982,True,r_tilde,0.0007231000784592593
42,0.0035831936456925152,0.0035709292509655912,1826378,True,r_tilde,0.0007231020145637826
43,-0.006156489269988869,-0.006135114204605817,1824776,True,r_tilde,0.0007231112887545734
44,0.0020712605182913587,0.0020641362604520894,1823177,True,r_tilde,0.0007231386660608827
45,0.0015441647951029897,0.0015388052901645244,1821581,True,r_tilde,0.0007231417647982087
46,0.00024187641703438665,0.00024102227203277358,1819986,True,r_tilde,0.000723143487067888
47,0.0008535574345554195,0.0008503542016653956,1818395,True,r_tilde,0.0007231435293250557
48,-0.0009336857073377122,-0.0009297643043476818,1816806,True,r_tilde,0.00072314405555876
49,0.0004970278149421078,0.0004947272331887586,1815218,True,r_tilde,0.0007231446852305487
50,-0.0008814853193266439,-0.0008773171883135794,1813633,True,r_tilde,0.0007231448636630481
51,-0.002848205655471373,-0.0028335294149941037,1812049,True,r_tilde,0.0007231454248951667
52,0.0005470282009610513,0.0005441563763010384,1810465,True,r_tilde,0.0007231512842946785
53,0.006547336913912426,0.00651039312275394,1808882,True,r_tilde,0.0007231515004311362
54,0.002496910229195062,0.0024819013346464164,1807300,True,r_tilde,0.000723182462403185
55,0.0020254871936769875,0.002013475838867854,1805720,True,r_tilde,0.0007231869653253842
56,-0.00456731352603276,-0.004538479707177531,1804141,True,r_tilde,0.0007231899284188295
57,0.0009087183008437834,0.0009026706797633576,1802562,True,r_tilde,0.0007232049945790308
58,0.0022370899767258446,0.0022217546573446764,1800987,True,r_tilde,0.0007232055909751065
59,-0.0005093270738972736,-0.0005059580509747766,1799414,True,r_tilde,0.0007232092054221635
60,-0.0041217377629225475,-0.004096458992147124,1797843,True,r_tilde,0.0007232093927780518
61,-0.0029006674303574736,-0.0028826888171363677,1796273,True,r_tilde,0.0007232216623891253
62,0.0007472244086220637,0.0007426692521405778,1794704,True,r_tilde,0.0007232277389863475
63,0.0009434666093232973,0.0009374935189354799,1793138,True,r_tilde,0.0007232281422273892
64,-0.0030312924412954183,-0.0030119724563479337,1791576,True,r_tilde,0.0007232287850858778
65,0.0001363625033650176,0.0001354781437886341,1790014,True,r_tilde,0.0007232354212298815
66,-0.006155945982561015,-0.006114556466436358,1788452,True,r_tilde,0.0007232354346590172
67,-0.003569990379405656,-0.0035450022699993378,1786892,True,r_tilde,0.0007232628024353351
68,-0.002464936952374182,-0.0024468405280171227,1785333,True,r_tilde,0.0007232720063593038
69,-0.0007729783351426738,-0.0007670514239681882,1783774,True,r_tilde,0.0007232763941558422
70,0.0024076675963902957,0.002388213712673932,1782215,True,r_tilde,0.0007232768256431714
71,-0.002947876702862811,-0.002923169891922817,1780658,True,r_tilde,0.0007232810118923247
72,-0.0036485151257267447,-0.0036176523870663003,1779102,True,r_tilde,0.0007232872873803599
73,0.0018012270384379176,0.00178578953826246,1777548,True,r_tilde,0.000723296900324268
74,0.0013706843819913275,0.0013587099716769438,1775996,True,r_tilde,0.0007232992432441179
75,0.004575452472237189,0.004534992323300502,1774447,True,r_tilde,0.0007233005999769495
76,-0.002715581452957544,-0.0026906645792917523,1772900,True,r_tilde,0.0007233157175667499
77,-0.003633543659995349,-0.0035992381187400168,1771357,True,r_tilde,0.0007233210427430521
78,-0.002923536345531128,-0.0028959658220744752,1769815,True,r_tilde,0.0007233305765121229
79,-0.0006164735521940194,-0.0006106283513697145,1768274,True,r_tilde,0.0007233367483732015
80,0.0029023544779700258,0.0028740131259428043,1766734,True,r_tilde,0.0007233370227997419
81,-0.0053260826868685935,-0.005273138098741478,1765195,True,r_tilde,0.0007233431054971321
82,-0.004605333021550616,-0.004559134753548603,1763658,True,r_tilde,0.0007233635889486197
83,-0.0015778840199301006,-0.001561732710565323,1762125,True,r_tilde,0.0007233789033019644
84,0.0010504864089164463,0.0010392889483253037,1760592,True,r_tilde,0.0007233807010201068
85,-0.000633871386216971,-0.0006269584017599984,1759059,True,r_tilde,0.0007233814978241747
86,0.0039029974122247245,0.0038588298160340145,1757527,True,r_tilde,0.0007233817879408125
87,0.004627196470296272,0.00457511297263136,1755995,True,r_tilde,0.0007233927872010723
88,-0.000971574797890919,-0.0009604985208802998,1754465,True,r_tilde,0.0007234082466813384
89,0.0006604292369997023,0.0006527303005799831,1752936,True,r_tilde,0.0007234089282453429
90,0.0003790571228255924,0.00037456477891290556,1751407,True,r_tilde,0.000723409243169842
91,0.0004883562263338561,0.0004824948839544959,1749878,True,r_tilde,0.0007234093469138598
92,0.0016816315197455175,0.0016611899518184613,1748351,True,r_tilde,0.000723409519111468
93,-0.0024488753809692168,-0.0024186396498969698,1746824,True,r_tilde,0.000723411560918381
94,0.00394345890448604,0.0038939906232462046,1745298,True,r_tilde,0.0007234158908840172
95,-0.0004658467528639336,-0.0004599170923675978,1743772,True,r_tilde,0.0007234271188489597
96,-0.0012591556805483003,-0.0012425581658948004,1742246,True,r_tilde,0.0007234272755345786
97,-0.002678196689218982,-0.0026421588898604,1740721,True,r_tilde,0.0007234284202603481
98,-0.0021140574943203094,-0.0020849285707068305,1739197,True,r_tilde,0.0007234335990186316
99,-0.0006965325666091418,-0.0006867952092157194,1737674,True,r_tilde,0.0007234368258165556
100,0.0029948788627797043,0.0029522416064350202,1736152,True,r_tilde,0.0007234371761002811
101,0.00011012631119553173,0.0001085288528037415,1734630,True,r_tilde,0.0007234436519025414
102,-0.003194482639253444,-0.0031474919014764786,1733110,True,r_tilde,0.0007234436606587338
103,-0.0012783502957027602,-0.0012593436783528182,1731590,True,r_tilde,0.0007234510283592063
104,-0.0012708900327060347,-0.001251707619972955,1730070,True,r_tilde,0.0007234522082127031
105,7.271554741250867e-05,7.158697431372765e-05,1728551,True,r_tilde,0.0007234533743335913
106,-0.00019758904139898826,-0.0001944706603058728,1727034,True,r_tilde,0.0007234533781511158
107,0.002362912584675152,0.0023250724764969045,1725519,True,r_tilde,0.0007234534063383832
108,0.004774548189499858,0.004696696918462022,1724004,True,r_tilde,0.0007234574374178423
109,-0.0016835868196384302,-0.0016556275569762405,1722489,True,r_tilde,0.0007234738956983667
110,0.000377698022244696,0.0003713778729692969,1720976,True,r_tilde,0.0007234759420741062
111,0.00013221092309622,0.00012997365925237887,1719464,True,r_tilde,0.0007234760450660183
112,0.0018551913506582268,0.001823083329135086,1717952,True,r_tilde,0.000723476057685698
113,0.00040238540462679556,0.0003953057431779548,1716440,True,r_tilde,0.0007234785424793939
114,-0.0030994710798341422,-0.00304433261965355,1714928,True,r_tilde,0.0007234786593745656
115,-0.00046065701336855263,-0.00045225605880807066,1713416,True,r_tilde,0.0007234855949930293
116,-0.0005521331615121251,-0.0005419727168392908,1711904,True,r_tilde,0.0007234857481946165
117,-0.0007642259285032876,-0.0007499942328767743,1710393,True,r_tilde,0.000723485968282149
118,-0.001593969079062354,-0.001563708026322942,1708883,True,r_tilde,0.0007234863899311944
119,0.004392401677946186,0.004307551497456346,1707373,True,r_tilde,0.0007234882242156789
120,0.0005889680599134041,0.00057757295502467,1705866,True,r_tilde,0.0007235021527774426
121,0.0017566827984598547,0.0017228760420374474,1704359,True,r_tilde,0.0007235024032045908
122,0.0018788559053734674,0.0018428077789099896,1702852,True,r_tilde,0.0007235046310439621
123,0.0006686038302699639,0.0006557239465108915,1701347,True,r_tilde,0.0007235071795325439
124,-0.001048338013094315,-0.0010275114033958027,1699842,True,r_tilde,0.0007235075022575387
125,-0.002360600267361308,-0.0023137129282052556,1698337,True,r_tilde,0.0007235082956667068
126,0.002690976159347755,0.0026375261994834183,1696833,True,r_tilde,0.0007235123185552982
127,-0.0023041310665058304,-0.0022578932414045604,1695329,True,r_tilde,0.0007235175462476977
128,-0.005284498187536624,-0.005177719063917499,1693825,True,r_tilde,0.0007235213789224433
129,0.003627373452740588,0.003554106634435527,1692321,True,r_tilde,0.0007235415388010085
130,0.0021251607406038596,0.0020822952465563557,1690818,True,r_tilde,0.000723551037323265
131,0.0006083352722160699,0.0005960190190428516,1689315,True,r_tilde,0.0007235542975758186
132,-0.002011632991626522,-0.0019708361164329463,1687814,True,r_tilde,0.0007235545647242405
133,0.0004826544471494645,0.0004728627203378935,1686315,True,r_tilde,0.0007235574859367977
134,0.0019172082349220737,0.0018779675231508936,1684816,True,r_tilde,0.0007235576541024735
135,0.0012934616514910244,0.0012671033752623092,1683318,True,r_tilde,0.0007235603075008382
136,0.002792452141944278,0.0027353655602939566,1681823,True,r_tilde,0.0007235615152308026
137,-0.001157016979576543,-0.0011333155392732606,1680328,True,r_tilde,0.0007235671442425196
138,-0.0012419813063591885,-0.0012169114789495124,1678833,True,r_tilde,0.0007235681106007739
139,0.0021495798571712645,0.00210623673756266,1677339,True,r_tilde,0.0007235692240955655
140,0.0007545774899662637,0.0007394318820586945,1675847,True,r_tilde,0.0007235725596182929
141,0.003811613383163929,0.0037346534093978517,1674355,True,r_tilde,0.0007235729706386226
142,-0.001575294881305693,-0.0015437814419277448,1672863,True,r_tilde,0.0007235834580916282
143,-0.0013701166748240103,-0.001342481070723439,1671372,True,r_tilde,0.0007235852494083511
144,-0.0012699396328431554,-0.0012445626060386392,1669881,True,r_tilde,0.0007235866044817383
145,-0.0009821910342136275,-0.0009625243661458442,1668391,True,r_tilde,0.0007235877686429109
146,0.0004595980285426043,0.0004504190437198524,1666902,True,r_tilde,0.000723588465010146
147,0.0021324928425576215,0.002089876939056748,1665413,True,r_tilde,0.0007235886174864855
148,-0.0055032383226458845,-0.005393332931585156,1663924,True,r_tilde,0.0007235919001039578
149,0.00010515709762872461,0.00010306658917719841,1662435,True,r_tilde,0.0007236137613145731
150,0.0005773571318887587,0.0005658879301513593,1660946,True,r_tilde,0.0007236137692965081
151,0.004570228532982796,0.004478604563813237,1659457,True,r_tilde,0.000723614009910013
152,-0.0007236652732535954,-0.0007090125892747093,1657968,True,r_tilde,0.0007236290864668011
153,-0.0024494017787673275,-0.002399390630907516,1656479,True,r_tilde,0.0007236294644714669
154,3.136785441709288e-06,3.0722526398052493e-06,1654990,True,r_tilde,0.000723633794994375
155,0.0010035689779472911,0.0009827873243047852,1653501,True,r_tilde,0.0007236337950014772
156,-0.0009355380182845322,-0.000916069008043128,1652012,True,r_tilde,0.0007236345219660067
157,-0.0012708555195212958,-0.0012443238961231588,1650524,True,r_tilde,0.0007236351537101714
158,-0.00038689883374442007,-0.00037884147167761395,1649037,True,r_tilde,0.0007236363194729285
159,-0.0026185544605679305,-0.002563540524671438,1647551,True,r_tilde,0.00072363642751982
160,-0.002990047180358033,-0.002926679430543514,1646065,True,r_tilde,0.0007236413767669451
161,0.0017933224027773913,0.001755035034587095,1644579,True,r_tilde,0.0007236478298696723
162,0.0020170585708771545,0.001974041035206849,1643093,True,r_tilde,0.0007236501511447636
163,-0.002540464324646198,-0.0024858335785446707,1641607,True,r_tilde,0.0007236530877482115
164,-0.0035140456206966654,-0.0034381442324710487,1640121,True,r_tilde,0.0007236577460991994
165,-0.0011188697111170146,-0.0010943648537459912,1638635,True,r_tilde,0.000723666658951817
166,-0.002513414321773646,-0.002457981084004507,1637149,True,r_tilde,0.0007236675625139527
167,2.8262626712741576e-05,2.7632828406144567e-05,1635663,True,r_tilde,0.0007236721221010953
168,0.0012767451734695357,0.0012481571563452319,1634177,True,r_tilde,0.0007236721226776241
169,0.004221930494692229,0.004126786046845173,1632691,True,r_tilde,0.0007236732992105279
170,-0.0015474517026707736,-0.0015121545391265539,1631206,True,r_tilde,0.0007236861643225793
171,0.0028774081589593914,0.0028112814683224825,1629722,True,r_tilde,0.0007236878926309847
172,0.0002494485973714395,0.00024369806191093394,1628238,True,r_tilde,0.000723693868315563
173,-0.00029110271951487656,-0.00028440439576002586,1626754,True,r_tilde,0.0007236939132257694
174,0.003795897074838851,0.0037084005639741132,1625270,True,r_tilde,0.0007236939743868867
175,0.0013963943490259173,0.0013641606131158878,1623786,True,r_tilde,0.0007237043737945512
176,0.0012312657679093575,0.0012027813281007401,1622303,True,r_tilde,0.0007237057811129634
177,-0.002522563303707035,-0.0024637642718963993,1620820,True,r_tilde,0.0007237068752685051
178,-0.0006602719157186655,-0.000644782418749809,1619337,True,r_tilde,0.0007237114678608214
179,-0.0004783200283762702,-0.0004671683372063949,1617854,True,r_tilde,0.0007237117825037137
180,0.0014636272939909547,0.0014297399625833964,1616371,True,r_tilde,0.0007237119476273574
181,0.0026098504063380382,0.002549164436139031,1614888,True,r_tilde,0.000723713493709689
182,-0.00045139876423998937,-0.00044082338651718926,1613405,True,r_tilde,0.0007237184095855634
183,0.0024324937080057044,0.002375293092049054,1611923,True,r_tilde,0.0007237185566436434
184,-0.0015104417769431016,-0.0014743590728760587,1610441,True,r_tilde,0.000723722827060645
185,-0.002355091584037096,-0.002298507081939514,1608959,True,r_tilde,0.0007237244736034949
186,0.00037846333978516414,0.0003693037806147307,1607478,True,r_tilde,0.0007237284765424293
187,0.0012248460783253559,0.0011949917245171126,1605997,True,r_tilde,0.0007237285799160593
188,-0.0010289945379121249,-0.001003812449889735,1604517,True,r_tilde,0.0007237296626576216
189,-0.0026926480496308864,-0.0026262550524592614,1603037,True,r_tilde,0.0007237304268230058
190,-0.0009629011548382366,-0.0009390159438066148,1601557,True,r_tilde,0.0007237356594358797
191,-0.001148642677113753,-0.0011199383221056013,1600078,True,r_tilde,0.0007237363285821582
192,0.00032769520358219193,0.0003195112207329678,1598599,True,r_tilde,0.0007237372807797128
193,-0.0008057298114340104,-0.000785350002657645,1597122,True,r_tilde,0.0007237373582788781
194,-0.001326161594042951,-0.0012925266965797457,1595645,True,r_tilde,0.0007237378268068862
195,-0.0014548577313758953,-0.0014172466309012408,1594169,True,r_tilde,0.000723739096062416
196,-0.00048357770228892646,-0.0004710066097687799,1592693,True,r_tilde,0.0007237406236157578
197,0.0019747948058219437,0.0019231870862597073,1591217,True,r_tilde,0.0007237407923826909
198,-0.003809231481394486,-0.003709173105787235,1589742,True,r_tilde,0.0007237436068608351
199,0.00020629570872386028,0.00020083379563756685,1588267,True,r_tilde,0.0007237540787411872
200,-0.002123421238001589,-0.002066536813660108,1586792,True,r_tilde,0.0007237541094545365
201,-0.005558911520694268,-0.005409674190070512,1585319,True,r_tilde,0.0007237573634588074
202,-0.0029386858792743525,-0.00285954862727396,1583846,True,r_tilde,0.0007237796641159706
203,4.5663967918079243e-05,4.442218020469509e-05,1582373,True,r_tilde,0.0007237858962374453
204,-0.003054983524662729,-0.002971395985183602,1580900,True,r_tilde,0.0007237858977422322
205,-4.4290420833810993e-05,-4.307053689009184e-05,1579428,True,r_tilde,0.0007237926328326626
206,0.0005455782040226515,0.0005303519340397274,1577956,True,r_tilde,0.0007237926342482714
207,-0.0023905156113391154,-0.002323250651777726,1576484,True,r_tilde,0.0007237928490499268
208,-0.0029965559903415476,-0.002912032436339823,1575012,True,r_tilde,0.000723796972924684
209,0.002044199033506574,0.0019862711399485948,1573540,True,r_tilde,0.0007238034527591461
210,0.0005453753841632014,0.0005299430743764446,1572068,True,r_tilde,0.000723806468282013
211,-0.005672437075869396,-0.005511268401256564,1570596,True,r_tilde,0.0007238066829198897
212,-0.0050325834468501135,-0.004890493935697415,1569124,True,r_tilde,0.0007238299021407983
213,0.006506811269768588,0.006321710369216604,1567652,True,r_tilde,0.0007238481779994563
214,0.0023957196220421584,0.0023272014745823874,1566180,True,r_tilde,0.0007238787284482209
215,-0.0015218402346023078,-0.0014784701249934101,1564709,True,r_tilde,0.0007238828698059543
216,-0.00035408742959290487,-0.0003439233729574894,1563238,True,r_tilde,0.000723884540924069
217,0.0014263313751129159,0.0013852206583786287,1561768,True,r_tilde,0.0007238846313909283
218,-0.004296126130569238,-0.00417169855212596,1560298,True,r_tilde,0.0007238860993329349
219,0.00013498043930856138,0.00013105786191552093,1558828,True,r_tilde,0.0007238994166775726
220,0.0010587429530642108,0.0010278024121404244,1557358,True,r_tilde,0.0007238994298238039
221,0.001072357021742548,0.0010415755085582106,1555888,True,r_tilde,0.0007239002386224438
222,-0.0006773306341789131,-0.0006578401580036347,1554418,True,r_tilde,0.000723901068354091
223,-0.0013251641192656338,-0.0012868444381329463,1552948,True,r_tilde,0.0007239013993784427
224,-0.002115081340481255,-0.002053547811561971,1551479,True,r_tilde,0.0007239026664389778
225,0.000600925672983212,0.0005833824255405211,1550010,True,r_tilde,0.0007239058942702673
226,0.0009271333683907059,0.000899877736034424,1548542,True,r_tilde,0.0007239061548239104
227,0.0019269436199562543,0.0018692724024255475,1547074,True,r_tilde,0.0007239067750353794
228,0.002965433864843917,0.002876211250727407,1545606,True,r_tilde,0.0007239094541567892
229,-0.0018687635381123351,-0.0018119728239856196,1544139,True,r_tilde,0.0007239157991061152
230,0.00028501530603185134,0.0002763100975538363,1542672,True,r_tilde,0.0007239183188576417
231,-0.0017606982682312566,-0.0017065102037861078,1541205,True,r_tilde,0.0007239183774693807
232,0.0018932549547149924,0.0018346162054343979,1539738,True,r_tilde,0.0007239206142192746
233,-0.0019143004842740105,-0.0018545868761428498,1538271,True,r_tilde,0.0007239232004323834
234,-0.0013641272316891396,-0.0013211151042999511,1536804,True,r_tilde,0.0007239258444524942
235,0.0014396719113282943,0.001393958803603178,1535337,True,r_tilde,0.000723927187072448
236,-0.0020142892987097525,-0.0019499201887781042,1533870,True,r_tilde,0.0007239286825143713
237,-0.0007669485950698442,-0.0007423404593167598,1532404,True,r_tilde,0.0007239316099331396
238,-0.0025979576038439632,-0.0025143025640365674,1530939,True,r_tilde,0.0007239320343304951
239,-0.004009153020962288,-0.003878546298038652,1529475,True,r_tilde,0.0007239369040358825
240,0.0004934268778591528,0.0004772929734665227,1528012,True,r_tilde,0.0007239485008553059
241,0.0009005613041240616,0.0008709057706079303,1526550,True,r_tilde,0.0007239486765164485
242,-0.0014639663488278307,-0.0014155303559362244,1525089,True,r_tilde,0.0007239492616519305
243,0.0009203728143765453,0.0008898763870342339,1523628,True,r_tilde,0.000723950807943609
244,-0.0037073489520832808,-0.0035835671904768094,1522168,True,r_tilde,0.0007239514191053339
245,0.000324279502536233,0.0003133932671633348,1520708,True,r_tilde,0.0007239613354669864
246,0.0006778735576685591,0.0006549962026665523,1519250,True,r_tilde,0.0007239614113354737
247,-7.955290706416651e-06,-7.68523516108e-06,1517792,True,r_tilde,0.0007239617428630765
248,-0.0005301689217432869,-0.0005120996774792557,1516334,True,r_tilde,0.0007239617429087363
249,-0.0016078908160974258,-0.001552495137275866,1514876,True,r_tilde,0.000723961945700671
250,-3.4518138354746256e-05,-3.332009525740068e-05,1513418,True,r_tilde,0.0007239638109403056
251,0.0016969352879268019,0.0016377692379141533,1511960,True,r_tilde,0.0007239638117999438
252,-0.0021447884735692375,-0.0020695422965507715,1510502,True,r_tilde,0.0007239658893471697
253,-0.0041741029203917705,-0.004026935588427844,1509045,True,r_tilde,0.0007239692081974294
254,-0.00203384758002802,-0.001961822277197394,1507590,True,r_tilde,0.0007239817783417795
255,0.0016519395899236363,0.0015932859317962064,1506135,True,r_tilde,0.0007239847626666575
256,-0.001928381986005328,-0.0018593145276453418,1504680,True,r_tilde,0.0007239867314418597
257,0.0030632629559982608,0.0029532081240737566,1503225,True,r_tilde,0.000723989414268092
258,-0.0007756181909622913,-0.0007474756796228293,1501770,True,r_tilde,0.0007239961840103672
259,0.0030521706053627824,0.002939986314053491,1500315,True,r_tilde,0.0007239966180180218
260,0.0017168818151029296,0.0016535009460839553,1498860,True,r_tilde,0.0007240033387547288
261,0.005997100407941453,0.005774433896240016,1497405,True,r_tilde,0.0007240054653136416
262,-0.0014894019304575626,-0.001433594060135963,1495950,True,r_tilde,0.0007240314113389887
263,-0.0006732009839297519,-0.0006477927888848764,1494495,True,r_tilde,0.0007240330116476688
264,0.0008273053992798486,0.000795655983208749,1493040,True,r_tilde,0.0007240333385882589
265,0.004170830642219202,0.004010096893357383,1491585,True,r_tilde,0.0007240338323424889
266,-0.0019184345510740934,-0.0018434932972438542,1490130,True,r_tilde,0.0007240463816658857
267,0.0025744801276008215,0.002472773376691403,1488675,True,r_tilde,0.0007240490366664346
268,-0.003415316634303364,-0.003278825570096937,1487221,True,r_tilde,0.0007240538179829885
269,-0.003100423923447439,-0.0029757990083034347,1485767,True,r_tilde,0.0007240622324458758
270,0.0008661251357628187,0.0008310922306085218,1484313,True,r_tilde,0.0007240691667359987
271,-0.00016641231026585414,-0.00015961388779115433,1482860,True,r_tilde,0.0007240697078875309
272,0.0007337771748883601,0.0007036230520588477,1481408,True,r_tilde,0.000724069727864442
273,0.0007811252304164202,0.0007486818498411041,1479956,True,r_tilde,0.0007240701162702483
274,-0.001699487782365076,-0.00162848055616792,1478504,True,r_tilde,0.0007240705564179108
275,0.0010811753001149095,0.001035640715795631,1477052,True,r_tilde,0.0007240726399126349
276,-0.0024800780471267046,-0.002374569938563981,1475600,True,r_tilde,0.0007240734831457715
277,0.0038231387346272833,0.0036584730265059274,1474148,True,r_tilde,0.0007240779200958925
278,-0.0020894928985492056,-0.001997901795241022,1472696,True,r_tilde,0.0007240884637093022
279,0.002203469332436088,0.0021060000658859514,1471244,True,r_tilde,0.000724091613103697
280,-1.5190665621867783e-05,-1.4513988240392957e-05,1469792,True,r_tilde,0.0007240951154354159
281,0.002348482600334588,0.0022431847292673987,1468341,True,r_tilde,0.0007240951156018706
282,-0.00019375576513035048,-0.0001850029389490373,1466890,True,r_tilde,0.0007240990940683821
283,-0.0013926274594294353,-0.0013287918048644155,1465439,True,r_tilde,0.0007240991211484082
284,0.0008172201595190654,0.0007795781713320904,1463989,True,r_tilde,0.0007241005201212787
285,-0.00011047898931505962,-0.00010534703469301554,1462539,True,r_tilde,0.0007241010018659983
286,0.0017987851638461712,0.0017141704889220776,1461089,True,r_tilde,0.0007241010106703637
287,8.954059094321625e-05,8.530182527817328e-05,1459639,True,r_tilde,0.0007241033446473219
288,0.002901690779837615,0.0027635204212166074,1458189,True,r_tilde,0.0007241033504306415
289,-0.0021311829873119645,-0.002029198704850432,1456739,True,r_tilde,0.0007241094239120333
290,0.001986040399424773,0.0018905484476538013,1455289,True,r_tilde,0.0007241127001400751
291,-0.0033387208868776554,-0.003176694401372483,1453839,True,r_tilde,0.0007241155453018371
292,-0.00039233500659917027,-0.0003732280375680446,1452389,True,r_tilde,0.0007241235858891062
293,-0.0008009550304285968,-0.0007617130786851334,1450939,True,r_tilde,0.0007241236969188194
294,-0.0011430168594224138,-0.0010865485300858321,1449489,True,r_tilde,0.000724124159663241
295,-0.003897803305772121,-0.003704172556507084,1448039,True,r_tilde,0.0007241251020513041
296,0.00022957493661432337,0.00021814140737582446,1446589,True,r_tilde,0.0007241360607951145
297,-0.00042858853191884397,-0.00040715310196544265,1445140,True,r_tilde,0.0007241360988111289
298,0.0013195944595460667,0.001253156323586646,1443692,True,r_tilde,0.0007241362313058815
299,6.341242679024839e-05,6.020229856215549e-05,1442244,True,r_tilde,0.0007241374873304567
300,0.001918384624628478,0.0018207554352559737,1440798,True,r_tilde,0.0007241374902309078
301,0.0003159743762583516,0.0002997795700585609,1439352,True,r_tilde,0.0007241401447592434
302,-0.001029744320096692,-0.000976801520272128,1437906,True,r_tilde,0.0007241402167735707
303,-0.002281366073942704,-0.002163648762794233,1436460,True,r_tilde,0.0007241409816191086
304,0.0012943004503168391,0.00122695956307954,1435014,True,r_tilde,0.0007241447356991639
305,0.0033428045200972843,0.0031679103923388284,1433568,True,r_tilde,0.0007241459440200667
306,-0.0033941333573500863,-0.003215291523609801,1432122,True,r_tilde,0.0007241540039499942
307,0.00036472521823499387,0.0003454418715996559,1430676,True,r_tilde,0.0007241623132071555
308,-0.003017424166452796,-0.002856595919742431,1429230,True,r_tilde,0.000724162409154611
309,-0.00048245216937875464,-0.000456568715906317,1427784,True,r_tilde,0.000724168976239138
310,-0.00028549835134923727,-0.0002700821852346512,1426338,True,r_tilde,0.0007241691441220081
311,-0.0011980332680480343,-0.0011328908406418867,1424892,True,r_tilde,0.0007241692029122165
312,0.0025076760378652673,0.002370354505328434,1423447,True,r_tilde,0.0007241702381383297
313,0.0001689695098918791,0.00015965183944100745,1422002,True,r_tilde,0.0007241747737791144
314,0.0010357352570669117,0.0009781197311564277,1420557,True,r_tilde,0.0007241747943717112
315,-0.0016164920441727978,-0.001526295515372955,1419112,True,r_tilde,0.0007241755681057579
316,-0.0020626079838469203,-0.0019472421755799313,1417667,True,r_tilde,0.0007241774527983919
317,0.0027673752657851078,0.0026121121455994377,1416223,True,r_tilde,0.0007241805212925012
318,-0.0005531743527570751,-0.0005219083026260593,1414779,True,r_tilde,0.0007241860449334249
319,0.0007274842390043205,0.0006861097537130765,1413336,True,r_tilde,0.0007241862656381743
320,0.002730563712676437,0.0025742171094627264,1411895,True,r_tilde,0.0007241866473491104
321,-0.004106443740097978,-0.0038685394715229846,1410454,True,r_tilde,0.0007241920249717995
322,-0.0011471369566841522,-0.0010804474612284712,1409013,True,r_tilde,0.0007242041871732798
323,0.002124897059098897,0.002000105229164045,1407573,True,r_tilde,0.0007242051362625221
324,0.0032754528495829802,0.0030818556954243905,1406133,True,r_tilde,0.0007242083927621873
325,-0.0006930314692972354,-0.0006520265839957974,1404693,True,r_tilde,0.0007242161305114875
326,-0.0011156417532874512,-0.001049372940926871,1403253,True,r_tilde,0.0007242164769095368
327,-0.005379457739555974,-0.005059333123612496,1401814,True,r_tilde,0.0007242173745835905
328,0.0018231255386022677,0.0017143810835380442,1400375,True,r_tilde,0.0007242382454090776
329,-0.0027448579257113134,-0.0025796096524779515,1398936,True,r_tilde,0.0007242406425236918
330,0.0013872126072899664,0.0013032404694468234,1397497,True,r_tilde,0.0007242460761909833
331,0.00015813578772501353,0.00014854161100560137,1396059,True,r_tilde,0.0007242474640243067
332,5.594760477881436e-05,5.254297069758851e-05,1394621,True,r_tilde,0.0007242474820591
333,0.0011146322496576391,0.0010465764600395527,1393183,True,r_tilde,0.0007242474843165275
334,-0.001346702752156871,-0.0012640132949109228,1391746,True,r_tilde,0.0007242483803284093
335,-2.5894723612565338e-05,-2.4295733711255862e-05,1390309,True,r_tilde,0.0007242496882851926
336,0.001205271225687185,0.0011304465366604292,1388873,True,r_tilde,0.0007242496887687768
337,0.00034606872998974497,0.0003244166375565986,1387438,True,r_tilde,0.0007242507364249336
338,-0.0011085500785916638,-0.0010388550890691008,1386003,True,r_tilde,0.0007242508227970519
339,0.0014703015221833751,0.0013780268315762192,1384568,True,r_tilde,0.0007242517090530657
340,0.0006127630904128898,0.0005739725358818612,1383133,True,r_tilde,0.0007242532681052125
341,-0.0014376951138913247,-0.001345992046193122,1381698,True,r_tilde,0.0007242535388951206
342,-0.0005074152120145242,-0.00047477851059549213,1380263,True,r_tilde,0.0007242550295611163
343,0.005458350438183089,0.005104975331814187,1378828,True,r_tilde,0.0007242552152445738
344,0.0018309612682596895,0.0017113919194321904,1377394,True,r_tilde,0.0007242767015913466
345,0.0015899767313525596,0.0014853673707131887,1375960,True,r_tilde,0.0007242791192272631
346,0.0010819090675932785,0.0010098119770180494,1374526,True,r_tilde,0.0007242809423371653
347,-0.0017859356665119368,-0.0016662149903597639,1373093,True,r_tilde,0.0007242817864724116
348,0.0008294991392003801,0.0007731270430523126,1371660,True,r_tilde,0.0007242840866490667
349,-0.0007428473139879396,-0.0006920479555330882,1370227,True,r_tilde,0.000724284582853467
350,0.002644316497642821,0.00246297874600581,1368794,True,r_tilde,0.0007242849808026143
351,0.002098401244662228,0.001954048048379557,1367362,True,r_tilde,0.0007242900233931198
352,-0.002883033949311568,-0.0026842798025570845,1365930,True,r_tilde,0.0007242931988150461
353,0.0019198218667368851,0.0017872032640874574,1364499,True,r_tilde,0.0007242991928756933
354,0.0005186642510193099,0.0004827105292023139,1363069,True,r_tilde,0.0007243018507895046
355,0.00017276799498903387,0.00016075953859690472,1361639,True,r_tilde,0.0007243020447846228
356,0.0023704344884693043,0.0022050952041040533,1360209,True,r_tilde,0.0007243020663096987
357,-0.0009192806741894233,-0.0008549857057396914,1358779,True,r_tilde,0.0007243061183410748
358,0.0013810308490313148,0.0012840124162259879,1357349,True,r_tilde,0.0007243067277541217
359,0.0002730751408519114,0.00025386282756847294,1355919,True,r_tilde,0.0007243081031307881
360,-0.002283517517062631,-0.0021221447213719434,1354489,True,r_tilde,0.0007243081569055872
361,1.7291584293930555e-05,1.606039711779203e-05,1353059,True,r_tilde,0.0007243119172014382
362,0.0025367715034115804,0.0023544521235647977,1351629,True,r_tilde,0.0007243119174170547
363,-0.0035022387600219117,-0.0032487851207972543,1350199,True,r_tilde,0.0007243165580102916
364,0.0014279087756151362,0.0013234996229175508,1348769,True,r_tilde,0.0007243254030188867
365,-0.0014083011386411585,-0.0013046195077980435,1347340,True,r_tilde,0.0007243268733142643
366,0.0004470807822313763,0.00041398580731561905,1345911,True,r_tilde,0.0007243283035046618
367,0.003967429615164244,0.0036731186594061126,1344482,True,r_tilde,0.0007243284476412804
368,0.0027467092084076357,0.002541250683643182,1343053,True,r_tilde,0.0007243397982026369
369,0.0007333743036513369,0.0006784943468534681,1341624,True,r_tilde,0.0007243452384570801
370,0.00041557213825854053,0.0003843199761051876,1340196,True,r_tilde,0.0007243456262889336
371,0.0007449868751857959,0.0006886908181553403,1338768,True,r_tilde,0.0007243457508220311
372,-0.0009574418933310848,-0.0008844677109559691,1337341,True,r_tilde,0.0007243461510330397
373,-0.002967762453653821,-0.0027399093191508347,1335914,True,r_tilde,0.0007243468120556605
374,-0.0026567184026220817,-0.0024508330036594637,1334487,True,r_tilde,0.0007243531631364783
375,0.003100661814725508,0.0028591365879409116,1333060,True,r_tilde,0.0007243582526583547
376,-0.0013014143139627923,-0.0011995043834910099,1331633,True,r_tilde,0.0007243651851784177
377,-0.0008151400861203745,-0.0007510309530085655,1330206,True,r_tilde,0.0007243664064466133
378,7.78012545324546e-05,7.163227647074533e-05,1328780,True,r_tilde,0.0007243668855661513
379,-0.0017740361417582485,-0.0016329333370453541,1327356,True,r_tilde,0.0007243668899308316
380,-0.0030234878732945105,-0.0027824419665910677,1325933,True,r_tilde,0.000724369159291269
381,0.00222088682872416,0.0020427326381093373,1324510,True,r_tilde,0.0007243757509142412
382,0.001912964624340014,0.0017587016634546097,1323087,True,r_tilde,0.0007243793074379756
383,-0.00023102962440044937,-0.0002123076517959679,1321664,True,r_tilde,0.0007243819461067334
384,0.0031562873329248823,0.002899047340499337,1320241,True,r_tilde,0.0007243819845929783
385,0.0030987250970470805,0.002845225266129009,1318819,True,r_tilde,0.0007243891678448487
386,-0.0007518833688450722,-0.0006899903571058946,1317399,True,r_tilde,0.0007243960914118645
387,-0.001683949141732161,-0.0015444346438659605,1315979,True,r_tilde,0.0007243964990385061
388,0.0022615211698590537,0.0020732255013510194,1314559,True,r_tilde,0.0007243985436877214
389,0.003821260545619773,0.003501724725557344,1313140,True,r_tilde,0.0007244022314291733
390,0.0029280734608552444,0.0026817099038115395,1311722,True,r_tilde,0.0007244127599700861
391,-0.002378760983626511,-0.002178015645757143,1310304,True,r_tilde,0.0007244189417539435
392,0.0006480923642269053,0.0005932697705731471,1308886,True,r_tilde,0.0007244230216435936
393,0.001186725184078809,0.0010855403102167532,1307468,True,r_tilde,0.0007244233244878205
394,-0.003544025583043977,-0.003238420712020271,1306050,True,r_tilde,0.0007244243399071172
395,-0.0005647444082726191,-0.0005158015281808703,1304632,True,r_tilde,0.0007244333958937383
396,0.002056644726921689,0.0018776653409618511,1303214,True,r_tilde,0.0007244336258489047
397,0.002814654813605649,0.0025678835283551244,1301796,True,r_tilde,0.000724436675547095
398,0.001004792026307444,0.0009165050933618536,1300378,True,r_tilde,0.0007244423875177158
399,0.0006057390691163818,0.0005524507714196925,1298960,True,r_tilde,0.0007244431154418401
400,0.0020634750735675257,0.001880839228249177,1297542,True,r_tilde,0.0007244433799899278
401,0.0025936597424256217,0.0023621091877367053,1296124,True,r_tilde,0.0007244464499371534
402,-0.002965433045673372,-0.002700748829486551,1294706,True,r_tilde,0.000724451300097359
403,0.0022879263553917876,0.0020824108974751266,1293288,True,r_tilde,0.0007244576402975838
404,-0.0012294446314812574,-0.001118705650265353,1291870,True,r_tilde,0.0007244614143487007
405,0.0031461947619684776,0.0028624620915359412,1290453,True,r_tilde,0.0007244625041320994
406,-0.0010384236727542435,-0.0009441986067907829,1289036,True,r_tilde,0.0007244696407259202
407,-0.002614536915323762,-0.0023762730025516897,1287619,True,r_tilde,0.000724470418165345
408,-0.0015868422584076312,-0.0014411341325742315,1286203,True,r_tilde,0.0007244753465573704
409,-0.001670849796391317,-0.0015165144775977364,1284787,True,r_tilde,0.0007244771619943746
410,-5.587622272731392e-05,-5.06875680938356e-05,1283371,True,r_tilde,0.0007244791747328162
411,-0.002851876163297769,-0.002584706918935527,1281955,True,r_tilde,0.0007244791769837669
412,-0.0001957642666387586,-0.00017734561571040804,1280541,True,r_tilde,0.0007244850406802949
413,-0.0027939862852421663,-0.0025297762353012564,1279127,True,r_tilde,0.0007244850683099357
414,-0.0019391199585456992,-0.0017541906245490371,1277713,True,r_tilde,0.0007244906963248292
415,0.0014993443473750915,0.001355434604059611,1276299,True,r_tilde,0.0007244934072251661
416,-0.0003093819371367799,-0.00027959035246089237,1274885,True,r_tilde,0.000724495027936517
417,0.00024487457796100405,0.000221182662667574,1273471,True,r_tilde,0.0007244950969433828
418,0.0006429515191451496,0.0005801593072218669,1272057,True,r_tilde,0.0007244951401738333
419,0.0017770363405964515,0.0016017127905306116,1270643,True,r_tilde,0.000724495438202961
420,0.0005170676303089678,0.0004658879482989712,1269230,True,r_tilde,0.0007244977148416133
421,4.204295447985336e-06,3.7852052942736e-06,1267817,True,r_tilde,0.0007244979075920841
422,-0.0005925251124527618,-0.000533173052908499,1266404,True,r_tilde,0.0007244979076048275
423,0.002410562643802453,0.0021677992859874553,1264991,True,r_tilde,0.0007244981607176435
424,0.0013258148277224956,0.0011917799180520665,1263578,True,r_tilde,0.0007245023499661673
425,0.0026974057546671026,0.002423679174511495,1262165,True,r_tilde,0.0007245036172193461
426,0.00057806407276718,0.0005190509826066044,1260752,True,r_tilde,0.000724508862735794
427,-0.0022369524135918933,-0.002007455685371996,1259339,True,r_tilde,0.0007245091036409006
428,0.002326998937661639,0.00208608350013204,1257926,True,r_tilde,0.0007245127111412924
429,-0.00031999721530121564,-0.0002867190377518944,1256514,True,r_tilde,0.0007245166149004384
430,0.0009557215173566528,0.0008554847299565906,1255103,True,r_tilde,0.0007245166887217658
431,-0.0028437928847613375,-0.0025444060595121937,1253692,True,r_tilde,0.0007245173472159764
432,0.000792873654211244,0.0007090083284003577,1252282,True,r_tilde,0.0007245231774127781
433,-0.0004727437242059906,-0.00042258561056694873,1250872,True,r_tilde,0.0007245236306164081
434,0.002986815438215119,0.0026689449019739833,1249462,True,r_tilde,0.000724523791731701
435,-0.0013170179390062124,-0.0011762380395667917,1248052,True,r_tilde,0.0007245302230502347
436,0.0014666559778826846,0.001309196998122577,1246642,True,r_tilde,0.000724531473494456
437,-0.0013229153968030418,-0.00118052993700186,1245232,True,r_tilde,0.0007245330242259845
438,-2.1068077996855125e-05,-1.879110655161517e-05,1243822,True,r_tilde,0.000724534285889088
439,-0.0018308771462797737,-0.0016315776540681273,1242412,True,r_tilde,0.0007245342862090724
440,0.0008558581930291352,0.0007623448711851413,1241002,True,r_tilde,0.0007245367027634116
441,0.0006651188327268832,0.0005921070471616988,1239592,True,r_tilde,0.0007245372308205287
442,0.002165494587075359,0.001926961298406066,1238182,True,r_tilde,0.0007245375497359436
443,9.559010815023249e-05,8.500677276499317e-05,1236772,True,r_tilde,0.0007245409303073811
444,-0.0015736516041962862,-0.0013984780663453605,1235362,True,r_tilde,0.0007245409368945804
445,0.0005647261817079245,0.0005015166575243979,1233952,True,r_tilde,0.0007245427221137363
446,-0.0019342468238988842,-0.0017169116842980464,1232542,True,r_tilde,0.0007245429520193642
447,-0.0003089379655051628,-0.0002740682123689745,1231132,True,r_tilde,0.0007245456491169748
448,0.001916382875705923,0.0016992620090444427,1229722,True,r_tilde,0.0007245457179211218
449,0.0004499526095454915,0.0003987452570579962,1228312,True,r_tilde,0.0007245483654200891
450,-0.001474229132354064,-0.001305955840125981,1226902,True,r_tilde,0.0007245485113700385
451,0.0014996436110380834,0.0013277563187596411,1225492,True,r_tilde,0.0007245500781206185
452,-0.0027010866107032754,-0.00239018784724779,1224082,True,r_tilde,0.0007245516993521947
453,0.0012046734832901504,0.0010657676263030947,1222672,True,r_tilde,0.0007245569588452819
454,0.0013292923973733269,0.0011754812222988396,1221262,True,r_tilde,0.0007245580050186988
455,0.0001320175772510542,0.00011671171093431444,1219852,True,r_tilde,0.0007245592788306674
456,0.0013247590797974434,0.0011706393196365488,1218442,True,r_tilde,0.0007245592913946525
457,0.0029900895037090008,0.002641015091586967,1217032,True,r_tilde,0.0007245605565309746
458,-0.004165085006857753,-0.003676173238597924,1215623,True,r_tilde,0.0007245670016298014
459,0.0032914419594424907,0.002903679594656626,1214214,True,r_tilde,0.0007245795071932449
460,-0.00012741919131950834,-0.00011233473785617785,1212805,True,r_tilde,0.0007245873166682475
461,0.0013559983667365426,0.0011947248824667961,1211397,True,r_tilde,0.0007245873283717751
462,0.001475671987388506,0.0012997723954230112,1209989,True,r_tilde,0.0007245886538268884
463,0.0006911495578878629,0.00060857262674001,1208581,True,r_tilde,0.0007245902235588123
464,-0.00042976808160658994,-0.00037828431196847053,1207173,True,r_tilde,0.000724590567900275
465,-0.0025296238480895755,-0.0022262094975177764,1205765,True,r_tilde,0.0007245907010417681
466,-0.0018634921789158691,-0.0016379629220463856,1204357,True,r_tilde,0.0007245953137456907
467,-0.00042712376885381586,-0.0003752319450078959,1202949,True,r_tilde,0.0007245978169523277
468,-0.0036668483465010916,-0.003218974654366905,1201541,True,r_tilde,0.0007245979484591378
469,-8.847757154123033e-05,-7.7606180713864e-05,1200133,True,r_tilde,0.0007246076406892583
470,-0.001914618819668787,-0.001678922424741285,1198725,True,r_tilde,0.0007246076463321445
471,1.5724376474410417e-05,1.3781168786097726e-05,1197317,True,r_tilde,0.0007246102887333972
472,0.0030026094385520704,0.002629123236363691,1195909,True,r_tilde,0.0007246102889116269
473,-0.0005505669054392695,-0.0004817748971082315,1194501,True,r_tilde,0.0007246167876502631
474,-0.0018542849754551397,-0.0016220149687350058,1193093,True,r_tilde,0.0007246170061493227
475,0.002193831206795635,0.001918381116910917,1191685,True,r_tilde,0.0007246194846070603
476,0.0012048543333155921,0.0010530189657113553,1190277,True,r_tilde,0.0007246229538378848
477,0.0005883547425002893,0.0005140410003781342,1188870,True,r_tilde,0.0007246240002301273
478,0.0003204537914806781,0.0002799784627975444,1187463,True,r_tilde,0.0007246242497490876
479,-0.0026272366376943615,-0.0022949537801493242,1186056,True,r_tilde,0.0007246243237702272
480,0.0009531430914522755,0.0008325015561734215,1184649,True,r_tilde,0.0007246292990992776
481,-0.0014983242804114088,-0.00130832617165421,1183242,True,r_tilde,0.0007246299539434191
482,0.0008476302465533071,0.0007399827101482187,1181835,True,r_tilde,0.0007246315721452617
483,0.001023147227917081,0.0008931688605347086,1180429,True,r_tilde,0.0007246320900302322
484,0.00046457317300349394,0.0004056341484967031,1179023,True,r_tilde,0.0007246328445946106
485,-0.0019065111699439388,-0.001664188593953559,1177617,True,r_tilde,0.0007246330001653865
486,0.0005410210073134203,0.0004722313934983854,1176212,True,r_tilde,0.0007246356201433525
487,-0.001622105012328361,-0.001415545554550678,1174807,True,r_tilde,0.0007246358311258067
488,0.0001556731041316117,0.00013580806914731953,1173402,True,r_tilde,0.0007246377277242222
489,0.0013498827892248094,0.001177520974349741,1171997,True,r_tilde,0.000724637745192257
490,0.0028418034720143373,0.0024783853594485964,1170592,True,r_tilde,0.0007246390586272988
491,-0.0007395658485300423,-0.0006450875966038935,1169187,True,r_tilde,0.000724644879691934
492,0.002124603408036078,0.0018527970925150338,1167782,True,r_tilde,0.0007246452739369161
493,-0.0033541336964797415,-0.0029247102592075015,1166377,True,r_tilde,0.0007246485275591896
494,-0.0008375863392835751,-0.0007302298062339365,1164973,True,r_tilde,0.000724656636585684
495,0.001901381220778,0.00165758265565655,1163569,True,r_tilde,0.0007246571422526342
496,0.0023634667495968198,0.002059158872498959,1162166,True,r_tilde,0.000724659748063356
497,-1.6352329922236278e-06,-1.4244698099783537e-06,1160763,True,r_tilde,0.000724663774320167
498,-0.0005462637787036759,-0.00047581824774814527,1159360,True,r_tilde,0.0007246637743220942
499,0.0037858960403543665,0.003297370942677255,1157957,True,r_tilde,0.0007246639894050604
500,-0.0019304605261873612,-0.0016809354270441207,1156554,True,r_tilde,0.0007246743202398461
501,0.0006659106480014378,0.0005797784438544496,1155151,True,r_tilde,0.0007246770063016343
502,0.0028270751208896105,0.0024607324654470656,1153748,True,r_tilde,0.0007246773259151714
503,-0.0025357165134562622,-0.0022064657717110396,1152345,True,r_tilde,0.0007246830864939764
504,-0.0019098333150175846,-0.0016615704369440435,1150942,True,r_tilde,0.000724687720853345
505,-0.0012256865170067479,-0.0010664003879713728,1149539,True,r_tilde,0.0007246903497714865
506,-0.0017400629338911423,-0.0015139284933595799,1148136,True,r_tilde,0.0007246914325604958
507,0.0010944863808521634,0.000952225496684241,1146733,True,r_tilde,0.000724693614857995
508,0.003130823872276628,0.002724371093431845,1145331,True,r_tilde,0.0007246944782417126
509,0.0007172785313192365,0.000624226100207643,1143929,True,r_tilde,0.0007247015430117219
510,0.0019678649282790753,0.001721548622603958,1142527,True,r_tilde,0.0007247019138240731
511,0.0008664055491872537,0.0007587195679298583,1141126,True,r_tilde,0.0007247047048775064
512,0.00036351639953434683,0.0003184113564078981,1139725,True,r_tilde,0.0007247052459046214
513,-0.00047719568758423936,-0.0004178385497285824,1138324,True,r_tilde,0.0007247053411457223
514,-0.001137411107401894,-0.0009957934678396566,1136923,True,r_tilde,0.0007247055052686794
515,-0.0030661533715178584,-0.00268355187505931,1135522,True,r_tilde,0.0007247064376872493
516,0.0008812778036712921,0.000771105401116958,1134122,True,r_tilde,0.000724713213500443
517,-0.0018341263912601668,-0.0016043752775253964,1132722,True,r_tilde,0.0007247137732543586
518,0.0004293251224556464,0.0003753822425815504,1131322,True,r_tilde,0.0007247161977929564
519,2.3669999228069756e-05,2.0693700036277176e-05,1129922,True,r_tilde,0.0007247163306371024
520,0.0013914617485746887,0.0012161489579350774,1128522,True,r_tilde,0.0007247163310409023
521,0.0013301135414264037,0.0011623232677064105,1127122,True,r_tilde,0.0007247177264832614
522,0.002336848801053136,0.0020419332109911765,1125722,True,r_tilde,0.0007247190015883752
523,0.003963878758282641,0.0034635125202164734,1124322,True,r_tilde,0.0007247229373448948
524,2.4886155032151666e-05,2.173842467531377e-05,1122922,True,r_tilde,0.000724734261430635
525,0.003665766112627536,0.00320156174635349,1121522,True,r_tilde,0.0007247342618769842
526,0.0030104190407856165,0.0026277030708549,1120122,True,r_tilde,0.0007247439465649696
527,-0.0027126711105877567,-0.002367163057727242,1118722,True,r_tilde,0.0007247504779483218
528,-0.004615802776629703,-0.004027315047359775,1117322,True,r_tilde,0.0007247557811972051
529,0.0014697362289796628,0.0012820980659205153,1115922,True,r_tilde,0.0007247711357093921
530,0.0016266249167867963,0.0014188620433750222,1114522,True,r_tilde,0.0007247726924464645
531,-0.0017601959710750834,-0.0015351131974683649,1113122,True,r_tilde,0.0007247745992689826
532,0.00333815100104817,0.0029113940557908015,1111722,True,r_tilde,0.0007247768321019497
533,0.0012401093774119445,0.0010816057364443903,1110322,True,r_tilde,0.0007247848626109239
534,-0.0026363786025461284,-0.002298577742750442,1108922,True,r_tilde,0.0007247859708880266
535,0.0026509084110782565,0.002310851417704172,1107522,True,r_tilde,0.0007247909797850266
536,0.0005214482556238994,0.00045446275491300503,1106122,True,r_tilde,0.0007247960440097977
537,0.0030228241407913295,0.0026341808997906867,1104722,True,r_tilde,0.0007247962399594011
538,0.002944838141793506,0.0025657066157690096,1103322,True,r_tilde,0.0007248028248063232
539,0.00287988485124754,0.0025087724627092696,1101922,True,r_tilde,0.0007248090742151065
540,-0.0011063785673211812,-0.0009634883227601107,1100522,True,r_tilde,0.0007248150509316391
541,-0.0023347774800218718,-0.002033363719537769,1099122,True,r_tilde,0.0007248159330317261
542,7.922212403792152e-05,6.894656446671991e-05,1097723,True,r_tilde,0.0007248198612888523
543,-0.0010600660052475608,-0.0009225337312165564,1096324,True,r_tilde,0.0007248198658115827
544,-0.0010287517856524876,-0.0008948982872348853,1094925,True,r_tilde,0.0007248206756032594
545,-0.0033380965206960466,-0.002903943393868358,1093526,True,r_tilde,0.000724821438258443
546,-0.0017705150389355903,-0.0015403998738752994,1092127,True,r_tilde,0.0007248294680111137
547,-0.0015631652768803028,-0.0013599310374165648,1090728,True,r_tilde,0.0007248317269295298
548,0.002182253784260103,0.0018982442369999816,1089329,True,r_tilde,0.0007248334877290064
549,-0.0013178444196886565,-0.001146203081877527,1087930,True,r_tilde,0.0007248369194269678
550,0.003024910072750515,0.0026308363028101737,1086531,True,r_tilde,0.0007248381709113291
551,0.003122955664210052,0.0027142697179419677,1085132,True,r_tilde,0.0007248447644677855
552,0.0007181588246942561,0.0006241538170752254,1083733,True,r_tilde,0.0007248517923156204
553,0.0038609020697471055,0.0033554325442867673,1082334,True,r_tilde,0.0007248521639616508
554,0.0005747036523915241,0.00049943460220711,1080935,True,r_tilde,0.0007248629054073794
555,-0.0004216168594612693,-0.00036633188963293943,1079537,True,r_tilde,0.0007248631434034526
556,-0.0003206293901569668,-0.0002785036612126551,1078139,True,r_tilde,0.0007248632714941841
557,-0.004559685145948873,-0.003959578368864578,1076741,True,r_tilde,0.0007248633455720334
558,-0.0018080208164352888,-0.0015699497091652512,1075343,True,r_tilde,0.0007248783267825503
559,-0.0006953878057490748,-0.0006038458844457893,1073945,True,r_tilde,0.0007248806822594868
560,0.0015414923797710393,0.0013379153644200573,1072547,True,r_tilde,0.0007248810306973443
561,-0.0008090751656881573,-0.0007022763116215575,1071149,True,r_tilde,0.000724882742892802
562,-0.00396961163670746,-0.0034455405080114384,1069751,True,r_tilde,0.0007248832145730212
563,0.0005950790822989249,0.0005165468591154465,1068354,True,r_tilde,0.0007248945689267378
564,-0.001877635085270754,-0.0016294481204673196,1066957,True,r_tilde,0.0007248948240865483
565,0.002940277609445543,0.0025512525065346414,1065560,True,r_tilde,0.0007248973643832711
566,-0.0024003450887301924,-0.0020825658815521986,1064163,True,r_tilde,0.0007249035936382894
567,-0.002953128276498935,-0.002561358616689496,1062766,True,r_tilde,0.0007249077451254004
568,-0.002695709443784725,-0.0023382614227122306,1061369,True,r_tilde,0.0007249140288598851
569,-0.0013350741010553291,-0.0011579917104876853,1059972,True,r_tilde,0.0007249192648149562
570,0.0006970530487259391,0.0006045723219459507,1058575,True,r_tilde,0.0007249205490914694
571,0.0017410453800116327,0.0015101418020413559,1057178,True,r_tilde,0.0007249208991808768
572,0.0008991392533884473,0.000780152706224402,1055781,True,r_tilde,0.0007249230832517717
573,-0.0020896263383345685,-0.001813135797063432,1054384,True,r_tilde,0.0007249236657567434
574,0.0016512161955473377,0.001432839972730673,1052987,True,r_tilde,0.0007249268119244642
575,0.002020148180185191,0.0017531625814619339,1051590,True,r_tilde,0.0007249287764195743
576,0.0011288313461728895,0.0009795871628093665,1050193,True,r_tilde,0.0007249317168306965
577,-0.0003454152699030786,-0.00029968190949997164,1048796,True,r_tilde,0.0007249326349488387
578,-0.0001942682338491844,-0.0001685796832131496,1047399,True,r_tilde,0.0007249327209141446
579,-0.0029134311469461074,-0.0025278102744238414,1046002,True,r_tilde,0.000724932748106304
580,0.0017156893903727002,0.0014885455009463365,1044605,True,r_tilde,0.0007249388638290816
581,-0.0007591647213298673,-0.000658631970962542,1043208,True,r_tilde,0.000724940984694629
582,0.0019254189890904488,0.0016704373664094825,1041811,True,r_tilde,0.0007249413999421825
583,-0.0007462657971199257,-0.0006474625918008564,1040414,True,r_tilde,0.0007249440710082061
584,0.0007636030819992923,0.0006624479627474344,1039017,True,r_tilde,0.0007249444722630393
585,-0.002964770332180387,-0.0025719631883814415,1037621,True,r_tilde,0.0007249448923781482
586,-8.597620259346767e-05,-7.456684979309486e-05,1036225,True,r_tilde,0.0007249512254300154
587,-0.0003741534847085644,-0.00032446108711947007,1034829,True,r_tilde,0.000724951230755824
588,0.0029342328504287627,0.002544292672124261,1033433,True,r_tilde,0.00072495133161806
589,-0.0029601999722138005,-0.002567168400934759,1032037,True,r_tilde,0.0007249575348249202
590,0.0011078799580866718,0.0009607814808457449,1030641,True,r_tilde,0.000724963848256312
591,0.0018750251786806109,0.0016261085640858716,1029245,True,r_tilde,0.0007249647325705567
592,0.0032235659556494383,0.002795655051020842,1027849,True,r_tilde,0.0007249672655659119
593,0.00200148111980122,0.0017357673114050348,1026453,True,r_tilde,0.0007249747522637469
594,9.784009099920051e-05,8.483276436779712e-05,1025057,True,r_tilde,0.0007249776384016126
595,0.0021130370992957235,0.0018319711963400076,1023661,True,r_tilde,0.0007249776452984011
596,-0.00029069936783960925,-0.00025204090217268826,1022266,True,r_tilde,0.0007249808621163961
597,-0.0008185783664457443,-0.000709649733550817,1020871,True,r_tilde,0.000724980922999872
598,0.0029667117533924998,0.002572042864357342,1019476,True,r_tilde,0.0007249814057602585
599,0.0035225178406667955,0.0030538868248675254,1018081,True,r_tilde,0.0007249877467895762
600,0.0009176947212749827,0.0007959821583736832,1016686,True,r_tilde,0.0007249966862412871
601,-0.0033043789802317254,-0.0028657137994453053,1015291,True,r_tilde,0.0007249972929749453
602,-0.002439295471667863,-0.0021156797770888053,1013896,True,r_tilde,0.0007250051594249107
603,0.0010974437017401229,0.0009517661907302063,1012501,True,r_tilde,0.0007250094461364698
604,-0.0016034354347544196,-0.0013904457812982383,1011106,True,r_tilde,0.000725010313814098
605,-0.0009544001900233482,-0.0008274959341453314,1009711,True,r_tilde,0.0007250121660488932
606,-0.003219542887690073,-0.0027912216566018523,1008316,True,r_tilde,0.0007250128222747935
607,0.00019891553715739617,0.0001724371508248749,1006921,True,r_tilde,0.0007250202898280663
608,0.0007552820348174216,0.0006547100221535778,1005526,True,r_tilde,0.0007250203183333304
609,0.004218786832182646,0.0036567937657347306,1004131,True,r_tilde,0.0007250207292992729
610,0.0018016696610081272,0.0015618090681631756,1002736,True,r_tilde,0.0007250335513863986
611,0.0007637562971598709,0.0006620160145369206,1001341,True,r_tilde,0.0007250358898431921
612,-0.0018264081271859793,-0.0015828816061485376,999950,True,r_tilde,0.000725036310073916
613,-0.00020424218713398765,-0.0001769854202656333,998559,True,r_tilde,0.0007250387131803687
614,-0.0030414117030378046,-0.0026360090618465434,997168,True,r_tilde,0.0007250387432319634
615,0.00019275899903152264,0.00016704861025099494,995777,True,r_tilde,0.000725045407079305
616,-0.0021229846636299345,-0.001840020922037618,994386,True,r_tilde,0.0007250454338464428
617,0.0012600551997316441,0.0010921083494464657,992995,True,r_tilde,0.000725048680719755
618,-0.0010934576637615207,-0.000947668630611015,991604,True,r_tilde,0.0007250498245180807
619,-7.762463532651017e-05,-6.726854422818245e-05,990213,True,r_tilde,0.0007250506858561845
620,-6.539478958822224e-05,-5.666644291023248e-05,988822,True,r_tilde,0.0007250506901969727
621,0.006042099355409283,0.005235573706939686,987431,True,r_tilde,0.0007250506932777177
622,-0.0003791029054258378,-0.00032847314996194317,986041,True,r_tilde,0.0007250769921605728
623,0.0021903288378927544,0.0018974260971092716,984651,True,r_tilde,0.0007250770956909733
624,0.003046046822865711,0.0026382608286732293,983261,True,r_tilde,0.0007250805516711663
625,0.0013591900080042812,0.001177066175195359,981872,True,r_tilde,0.0007250872354599263
626,-0.0032978440864692626,-0.002855610501519829,980483,True,r_tilde,0.0007250885662437466
627,0.0015874859501499637,0.0013735307899346752,979094,True,r_tilde,0.0007250964006242347
628,9.115314309772566e-05,7.885265706875583e-05,977705,True,r_tilde,0.0007250982159781729
629,-0.0004508877891252654,-0.0003900645781347331,976316,True,r_tilde,0.0007250982219634503
630,0.002723753641202838,0.002355959090641458,974927,True,r_tilde,0.0007250983684095765
631,-0.00040780168781115244,-0.00035264066909905826,973538,True,r_tilde,0.0007251037125140952
632,0.0018166711466552474,0.0015709892895796956,972149,True,r_tilde,0.0007251038323082692
633,-0.0010976179712672775,-0.0009491512316862169,970760,True,r_tilde,0.0007251062096386955
634,-0.004345312934381713,-0.003758559458309256,969371,True,r_tilde,0.0007251070774760868
635,-0.00042581032237309175,-0.00036835343228651103,967982,True,r_tilde,0.0007251206785663687
636,0.000979786430384876,0.0008474772523681641,966593,True,r_tilde,0.0007251208091713873
637,0.0007379654166806305,0.0006384628210834151,965204,True,r_tilde,0.0007251215006680512
638,0.0007126142256836495,0.0006164375456043324,963815,True,r_tilde,0.0007251218929505596
639,-0.0017410924376421565,-0.001505918224871327,962426,True,r_tilde,0.0007251222587437972
640,-0.000762317142379332,-0.0006593141715595111,961037,True,r_tilde,0.0007251244423262306
641,-0.0019653690727239534,-0.001699325076521184,959648,True,r_tilde,0.0007251248609236303
642,0.000751165278469332,0.0006493479173411835,958259,True,r_tilde,0.0007251276432779271
643,0.0005711129237210691,0.0004936807448595647,956870,True,r_tilde,0.0007251280497158759
644,0.00035906996018103906,0.00031030105284777197,955481,True,r_tilde,0.0007251282846613182
645,0.0020159212689037026,0.0017418262644974107,954092,True,r_tilde,0.0007251283775325267
646,-0.000740256969207035,-0.00063962525897889,952703,True,r_tilde,0.000725131304845651
647,-0.0031466326181383473,-0.002718680967877228,951314,True,r_tilde,0.0007251316995628594
648,0.0027034267598819903,0.002335236799827248,949925,True,r_tilde,0.00072513883155536
649,0.0026105659554660926,0.002254529465447642,948536,True,r_tilde,0.0007251440958998596
650,0.00020196279442373475,0.00017440884800780327,947147,True,r_tilde,0.0007251490047681401
651,0.0007715014455128902,0.0006663073449029363,945758,True,r_tilde,0.0007251490341482423
652,0.002049773151636058,0.0017699070069470105,944369,True,r_tilde,0.0007251494628782789
653,0.0002937505226330727,0.00025356853236087573,942980,True,r_tilde,0.0007251524892410711
654,-0.005334405666774562,-0.004601865735996043,941591,True,r_tilde,0.0007251525513945953
655,0.0021817581265477083,0.0018820864538533558,940202,True,r_tilde,0.0007251730476434835
656,-0.0024066548498496584,-0.0020760670747880243,938813,True,r_tilde,0.000725176476176591
657,-0.0040949752170430795,-0.0035326372057450186,937424,True,r_tilde,0.0007251806479478528
658,0.0012011363021810987,0.0010366381300052018,936035,True,r_tilde,0.000725192725823584
659,0.0003423218241784288,0.00029541939490669784,934646,True,r_tilde,0.0007251937649506563
660,0.0007372738041637896,0.0006362506996144626,933257,True,r_tilde,0.0007251938493526902
661,-0.001324122131047032,-0.0011427037722573333,931868,True,r_tilde,0.0007251942408611959
662,0.0025828969909693113,0.002228960786062113,930479,True,r_tilde,0.0007251955036746144
663,0.001608776272351098,0.0013883322605517173,929091,True,r_tilde,0.0007252003086974413
664,0.003936581859927163,0.0033963390506980607,927708,True,r_tilde,0.0007252021728033803
665,-0.00020399793678661584,-0.00017599799894140787,926325,True,r_tilde,0.0007252133340822458
666,-0.0014808767861395904,-0.0012774797239745602,924942,True,r_tilde,0.0007252133640547882
667,-0.00045079856630205357,-0.00038896783095825375,923559,True,r_tilde,0.0007252149435175932
668,-0.001411712193248668,-0.0012181649852966213,922176,True,r_tilde,0.0007252150898822059
669,0.003482989800296152,0.003005121224462472,920793,True,r_tilde,0.000725216525248996
670,-0.00048118057027660426,-0.00041514697826117,919410,True,r_tilde,0.0007252252624418435
671,-0.0019245419351517367,-0.0016604779875982016,918028,True,r_tilde,0.0007252254291976693
672,0.0009528028570416254,0.0008218849592769132,916646,True,r_tilde,0.0007252280967856926
673,-0.000407909454760979,-0.00035181497183235774,915264,True,r_tilde,0.0007252287506221134
674,4.190747055318612e-05,3.614198494478749e-05,913882,True,r_tilde,0.0007252288704589453
675,2.322070474313253e-05,2.002574985837376e-05,912500,True,r_tilde,0.0007252288717238145
676,0.00549086599370059,0.004734944984343106,911118,True,r_tilde,0.0007252288721121558
677,-0.0007158955474163163,-0.0006172545023482387,909736,True,r_tilde,0.0007252505860168111
678,-0.000513270928910874,-0.0004424831642707146,908354,True,r_tilde,0.0007252509551209777
679,-0.0005162765228488856,-0.00044497565182016985,906973,True,r_tilde,0.000725251144853942
680,0.0011949170955582475,0.0010296756970040021,905592,True,r_tilde,0.0007252513368154249
681,-0.0019137040793245285,-0.0016490326282314176,904211,True,r_tilde,0.0007252523651265333
682,0.0013786876757436184,0.0011879551986407088,902830,True,r_tilde,0.0007252550026567622
683,-7.423245905154261e-06,-6.3942918921599e-06,901449,True,r_tilde,0.0007252563715780205
684,-0.0001624846392126318,-0.00013992642433633773,900068,True,r_tilde,0.0007252563716177062
685,0.0011593581396919744,0.000998222812627323,898687,True,r_tilde,0.0007252563906315923
686,0.002426027841040426,0.002088277982399025,897306,True,r_tilde,0.000725257358644617
687,-0.002126531677339184,-0.0018301065589759746,895926,True,r_tilde,0.0007252615973767483
688,-0.0021064976574577923,-0.0018124625383458472,894546,True,r_tilde,0.0007252648541376807
689,0.004731627629131106,0.004070735155747882,893166,True,r_tilde,0.0007252680498096692
690,-0.0017657374382474655,-0.0015192251093444507,891787,True,r_tilde,0.0007252841731703354
691,-0.0015751378876242832,-0.0013548770517217456,890408,True,r_tilde,0.0007252864185056231
692,0.0004089594259261554,0.00035170182500305247,889029,True,r_tilde,0.0007252882052601861
693,-0.0033576338171834937,-0.0028877727979688163,887650,True,r_tilde,0.000725288325704865
694,-0.0010719212176716383,-0.0009220752304520878,886271,True,r_tilde,0.0007252964444959633
695,0.0021166670626704505,0.0018204222945493863,884893,True,r_tilde,0.0007252972719573996
696,-0.0005436294638053583,-0.0004675075355248946,883516,True,r_tilde,0.0007253004984146688
697,-0.0026348624730491766,-0.002265689935478398,882139,True,r_tilde,0.0007253007112411956
698,-0.0004980311422448459,-0.0004281905552612692,880764,True,r_tilde,0.0007253057108281717
699,-0.0005296099383444007,-0.0004552174152747364,879389,True,r_tilde,0.0007253058894480028
700,0.0022928881054489077,0.001970721759447344,878014,True,r_tilde,0.0007253060914375111
701,0.00054147871487778,0.0004652196703311061,876639,True,r_tilde,0.0007253098774416849
702,-0.002887256935551076,-0.0024801708210194346,875264,True,r_tilde,0.0007253100885848114
703,0.0004893969528111928,0.00042031814217432254,873889,True,r_tilde,0.000725316091789824
704,-0.0005749829556429181,-0.0004937918364695669,872514,True,r_tilde,0.0007253162642675357
705,0.0020668754464423836,0.0017744792534426588,871139,True,r_tilde,0.0007253165023460911
706,-0.0007267344902976214,-0.0006237790379428432,869764,True,r_tilde,0.0007253195787117627
707,-0.0012689043362636332,-0.0010890719394891677,868389,True,r_tilde,0.0007253199590411236
708,-0.0028746262823146347,-0.0024667408878024373,867014,True,r_tilde,0.0007253211185273968
709,0.0003183857154012698,0.00027312938289330213,865639,True,r_tilde,0.0007253270692335299
710,0.0023903423991869545,0.0020501492592327544,864264,True,r_tilde,0.0007253271422315475
711,0.00046641858080529873,0.0004000078008690678,862889,True,r_tilde,0.000725331256786744
712,-0.0016506612655322855,-0.001415474816695368,861514,True,r_tilde,0.0007253314134449217
713,-0.00032831888116647526,-0.00028138566093326796,860139,True,r_tilde,0.0007253333755247384
714,-0.00029376195793683215,-0.0002517216469899777,858764,True,r_tilde,0.0007253334531479947
715,0.0010540725747050289,0.0009028673360637358,857389,True,r_tilde,0.0007253335152908501
716,0.0011967344397321327,0.0010248129678998182,856014,True,r_tilde,0.0007253343153845799
717,-0.0023370322750344143,-0.0020008444999871653,854639,True,r_tilde,0.0007253353467079752
718,-0.0019290531206224853,-0.001651366835677178,853264,True,r_tilde,0.000725339279737667
719,-0.0014434413990765183,-0.001235290721185133,851889,True,r_tilde,0.000725341959425468
720,-0.0010265794527939262,-0.0008784663756797482,850514,True,r_tilde,0.0007253434597765223
721,-0.001404273840628363,-0.0012015034922447274,849139,True,r_tilde,0.0007253442186668758
722,0.0017611709285302055,0.0015049659305279627,847764,True,r_tilde,0.0007253456386947078
723,0.002850952129683913,0.00243577750315252,846389,True,r_tilde,0.000725347872242076
724,0.001122584797456209,0.0009589190474622466,845014,True,r_tilde,0.0007253537251215467
725,-0.0008833652176696462,-0.0007543812789437671,843639,True,r_tilde,0.0007253546325784727
726,-0.0025762770936184134,-0.0021996052816495,842265,True,r_tilde,0.0007253551944898902
727,-0.0021251455725417867,-0.0018143757520923769,840891,True,r_tilde,0.0007253599738616372
728,0.003560876447620108,0.0030394446547267803,839517,True,r_tilde,0.0007253632259372344
729,-0.0005106614639773706,-0.00043569380755857195,838143,True,r_tilde,0.000725372356412132
730,-0.00617637221782368,-0.005268213640450212,836769,True,r_tilde,0.0007253725441893666
731,0.002430647680964412,0.002072771858391283,835395,True,r_tilde,0.0007254000127187998
732,0.0030953088804196783,0.0026384284565802267,834021,True,r_tilde,0.000725404266772989
733,-0.0019382904524557875,-0.0016516465109177988,832647,True,r_tilde,0.0007254111654155049
734,0.0019175681256348312,0.0016337605557723378,831273,True,r_tilde,0.0007254138705601468
735,0.002872424361243268,0.002446593846423306,829899,True,r_tilde,0.0007254165181626333
736,0.0011197081723332456,0.0009535594300331819,828525,True,r_tilde,0.0007254224589746168
737,-0.0005662233248677843,-0.0004822117014692787,827151,True,r_tilde,0.0007254233617012435
738,-0.00132119211223921,-0.0011250143788178089,825777,True,r_tilde,0.0007254235925469112
739,-0.001925364349015611,-0.0016392896143972695,824403,True,r_tilde,0.0007254248493803199
740,-0.0024262829972236705,-0.0020652821906295663,823029,True,r_tilde,0.0007254275185147578
741,-0.003178449770496838,-0.002704000693109549,821655,True,r_tilde,0.0007254317571440849
742,0.00046120089944139874,0.00039229591905516836,820281,True,r_tilde,0.0007254390310853202
743,0.0007564851589672418,0.0006429936802132813,818907,True,r_tilde,0.0007254391842353732
744,-0.003485290455149908,-0.0029608285056460467,817533,True,r_tilde,0.0007254395962736053
745,-0.0033098119966603707,-0.00281085170794336,816159,True,r_tilde,0.0007254483423225449
746,-0.0008049752317212982,-0.0006831268202938806,814785,True,r_tilde,0.0007254562297544337
747,0.0036427937277377594,0.0030893191414846964,813411,True,r_tilde,0.0007254566962972486
748,-0.0011820672253504457,-0.0010020624146002664,812037,True,r_tilde,0.0007254662504599043
749,0.0027262830262151172,0.0023098434511648765,810663,True,r_tilde,0.0007254672564753798
750,0.0015031672638017488,0.0012731572265443783,809289,True,r_tilde,0.0007254726077875452
751,-0.0011093748814011118,-0.0009393501913526375,807915,True,r_tilde,0.0007254742345754551
752,-0.0023158934480985867,-0.0019601341299968094,806541,True,r_tilde,0.0007254751206540032
753,0.0008460481568456089,0.0007161399861698774,805167,True,r_tilde,0.0007254789821118029
754,-0.00021506933771796023,-0.00018200024483114454,803794,True,r_tilde,0.0007254794974626593
755,0.002284341193251363,0.0019326833090343115,802421,True,r_tilde,0.0007254795307646095
756,-0.002908001990804491,-0.0024602641624748875,801049,True,r_tilde,0.0007254832876978591
757,0.0017095262449646346,0.001445492723698257,799677,True,r_tilde,0.0007254893760251145
758,-0.0009046210504273792,-0.0007646193046532353,798305,True,r_tilde,0.0007254914800829933
759,-0.0006876572894083039,-0.000580997852880666,796933,True,r_tilde,0.0007254920692503957
760,-0.002235125272799981,-0.0018876839364430405,795561,True,r_tilde,0.0007254924096971161
761,0.0007956069857813174,0.0006719118249795688,794189,True,r_tilde,0.0007254960064252564
762,-0.000704358579081918,-0.0005949504708155492,792817,True,r_tilde,0.0007254964621470908
763,-0.0032201020463570097,-0.002719536944232259,791445,True,r_tilde,0.0007254968193294781
764,-0.0014058353309263918,-0.0011867791725917308,790073,True,r_tilde,0.0007255042844933679
765,-7.605228812427091e-05,-6.416704163140515e-05,788701,True,r_tilde,0.0007255057073669756
766,-0.002064472072578288,-0.00174121053368195,787329,True,r_tilde,0.0007255057115310795
767,0.0009091045948282692,0.0007664731272216236,785957,True,r_tilde,0.0007255087799460604
768,-0.0033352572127243138,-0.0028107563673879284,784585,True,r_tilde,0.0007255093749538878
769,0.0010684028018500074,0.0009000952292057891,783213,True,r_tilde,0.000725517383451721
770,0.003026170840552918,0.0025480444084713303,781841,True,r_tilde,0.0007255182052397147
771,-0.0005789621112500613,-0.00048731230586410124,780469,True,r_tilde,0.0007255247981083233
772,0.00546638514452619,0.004599719093661709,779097,True,r_tilde,0.0007255250394241342
773,0.0028852107136903213,0.002427327673421419,777725,True,r_tilde,0.0007255465513570609
774,-0.0013797132375745816,-0.0011603286438383008,776354,True,r_tilde,0.0007255525441023708
775,-0.004311998634165596,-0.003623105932051862,774983,True,r_tilde,0.0007255539144987638
776,0.0010587840951773104,0.0008889887651608645,773612,True,r_tilde,0.0007255672995906771
777,-0.001024869653834704,-0.0008601641216344272,772241,True,r_tilde,0.00072556810659284
778,0.001813173237734885,0.0015213820349463357,770870,True,r_tilde,0.0007255688627232088
779,-0.002401195500789148,-0.0020134377307009354,769499,True,r_tilde,0.0007255712293897955
780,-0.0011113576847294557,-0.0009310115237199971,768128,True,r_tilde,0.0007255753799963743
781,-0.0011070616390441797,-0.0009271445179197425,766757,True,r_tilde,0.0007255762691211942
782,-0.0005746352298083055,-0.0004810403706014236,765386,True,r_tilde,0.0007255771513842511
783,0.0007100548937945977,0.0005942950657163106,764015,True,r_tilde,0.000725577389089434
784,0.0010761880867516298,0.0009005416705343447,762644,True,r_tilde,0.0007255777520319327
785,-0.0029326970723845243,-0.0024532477571072566,761273,True,r_tilde,0.000725578585770664
786,-0.00037040955837079045,-0.00030964527820153185,759902,True,r_tilde,0.0007255847771287904
787,-0.0006437735953307996,-0.000538037420772443,758531,True,r_tilde,0.000725584875896277
788,0.00011723510759099618,9.794696156027414e-05,757160,True,r_tilde,0.0007255851742392635
789,0.0019031925696372475,0.0015890427089665766,755789,True,r_tilde,0.0007255851841331015
790,-0.004851399099771665,-0.004049451309313947,754418,True,r_tilde,0.0007255877915717856
791,6.640804839650926e-05,5.54026340389209e-05,753047,True,r_tilde,0.0007256047340444406
792,-0.0025044141334338316,-0.0020883794585312117,751676,True,r_tilde,0.0007256047372189685
793,0.002518588640673341,0.002099682969091606,750305,True,r_tilde,0.0007256092521243731
794,0.0003572903414485315,0.0002978174439555548,748934,True,r_tilde,0.0007256138182528434
795,0.004096197231586213,0.003413436389332556,747564,True,r_tilde,0.0007256139101442298
796,-0.00022306552187313652,-0.00018588131576150634,746194,True,r_tilde,0.0007256259880136358
797,-0.0015910151936873113,-0.0013254023709453227,744824,True,r_tilde,0.0007256260238306916
798,0.0038442347050281745,0.003201613095105651,743454,True,r_tilde,0.0007256278459343621
799,-4.88893382910194e-05,-4.0708481055692457e-05,742085,True,r_tilde,0.0007256384834568342
800,0.0028973441766925374,0.0024121937206218937,740716,True,r_tilde,0.0007256384851772991
801,0.0012814437128675653,0.0010667491113835177,739347,True,r_tilde,0.00072564452766652
802,0.003185177279338433,0.00265090232771559,737978,True,r_tilde,0.0007256457096532892
803,-0.00016474606673268238,-0.0001370588835865721,736609,True,r_tilde,0.0007256530122652672
804,-0.0003561581219026014,-0.000296224085890869,735240,True,r_tilde,0.0007256530318014146
805,-0.004918784530372057,-0.0040893996378785925,733871,True,r_tilde,0.0007256531231063992
806,-0.0012378945183057729,-0.0010285989761009949,732502,True,r_tilde,0.0007256705379324584
807,-0.004816774318509901,-0.00400234250670695,731133,True,r_tilde,0.0007256716409064769
808,-0.0034409452805371187,-0.0028582377624747964,729764,True,r_tilde,0.0007256883404758794
809,0.0035785604495124435,0.002972536395465841,728395,True,r_tilde,0.0007256968624588354
810,0.002741727960540216,0.002277132258109067,727026,True,r_tilde,0.0007257060796063073
811,0.00028440696731770056,0.00023618659325014708,725657,True,r_tilde,0.0007257114899414201
812,0.003271435563068718,0.0027161276899731815,724288,True,r_tilde,0.0007257115481590164
813,0.0026936716398241255,0.002235808430157621,722919,True,r_tilde,0.0007257192509520006
814,-0.0005173047201930185,-0.000429245611038556,721550,True,r_tilde,0.000725724473193186
815,0.00036187313117813744,0.00030027959557931544,720181,True,r_tilde,0.0007257246657943378
816,0.001599811649968784,0.0013270231337137043,718812,True,r_tilde,0.0007257247600437365
817,-0.002652551772441606,-0.002199699602645476,717443,True,r_tilde,0.0007257266021006421
818,-0.0008126535762193947,-0.0006737608401337238,716075,True,r_tilde,0.0007257316660692461
819,0.0019732693170006455,0.0016352147745724705,714707,True,r_tilde,0.0007257321413743855
820,0.0014194615996467482,0.0011760965541798962,713339,True,r_tilde,0.0007257349437952247
821,-0.0028070311359647193,-0.002324768781952982,711971,True,r_tilde,0.0007257363939242715
822,-0.0008336037602593248,-0.000690189893469122,710603,True,r_tilde,0.0007257420648202963
823,0.0001226098480361725,0.00010147430254234085,709236,True,r_tilde,0.0007257425649408558
824,-0.0003071077240239199,-0.0002540590389710727,707869,True,r_tilde,0.0007257425757603245
825,-0.002283847555965071,-0.0018887507519143032,706502,True,r_tilde,0.0007257426436395191
826,-0.00012102171626679629,-0.00010006329887349986,705135,True,r_tilde,0.0007257463975877769
827,5.951295381238633e-05,4.919668336002524e-05,703768,True,r_tilde,0.0007257464081287219
828,0.0010367256755875126,0.0008564772038212509,702401,True,r_tilde,0.0007257464106777578
829,-0.0025734194041340114,-0.0021253824744670337,701034,True,r_tilde,0.0007257471842135342
830,0.0017093527704092144,0.001411233353015743,699667,True,r_tilde,0.0007257519504126423
831,0.0021359868493443044,0.0017633857619731245,698300,True,r_tilde,0.0007257540532824402
832,-0.0029367509761996495,-0.002424296274045129,696933,True,r_tilde,0.000725757336839145
833,0.0009300803792899167,0.0007676151508535646,695566,True,r_tilde,0.0007257635437967001
834,0.0014882996324424936,0.001228141875772153,694199,True,r_tilde,0.0007257641663599119
835,-0.004580495705158005,-0.003779089689518468,692832,True,r_tilde,0.0007257657604856522
836,-0.0012028031581449315,-0.000991786131909655,691465,True,r_tilde,0.0007257808599587007
837,0.002689071529646069,0.002215933455447264,690098,True,r_tilde,0.0007257819011274423
838,0.002768472877082363,0.002281333698788099,688731,True,r_tilde,0.000725787105098139
839,0.0020735362637217094,0.0017085337055603416,687364,True,r_tilde,0.000725792620884949
840,-0.0009054700367334884,-0.0007460741867584322,685999,True,r_tilde,0.0007257957150795214
841,-5.7428218517009884e-06,-4.730473881592155e-06,684634,True,r_tilde,0.0007257963051058814
842,-0.0007233743769355726,-0.0005958228863624809,683269,True,r_tilde,0.0007257963051296155
843,-0.0014088524009011596,-0.0011603398766834748,681904,True,r_tilde,0.0007257966817026353
844,0.004233126529966699,0.00348533011106389,680539,True,r_tilde,0.0007257981101143761
845,-0.0011176485462499237,-0.000920244233246203,679174,True,r_tilde,0.0007258110056870324
846,-0.0027389482829437172,-0.0022547637902083045,677809,True,r_tilde,0.000725811904614231
847,-0.0017996706785715548,-0.0014814858892777084,676444,True,r_tilde,0.0007258173031972666
848,-0.0010925468967462938,-0.000899190258052345,675079,True,r_tilde,0.0007258196339483304
849,-0.0013901310403134257,-0.0011436607248365457,673714,True,r_tilde,0.0007258204929401553
850,0.002676898860468692,0.0022021678494016073,672349,True,r_tilde,0.0007258218835959945
851,0.002716018852632009,0.002233835113365268,670985,True,r_tilde,0.000725827040275602
852,-0.0018253381145092824,-0.001500892946311229,669621,True,r_tilde,0.0007258323487368665
853,0.000595151166256667,0.0004893047779316392,668257,True,r_tilde,0.0007258347463959471
854,0.00037669306825118454,0.000309763501445233,666893,True,r_tilde,0.0007258350012869882
855,-0.0009845465482249609,-0.0008092463345680212,665530,True,r_tilde,0.0007258351033986029
856,-0.00152860089083317,-0.0012565545089842475,664167,True,r_tilde,0.0007258358009434824
857,0.0011034608390283666,0.0009068196258579874,662804,True,r_tilde,0.0007258374824058513
858,0.0018394071757993216,0.001511605251623829,661441,True,r_tilde,0.0007258383586235483
859,0.00012111554080099057,9.952690620837739e-05,660078,True,r_tilde,0.000725840793365465
860,0.0035195749203066565,0.002893099392928398,658715,True,r_tilde,0.0007258408039213874
861,-0.007131762427019117,-0.005862475636228273,657352,True,r_tilde,0.0007258497179537626
862,0.0012288322810419462,0.001010194918072521,655990,True,r_tilde,0.0007258863173480244
863,-0.00025315029629516917,-0.0002080692852658771,654628,True,r_tilde,0.0007258874039090223
864,0.0016176796210654602,0.0013293428157568228,653266,True,r_tilde,0.0007258874500222402
865,0.0018528618583537062,0.0015223491404728414,651904,True,r_tilde,0.0007258893330338676
866,0.0041417145333940645,0.0034028297883713526,650542,True,r_tilde,0.000725891803351244
867,-0.003680566456978725,-0.0030252083837811745,649180,True,r_tilde,0.0007259041464033717
868,-9.352460355647346e-05,-7.683906142608994e-05,647818,True,r_tilde,0.0007259138937174193
869,-0.0010163888134130112,-0.0008317772908125974,646456,True,r_tilde,0.0007259139000110966
870,0.0010369938300620995,0.0008362514569669212,645094,True,r_tilde,0.0007259146433249758
871,0.0010215932503474976,0.0008232087283832301,643733,True,r_tilde,0.0007259154170816003
872,0.0026494510665764576,0.002132015206102214,642372,True,r_tilde,0.0007259161680256995
873,-0.0007146459816411511,-0.0005747440835563068,641011,True,r_tilde,0.0007259212188428843
874,-0.0015784583922268218,-0.0012690719387036503,639650,True,r_tilde,0.0007259215863198613
875,0.002670502106190241,0.002145817485098057,638289,True,r_tilde,0.0007259233790455998
876,-0.003311639853565073,-0.0026596355131627953,636929,True,r_tilde,0.0007259285103922577
877,-0.0011188483913706043,-0.0008980002384425701,635569,True,r_tilde,0.0007259364013153584
878,-0.0016908030663741577,-0.0013564668577192094,634209,True,r_tilde,0.0007259373020180571
879,0.001379993128448034,0.0011068470898755475,632849,True,r_tilde,0.0007259393589700187
880,0.0020102452995016066,0.001611634899863064,631490,True,r_tilde,0.0007259407291919624
881,-0.0015430545055070744,-0.001236906325244004,630131,True,r_tilde,0.000725943636786883
882,0.000682278112655373,0.0005466008615909542,628772,True,r_tilde,0.0007259453499430056
883,-0.0026557304261158477,-0.0021264866693578226,627415,True,r_tilde,0.0007259456848750305
884,-8.53732459871982e-05,-6.836425666118708e-05,626058,True,r_tilde,0.0007259507594556496
885,0.0004924689913434773,0.0003942162370667925,624701,True,r_tilde,0.0007259507646997892
886,0.001999675579831461,0.0016007207646049106,623344,True,r_tilde,0.0007259509391969579
887,0.0017757318215137357,0.0014210600690518485,621987,True,r_tilde,0.0007259538162560237
888,-0.0025990673116943717,-0.0020792948753565296,620630,True,r_tilde,0.0007259560849865133
889,-0.0015491019795761843,-0.0012389976449728524,619273,True,r_tilde,0.0007259609452641083
890,-0.00134164844222762,-0.0010727801854989898,617916,True,r_tilde,0.0007259626718336209
891,-0.002692107095906454,-0.0021522029631859487,616559,True,r_tilde,0.0007259639669255824
892,0.0011184050726899585,0.0008940733920928138,615202,True,r_tilde,0.0007259691813438514
893,-0.001146704298942029,-0.0009165991136184256,613845,True,r_tilde,0.0007259700812922879
894,-0.0021392568367679158,-0.0017095894592136429,612488,True,r_tilde,0.000725971027358864
895,-0.0024039980185204595,-0.001920806498021111,611131,True,r_tilde,0.0007259743199924778
896,0.001418603809290355,0.0011340018374568607,609774,True,r_tilde,0.0007259784779833581
897,0.001778046442131341,0.0014209539972149434,608417,True,r_tilde,0.0007259799258744241
898,0.0015365987791805108,0.0012276971806220002,607060,True,r_tilde,0.0007259822004414158
899,-0.002803151201755286,-0.0022391846119297256,605703,True,r_tilde,0.0007259838992025282
900,-0.00042180244269357644,-0.00033689522674561076,604346,True,r_tilde,0.00072598955250461
901,-0.0009023721822856358,-0.0007208718403863287,602989,True,r_tilde,0.0007259896805092155
902,0.002479431488214386,0.0019801760136484168,601632,True,r_tilde,0.0007259902663486456
903,-0.0026353471449612484,-0.002104968567230887,600275,True,r_tilde,0.0007259946892772384
904,-0.0019777840995690173,-0.0015795072894107909,598918,True,r_tilde,0.0007259996859228546
905,-0.0026116106574644985,-0.0020858154990130357,597561,True,r_tilde,0.000726002500144581
906,-0.0012183931187016547,-0.0009729796190059242,596204,True,r_tilde,0.0007260074071338077
907,0.0022919112946555233,0.0018306661549212554,594847,True,r_tilde,0.0007260084751339927
908,0.0016420989014922383,0.0013114645290906578,593490,True,r_tilde,0.000726012254253387
909,-0.0011813975515311773,-0.0009436865616563357,592133,True,r_tilde,0.0007260141942095385
910,-0.0022860867591032574,-0.001826054857794959,590776,True,r_tilde,0.0007260151983270589
911,0.007660929753608067,0.006119490739633014,589419,True,r_tilde,0.0007260189582280051
912,0.001102951340929889,0.0008810408991098053,588062,True,r_tilde,0.0007260611803634614
913,0.00011204573427925814,8.948045317455033e-05,586705,True,r_tilde,0.0007260620555024869
914,-0.00010470128949280836,-8.362542386726487e-05,585348,True,r_tilde,0.0007260620645338797
915,0.0009362112029910918,0.0007476592592643366,583993,True,r_tilde,0.0007260620724200862
916,-0.0009533202656903618,-0.0007616647932685257,582638,True,r_tilde,0.0007260627029585029
917,-0.0010622837472725113,-0.0008497387280737716,581284,True,r_tilde,0.0007260633567528347
918,-0.0023136231532928527,-0.001850994222835597,579930,True,r_tilde,0.0007260641685436548
919,0.005102039545915179,0.0040818064276634865,578576,True,r_tilde,0.0007260680193077271
920,0.0035642358358346526,0.002852365417033722,577222,True,r_tilde,0.0007260867452015509
921,0.0008764715980988796,0.0007019594238817775,575868,True,r_tilde,0.0007260958837968914
922,-0.0007149145879221624,-0.0005727486525642519,574514,True,r_tilde,0.0007260964364077048
923,-0.00038423780780384704,-0.0003078102406344655,573161,True,r_tilde,0.0007260968040722288
924,0.00036474528742284017,0.0002922182319056074,571808,True,r_tilde,0.0007260969102768609
925,0.0001682581991314715,0.0001348105647964556,570455,True,r_tilde,0.0007260970059792072
926,-0.0009386450454479765,-0.000752592344350354,569103,True,r_tilde,0.0007260970263447338
927,0.002439185759492178,0.0019561695852678435,567751,True,r_tilde,0.0007260976601352854
928,0.0027580451938980515,0.002211715954683518,566399,True,r_tilde,0.0007261019400119959
929,-0.0016632923446277196,-0.001334475660730375,565047,True,r_tilde,0.0007261074119522538
930,0.0012566605718277546,0.0010085133625654154,563696,True,r_tilde,0.0007261094020460059
931,0.005242399523346877,0.00420877517744007,562345,True,r_tilde,0.0007261105380278816
932,0.0031450341991036677,0.0025259849713262735,560994,True,r_tilde,0.0007261303072419066
933,0.0013093333957782379,0.0010520804069623665,559643,True,r_tilde,0.000726137422192313
934,0.0028844576225301732,0.0023182481665404227,558292,True,r_tilde,0.0007261386553514534
935,-0.00011470696841900666,-9.223702663938356e-05,556941,True,r_tilde,0.0007261446400847781
936,0.0006295931577394873,0.000506376633008715,555590,True,r_tilde,0.0007261446495492044
937,0.0014487766965733272,0.0011655970525221914,554239,True,r_tilde,0.0007261449346737435
938,0.0016837126431836513,0.0013549646834325679,552888,True,r_tilde,0.0007261464444652013
939,0.0015289053603511332,0.0012308326285999168,551537,True,r_tilde,0.0007261484836141285
940,0.0014447749920453818,0.0011631908274617956,550186,True,r_tilde,0.000726150165022065
941,-0.0005044342107803732,-0.0004063782845842596,548836,True,r_tilde,0.0007261516664737654
942,0.0032513676291283434,0.002619987500976603,547486,True,r_tilde,0.0007261518495025924
943,-0.0014490364369011612,-0.0011680453619596462,546136,True,r_tilde,0.0007261594534701872
944,9.260313205232194e-05,7.467719320271562e-05,544786,True,r_tilde,0.000726160963772854
945,0.0019915692526080745,0.001607559652655887,543437,True,r_tilde,0.000726160969941023
946,0.003870833825739925,0.0031257568974476855,542088,True,r_tilde,0.0007261638228958404
947,0.0013131104786579867,0.001060903548686005,540739,True,r_tilde,0.000726174600172895
948,-0.003315663723271385,-0.0026796700823197316,539390,True,r_tilde,0.000726175840393473
949,0.00558248354161993,0.0045157781280948,538041,True,r_tilde,0.0007261837478100509
950,0.0027747161853888887,0.0022450006374936356,536693,True,r_tilde,0.0007262061628490624
951,-0.0021121507739861735,-0.001709618520317024,535345,True,r_tilde,0.0007262117003443932
952,-0.0030064703081094895,-0.002434501880205228,533997,True,r_tilde,0.0007262149090025899
953,0.004513605172980299,0.0036557159109385723,532649,True,r_tilde,0.00072622141006833
954,0.0002871579806949326,0.0002327482235392419,531301,True,r_tilde,0.0007262360625614964
955,-0.00429335392575883,-0.0034811574627426523,529953,True,r_tilde,0.0007262361218679257
956,0.0036935308656365446,0.0029951431076961723,528605,True,r_tilde,0.0007262493789943089
957,-0.0009989057404921314,-0.0008103465279963772,527258,True,r_tilde,0.0007262591904304526
958,-0.0013310978885173986,-0.0010799107801718949,525911,True,r_tilde,0.0007262599080511997
959,0.0015887034972447594,0.0012898308952956998,524565,True,r_tilde,0.0007262611823326519
960,0.0013858056877112056,0.001124944236668703,523219,True,r_tilde,0.0007262629975563473
961,0.0013183055297040374,0.0010709699698655817,521873,True,r_tilde,0.0007262643787296408
962,-0.00042785570789830794,-0.00034770572997865415,520527,True,r_tilde,0.0007262656286284493
963,-0.0012044332031576792,-0.0009793542001957207,519181,True,r_tilde,0.000726265760283327
964,-0.0021475265232641857,-0.0017471263775700474,517835,True,r_tilde,0.0007262668035789395
965,0.001015364292820741,0.000826231642492454,516489,True,r_tilde,0.0007262701203669225
966,0.001486673805835633,0.0012101489719726888,515143,True,r_tilde,0.000726270861819191
967,0.0014865162290119728,0.001210275543850634,513798,True,r_tilde,0.0007262724513542358
968,0.0001759149613102268,0.0001432719031644946,512453,True,r_tilde,0.0007262740405488619
969,-0.0008766679460914433,-0.000714182237243775,511108,True,r_tilde,0.0007262740628046435
970,0.005897942315709825,0.004805638121593144,509763,True,r_tilde,0.0007262746155274429
971,-0.0007164977860280428,-0.0005839413828066976,508418,True,r_tilde,0.000726299632256247
972,-0.002521908698236701,-0.00205602452654749,507073,True,r_tilde,0.0007263000014476632
973,0.0006411315203218718,0.0005230053666408067,505728,True,r_tilde,0.0007263045752683104
974,-0.0019402417220171636,-0.0015832252057185194,504383,True,r_tilde,0.0007263048708742891
975,0.00020553439285819568,0.00016781981142285131,503038,True,r_tilde,0.0007263075781328538
976,0.0009378016952202417,0.0007658122328906228,501693,True,r_tilde,0.0007263076085127475
977,-0.0031069061854939193,-0.0025374760566390887,500348,True,r_tilde,0.0007263082409814918
978,0.004284467264102139,0.00349877480758074,499003,True,r_tilde,0.0007263151827648544
979,-1.2289949107249106e-05,-1.0039878550452748e-05,497658,True,r_tilde,0.0007263283836305472
980,0.0007139907701402896,0.0005834785549440474,496313,True,r_tilde,0.0007263283837391658
981,-0.0015042802392185492,-0.0012300841962940116,494968,True,r_tilde,0.0007263287503369991
982,0.00018839309592513076,0.00015412232451517333,493623,True,r_tilde,0.000726330377614438
983,7.199097145458581e-05,5.890808491401347e-05,492278,True,r_tilde,0.0007263304031375469
984,0.0024563101768877967,0.002010787988878496,490933,True,r_tilde,0.0007263304068645493
985,-0.004424038852533555,-0.003623888092983891,489588,True,r_tilde,0.0007263347456554066
986,-0.00266456434033648,-0.0021839076983041147,488243,True,r_tilde,0.0007263488202100331
987,-0.0007832018683512935,-0.0006423486956980926,486899,True,r_tilde,0.0007263539257712183
988,-0.0011049727318693185,-0.0009065207506817455,485555,True,r_tilde,0.0007263543668709906
989,0.002043906305619032,0.0016776462236728804,484211,True,r_tilde,0.0007263552448661697
990,0.0012073981281207602,0.0009913489148624804,482868,True,r_tilde,0.0007263582489345638
991,-0.0028420691647638857,-0.0023346251744255663,481525,True,r_tilde,0.000726359297239508
992,0.00047334930350260225,0.00038903433793127055,480182,True,r_tilde,0.0007263651056041537
993,0.003409887765772342,0.002804283445752818,478839,True,r_tilde,0.0007263652667229794
994,-0.0014830876410558591,-0.0012209291856352697,477496,True,r_tilde,0.0007263736277653631
995,0.0013898454213068724,0.001145410762485848,476153,True,r_tilde,0.0007263752094172904
996,-0.000836888749591626,-0.00069008064695426,474811,True,r_tilde,0.0007263765984401606
997,-0.0030124113577977077,-0.0024852375947851837,473469,True,r_tilde,0.0007263771020698088
998,0.002220093450778328,0.001831961885695398,472127,True,r_tilde,0.000726383627396819
999,0.00021265961200365893,0.0001756132112115852,470785,True,r_tilde,0.0007263871715560799
1000,-0.0018417126168897477,-0.0015216969702291402,469444,True,r_tilde,0.0007263872040752672
1001,-0.0035438552099392225,-0.0029294044630338648,468104,True,r_tilde,0.0007263896430799626
1002,0.0011546971523501725,0.0009559897445243189,466765,True,r_tilde,0.000726398673696898
1003,-0.0010004655523315692,-0.0008289369962100629,465427,True,r_tilde,0.0007263996324321237
1004,-0.0020671566045281455,-0.0017138220112584144,464089,True,r_tilde,0.0007264003521566004
1005,-0.004152637985626619,-0.003445560240919782,462751,True,r_tilde,0.0007264034247678632
1006,0.004041483968299726,0.0033558803268787523,461414,True,r_tilde,0.0007264158242737432
1007,0.0020530888120893587,0.0017051483885877363,460077,True,r_tilde,0.0007264275686711306
1008,0.0021081311357999304,0.0017518885558102783,458740,True,r_tilde,0.0007264305994906326
1009,-0.00018870172489770062,-0.00015692707060082186,457403,True,r_tilde,0.0007264337949844692
1010,0.0012029785974810104,0.0010011505935651034,456066,True,r_tilde,0.000726433820587626
1011,0.00011804109698519267,9.83131115815272e-05,454729,True,r_tilde,0.0007264348611239824
1012,0.0022294737108386007,0.0018577037070082918,453393,True,r_tilde,0.0007264348711425958
1013,0.0013050559012021028,0.0010878239289871068,452058,True,r_tilde,0.0007264384450622393
1014,0.0035174157855482977,0.0029360012413858984,450723,True,r_tilde,0.0007264396696696052
1015,-0.0038275054767843006,-0.003197547103021728,449388,True,r_tilde,0.0007264485654290262
1016,-0.004786949186672285,-0.00400266727077534,448053,True,r_tilde,0.000726459098656097
1017,-0.003240665007541998,-0.0027114162511535983,446718,True,r_tilde,0.0007264755741850531
1018,-0.0034391683250985816,-0.0028783545274307255,445383,True,r_tilde,0.0007264831248087997
1019,-0.002921555978102235,-0.00244777837958061,444048,True,r_tilde,0.0007264916286788699
1020,0.0043467623147598385,0.003642399236295005,442713,True,r_tilde,0.0007264977653634201
1021,0.000993660044493185,0.0008330464925007119,441378,True,r_tilde,0.0007265113494758505
1022,-0.002027196049420376,-0.001700467549807838,440043,True,r_tilde,0.0007265120593328395
1023,0.0014296630457850308,0.0011994487829038738,438708,True,r_tilde,0.0007265150138438707
1024,-0.0005009077549529014,-0.0004203615898419049,437373,True,r_tilde,0.0007265164833120103
1025,-0.0006733064133185551,-0.0005652437333027925,436038,True,r_tilde,0.0007265166637000789
1026,0.0011530017276478685,0.0009679783864193008,434704,True,r_tilde,0.00072651698962506
1027,4.172476072750949e-06,3.5056076050888337e-06,433370,True,r_tilde,0.000726517945391286
1028,-0.000996281151858982,-0.0008374798787744452,432036,True,r_tilde,0.0007265179454038023
1029,0.003865511377792542,0.003251815516649276,430702,True,r_tilde,0.0007265186590042159
1030,0.0033433017042146444,0.0028147747080556258,429368,True,r_tilde,0.0007265294014149231
1031,-0.004112440474379886,-0.0034642960866975267,428035,True,r_tilde,0.0007265374372935297
1032,0.0009139010774031141,0.0007703910336823069,426703,True,r_tilde,0.0007265495956659505
1033,0.0007488204759444875,0.0006317202898390919,425371,True,r_tilde,0.0007265501961075287
1034,0.0045335809790313965,0.003823847691802716,424039,True,r_tilde,0.0007265505992211765
1035,0.0028725114195726734,0.0024237142740299437,422711,True,r_tilde,0.0007265653749971462
1036,0.0009698355629203989,0.0008186996421644176,421384,True,r_tilde,0.0007265713067750454
1037,0.0006772400311857911,0.0005721325031387085,420058,True,r_tilde,0.0007265719829445644
1038,-0.0029913024845578937,-0.002529209724453867,418732,True,r_tilde,0.0007265723126638274
1039,-0.0015044761214780575,-0.0012731026968537161,417406,True,r_tilde,0.0007265787451331061
1040,-0.004382564172878176,-0.0037090362973400915,416082,True,r_tilde,0.0007265803722743253
1041,0.00309082605850568,0.002617347076078733,414758,True,r_tilde,0.0007265941795057457
1042,-0.000106115139671346,-8.99033466983886e-05,413434,True,r_tilde,0.0007266010469159156
1043,-0.0008492246244961527,-0.0007198355833808797,412110,True,r_tilde,0.0007266010550105363
1044,0.001615151472212406,0.0013704404327761822,410786,True,r_tilde,0.00072660157343657
1045,0.0005741166635574376,0.00048743624953259045,409463,True,r_tilde,0.0007266034487222825
1046,0.004954809466671677,0.004207019072105788,408140,True,r_tilde,0.000726603685663493
1047,0.004079786626639799,0.0034663165953834293,406817,True,r_tilde,0.0007266213333943139
1048,0.0007777074998572434,0.0006610872153854525,405495,True,r_tilde,0.000726633298072008
1049,-0.0017042404878173524,-0.001449294120869134,404173,True,r_tilde,0.0007266337328374064
1050,-0.0034783214365822503,-0.002960413560304926,402851,True,r_tilde,0.0007266358206110084
1051,0.004675495138304994,0.003980561176135128,401529,True,r_tilde,0.0007266445173782809
1052,-0.004311770884359682,-0.003673118893853008,400207,True,r_tilde,0.0007266602306400944
1053,-0.00023514507748152995,-0.00020049332597539947,398885,True,r_tilde,0.0007266735939422873
1054,0.0005812364693286757,0.0004958116488558079,397563,True,r_tilde,0.0007266736336861631
1055,-0.0011075224167170967,-0.0009452320189311658,396241,True,r_tilde,0.0007266738765171253
1056,0.0010726559310987416,0.0009161143380871815,394920,True,r_tilde,0.0007266747581810344
1057,0.0016166974659039453,0.0013836848187225564,393599,True,r_tilde,0.0007266755852055413
1058,0.0024830616253627867,0.0021260342221881613,392278,True,r_tilde,0.0007266774638915835
1059,-0.0017529688491685412,-0.0015016493436395644,390957,True,r_tilde,0.0007266818955859776
1060,0.002906564811784805,0.002490741915861862,389636,True,r_tilde,0.000726684104308811
1061,0.0006750337549210149,0.0005787853227821222,388315,True,r_tilde,0.0007266901765689967
1062,0.0008547463280257129,0.0007332193937799621,386995,True,r_tilde,0.0007266905040901972
1063,0.0035675854060254458,0.0030613603872301897,385675,True,r_tilde,0.000726691029215167
1064,-0.004602825885808143,-0.003951397631519327,384355,True,r_tilde,0.0007267001773814236
1065,-0.0021296164541928344,-0.0018290321005719787,383035,True,r_tilde,0.0007267154048285925
1066,0.003046273419420373,0.0026178584638073834,381715,True,r_tilde,0.0007267186645108673
1067,-0.001195675128165493,-0.0010283565695094318,380395,True,r_tilde,0.0007267253342258974
1068,0.0020145993508048354,0.0017340822554144436,379076,True,r_tilde,0.0007267263617537608
1069,0.0027175220679443667,0.0023427942025865457,377757,True,r_tilde,0.0007267292788006987
1070,0.001458101719754739,0.0012574950053288693,376438,True,r_tilde,0.0007267345865419051
1071,-0.0015947067624472954,-0.0013760132476320615,375119,True,r_tilde,0.000726736114590558
1072,0.00086962565100678,0.0007508801348377975,373800,True,r_tilde,0.000726737942363345
1073,-0.0015311584159204599,-0.0013226367440447265,372481,True,r_tilde,0.0007267384858945838
1074,-0.0007754973578458149,-0.0006701418618370268,371163,True,r_tilde,0.0007267401708926716
1075,0.0010529790131570827,0.0009104601428654077,369845,True,r_tilde,0.0007267406031269177
1076,0.003859322858734914,0.003337608534257876,368527,True,r_tilde,0.0007267414000154766
1077,-0.00209859991904368,-0.0018152709369792385,367209,True,r_tilde,0.0007267521047757973
1078,-0.0014690919900317155,-0.0012711759815868678,365891,True,r_tilde,0.0007267552700393981
1079,0.001039372057098229,0.0009000891446057583,364573,True,r_tilde,0.0007267568211656658
1080,0.00238041350393332,0.002064606279506796,363264,True,r_tilde,0.0007267575975746447
1081,-0.0009283459709152564,-0.000805291663808781,361956,True,r_tilde,0.0007267616699878521
1082,-0.0028971443641032445,-0.002513939386096417,360648,True,r_tilde,0.000726762289379491
1083,-0.006947752387460828,-0.006029970372272831,359340,True,r_tilde,0.0007267683216930833
1084,-0.0036731288117712478,-0.0031894998109904017,358032,True,r_tilde,0.0007268030129578964
1085,0.0015243238037310092,0.0013241223966989622,356724,True,r_tilde,0.0007268127089114327
1086,-0.0027523907598975966,-0.002391690257068304,355416,True,r_tilde,0.0007268143787299608
1087,-0.002407037184204609,-0.002092206641537307,354108,True,r_tilde,0.0007268198229148955
1088,0.00021060645490654755,0.0001830407341932529,352800,True,r_tilde,0.0007268239865764008
1089,-0.002106166346263509,-0.0018322405863768414,351492,True,r_tilde,0.0007268240184515274
1090,0.00019906482594339486,0.00017319719871527288,350184,True,r_tilde,0.0007268272062652752
1091,0.0026339068498117627,0.002292965572570128,348877,True,r_tilde,0.000726827234742371
1092,-0.0014355583396525784,-0.0012500038756696494,347570,True,r_tilde,0.0007268322202107469
1093,0.0017829613077398004,0.001552961269358257,346263,True,r_tilde,0.0007268337011761169
1094,0.0002919421661890495,0.0002543641870842465,344956,True,r_tilde,0.0007268359856485546
1095,-0.00026612221621888154,-0.00023192652681771635,343650,True,r_tilde,0.0007268360468969954
1096,-0.00018673609455678616,-0.00016297056640088777,342344,True,r_tilde,0.0007268360977906472
1097,-0.00423507664989993,-0.003697417260249715,341038,True,r_tilde,0.0007268361228493089
1098,-0.0005443477271864232,-0.0004755043141901814,339732,True,r_tilde,0.0007268490118729477
1099,0.003909953797778713,0.003418737230886516,338426,True,r_tilde,0.0007268492248076202
1100,0.003376136815029404,0.0029543513458518867,337120,True,r_tilde,0.0007268602106524756
1101,-0.0002588543903256822,-0.00022671267479222718,335814,True,r_tilde,0.0007268684014191928
1102,0.004653556975085837,0.004077561599730938,334508,True,r_tilde,0.0007268684495688379
1103,-0.0001722906893585927,-0.0001510220341253083,333203,True,r_tilde,0.0007268840109244665
1104,0.004089011053158463,0.0035851774491669234,331898,True,r_tilde,0.0007268840322547349
1105,-0.0032917094521799717,-0.0028871586453670262,330593,True,r_tilde,0.0007268960467540014
1106,-0.0017868547686256146,-0.001568614402469363,329288,True,r_tilde,0.0007269038326066522
1107,-0.004911028810232271,-0.0043131621822351555,327983,True,r_tilde,0.0007269061268458259
1108,0.0044200808364829045,0.0038828096562449482,326678,True,r_tilde,0.0007269234568745079
1109,-0.0008965868021744476,-0.0007882468292629423,325373,True,r_tilde,0.0007269374948788174
1110,0.0016499609971622736,0.0014510799318978632,324068,True,r_tilde,0.0007269380724762644
1111,-0.0018692608064298738,-0.001644267169034934,322763,True,r_tilde,0.0007269400285588244
1112,-0.003376707858455343,-0.0029713359620632544,321458,True,r_tilde,0.0007269425391632523
1113,-0.000774214713089657,-0.0006813545464230943,320153,True,r_tilde,0.0007269507317730452
1114,0.0048666031495227064,0.004284591184123691,318848,True,r_tilde,0.0007269511624538917
1115,0.0030366345516609373,0.002674366524451029,317543,True,r_tilde,0.0007269681793117531
1116,-0.002095337182014614,-0.0018458620344832296,316238,True,r_tilde,0.0007269748046110476
1117,0.003971566260268854,0.003500087803057491,314933,True,r_tilde,0.0007269779590734954
1118,0.0017167485589334257,0.0015134564390848779,313628,True,r_tilde,0.0007269892918629467
1119,-0.004030375011319425,-0.003552916373044433,312323,True,r_tilde,0.0007269914093587613
1120,0.0035153099393698526,0.0031000989306207006,311018,True,r_tilde,0.0007270030800337329
1121,0.0005754455813109573,0.0005077029874402328,309713,True,r_tilde,0.0007270119582591113
1122,0.00016487346855710732,0.00014559236761167293,308408,True,r_tilde,0.0007270121961647403
1123,-0.0036792092804568163,-0.0032500193142935598,307103,True,r_tilde,0.0007270122156945347
1124,-0.0010483130702768912,-0.0009264692238317623,305798,True,r_tilde,0.0007270219409763527
1125,0.0004008627991674913,0.0003540613241192152,304493,True,r_tilde,0.0007270227305125974
1126,-0.003784578037306966,-0.0033446653485092502,303188,True,r_tilde,0.0007270228459592406
1127,-0.0065376430022736015,-0.005777851980869571,301883,True,r_tilde,0.0007270331361072543
1128,0.0030274300709840687,0.0026771972320915748,300578,True,r_tilde,0.0007270638416551463
1129,-0.005349034706380062,-0.004732497593579481,299273,True,r_tilde,0.000727070425984575
1130,0.0009351353202388201,0.0008276797037679549,297968,True,r_tilde,0.0007270909804429341
1131,0.00455693258673168,0.004036123132547528,296663,True,r_tilde,0.0007270916086427438
1132,0.0011324176440179025,0.001003634324277981,295358,True,r_tilde,0.0007271065259159647
1133,6.429495544874632e-05,5.702127569418123e-05,294053,True,r_tilde,0.000727107447113487
1134,0.0032580481944205985,0.0028896486841062546,292748,True,r_tilde,0.0007271074500830533
1135,-0.00020485347177529172,-0.00018179369418055792,291444,True,r_tilde,0.0007271150752957236
1136,-0.003842280548262792,-0.00341167916795982,290140,True,r_tilde,0.0007271151054411425
1137,0.002377964673195581,0.002111420876832398,288837,True,r_tilde,0.000727125710415782
1138,0.00028817827659916565,0.0002559487323555531,287534,True,r_tilde,0.0007271297723969615
1139,-0.0027983317055190887,-0.0024883219443425602,286231,True,r_tilde,0.0007271298320521686
1140,0.0028083130304811296,0.0024975374007283743,284968,True,r_tilde,0.000727135457052697
1141,-0.001170864525289158,-0.0010413643190221326,283705,True,r_tilde,0.0007271411222082593
1142,-0.0003505278536695686,-0.00031168953713489773,282442,True,r_tilde,0.0007271421069721597
1143,-0.00013684797301923628,-0.00012171097651582988,281179,True,r_tilde,0.0007271421952320882
1144,0.0012217136732889874,0.0010868763707619596,279916,True,r_tilde,0.0007271422086843468
1145,0.00011533114781317821,0.00010263903840583002,278653,True,r_tilde,0.0007271432808379706
1146,0.00025520130124761034,0.00022718174422330727,277390,True,r_tilde,0.0007271432903925384
1147,0.0013352643996615346,0.0011893843959917899,276127,True,r_tilde,0.0007271433371750549
1148,-0.0033702793278055513,-0.0030037996665801567,274864,True,r_tilde,0.0007271446178884527
1149,-0.0006560445994792546,-0.0005850091867669188,273601,True,r_tilde,0.0007271527770660559
1150,-0.0018217356210667817,-0.0016253060577578141,272338,True,r_tilde,0.0007271530862228494
1151,0.00013581532977314137,0.00012127635134028859,271075,True,r_tilde,0.0007271554700895165
1152,-0.0009246284111126706,-0.0008260003521385858,269812,True,r_tilde,0.0007271554833392801
1153,0.0012136413919245023,0.0010847505063293344,268549,True,r_tilde,0.0007271560974473792
1154,-0.003740765691440589,-0.0033463879311788542,267286,True,r_tilde,0.0007271571554594382
1155,0.0020619417708678325,0.0018451439357389113,266023,True,r_tilde,0.000727167206882508
1156,-0.0001628784864295863,-0.0001457960068566123,264760,True,r_tilde,0.0007271702607867846
1157,0.00682548285971774,0.0061119476921050525,263497,True,r_tilde,0.0007271702798426711
1158,0.001721560763483957,0.0015416261652903306,262234,True,r_tilde,0.0007272037423494222
1159,0.000979183473754788,0.0008729084349127073,260971,True,r_tilde,0.0007272058711049815
1160,0.003959585351471894,0.0035320295379691045,259708,True,r_tilde,0.0007272065597705849
1161,-0.0063597336350641,-0.005674396441923697,258445,True,r_tilde,0.0007272178207481044
1162,0.0014188624570146404,0.0012666126687987235,257182,True,r_tilde,0.0007272468705041673
1163,0.004581232316533119,0.004089848155965728,255919,True,r_tilde,0.0007272483163970707
1164,-0.0024172888211983936,-0.0021593953098657183,254656,True,r_tilde,0.0007272633899361076
1165,-0.0008190289553648808,-0.0007316612160158918,253393,True,r_tilde,0.0007272675865782002
1166,0.003308606596239267,0.0029557438769808675,252130,True,r_tilde,0.0007272680683506484
1167,0.0013374632151309828,0.0011947689262636885,250867,True,r_tilde,0.0007272759303176991
1168,-0.005472963863638378,-0.004877672086445196,249604,True,r_tilde,0.0007272772150182737
1169,-0.0008113376527648486,-0.0007228974864587882,248341,True,r_tilde,0.0007272987268098154
1170,-0.00459235509637101,-0.004091401005704584,247078,True,r_tilde,0.0007272991995560933
1171,0.005862947403513057,0.005220136382856133,245815,True,r_tilde,0.000727314345317674
1172,0.004237742807571946,0.003773022132116174,244552,True,r_tilde,0.0007273390307249425
1173,-0.009719142426631015,-0.008655052159790183,243289,True,r_tilde,0.0007273519270589113
1174,0.0012666379449792326,0.001128550393237641,242026,True,r_tilde,0.0007274197581609339
1175,0.006967813013283736,0.006209571973514084,240763,True,r_tilde,0.0007274209101739215
1176,0.0006050456948886677,0.0005391152164050476,239500,True,r_tilde,0.0007274557707541838
1177,0.0010696072907976897,0.0009532364542825519,238237,True,r_tilde,0.0007274560336038939
1178,0.002178037680804594,0.001940521611788223,236974,True,r_tilde,0.0007274568550508744
1179,-0.0011409985109978203,-0.0010163975145403177,235711,True,r_tilde,0.0007274602611740119
1180,0.000477733907398797,0.0004256849920739674,234448,True,r_tilde,0.0007274611959303663
1181,0.00023133864161142535,0.00020625886072030787,233185,True,r_tilde,0.0007274613598006012
1182,-0.0008456597127384661,-0.0007544182793155143,231922,True,r_tilde,0.0007274613982265185
1183,0.0012128862199831355,0.0010814053401318438,230659,True,r_tilde,0.00072746191170116
1184,-0.0016322278357934585,-0.0014562903258803978,229396,True,r_tilde,0.0007274629679527434
1185,-0.0029574214735280826,-0.0026400352373083733,228133,True,r_tilde,0.0007274648808336085
1186,-8.14356841298884e-05,-7.267477211097687e-05,226870,True,r_tilde,0.0007274711606993824
1187,-0.002978024687121566,-0.0026575176775368056,225607,True,r_tilde,0.0007274711654609675
1188,-0.0017719196417807829,-0.0015804096554909144,224344,True,r_tilde,0.000727477533074933
1189,-0.00013034962480596931,-0.00011628944210525343,223081,True,r_tilde,0.0007274797873432666
1190,-0.001022820244180755,-0.0009126452537141294,221818,True,r_tilde,0.0007274797995426101
1191,8.031914082620815e-05,7.166404016072529e-05,220555,True,r_tilde,0.0007274805506729279
1192,-0.0035354924331581668,-0.0031569231959673095,219292,True,r_tilde,0.0007274805553047786
1193,0.0022322444954588345,0.0019935653376625356,218029,True,r_tilde,0.0007274895298733402
1194,-0.004086902603800681,-0.0036498473948799897,216767,True,r_tilde,0.000727493107487743
1195,0.004409108505865643,0.003937526480222822,215505,True,r_tilde,0.0007275050995517426
1196,0.004338757901673594,0.0038748914820558016,214243,True,r_tilde,0.0007275190567802746
1197,5.208343236858723e-05,4.652853331667275e-05,212981,True,r_tilde,0.000727532571911023
1198,0.0014847838045808418,0.001326894266364572,211719,True,r_tilde,0.0007275325738585548
1199,0.0034102408842978564,0.0030472033426667254,210457,True,r_tilde,0.0007275341566050207
1200,-0.0066893191620094215,-0.005971807021919444,209195,True,r_tilde,0.000727542505943313
1201,-0.006780885091255468,-0.006045817525311406,207933,True,r_tilde,0.000727574630245283
1202,0.0005054741007576309,0.00045068749850157874,206671,True,r_tilde,0.0007276076385481273
1203,0.008885905512306478,0.007924635422920268,205410,True,r_tilde,0.0007276078219645996
1204,-0.004831871188559029,-0.004311002308864322,204149,True,r_tilde,0.0007276645015848022
1205,-0.002309305747369899,-0.0020611568843837136,202888,True,r_tilde,0.0007276812599762405
1206,-0.0005663521984050681,-0.0005052105807628323,201627,True,r_tilde,0.0007276850878566751
1207,-0.0008984438253266409,-0.0008003348198562478,200366,True,r_tilde,0.0007276853180896161
1208,0.007225200524923052,0.0064370831342980975,199105,True,r_tilde,0.0007276858974861532
1209,0.0028187745666741096,0.0025105901436227054,197844,True,r_tilde,0.0007277233673827039
1210,-0.005206720724316754,-0.004643575134130192,196583,True,r_tilde,0.000727729070213556
1211,-0.001237588255715895,-0.001104077090912777,195322,True,r_tilde,0.0007277485278848273
1212,0.0009433892466907677,0.0008418462960395998,194061,True,r_tilde,0.0007277496271653149
1213,-0.0022682183401599256,-0.002025388117339241,192800,True,r_tilde,0.0007277502659249807
1214,-0.0011497794085091227,-0.001027012159262014,191539,True,r_tilde,0.0007277539584552562
1215,0.002201894437172078,0.0019673138193768707,190278,True,r_tilde,0.0007277549072712957
1216,-0.004100109386846563,-0.003663898379188946,189017,True,r_tilde,0.0007277583869939588
1217,0.006124412514278348,0.005479213429823146,187756,True,r_tilde,0.0007277704522874788
1218,0.007193536313244707,0.006436869056464007,186495,True,r_tilde,0.0007277973716172921
1219,0.0033954746821001267,0.0030402300322393606,185235,True,r_tilde,0.0007278345081319432
1220,0.0009713886692248373,0.0008704027499598276,183975,True,r_tilde,0.0007278427819069393
1221,0.00524490401624778,0.0047009644456700046,182715,True,r_tilde,0.0007278434590588516
1222,-0.004128710584579756,-0.0037019338020301013,181455,True,r_tilde,0.000727863200053951
1223,-0.00042165522327122383,-0.0003778118792551687,180195,True,r_tilde,0.0007278754324995634
1224,-0.0012153447631439366,-0.0010892228915296597,178935,True,r_tilde,0.0007278755600834106
1225,0.0014488566040073874,0.0012988635511518405,177675,True,r_tilde,0.0007278766200187164
1226,-0.007243600257159531,-0.006495288290670267,176415,True,r_tilde,0.0007278781263844026
1227,-0.0004629801635871125,-0.00041510024165623317,175155,True,r_tilde,0.0007279157774155079
1228,0.0029371595094255924,0.0026352360962613865,173895,True,r_tilde,0.0007279159312243894
1229,-0.0029191327098023463,-0.0026208410533164394,172636,True,r_tilde,0.000727922121497611
1230,0.006895949480785857,0.006187410465819999,171377,True,r_tilde,0.0007279282359668009
1231,0.006155167728208129,0.005524535977558683,170118,True,r_tilde,0.000727962357396668
1232,-0.0036334105025798715,-0.003260401556623603,168860,True,r_tilde,0.0007279895405964311
1233,-0.005151992533338714,-0.004625870014002443,167602,True,r_tilde,0.000727999012533272
1234,-0.0033280644704539947,-0.0029853776882924413,166344,True,r_tilde,0.0007280180562539711
1235,0.0008110673418699216,0.0007271294514469817,165086,True,r_tilde,0.000728026002770014
1236,0.001398655789875497,0.0012516488249408003,163828,True,r_tilde,0.0007280264747293934
1237,0.0037989625422769654,0.003403076053384681,162570,True,r_tilde,0.000728027878227812
1238,0.001876833440000449,0.0016788616390529163,161312,True,r_tilde,0.0007280382324325591
1239,-0.00021610112694706778,-0.0001933362115009548,160054,True,r_tilde,0.0007280407596019294
1240,-0.0003538096920167755,-0.0003165334900907713,158797,True,r_tilde,0.0007280407931058926
1241,-0.0026523247390616367,-0.002371806794314159,157540,True,r_tilde,0.0007280408829152388
1242,-0.005018119595693217,-0.004486943754403038,156283,True,r_tilde,0.0007280459299226589
1243,0.002638554061282618,0.0023587135538130333,155026,True,r_tilde,0.0007280639956592019
1244,0.0003574623242029816,0.0003195263712081941,153769,True,r_tilde,0.0007280689902368964
1245,0.00011942684858283234,0.00010670112205158429,152512,True,r_tilde,0.000728069081906597
1246,0.006091055677321691,0.0054439172165969075,151255,True,r_tilde,0.0007280690921388006
1247,0.003133187630936729,0.0027983483617223448,149998,True,r_tilde,0.0007280957081168489
1248,-0.00486702403123467,-0.004350483746087058,148741,True,r_tilde,0.0007281027505066426
1249,0.0004403170803423655,0.0003935030730889011,147484,True,r_tilde,0.0007281197433895837
1250,-0.000977854518604458,-0.0008744416798073973,146227,True,r_tilde,0.0007281198824700186
1251,0.004632251002981109,0.004141769573633146,144970,True,r_tilde,0.0007281205684054287
1252,-0.00295134490543309,-0.002640503666814563,143714,True,r_tilde,0.0007281359610805096
1253,0.0020025656254236803,0.0017896394109098966,142458,True,r_tilde,0.0007281422094026452
1254,0.007737550547662253,0.0069136918083461014,141202,True,r_tilde,0.0007281450861006565
1255,-0.0036895444772029437,-0.0033001579289469625,139946,True,r_tilde,0.0007281880312475398
1256,0.0042080870140341195,0.003784863312440834,138690,True,r_tilde,0.0007281977954522523
1257,0.00014749873479989186,0.00013265658276133722,137434,True,r_tilde,0.0007282104969255538
1258,0.0011595199064430748,0.0010443905583688172,136178,True,r_tilde,0.0007282105125303275
1259,-0.006366896704292337,-0.005738029642469538,134923,True,r_tilde,0.000728211476885491
1260,-0.0026071886566118533,-0.0023485913468255927,133669,True,r_tilde,0.0007282405523888936
1261,0.002061396757355983,0.0018603853062180565,132417,True,r_tilde,0.0007282454277459431
1262,0.0010266367813313616,0.0009275459856717682,131166,True,r_tilde,0.0007282484755168967
1263,-0.0005973166056928495,-0.0005399834740068525,129915,True,r_tilde,0.0007282492314644293
1264,0.006339164201009377,0.005737335463624036,128664,True,r_tilde,0.0007282494873624281
1265,0.0011277473707160756,0.0010226690894224785,127413,True,r_tilde,0.0007282783086278696
1266,0.0008686835953468135,0.0007877270676609752,126162,True,r_tilde,0.0007282792207727473
1267,-0.00202156253065035,-0.0018366366968801564,124911,True,r_tilde,0.0007282797619792226
1268,-0.004803897267739719,-0.00437602598972605,123660,True,r_tilde,0.0007282826929606557
1269,-0.0003496501095771169,-0.00031870701894142357,122410,True,r_tilde,0.00072829924381141
1270,0.0009713917342731624,0.0008865637726882677,121160,True,r_tilde,0.0007282993314903472
1271,0.00013620616602063107,0.0001246452129048159,119910,True,r_tilde,0.0007283000082220436
1272,-0.002009167145458588,-0.0018408465161882798,118660,True,r_tilde,0.0007283000215272324
1273,0.0036866837803219785,0.003380746376254971,117410,True,r_tilde,0.0007283029165952638
1274,-0.0071570024430144315,-0.006567019843100406,116161,True,r_tilde,0.0007283126641267143
1275,-0.009086694833083308,-0.00833932107021814,114912,True,r_tilde,0.0007283493983905635
1276,0.004509456917961047,0.004143502020250255,113663,True,r_tilde,0.0007284086080130366
1277,-0.004271795656197045,-0.003932936945457465,112415,True,r_tilde,0.0007284231896704967
1278,-0.002567898153429069,-0.0023686530683482898,111167,True,r_tilde,0.0007284362745913368
1279,0.001616602448355439,0.0014940007551604826,109919,True,r_tilde,0.0007284410028414312
1280,-0.007932531012363611,-0.007340718256070189,108671,True,r_tilde,0.0007284428767540954
1281,-0.002396361125395141,-0.002224882659191034,107423,True,r_tilde,0.0007284879950232879
1282,-0.0027417915637919974,-0.0025520953139563343,106175,True,r_tilde,0.000728492112382224
1283,0.000823693793218439,0.0007684287645244648,104927,True,r_tilde,0.0007284975022763595
1284,0.0019585830478021813,0.0018371261409421288,103679,True,r_tilde,0.0007284979887297099
1285,-0.008355416286171438,-0.007858317457945936,102431,True,r_tilde,0.0007285007391092556
1286,0.004630190950895804,0.004363742437312512,101183,True,r_tilde,0.0007285507919917065
1287,-0.0007580681051281361,-0.0007155718986338673,99935,True,r_tilde,0.0007285661618977293
1288,-0.004936834695296409,-0.004664310679518543,98687,True,r_tilde,0.0007285665738862863
1289,-0.004374393252725461,-0.004144320007755622,97439,True,r_tilde,0.0007285840466074068
1290,0.00043236840637297236,0.000410494842395978,96192,True,r_tilde,0.0007285977645734678
1291,0.0021259005971951414,0.002024008601485938,94945,True,r_tilde,0.0007285978985898388
1292,0.008157598412572171,0.007779935435920687,93699,True,r_tilde,0.0007286011385140554
1293,0.00149319064365636,0.001425936334774926,92453,True,r_tilde,0.0007286488429104196
1294,-0.0019430770411135768,-0.0018625563474019041,91207,True,r_tilde,0.00072865044117836
1295,0.0018285196547624468,0.0017608414599104975,89961,True,r_tilde,0.0007286531476147603
1296,0.0025486989313182654,0.0024642787472935472,88715,True,r_tilde,0.0007286555443249943
1297,-0.001025761141788169,-0.000994851418287851,87469,True,r_tilde,0.0007286602007352413
1298,-0.002624592747787451,-0.002557097629389283,86224,True,r_tilde,0.0007286609549673831
1299,0.01434935998953121,0.014064280501717683,84979,True,r_tilde,0.0007286658927811115
1300,0.0012425405915500354,0.0012224264211065706,83734,True,r_tilde,0.0007288134737871932
1301,-0.002319200088282802,-0.002303560689501381,82489,True,r_tilde,0.0007288145802638903
1302,-0.0030210762130467687,-0.003007926667772386,81244,True,r_tilde,0.0007288184350125044
1303,-0.002956623084675322,-0.0029576162070838164,79999,True,r_tilde,0.0007288249759483374
1304,0.0014109993020829702,0.001418827250726456,78754,True,r_tilde,0.000728831240711214
1305,0.0071552311286371085,0.0072098205226687395,77509,True,r_tilde,0.0007288326675142237
1306,-0.013063482137253129,-0.01321006060108549,76264,True,r_tilde,0.000728869357403106
1307,-0.0011863474676418447,-0.001205566636236253,75019,True,r_tilde,0.0007289916413966617
1308,-0.004276617079610147,-0.004363301987840834,73774,True,r_tilde,0.0007289926498104843
1309,-0.005634840126899998,-0.005778529148653868,72529,True,r_tilde,0.0007290057540403714
1310,-0.007916451101830693,-0.008136356053406915,71284,True,r_tilde,0.0007290285030916129
1311,0.009060098765568356,0.009357845620115799,70039,True,r_tilde,0.0007290734025403899
1312,-0.005861005900983685,-0.006092344288602857,68794,True,r_tilde,0.0007291322076303846
1313,-0.0031902585756290905,-0.003341997019861236,67549,True,r_tilde,0.000729156815189114
1314,-0.00821801752036146,-0.008666944146358815,66304,True,r_tilde,0.0007291641058430304
1315,0.0068300579513727025,0.007236501321974507,65059,True,r_tilde,0.0007292124820998931
1316,0.011384822083777873,0.012114324222679567,63814,True,r_tilde,0.0007292458956451173
1317,0.0054499548109333655,0.005831752539325616,62569,True,r_tilde,0.0007293387257167496
1318,0.0005790357416587446,0.0006231970437832719,61324,True,r_tilde,0.0007293599967222381
1319,-0.0014193289927544501,-0.0015541179988770124,60079,True,r_tilde,0.0007293602368301973
1320,-0.0017919695424370526,-0.001973923540154681,58834,True,r_tilde,0.000729361679481792
1321,0.003562843453333568,0.003899953393113951,57589,True,r_tilde,0.000729363979098446
1322,-0.002923350329411306,-0.0032019586947294124,56344,True,r_tilde,0.0007293730695255252
1323,-0.005342660545773993,-0.005872452094771427,55099,True,r_tilde,0.0007293791894773756
1324,0.00351243286226101,0.0038743912737234545,53854,True,r_tilde,0.0007293996300723856
1325,-0.0047076153987580015,-0.005167622806907758,52609,True,r_tilde,0.0007294084646485396
1326,0.006034596150549531,0.006655007767834436,51364,True,r_tilde,0.0007294243341853217
1327,0.011747781479418452,0.01297954693238834,50121,True,r_tilde,0.0007294504105013882
1328,-0.004034177938765712,-0.004468511231041763,48878,True,r_tilde,0.0007295492258381979
1329,0.005718159772867941,0.006383176311336611,47635,True,r_tilde,0.0007295608775532486
1330,-0.005767127142868434,-0.006453836737067148,46392,True,r_tilde,0.0007295842865009549
1331,-0.009937128773381097,-0.011171590776045796,45149,True,r_tilde,0.0007296080973190682
1332,0.006050524556805512,0.006851922937642985,43906,True,r_tilde,0.0007296787858533088
1333,0.00011500809097702803,0.00013018732744035755,42663,True,r_tilde,0.000729704990865219
1334,0.0010574416271772404,0.001203459908292307,41421,True,r_tilde,0.0007297050003329803
1335,0.001952187423383699,0.0022243294846026693,40485,True,r_tilde,0.0007297058007255885
1336,-0.002592214938635672,-0.00295786985861854,39559,True,r_tilde,0.0007297085286493879
1337,0.006787887687144259,0.00770987114283997,38633,True,r_tilde,0.0007297133384712128
1338,0.002476152427072181,0.0028033350895130048,37708,True,r_tilde,0.0007297463180436519
1339,0.004091471333315063,0.0046245898289942996,36783,True,r_tilde,0.0007297507065765334
1340,-0.004654527226379474,-0.005108134139797184,35858,True,r_tilde,0.0007297626882853185
1341,-0.0020570741044597836,-0.002216980149578572,34934,True,r_tilde,0.0007297781943897795
1342,-0.0019725688971799736,-0.0021120438380297125,34011,True,r_tilde,0.0007297812230176491
1343,-0.0006721918179704706,-0.000714214694065358,33088,True,r_tilde,0.0007297840079116683
1344,0.01094840662710844,0.011570621477887214,32165,True,r_tilde,0.000729784331304083
1345,-0.006235276500104202,-0.006536089962068205,31242,True,r_tilde,0.0007298701179329891
1346,-0.008677552257403038,-0.008773887070941885,30319,True,r_tilde,0.0007298979403846685
1347,0.009830863059464116,0.009643332507431351,29396,True,r_tilde,0.0007299518236779167
1348,0.0030007618212438826,0.0028661680866240422,28473,True,r_tilde,0.0007300209759331602
1349,0.0050766879333976195,0.0047543090825905784,27550,True,r_tilde,0.0007300274185695296
1350,0.0069626323261708185,0.006259333325783216,26627,True,r_tilde,0.0007300458582802328
1351,0.013020097089351925,0.011626633988438658,25705,True,r_tilde,0.0007300805418899418
1352,-0.0033683515384627907,-0.003011971546275644,24784,True,r_tilde,0.0007302018135792927
1353,-0.006110718111741764,-0.00539217601755396,23863,True,r_tilde,0.0007302099293043207
1354,0.023239301382583396,0.02005579789943671,22942,True,r_tilde,0.0007302366388590116
1355,0.004781887369764406,0.0040929248758820895,22022,True,r_tilde,0.0007306228328529442
1356,-0.015115642013716665,-0.01281783208780669,21102,True,r_tilde,0.0007306391798660476
1357,0.01379287339160147,0.011651350729353579,20182,True,r_tilde,0.0007308024999243834
1358,-0.00425505264641047,-0.0035436906235651873,19262,True,r_tilde,0.0007309384585929481
1359,0.01570821933540833,0.012891413484223182,18342,True,r_tilde,0.0007309513964706956
1360,0.012001030471212688,0.009761266361683158,17423,True,r_tilde,0.0007311276958837368
1361,0.003936697530082035,0.0031535309011722543,16504,True,r_tilde,0.0007312305806580223
1362,-0.010213544147101763,-0.007998981124406277,15585,True,r_tilde,0.0007312416505730314
1363,0.018813038921093723,0.014604337468813422,14667,True,r_tilde,0.0007313161593988241
1364,-0.0005357667410707881,-0.0004183621049846203,13749,True,r_tilde,0.0007315689002961826
1365,-0.007004285942180568,-0.00548683628723455,12832,True,r_tilde,0.000731569105239626
1366,-0.008325036789448112,-0.006546783067920161,11915,True,r_tilde,0.0007316041319866317
1367,-0.00539312551201268,-0.004184134325126363,10998,True,r_tilde,0.0007316536108041072
1368,0.006728951821360547,0.00513542438262172,10081,True,r_tilde,0.000731674374621292
1369,-0.005311740083997288,-0.003953150426300168,9164,True,r_tilde,0.000731706697142121
1370,-0.01220358100045238,-0.009208777669446264,8247,True,r_tilde,0.0007317268375586763
1371,0.018316747822193377,0.013302214310897105,7330,True,r_tilde,0.0007318331372178175
1372,-0.0037457113830733023,-0.0026508371062578923,6413,True,r_tilde,0.0007320725522712238
1373,-0.004517302489824679,-0.0031051989934406813,5496,True,r_tilde,0.000732082562623297
1374,-0.0174479331833864,-0.01123342217476359,4579,True,r_tilde,0.0007320971216314417
1375,0.012541198248952997,0.008292279717193885,3662,True,r_tilde,0.0007323142880627417
1376,-0.02680579964922283,-0.01718330071408275,2746,True,r_tilde,0.0007324264602329807
1377,0.026850249955753806,0.017911426315111664,1830,True,r_tilde,0.0007329387073116593
1378,-0.016414408445739607,-0.009811163512523653,915,True,r_tilde,0.000733452295111384
1379,,,0,False,r_tilde,0.0007336441441505694
1380,,,0,False,r_tilde,
1381,,,0,False,r_tilde,
1382,,,0,False,r_tilde,
1383,,,0,False,r_tilde,
1384,,,0,False,r_tilde,
1385,,,0,False,r_tilde,
1386,,,0,False,r_tilde,
1387,,,0,False,r_tilde,
1388,,,0,False,r_tilde,
1389,,,0,False,r_tilde,
1390,,,0,False,r_tilde,
1391,,,0,False,r_tilde,
1392,,,0,False,r_tilde,
1393,,,0,False,r_tilde,
1394,,,0,False,r_tilde,
1395,,,0,False,r_tilde,
1396,,,0,False,r_tilde,
1397,,,0,False,r_tilde,
1398,,,0,False,r_tilde,
1399,,,0,False,r_tilde,
1400,,,0,False,r_tilde,
1401,,,0,False,r_tilde,
1402,,,0,False,r_tilde,
1403,,,0,False,r_tilde,
1404,,,0,False,r_tilde,
1405,,,0,False,r_tilde,
1406,,,0,False,r_tilde,
1407,,,0,False,r_tilde,
1408,,,0,False,r_tilde,
1409,,,0,False,r_tilde,
1410,,,0,False,r_tilde,
1411,,,0,False,r_tilde,
1412,,,0,False,r_tilde,
1413,,,0,False,r_tilde,
1414,,,0,False,r_tilde,
1415,,,0,False,r_tilde,
1416,,,0,False,r_tilde,
1417,,,0,False,r_tilde,
1418,,,0,False,r_tilde,
1419,,,0,False,r_tilde,
1420,,,0,False,r_tilde,
1421,,,0,False,r_tilde,
1422,,,0,False,r_tilde,
1423,,,0,False,r_tilde,
1424,,,0,False,r_tilde,
1425,,,0,False,r_tilde,
1426,,,0,False,r_tilde,
1427,,,0,False,r_tilde,
1428,,,0,False,r_tilde,
1429,,,0,False,r_tilde,
1430,,,0,False,r_tilde,
1431,,,0,False,r_tilde,
1432,,,0,False,r_tilde,
1433,,,0,False,r_tilde,
1434,,,0,False,r_tilde,
1435,,,0,False,r_tilde,
1436,,,0,False,r_tilde,
1437,,,0,False,r_tilde,
1438,,,0,False,r_tilde,
1439,,,0,False,r_tilde,
1440,,,0,False,r_tilde,
1441,,,0,False,r_tilde,
1442,,,0,False,r_tilde,
1443,,,0,False,r_tilde,
1444,,,0,False,r_tilde,
1445,,,0,False,r_tilde,
1446,,,0,False,r_tilde,
1447,,,0,False,r_tilde,
1448,,,0,False,r_tilde,
1449,,,0,False,r_tilde,
1450,,,0,False,r_tilde,
1451,,,0,False,r_tilde,
1452,,,0,False,r_tilde,
1453,,,0,False,r_tilde,
1454,,,0,False,r_tilde,
1455,,,0,False,r_tilde,
1456,,,0,False,r_tilde,
1457,,,0,False,r_tilde,
1458,,,0,False,r_tilde,
1459,,,0,False,r_tilde,
1460,,,0,False,r_tilde,
1461,,,0,False,r_tilde,
1462,,,0,False,r_tilde,
1463,,,0,False,r_tilde,
1464,,,0,False,r_tilde,
1465,,,0,False,r_tilde,
1466,,,0,False,r_tilde,
1467,,,0,False,r_tilde,
1468,,,0,False,r_tilde,
1469,,,0,False,r_tilde,
1470,,,0,False,r_tilde,
1471,,,0,False,r_tilde,
1472,,,0,False,r_tilde,
1473,,,0,False,r_tilde,
1474,,,0,False,r_tilde,
1475,,,0,False,r_tilde,
1476,,,0,False,r_tilde,
1477,,,0,False,r_tilde,
1478,,,0,False,r_tilde,
1479,,,0,False,r_tilde,
1480,,,0,False,r_tilde,
1481,,,0,False,r_tilde,
1482,,,0,False,r_tilde,
1483,,,0,False,r_tilde,
1484,,,0,False,r_tilde,
1485,,,0,False,r_tilde,
1486,,,0,False,r_tilde,
1487,,,0,False,r_tilde,
1488,,,0,False,r_tilde,
1489,,,0,False,r_tilde,
1490,,,0,False,r_tilde,
1491,,,0,False,r_tilde,
1492,,,0,False,r_tilde,
1493,,,0,False,r_tilde,
1494,,,0,False,r_tilde,
1495,,,0,False,r_tilde,
1496,,,0,False,r_tilde,
1497,,,0,False,r_tilde,
1498,,,0,False,r_tilde,
1499,,,0,False,r_tilde,
1500,,,0,False,r_tilde,
1501,,,0,False,r_tilde,
1502,,,0,False,r_tilde,
1503,,,0,False,r_tilde,
1504,,,0,False,r_tilde,
1505,,,0,False,r_tilde,
1506,,,0,False,r_tilde,
1507,,,0,False,r_tilde,
1508,,,0,False,r_tilde,
1509,,,0,False,r_tilde,
1510,,,0,False,r_tilde,
1511,,,0,False,r_tilde,
1512,,,0,False,r_tilde,
1513,,,0,False,r_tilde,
1514,,,0,False,r_tilde,
1515,,,0,False,r_tilde,
1516,,,0,False,r_tilde,
1517,,,0,False,r_tilde,
1518,,,0,False,r_tilde,
1519,,,0,False,r_tilde,
1520,,,0,False,r_tilde,
1521,,,0,False,r_tilde,
1522,,,0,False,r_tilde,
1523,,,0,False,r_tilde,
1524,,,0,False,r_tilde,
1525,,,0,False,r_tilde,
1526,,,0,False,r_tilde,
1527,,,0,False,r_tilde,
1528,,,0,False,r_tilde,
1529,,,0,False,r_tilde,
1530,,,0,False,r_tilde,
1531,,,0,False,r_tilde,
1532,,,0,False,r_tilde,
1533,,,0,False,r_tilde,
1534,,,0,False,r_tilde,
1535,,,0,False,r_tilde,
1536,,,0,False,r_tilde,
1537,,,0,False,r_tilde,
1538,,,0,False,r_tilde,
1539,,,0,False,r_tilde,
1540,,,0,False,r_tilde,
1541,,,0,False,r_tilde,
1542,,,0,False,r_tilde,
1543,,,0,False,r_tilde,
1544,,,0,False,r_tilde,
1545,,,0,False,r_tilde,
1546,,,0,False,r_tilde,
1547,,,0,False,r_tilde,
1548,,,0,False,r_tilde,
1549,,,0,False,r_tilde,
1550,,,0,False,r_tilde,
1551,,,0,False,r_tilde,
1552,,,0,False,r_tilde,
1553,,,0,False,r_tilde,
1554,,,0,False,r_tilde,
1555,,,0,False,r_tilde,
1556,,,0,False,r_tilde,
1557,,,0,False,r_tilde,
1558,,,0,False,r_tilde,
1559,,,0,False,r_tilde,
1560,,,0,False,r_tilde,
1561,,,0,False,r_tilde,
1562,,,0,False,r_tilde,
1563,,,0,False,r_tilde,
1564,,,0,False,r_tilde,
1565,,,0,False,r_tilde,
1566,,,0,False,r_tilde,
1567,,,0,False,r_tilde,
1568,,,0,False,r_tilde,
1569,,,0,False,r_tilde,
1570,,,0,False,r_tilde,
1571,,,0,False,r_tilde,
1572,,,0,False,r_tilde,
1573,,,0,False,r_tilde,
1574,,,0,False,r_tilde,
1575,,,0,False,r_tilde,
1576,,,0,False,r_tilde,
1577,,,0,False,r_tilde,
1578,,,0,False,r_tilde,
1579,,,0,False,r_tilde,
1580,,,0,False,r_tilde,
1581,,,0,False,r_tilde,
1582,,,0,False,r_tilde,
1583,,,0,False,r_tilde,
1584,,,0,False,r_tilde,
1585,,,0,False,r_tilde,
1586,,,0,False,r_tilde,
1587,,,0,False,r_tilde,
1588,,,0,False,r_tilde,
1589,,,0,False,r_tilde,
1590,,,0,False,r_tilde,
1591,,,0,False,r_tilde,
1592,,,0,False,r_tilde,
1593,,,0,False,r_tilde,
1594,,,0,False,r_tilde,
1595,,,0,False,r_tilde,
1596,,,0,False,r_tilde,
1597,,,0,False,r_tilde,
1598,,,0,False,r_tilde,
1599,,,0,False,r_tilde,
1600,,,0,False,r_tilde,
1601,,,0,False,r_tilde,
1602,,,0,False,r_tilde,
1603,,,0,False,r_tilde,
1604,,,0,False,r_tilde,
1605,,,0,False,r_tilde,
1606,,,0,False,r_tilde,
1607,,,0,False,r_tilde,
1608,,,0,False,r_tilde,
1609,,,0,False,r_tilde,
1610,,,0,False,r_tilde,
1611,,,0,False,r_tilde,
1612,,,0,False,r_tilde,
1613,,,0,False,r_tilde,
1614,,,0,False,r_tilde,
1615,,,0,False,r_tilde,
1616,,,0,False,r_tilde,
1617,,,0,False,r_tilde,
1618,,,0,False,r_tilde,
1619,,,0,False,r_tilde,
1620,,,0,False,r_tilde,
1621,,,0,False,r_tilde,
1622,,,0,False,r_tilde,
1623,,,0,False,r_tilde,
1624,,,0,False,r_tilde,
1625,,,0,False,r_tilde,
1626,,,0,False,r_tilde,
1627,,,0,False,r_tilde,
1628,,,0,False,r_tilde,
1629,,,0,False,r_tilde,
1630,,,0,False,r_tilde,
1631,,,0,False,r_tilde,
1632,,,0,False,r_tilde,
1633,,,0,False,r_tilde,
1634,,,0,False,r_tilde,
1635,,,0,False,r_tilde,
1636,,,0,False,r_tilde,
1637,,,0,False,r_tilde,
1638,,,0,False,r_tilde,
1639,,,0,False,r_tilde,
1640,,,0,False,r_tilde,
1641,,,0,False,r_tilde,
1642,,,0,False,r_tilde,
1643,,,0,False,r_tilde,
1644,,,0,False,r_tilde,
1645,,,0,False,r_tilde,
1646,,,0,False,r_tilde,
1647,,,0,False,r_tilde,
1648,,,0,False,r_tilde,
1649,,,0,False,r_tilde,
1650,,,0,False,r_tilde,
1651,,,0,False,r_tilde,
1652,,,0,False,r_tilde,
1653,,,0,False,r_tilde,
1654,,,0,False,r_tilde,
1655,,,0,False,r_tilde,
1656,,,0,False,r_tilde,
1657,,,0,False,r_tilde,
1658,,,0,False,r_tilde,
1659,,,0,False,r_tilde,
1660,,,0,False,r_tilde,
1661,,,0,False,r_tilde,
1662,,,0,False,r_tilde,
1663,,,0,False,r_tilde,
1664,,,0,False,r_tilde,
1665,,,0,False,r_tilde,
1666,,,0,False,r_tilde,
1667,,,0,False,r_tilde,
1668,,,0,False,r_tilde,
1669,,,0,False,r_tilde,
1670,,,0,False,r_tilde,
1671,,,0,False,r_tilde,
1672,,,0,False,r_tilde,
1673,,,0,False,r_tilde,
1674,,,0,False,r_tilde,
1675,,,0,False,r_tilde,
1676,,,0,False,r_tilde,
1677,,,0,False,r_tilde,
1678,,,0,False,r_tilde,
1679,,,0,False,r_tilde,
1680,,,0,False,r_tilde,
1681,,,0,False,r_tilde,
1682,,,0,False,r_tilde,
1683,,,0,False,r_tilde,
1684,,,0,False,r_tilde,
1685,,,0,False,r_tilde,
1686,,,0,False,r_tilde,
1687,,,0,False,r_tilde,
1688,,,0,False,r_tilde,
1689,,,0,False,r_tilde,
1690,,,0,False,r_tilde,
1691,,,0,False,r_tilde,
1692,,,0,False,r_tilde,
1693,,,0,False,r_tilde,
1694,,,0,False,r_tilde,
1695,,,0,False,r_tilde,
1696,,,0,False,r_tilde,
1697,,,0,False,r_tilde,
1698,,,0,False,r_tilde,
1699,,,0,False,r_tilde,
1700,,,0,False,r_tilde,
1701,,,0,False,r_tilde,
1702,,,0,False,r_tilde,
1703,,,0,False,r_tilde,
1704,,,0,False,r_tilde,
1705,,,0,False,r_tilde,
1706,,,0,False,r_tilde,
1707,,,0,False,r_tilde,
1708,,,0,False,r_tilde,
1709,,,0,False,r_tilde,
1710,,,0,False,r_tilde,
1711,,,0,False,r_tilde,
1712,,,0,False,r_tilde,
1713,,,0,False,r_tilde,
1714,,,0,False,r_tilde,
1715,,,0,False,r_tilde,
1716,,,0,False,r_tilde,
1717,,,0,False,r_tilde,
1718,,,0,False,r_tilde,
1719,,,0,False,r_tilde,
1720,,,0,False,r_tilde,
1721,,,0,False,r_tilde,
1722,,,0,False,r_tilde,
1723,,,0,False,r_tilde,
1724,,,0,False,r_tilde,
1725,,,0,False,r_tilde,
1726,,,0,False,r_tilde,
1727,,,0,False,r_tilde,
1728,,,0,False,r_tilde,
1729,,,0,False,r_tilde,
1730,,,0,False,r_tilde,
1731,,,0,False,r_tilde,
1732,,,0,False,r_tilde,
1733,,,0,False,r_tilde,
1734,,,0,False,r_tilde,
1735,,,0,False,r_tilde,
1736,,,0,False,r_tilde,
1737,,,0,False,r_tilde,
1738,,,0,False,r_tilde,
1739,,,0,False,r_tilde,
1740,,,0,False,r_tilde,
1741,,,0,False,r_tilde,
1742,,,0,False,r_tilde,
1743,,,0,False,r_tilde,
1744,,,0,False,r_tilde,
1745,,,0,False,r_tilde,
1746,,,0,False,r_tilde,
1747,,,0,False,r_tilde,
1748,,,0,False,r_tilde,
1749,,,0,False,r_tilde,
1750,,,0,False,r_tilde,
1751,,,0,False,r_tilde,
1752,,,0,False,r_tilde,
1753,,,0,False,r_tilde,
1754,,,0,False,r_tilde,
1755,,,0,False,r_tilde,
1756,,,0,False,r_tilde,
1757,,,0,False,r_tilde,
1758,,,0,False,r_tilde,
1759,,,0,False,r_tilde,
1760,,,0,False,r_tilde,
1761,,,0,False,r_tilde,
1762,,,0,False,r_tilde,
1763,,,0,False,r_tilde,
1764,,,0,False,r_tilde,
1765,,,0,False,r_tilde,
1766,,,0,False,r_tilde,
1767,,,0,False,r_tilde,
1768,,,0,False,r_tilde,
1769,,,0,False,r_tilde,
1770,,,0,False,r_tilde,
1771,,,0,False,r_tilde,
1772,,,0,False,r_tilde,
1773,,,0,False,r_tilde,
1774,,,0,False,r_tilde,
1775,,,0,False,r_tilde,
1776,,,0,False,r_tilde,
1777,,,0,False,r_tilde,
1778,,,0,False,r_tilde,
1779,,,0,False,r_tilde,
1780,,,0,False,r_tilde,
1781,,,0,False,r_tilde,
1782,,,0,False,r_tilde,
1783,,,0,False,r_tilde,
1784,,,0,False,r_tilde,
1785,,,0,False,r_tilde,
1786,,,0,False,r_tilde,
1787,,,0,False,r_tilde,
1788,,,0,False,r_tilde,
1789,,,0,False,r_tilde,
1790,,,0,False,r_tilde,
1791,,,0,False,r_tilde,
1792,,,0,False,r_tilde,
1793,,,0,False,r_tilde,
1794,,,0,False,r_tilde,
1795,,,0,False,r_tilde,
1796,,,0,False,r_tilde,
1797,,,0,False,r_tilde,
1798,,,0,False,r_tilde,
1799,,,0,False,r_tilde,
1800,,,0,False,r_tilde,
1801,,,0,False,r_tilde,
1802,,,0,False,r_tilde,
1803,,,0,False,r_tilde,
1804,,,0,False,r_tilde,
1805,,,0,False,r_tilde,
1806,,,0,False,r_tilde,
1807,,,0,False,r_tilde,
1808,,,0,False,r_tilde,
1809,,,0,False,r_tilde,
1810,,,0,False,r_tilde,
1811,,,0,False,r_tilde,
1812,,,0,False,r_tilde,
1813,,,0,False,r_tilde,
1814,,,0,False,r_tilde,
1815,,,0,False,r_tilde,
1816,,,0,False,r_tilde,
1817,,,0,False,r_tilde,
1818,,,0,False,r_tilde,
1819,,,0,False,r_tilde,
1820,,,0,False,r_tilde,
1821,,,0,False,r_tilde,
1822,,,0,False,r_tilde,
1823,,,0,False,r_tilde,
1824,,,0,False,r_tilde,
1825,,,0,False,r_tilde,
1826,,,0,False,r_tilde,
1827,,,0,False,r_tilde,
1828,,,0,False,r_tilde,
1829,,,0,False,r_tilde,
1830,,,0,False,r_tilde,
1831,,,0,False,r_tilde,
1832,,,0,False,r_tilde,
1833,,,0,False,r_tilde,
1834,,,0,False,r_tilde,
1835,,,0,False,r_tilde,
1836,,,0,False,r_tilde,
1837,,,0,False,r_tilde,
1838,,,0,False,r_tilde,
1839,,,0,False,r_tilde,
1840,,,0,False,r_tilde,
1841,,,0,False,r_tilde,
1842,,,0,False,r_tilde,
1843,,,0,False,r_tilde,
1844,,,0,False,r_tilde,
1845,,,0,False,r_tilde,
1846,,,0,False,r_tilde,
1847,,,0,False,r_tilde,
1848,,,0,False,r_tilde,
1849,,,0,False,r_tilde,
1850,,,0,False,r_tilde,
1851,,,0,False,r_tilde,
1852,,,0,False,r_tilde,
1853,,,0,False,r_tilde,
1854,,,0,False,r_tilde,
1855,,,0,False,r_tilde,
1856,,,0,False,r_tilde,
1857,,,0,False,r_tilde,
1858,,,0,False,r_tilde,
1859,,,0,False,r_tilde,
1860,,,0,False,r_tilde,
1861,,,0,False,r_tilde,
1862,,,0,False,r_tilde,
1863,,,0,False,r_tilde,
1864,,,0,False,r_tilde,
1865,,,0,False,r_tilde,
1866,,,0,False,r_tilde,
1867,,,0,False,r_tilde,
1868,,,0,False,r_tilde,
1869,,,0,False,r_tilde,
1870,,,0,False,r_tilde,
1871,,,0,False,r_tilde,
1872,,,0,False,r_tilde,
1873,,,0,False,r_tilde,
1874,,,0,False,r_tilde,
1875,,,0,False,r_tilde,
1876,,,0,False,r_tilde,
1877,,,0,False,r_tilde,
1878,,,0,False,r_tilde,
1879,,,0,False,r_tilde,
1880,,,0,False,r_tilde,
1881,,,0,False,r_tilde,
1882,,,0,False,r_tilde,
1883,,,0,False,r_tilde,
1884,,,0,False,r_tilde,
1885,,,0,False,r_tilde,
1886,,,0,False,r_tilde,
1887,,,0,False,r_tilde,
1888,,,0,False,r_tilde,
1889,,,0,False,r_tilde,
1890,,,0,False,r_tilde,
1891,,,0,False,r_tilde,
1892,,,0,False,r_tilde,
1893,,,0,False,r_tilde,
1894,,,0,False,r_tilde,
1895,,,0,False,r_tilde,
1896,,,0,False,r_tilde,
1897,,,0,False,r_tilde,
1898,,,0,False,r_tilde,
1899,,,0,False,r_tilde,
1900,,,0,False,r_tilde,
1901,,,0,False,r_tilde,
1902,,,0,False,r_tilde,
1903,,,0,False,r_tilde,
1904,,,0,False,r_tilde,
1905,,,0,False,r_tilde,
1906,,,0,False,r_tilde,
1907,,,0,False,r_tilde,
1908,,,0,False,r_tilde,
1909,,,0,False,r_tilde,
1910,,,0,False,r_tilde,
1911,,,0,False,r_tilde,
1912,,,0,False,r_tilde,
1913,,,0,False,r_tilde,
1914,,,0,False,r_tilde,
1915,,,0,False,r_tilde,
1916,,,0,False,r_tilde,
1917,,,0,False,r_tilde,
1918,,,0,False,r_tilde,
1919,,,0,False,r_tilde,
1920,,,0,False,r_tilde,
1921,,,0,False,r_tilde,
1922,,,0,False,r_tilde,
1923,,,0,False,r_tilde,
1924,,,0,False,r_tilde,
1925,,,0,False,r_tilde,
1926,,,0,False,r_tilde,
1927,,,0,False,r_tilde,
1928,,,0,False,r_tilde,
1929,,,0,False,r_tilde,
1930,,,0,False,r_tilde,
1931,,,0,False,r_tilde,
1932,,,0,False,r_tilde,
1933,,,0,False,r_tilde,
1934,,,0,False,r_tilde,
1935,,,0,False,r_tilde,
1936,,,0,False,r_tilde,
1937,,,0,False,r_tilde,
1938,,,0,False,r_tilde,
1939,,,0,False,r_tilde,
1940,,,0,False,r_tilde,
1941,,,0,False,r_tilde,
1942,,,0,False,r_tilde,
1943,,,0,False,r_tilde,
1944,,,0,False,r_tilde,
1945,,,0,False,r_tilde,
1946,,,0,False,r_tilde,
1947,,,0,False,r_tilde,
1948,,,0,False,r_tilde,
1949,,,0,False,r_tilde,
1950,,,0,False,r_tilde,
1951,,,0,False,r_tilde,
1952,,,0,False,r_tilde,
1953,,,0,False,r_tilde,
1954,,,0,False,r_tilde,
1955,,,0,False,r_tilde,
1956,,,0,False,r_tilde,
1957,,,0,False,r_tilde,
1958,,,0,False,r_tilde,
1959,,,0,False,r_tilde,
1960,,,0,False,r_tilde,
1961,,,0,False,r_tilde,
1962,,,0,False,r_tilde,
1963,,,0,False,r_tilde,
1964,,,0,False,r_tilde,
1965,,,0,False,r_tilde,
1966,,,0,False,r_tilde,
1967,,,0,False,r_tilde,
1968,,,0,False,r_tilde,
1969,,,0,False,r_tilde,
1970,,,0,False,r_tilde,
1971,,,0,False,r_tilde,
1972,,,0,False,r_tilde,
1973,,,0,False,r_tilde,
1974,,,0,False,r_tilde,
1975,,,0,False,r_tilde,
1976,,,0,False,r_tilde,
1977,,,0,False,r_tilde,
1978,,,0,False,r_tilde,
1979,,,0,False,r_tilde,
1980,,,0,False,r_tilde,
1981,,,0,False,r_tilde,
1982,,,0,False,r_tilde,
1983,,,0,False,r_tilde,
1984,,,0,False,r_tilde,
1985,,,0,False,r_tilde,
1986,,,0,False,r_tilde,
1987,,,0,False,r_tilde,
1988,,,0,False,r_tilde,
1989,,,0,False,r_tilde,
1990,,,0,False,r_tilde,
1991,,,0,False,r_tilde,
1992,,,0,False,r_tilde,
1993,,,0,False,r_tilde,
1994,,,0,False,r_tilde,
1995,,,0,False,r_tilde,
1996,,,0,False,r_tilde,
1997,,,0,False,r_tilde,
1998,,,0,False,r_tilde,
1999,,,0,False,r_tilde,
2000,,,0,False,r_tilde,
2001,,,0,False,r_tilde,
2002,,,0,False,r_tilde,
2003,,,0,False,r_tilde,
2004,,,0,False,r_tilde,
2005,,,0,False,r_tilde,
2006,,,0,False,r_tilde,
2007,,,0,False,r_tilde,
2008,,,0,False,r_tilde,
2009,,,0,False,r_tilde,
2010,,,0,False,r_tilde,
2011,,,0,False,r_tilde,
2012,,,0,False,r_tilde,
2013,,,0,False,r_tilde,
2014,,,0,False,r_tilde,
2015,,,0,False,r_tilde,
2016,,,0,False,r_tilde,
2017,,,0,False,r_tilde,
2018,,,0,False,r_tilde,
2019,,,0,False,r_tilde,
2020,,,0,False,r_tilde,
2021,,,0,False,r_tilde,
2022,,,0,False,r_tilde,
2023,,,0,False,r_tilde,
2024,,,0,False,r_tilde,
2025,,,0,False,r_tilde,
2026,,,0,False,r_tilde,
2027,,,0,False,r_tilde,
2028,,,0,False,r_tilde,
2029,,,0,False,r_tilde,
2030,,,0,False,r_tilde,
2031,,,0,False,r_tilde,
2032,,,0,False,r_tilde,
2033,,,0,False,r_tilde,
2034,,,0,False,r_tilde,
2035,,,0,False,r_tilde,
2036,,,0,False,r_tilde,
2037,,,0,False,r_tilde,
2038,,,0,False,r_tilde,
2039,,,0,False,r_tilde,
2040,,,0,False,r_tilde,
2041,,,0,False,r_tilde,
2042,,,0,False,r_tilde,
2043,,,0,False,r_tilde,
2044,,,0,False,r_tilde,
2045,,,0,False,r_tilde,
2046,,,0,False,r_tilde,
2047,,,0,False,r_tilde,
2048,,,0,False,r_tilde,
2049,,,0,False,r_tilde,
2050,,,0,False,r_tilde,
2051,,,0,False,r_tilde,
2052,,,0,False,r_tilde,
2053,,,0,False,r_tilde,
2054,,,0,False,r_tilde,
2055,,,0,False,r_tilde,
2056,,,0,False,r_tilde,
2057,,,0,False,r_tilde,
2058,,,0,False,r_tilde,
2059,,,0,False,r_tilde,
2060,,,0,False,r_tilde,
2061,,,0,False,r_tilde,
2062,,,0,False,r_tilde,
2063,,,0,False,r_tilde,
2064,,,0,False,r_tilde,
2065,,,0,False,r_tilde,
2066,,,0,False,r_tilde,
2067,,,0,False,r_tilde,
2068,,,0,False,r_tilde,
2069,,,0,False,r_tilde,
2070,,,0,False,r_tilde,
2071,,,0,False,r_tilde,
2072,,,0,False,r_tilde,
2073,,,0,False,r_tilde,
2074,,,0,False,r_tilde,
2075,,,0,False,r_tilde,
2076,,,0,False,r_tilde,
2077,,,0,False,r_tilde,
2078,,,0,False,r_tilde,
2079,,,0,False,r_tilde,
2080,,,0,False,r_tilde,
2081,,,0,False,r_tilde,
2082,,,0,False,r_tilde,
2083,,,0,False,r_tilde,
2084,,,0,False,r_tilde,
2085,,,0,False,r_tilde,
2086,,,0,False,r_tilde,
2087,,,0,False,r_tilde,
2088,,,0,False,r_tilde,
2089,,,0,False,r_tilde,
2090,,,0,False,r_tilde,
2091,,,0,False,r_tilde,
2092,,,0,False,r_tilde,
2093,,,0,False,r_tilde,
2094,,,0,False,r_tilde,
2095,,,0,False,r_tilde,
2096,,,0,False,r_tilde,
2097,,,0,False,r_tilde,
2098,,,0,False,r_tilde,
2099,,,0,False,r_tilde,
2100,,,0,False,r_tilde,
2101,,,0,False,r_tilde,
2102,,,0,False,r_tilde,
2103,,,0,False,r_tilde,
2104,,,0,False,r_tilde,
2105,,,0,False,r_tilde,
2106,,,0,False,r_tilde,
2107,,,0,False,r_tilde,
2108,,,0,False,r_tilde,
2109,,,0,False,r_tilde,
2110,,,0,False,r_tilde,
2111,,,0,False,r_tilde,
2112,,,0,False,r_tilde,
2113,,,0,False,r_tilde,
2114,,,0,False,r_tilde,
2115,,,0,False,r_tilde,
2116,,,0,False,r_tilde,
2117,,,0,False,r_tilde,
2118,,,0,False,r_tilde,
2119,,,0,False,r_tilde,
2120,,,0,False,r_tilde,
2121,,,0,False,r_tilde,
2122,,,0,False,r_tilde,
2123,,,0,False,r_tilde,
2124,,,0,False,r_tilde,
2125,,,0,False,r_tilde,
2126,,,0,False,r_tilde,
2127,,,0,False,r_tilde,
2128,,,0,False,r_tilde,
2129,,,0,False,r_tilde,
2130,,,0,False,r_tilde,
2131,,,0,False,r_tilde,
2132,,,0,False,r_tilde,
2133,,,0,False,r_tilde,
2134,,,0,False,r_tilde,
2135,,,0,False,r_tilde,
2136,,,0,False,r_tilde,
2137,,,0,False,r_tilde,
2138,,,0,False,r_tilde,
2139,,,0,False,r_tilde,
2140,,,0,False,r_tilde,
2141,,,0,False,r_tilde,
2142,,,0,False,r_tilde,
2143,,,0,False,r_tilde,
2144,,,0,False,r_tilde,
2145,,,0,False,r_tilde,
2146,,,0,False,r_tilde,
2147,,,0,False,r_tilde,
2148,,,0,False,r_tilde,
2149,,,0,False,r_tilde,
2150,,,0,False,r_tilde,
2151,,,0,False,r_tilde,
2152,,,0,False,r_tilde,
2153,,,0,False,r_tilde,
2154,,,0,False,r_tilde,
2155,,,0,False,r_tilde,
2156,,,0,False,r_tilde,
2157,,,0,False,r_tilde,
2158,,,0,False,r_tilde,
2159,,,0,False,r_tilde,
2160,,,0,False,r_tilde,
2161,,,0,False,r_tilde,
2162,,,0,False,r_tilde,
2163,,,0,False,r_tilde,
2164,,,0,False,r_tilde,
2165,,,0,False,r_tilde,
2166,,,0,False,r_tilde,
2167,,,0,False,r_tilde,
2168,,,0,False,r_tilde,
2169,,,0,False,r_tilde,
2170,,,0,False,r_tilde,
2171,,,0,False,r_tilde,
2172,,,0,False,r_tilde,
2173,,,0,False,r_tilde,
2174,,,0,False,r_tilde,
2175,,,0,False,r_tilde,
2176,,,0,False,r_tilde,
2177,,,0,False,r_tilde,
2178,,,0,False,r_tilde,
2179,,,0,False,r_tilde,
2180,,,0,False,r_tilde,
2181,,,0,False,r_tilde,
2182,,,0,False,r_tilde,
2183,,,0,False,r_tilde,
2184,,,0,False,r_tilde,
2185,,,0,False,r_tilde,
2186,,,0,False,r_tilde,
2187,,,0,False,r_tilde,
2188,,,0,False,r_tilde,
2189,,,0,False,r_tilde,
2190,,,0,False,r_tilde,
2191,,,0,False,r_tilde,
2192,,,0,False,r_tilde,
2193,,,0,False,r_tilde,
2194,,,0,False,r_tilde,
2195,,,0,False,r_tilde,
2196,,,0,False,r_tilde,
2197,,,0,False,r_tilde,
2198,,,0,False,r_tilde,
2199,,,0,False,r_tilde,
2200,,,0,False,r_tilde,
2201,,,0,False,r_tilde,
2202,,,0,False,r_tilde,
2203,,,0,False,r_tilde,
2204,,,0,False,r_tilde,
2205,,,0,False,r_tilde,
2206,,,0,False,r_tilde,
2207,,,0,False,r_tilde,
2208,,,0,False,r_tilde,
2209,,,0,False,r_tilde,
2210,,,0,False,r_tilde,
2211,,,0,False,r_tilde,
2212,,,0,False,r_tilde,
2213,,,0,False,r_tilde,
2214,,,0,False,r_tilde,
2215,,,0,False,r_tilde,
2216,,,0,False,r_tilde,
2217,,,0,False,r_tilde,
2218,,,0,False,r_tilde,
2219,,,0,False,r_tilde,
2220,,,0,False,r_tilde,
2221,,,0,False,r_tilde,
2222,,,0,False,r_tilde,
2223,,,0,False,r_tilde,
2224,,,0,False,r_tilde,
2225,,,0,False,r_tilde,
2226,,,0,False,r_tilde,
2227,,,0,False,r_tilde,
2228,,,0,False,r_tilde,
2229,,,0,False,r_tilde,
2230,,,0,False,r_tilde,
2231,,,0,False,r_tilde,
2232,,,0,False,r_tilde,
2233,,,0,False,r_tilde,
2234,,,0,False,r_tilde,
2235,,,0,False,r_tilde,
2236,,,0,False,r_tilde,
2237,,,0,False,r_tilde,
2238,,,0,False,r_tilde,
2239,,,0,False,r_tilde,
2240,,,0,False,r_tilde,
2241,,,0,False,r_tilde,
2242,,,0,False,r_tilde,
2243,,,0,False,r_tilde,
2244,,,0,False,r_tilde,
2245,,,0,False,r_tilde,
2246,,,0,False,r_tilde,
2247,,,0,False,r_tilde,
2248,,,0,False,r_tilde,
2249,,,0,False,r_tilde,
2250,,,0,False,r_tilde,
2251,,,0,False,r_tilde,
2252,,,0,False,r_tilde,
2253,,,0,False,r_tilde,
2254,,,0,False,r_tilde,
2255,,,0,False,r_tilde,
2256,,,0,False,r_tilde,
2257,,,0,False,r_tilde,
2258,,,0,False,r_tilde,
2259,,,0,False,r_tilde,
2260,,,0,False,r_tilde,
2261,,,0,False,r_tilde,
2262,,,0,False,r_tilde,
2263,,,0,False,r_tilde,
2264,,,0,False,r_tilde,
2265,,,0,False,r_tilde,
2266,,,0,False,r_tilde,
2267,,,0,False,r_tilde,
2268,,,0,False,r_tilde,
2269,,,0,False,r_tilde,
2270,,,0,False,r_tilde,
2271,,,0,False,r_tilde,
2272,,,0,False,r_tilde,
2273,,,0,False,r_tilde,
2274,,,0,False,r_tilde,
2275,,,0,False,r_tilde,
2276,,,0,False,r_tilde,
2277,,,0,False,r_tilde,
2278,,,0,False,r_tilde,
2279,,,0,False,r_tilde,
2280,,,0,False,r_tilde,
2281,,,0,False,r_tilde,
2282,,,0,False,r_tilde,
2283,,,0,False,r_tilde,
2284,,,0,False,r_tilde,
2285,,,0,False,r_tilde,
2286,,,0,False,r_tilde,
2287,,,0,False,r_tilde,
2288,,,0,False,r_tilde,
2289,,,0,False,r_tilde,
2290,,,0,False,r_tilde,
2291,,,0,False,r_tilde,
2292,,,0,False,r_tilde,
2293,,,0,False,r_tilde,
2294,,,0,False,r_tilde,
2295,,,0,False,r_tilde,
2296,,,0,False,r_tilde,
2297,,,0,False,r_tilde,
2298,,,0,False,r_tilde,
2299,,,0,False,r_tilde,
2300,,,0,False,r_tilde,
2301,,,0,False,r_tilde,
2302,,,0,False,r_tilde,
2303,,,0,False,r_tilde,
2304,,,0,False,r_tilde,
2305,,,0,False,r_tilde,
2306,,,0,False,r_tilde,
2307,,,0,False,r_tilde,
2308,,,0,False,r_tilde,
2309,,,0,False,r_tilde,
2310,,,0,False,r_tilde,
2311,,,0,False,r_tilde,
2312,,,0,False,r_tilde,
2313,,,0,False,r_tilde,
2314,,,0,False,r_tilde,
2315,,,0,False,r_tilde,
2316,,,0,False,r_tilde,
2317,,,0,False,r_tilde,
2318,,,0,False,r_tilde,
2319,,,0,False,r_tilde,
2320,,,0,False,r_tilde,
2321,,,0,False,r_tilde,
2322,,,0,False,r_tilde,
2323,,,0,False,r_tilde,
2324,,,0,False,r_tilde,
2325,,,0,False,r_tilde,
2326,,,0,False,r_tilde,
2327,,,0,False,r_tilde,
2328,,,0,False,r_tilde,
2329,,,0,False,r_tilde,
2330,,,0,False,r_tilde,
2331,,,0,False,r_tilde,
2332,,,0,False,r_tilde,
2333,,,0,False,r_tilde,
2334,,,0,False,r_tilde,
2335,,,0,False,r_tilde,
2336,,,0,False,r_tilde,
2337,,,0,False,r_tilde,
2338,,,0,False,r_tilde,
2339,,,0,False,r_tilde,
2340,,,0,False,r_tilde,
2341,,,0,False,r_tilde,
2342,,,0,False,r_tilde,
2343,,,0,False,r_tilde,
2344,,,0,False,r_tilde,
2345,,,0,False,r_tilde,
2346,,,0,False,r_tilde,
2347,,,0,False,r_tilde,
2348,,,0,False,r_tilde,
2349,,,0,False,r_tilde,
2350,,,0,False,r_tilde,
2351,,,0,False,r_tilde,
2352,,,0,False,r_tilde,
2353,,,0,False,r_tilde,
2354,,,0,False,r_tilde,
2355,,,0,False,r_tilde,
2356,,,0,False,r_tilde,
2357,,,0,False,r_tilde,
2358,,,0,False,r_tilde,
2359,,,0,False,r_tilde,
2360,,,0,False,r_tilde,
2361,,,0,False,r_tilde,
2362,,,0,False,r_tilde,
2363,,,0,False,r_tilde,
2364,,,0,False,r_tilde,
2365,,,0,False,r_tilde,
2366,,,0,False,r_tilde,
2367,,,0,False,r_tilde,
2368,,,0,False,r_tilde,
2369,,,0,False,r_tilde,
2370,,,0,False,r_tilde,
2371,,,0,False,r_tilde,
2372,,,0,False,r_tilde,
2373,,,0,False,r_tilde,
2374,,,0,False,r_tilde,
2375,,,0,False,r_tilde,
2376,,,0,False,r_tilde,
2377,,,0,False,r_tilde,
2378,,,0,False,r_tilde,
2379,,,0,False,r_tilde,
2380,,,0,False,r_tilde,
2381,,,0,False,r_tilde,
2382,,,0,False,r_tilde,
2383,,,0,False,r_tilde,
2384,,,0,False,r_tilde,
2385,,,0,False,r_tilde,
2386,,,0,False,r_tilde,
2387,,,0,False,r_tilde,
2388,,,0,False,r_tilde,
2389,,,0,False,r_tilde,
2390,,,0,False,r_tilde,
2391,,,0,False,r_tilde,
2392,,,0,False,r_tilde,
2393,,,0,False,r_tilde,
2394,,,0,False,r_tilde,
2395,,,0,False,r_tilde,
2396,,,0,False,r_tilde,
2397,,,0,False,r_tilde,
2398,,,0,False,r_tilde,
2399,,,0,False,r_tilde,
2400,,,0,False,r_tilde,
2401,,,0,False,r_tilde,
2402,,,0,False,r_tilde,
2403,,,0,False,r_tilde,
2404,,,0,False,r_tilde,
2405,,,0,False,r_tilde,
2406,,,0,False,r_tilde,
2407,,,0,False,r_tilde,
2408,,,0,False,r_tilde,
2409,,,0,False,r_tilde,
2410,,,0,False,r_tilde,
2411,,,0,False,r_tilde,
2412,,,0,False,r_tilde,
2413,,,0,False,r_tilde,
2414,,,0,False,r_tilde,
2415,,,0,False,r_tilde,
2416,,,0,False,r_tilde,
2417,,,0,False,r_tilde,
2418,,,0,False,r_tilde,
2419,,,0,False,r_tilde,
2420,,,0,False,r_tilde,
2421,,,0,False,r_tilde,
2422,,,0,False,r_tilde,
2423,,,0,False,r_tilde,
2424,,,0,False,r_tilde,
2425,,,0,False,r_tilde,
2426,,,0,False,r_tilde,
2427,,,0,False,r_tilde,
2428,,,0,False,r_tilde,
2429,,,0,False,r_tilde,
2430,,,0,False,r_tilde,
2431,,,0,False,r_tilde,
2432,,,0,False,r_tilde,
2433,,,0,False,r_tilde,
2434,,,0,False,r_tilde,
2435,,,0,False,r_tilde,
2436,,,0,False,r_tilde,
2437,,,0,False,r_tilde,
2438,,,0,False,r_tilde,
2439,,,0,False,r_tilde,
2440,,,0,False,r_tilde,
2441,,,0,False,r_tilde,
2442,,,0,False,r_tilde,
2443,,,0,False,r_tilde,
2444,,,0,False,r_tilde,
2445,,,0,False,r_tilde,
2446,,,0,False,r_tilde,
2447,,,0,False,r_tilde,
2448,,,0,False,r_tilde,
2449,,,0,False,r_tilde,
2450,,,0,False,r_tilde,
2451,,,0,False,r_tilde,
2452,,,0,False,r_tilde,
2453,,,0,False,r_tilde,
2454,,,0,False,r_tilde,
2455,,,0,False,r_tilde,
2456,,,0,False,r_tilde,
2457,,,0,False,r_tilde,
2458,,,0,False,r_tilde,
2459,,,0,False,r_tilde,
2460,,,0,False,r_tilde,
2461,,,0,False,r_tilde,
2462,,,0,False,r_tilde,
2463,,,0,False,r_tilde,
2464,,,0,False,r_tilde,
2465,,,0,False,r_tilde,
2466,,,0,False,r_tilde,
2467,,,0,False,r_tilde,
2468,,,0,False,r_tilde,
2469,,,0,False,r_tilde,
2470,,,0,False,r_tilde,
2471,,,0,False,r_tilde,
2472,,,0,False,r_tilde,
2473,,,0,False,r_tilde,
2474,,,0,False,r_tilde,
2475,,,0,False,r_tilde,
2476,,,0,False,r_tilde,
2477,,,0,False,r_tilde,
2478,,,0,False,r_tilde,
2479,,,0,False,r_tilde,
2480,,,0,False,r_tilde,
2481,,,0,False,r_tilde,
2482,,,0,False,r_tilde,
2483,,,0,False,r_tilde,
2484,,,0,False,r_tilde,
2485,,,0,False,r_tilde,
2486,,,0,False,r_tilde,
2487,,,0,False,r_tilde,
2488,,,0,False,r_tilde,
2489,,,0,False,r_tilde,
2490,,,0,False,r_tilde,
2491,,,0,False,r_tilde,
2492,,,0,False,r_tilde,
2493,,,0,False,r_tilde,
2494,,,0,False,r_tilde,
2495,,,0,False,r_tilde,
2496,,,0,False,r_tilde,
2497,,,0,False,r_tilde,
2498,,,0,False,r_tilde,
2499,,,0,False,r_tilde,
2500,,,0,False,r_tilde,
2501,,,0,False,r_tilde,
2502,,,0,False,r_tilde,
2503,,,0,False,r_tilde,
2504,,,0,False,r_tilde,
2505,,,0,False,r_tilde,
2506,,,0,False,r_tilde,
2507,,,0,False,r_tilde,
2508,,,0,False,r_tilde,
2509,,,0,False,r_tilde,
2510,,,0,False,r_tilde,
2511,,,0,False,r_tilde,
2512,,,0,False,r_tilde,
2513,,,0,False,r_tilde,
2514,,,0,False,r_tilde,
2515,,,0,False,r_tilde,
2516,,,0,False,r_tilde,
2517,,,0,False,r_tilde,
2518,,,0,False,r_tilde,
2519,,,0,False,r_tilde,
2520,,,0,False,r_tilde,
2521,,,0,False,r_tilde,
2522,,,0,False,r_tilde,
2523,,,0,False,r_tilde,
2524,,,0,False,r_tilde,
2525,,,0,False,r_tilde,
2526,,,0,False,r_tilde,
2527,,,0,False,r_tilde,
2528,,,0,False,r_tilde,
2529,,,0,False,r_tilde,
2530,,,0,False,r_tilde,
2531,,,0,False,r_tilde,
2532,,,0,False,r_tilde,
2533,,,0,False,r_tilde,
2534,,,0,False,r_tilde,
2535,,,0,False,r_tilde,
2536,,,0,False,r_tilde,
2537,,,0,False,r_tilde,
2538,,,0,False,r_tilde,
2539,,,0,False,r_tilde,
2540,,,0,False,r_tilde,
2541,,,0,False,r_tilde,
2542,,,0,False,r_tilde,
2543,,,0,False,r_tilde,
2544,,,0,False,r_tilde,
2545,,,0,False,r_tilde,
2546,,,0,False,r_tilde,
2547,,,0,False,r_tilde,
2548,,,0,False,r_tilde,
2549,,,0,False,r_tilde,
2550,,,0,False,r_tilde,
2551,,,0,False,r_tilde,
2552,,,0,False,r_tilde,
2553,,,0,False,r_tilde,
2554,,,0,False,r_tilde,
2555,,,0,False,r_tilde,
2556,,,0,False,r_tilde,
2557,,,0,False,r_tilde,
2558,,,0,False,r_tilde,
2559,,,0,False,r_tilde,
2560,,,0,False,r_tilde,
2561,,,0,False,r_tilde,
2562,,,0,False,r_tilde,
2563,,,0,False,r_tilde,
2564,,,0,False,r_tilde,
2565,,,0,False,r_tilde,
2566,,,0,False,r_tilde,
2567,,,0,False,r_tilde,
2568,,,0,False,r_tilde,
2569,,,0,False,r_tilde,
2570,,,0,False,r_tilde,
2571,,,0,False,r_tilde,
2572,,,0,False,r_tilde,
2573,,,0,False,r_tilde,
2574,,,0,False,r_tilde,
2575,,,0,False,r_tilde,
2576,,,0,False,r_tilde,
2577,,,0,False,r_tilde,
2578,,,0,False,r_tilde,
2579,,,0,False,r_tilde,
2580,,,0,False,r_tilde,
2581,,,0,False,r_tilde,
2582,,,0,False,r_tilde,
2583,,,0,False,r_tilde,
2584,,,0,False,r_tilde,
2585,,,0,False,r_tilde,
2586,,,0,False,r_tilde,
2587,,,0,False,r_tilde,
2588,,,0,False,r_tilde,
2589,,,0,False,r_tilde,
2590,,,0,False,r_tilde,
2591,,,0,False,r_tilde,
2592,,,0,False,r_tilde,
2593,,,0,False,r_tilde,
2594,,,0,False,r_tilde,
2595,,,0,False,r_tilde,
2596,,,0,False,r_tilde,
2597,,,0,False,r_tilde,
2598,,,0,False,r_tilde,
2599,,,0,False,r_tilde,
2600,,,0,False,r_tilde,
2601,,,0,False,r_tilde,
2602,,,0,False,r_tilde,
2603,,,0,False,r_tilde,
2604,,,0,False,r_tilde,
2605,,,0,False,r_tilde,
2606,,,0,False,r_tilde,
2607,,,0,False,r_tilde,
2608,,,0,False,r_tilde,
2609,,,0,False,r_tilde,
2610,,,0,False,r_tilde,
2611,,,0,False,r_tilde,
2612,,,0,False,r_tilde,
2613,,,0,False,r_tilde,
2614,,,0,False,r_tilde,
2615,,,0,False,r_tilde,
2616,,,0,False,r_tilde,
2617,,,0,False,r_tilde,
2618,,,0,False,r_tilde,
2619,,,0,False,r_tilde,
2620,,,0,False,r_tilde,
2621,,,0,False,r_tilde,
2622,,,0,False,r_tilde,
2623,,,0,False,r_tilde,
2624,,,0,False,r_tilde,
2625,,,0,False,r_tilde,
2626,,,0,False,r_tilde,
2627,,,0,False,r_tilde,
2628,,,0,False,r_tilde,
2629,,,0,False,r_tilde,
2630,,,0,False,r_tilde,
2631,,,0,False,r_tilde,
2632,,,0,False,r_tilde,
2633,,,0,False,r_tilde,
2634,,,0,False,r_tilde,
2635,,,0,False,r_tilde,
2636,,,0,False,r_tilde,
2637,,,0,False,r_tilde,
2638,,,0,False,r_tilde,
2639,,,0,False,r_tilde,
2640,,,0,False,r_tilde,
2641,,,0,False,r_tilde,
2642,,,0,False,r_tilde,
2643,,,0,False,r_tilde,
2644,,,0,False,r_tilde,
2645,,,0,False,r_tilde,
2646,,,0,False,r_tilde,
2647,,,0,False,r_tilde,
2648,,,0,False,r_tilde,
2649,,,0,False,r_tilde,
2650,,,0,False,r_tilde,
2651,,,0,False,r_tilde,
2652,,,0,False,r_tilde,
2653,,,0,False,r_tilde,
2654,,,0,False,r_tilde,
2655,,,0,False,r_tilde,
2656,,,0,False,r_tilde,
2657,,,0,False,r_tilde,
2658,,,0,False,r_tilde,
2659,,,0,False,r_tilde,
2660,,,0,False,r_tilde,
2661,,,0,False,r_tilde,
2662,,,0,False,r_tilde,
2663,,,0,False,r_tilde,
2664,,,0,False,r_tilde,
2665,,,0,False,r_tilde,
2666,,,0,False,r_tilde,
2667,,,0,False,r_tilde,
2668,,,0,False,r_tilde,
2669,,,0,False,r_tilde,
2670,,,0,False,r_tilde,
2671,,,0,False,r_tilde,
2672,,,0,False,r_tilde,
2673,,,0,False,r_tilde,
2674,,,0,False,r_tilde,
2675,,,0,False,r_tilde,
2676,,,0,False,r_tilde,
2677,,,0,False,r_tilde,
2678,,,0,False,r_tilde,
2679,,,0,False,r_tilde,
2680,,,0,False,r_tilde,
2681,,,0,False,r_tilde,
2682,,,0,False,r_tilde,
2683,,,0,False,r_tilde,
2684,,,0,False,r_tilde,
2685,,,0,False,r_tilde,
2686,,,0,False,r_tilde,
2687,,,0,False,r_tilde,
2688,,,0,False,r_tilde,
2689,,,0,False,r_tilde,
2690,,,0,False,r_tilde,
2691,,,0,False,r_tilde,
2692,,,0,False,r_tilde,
2693,,,0,False,r_tilde,
2694,,,0,False,r_tilde,
2695,,,0,False,r_tilde,
2696,,,0,False,r_tilde,
2697,,,0,False,r_tilde,
2698,,,0,False,r_tilde,
2699,,,0,False,r_tilde,
2700,,,0,False,r_tilde,
2701,,,0,False,r_tilde,
2702,,,0,False,r_tilde,
2703,,,0,False,r_tilde,
2704,,,0,False,r_tilde,
2705,,,0,False,r_tilde,
2706,,,0,False,r_tilde,
2707,,,0,False,r_tilde,
2708,,,0,False,r_tilde,
2709,,,0,False,r_tilde,
2710,,,0,False,r_tilde,
2711,,,0,False,r_tilde,
2712,,,0,False,r_tilde,
2713,,,0,False,r_tilde,
2714,,,0,False,r_tilde,
2715,,,0,False,r_tilde,
2716,,,0,False,r_tilde,
2717,,,0,False,r_tilde,
2718,,,0,False,r_tilde,
2719,,,0,False,r_tilde,
2720,,,0,False,r_tilde,
2721,,,0,False,r_tilde,
2722,,,0,False,r_tilde,
2723,,,0,False,r_tilde,
2724,,,0,False,r_tilde,
2725,,,0,False,r_tilde,
2726,,,0,False,r_tilde,
2727,,,0,False,r_tilde,
2728,,,0,False,r_tilde,
2729,,,0,False,r_tilde,
2730,,,0,False,r_tilde,
2731,,,0,False,r_tilde,
2732,,,0,False,r_tilde,
2733,,,0,False,r_tilde,
2734,,,0,False,r_tilde,
2735,,,0,False,r_tilde,
2736,,,0,False,r_tilde,
2737,,,0,False,r_tilde,
2738,,,0,False,r_tilde,
2739,,,0,False,r_tilde,
2740,,,0,False,r_tilde,
2741,,,0,False,r_tilde,
2742,,,0,False,r_tilde,
2743,,,0,False,r_tilde,
2744,,,0,False,r_tilde,
2745,,,0,False,r_tilde,
2746,,,0,False,r_tilde,
2747,,,0,False,r_tilde,
2748,,,0,False,r_tilde,
2749,,,0,False,r_tilde,
2750,,,0,False,r_tilde,
2751,,,0,False,r_tilde,
2752,,,0,False,r_tilde,
2753,,,0,False,r_tilde,
2754,,,0,False,r_tilde,
2755,,,0,False,r_tilde,
2756,,,0,False,r_tilde,
2757,,,0,False,r_tilde,
2758,,,0,False,r_tilde,
2759,,,0,False,r_tilde,
2760,,,0,False,r_tilde,
