series,config,theoretical_q,empirical_q
r_1m_raw,NA,-3.090232306167813,-6.555031581535813
r_1m_raw,NA,-2.747781385444993,-4.580105653648815
r_1m_raw,NA,-2.5758293035489,-3.8255406433456116
r_1m_raw,NA,-2.4572633902054375,-3.392301253503514
r_1m_raw,NA,-2.365618126864292,-3.0619743742811343
r_1m_raw,NA,-2.290367877855267,-2.8259019154885374
r_1m_raw,NA,-2.226211769317175,-2.6329867581518145
r_1m_raw,NA,-2.17009037758456,-2.467778659388702
r_1m_raw,NA,-2.1200716897421503,-2.331297373170858
r_1m_raw,NA,-2.0748547343933095,-2.214658610094615
r_1m_raw,NA,-2.0335201492530506,-2.1095266002677278
r_1m_raw,NA,-1.9953933101678247,-2.0171094402234573
r_1m_raw,NA,-1.9599639845400538,-1.934265262458759
r_1m_raw,NA,-1.9268365732639106,-1.8592837238788935
r_1m_raw,NA,-1.8956979239918383,-1.7936514565610884
r_1m_raw,NA,-1.8662957434581073,-1.7300205963804725
r_1m_raw,NA,-1.8384236692477767,-1.6720368714873768
r_1m_raw,NA,-1.8119106729525978,-1.6199605668180868
r_1m_raw,NA,-1.78661336549347,-1.5712582857960933
r_1m_raw,NA,-1.7624102978623895,-1.5261222388163813
r_1m_raw,NA,-1.7391976652852517,-1.4844911729174182
r_1m_raw,NA,-1.7168860184310404,-1.4443273742591345
r_1m_raw,NA,-1.6953977102721358,-1.4070302686861356
r_1m_raw,NA,-1.6746648890243252,-1.370767854993215
r_1m_raw,NA,-1.6546279023510773,-1.3370282403941012
r_1m_raw,NA,-1.63523401538865,-1.304679340561215
r_1m_raw,NA,-1.6164363711150214,-1.2754189667396723
r_1m_raw,NA,-1.5981931399228173,-1.2459180913589052
r_1m_raw,NA,-1.5804668183993618,-1.2176295592363695
r_1m_raw,NA,-1.563223646866276,-1.1905933931208679
r_1m_raw,NA,-1.5464331222567476,-1.1647712040830784
r_1m_raw,NA,-1.530067588137828,-1.140279007263368
r_1m_raw,NA,-1.5141018876192833,-1.116651366822045
r_1m_raw,NA,-1.4985130678799752,-1.0937169431120033
r_1m_raw,NA,-1.4832801273356204,-1.0721866302356533
r_1m_raw,NA,-1.4683837982456598,-1.049970491301105
r_1m_raw,NA,-1.4538063589405745,-1.0304304938721962
r_1m_raw,NA,-1.4395314709384557,-1.0115342145427748
r_1m_raw,NA,-1.4255440370804515,-0.9918637927963435
r_1m_raw,NA,-1.4118300775008081,-0.9735586524397865
r_1m_raw,NA,-1.398376620797495,-0.956370405082438
r_1m_raw,NA,-1.3851716082134353,-0.9402721615391303
r_1m_raw,NA,-1.3722038089987258,-0.923244502469965
r_1m_raw,NA,-1.3594627454182584,-0.9067795680014785
r_1m_raw,NA,-1.3469386261102796,-0.8917755103392622
r_1m_raw,NA,-1.3346222867001933,-0.8764763329935479
r_1m_raw,NA,-1.3225051367384355,-0.8617041921149166
r_1m_raw,NA,-1.310579112168129,-0.8473710913576349
r_1m_raw,NA,-1.2988366326425054,-0.8329214748002386
r_1m_raw,NA,-1.2872705631079415,-0.8198359866370527
r_1m_raw,NA,-1.2758741791491297,-0.806958941458305
r_1m_raw,NA,-1.2646411356610803,-0.7943646314079926
r_1m_raw,NA,-1.2535654384704509,-0.7815410227924662
r_1m_raw,NA,-1.242641418577882,-0.7696859869296108
r_1m_raw,NA,-1.2318637087349833,-0.7578962802971313
r_1m_raw,NA,-1.2212272221055693,-0.746455311824971
r_1m_raw,NA,-1.2107271327915974,-0.7355877145462963
r_1m_raw,NA,-1.200358858030859,-0.7248994969498762
r_1m_raw,NA,-1.1901180418964235,-0.714320043743624
r_1m_raw,NA,-1.180000540347729,-0.7031333231386537
r_1m_raw,NA,-1.1700024075004787,-0.6935775965549904
r_1m_raw,NA,-1.1601198829975194,-0.6839315692253322
r_1m_raw,NA,-1.1503493803760079,-0.6744031753579671
r_1m_raw,NA,-1.140687476337622,-0.6646943395846697
r_1m_raw,NA,-1.131130900838633,-0.6553452305117766
r_1m_raw,NA,-1.1216765279254888,-0.6461377119798255
r_1m_raw,NA,-1.1123213672493113,-0.6375673501532182
r_1m_raw,NA,-1.1030625561995975,-0.6284337645796275
r_1m_raw,NA,-1.0938973526034377,-0.6196545125547863
r_1m_raw,NA,-1.0848231279419567,-0.6110424772344798
r_1m_raw,NA,-1.0758373610404315,-0.6028003571804438
r_1m_raw,NA,-1.0669376321927655,-0.595358049573638
r_1m_raw,NA,-1.058121617684777,-0.5876056229230048
r_1m_raw,NA,-1.0493870846841045,-0.5792731975749383
r_1m_raw,NA,-1.0407318864675446,-0.5709238846388539
r_1m_raw,NA,-1.032153957959306,-0.5636306919544377
r_1m_raw,NA,-1.0236513115560881,-0.556438258643123
r_1m_raw,NA,-1.015222033217028,-0.5494276735325266
r_1m_raw,NA,-1.0068642787985222,-0.5428322501451435
r_1m_raw,NA,-0.9985762706156596,-0.5356443873001875
r_1m_raw,NA,-0.9903562942135747,-0.5282892393119034
r_1m_raw,NA,-0.9822026953334697,-0.5217377099967535
r_1m_raw,NA,-0.974113877059309,-0.5150091733183476
r_1m_raw,NA,-0.9660882971323729,-0.5084191107111115
r_1m_raw,NA,-0.9581244654219027,-0.5020000694836574
r_1m_raw,NA,-0.9502209415410151,-0.4955011027857314
r_1m_raw,NA,-0.9423763325979505,-0.48892458691450724
r_1m_raw,NA,-0.9345892910734802,-0.4824275731906519
r_1m_raw,NA,-0.9268585128160437,-0.4769472133002332
r_1m_raw,NA,-0.9191827351468197,-0.4715845410082899
r_1m_raw,NA,-0.9115607350675407,-0.4655880901688245
r_1m_raw,NA,-0.9039913275644016,-0.4596725244936928
r_1m_raw,NA,-0.8964733640019162,-0.45322021063574747
r_1m_raw,NA,-0.8890057306010248,-0.44795537716460826
r_1m_raw,NA,-0.8815873469961746,-0.44258960592977276
r_1m_raw,NA,-0.8742171648664834,-0.4376047529497204
r_1m_raw,NA,-0.8668941666364379,-0.4323328710587845
r_1m_raw,NA,-0.8596173642419114,-0.4266571775553626
r_1m_raw,NA,-0.852385797957575,-0.4204845117693119
r_1m_raw,NA,-0.8451985352820499,-0.4154772563617005
r_1m_raw,NA,-0.8380546698774065,-0.4107170593470877
r_1m_raw,NA,-0.8309533205598377,-0.40586022874488725
r_1m_raw,NA,-0.8238936303385576,-0.4011353127677893
r_1m_raw,NA,-0.8168747655001637,-0.39679773262186335
r_1m_raw,NA,-0.809895914735898,-0.39267794922909494
r_1m_raw,NA,-0.8029562883093937,-0.38799158891574426
r_1m_raw,NA,-0.7960551172626629,-0.3834616712792619
r_1m_raw,NA,-0.7891916526582223,-0.3778437778745078
r_1m_raw,NA,-0.7823651648553872,-0.372709231162122
r_1m_raw,NA,-0.7755749428188843,-0.3679460651578535
r_1m_raw,NA,-0.7688202934580621,-0.36431471755332356
r_1m_raw,NA,-0.7621005409950667,-0.3605235048159391
r_1m_raw,NA,-0.7554150263604693,-0.3568002944107301
r_1m_raw,NA,-0.7487631066149087,-0.3526371791939779
r_1m_raw,NA,-0.7421441543954094,-0.34853690086010114
r_1m_raw,NA,-0.7355575573851106,-0.34333759265735375
r_1m_raw,NA,-0.7290027178052185,-0.3385009905022719
r_1m_raw,NA,-0.7224790519280627,-0.33385193522226153
r_1m_raw,NA,-0.7159859896102049,-0.3299276087497597
r_1m_raw,NA,-0.7095229738446082,-0.3263197653887734
r_1m_raw,NA,-0.7030894603309286,-0.32284658773026426
r_1m_raw,NA,-0.6966849170630507,-0.31942495098245305
r_1m_raw,NA,-0.690308823933034,-0.3158437146538416
r_1m_raw,NA,-0.6839606723506823,-0.3120645499046014
r_1m_raw,NA,-0.6776399648779956,-0.30855919482865146
r_1m_raw,NA,-0.6713462148778053,-0.30511433309347363
r_1m_raw,NA,-0.6650789461759234,-0.3015711685572834
r_1m_raw,NA,-0.6588376927361879,-0.29834055169759355
r_1m_raw,NA,-0.652621998347801,-0.2936139428331553
r_1m_raw,NA,-0.6464314163244075,-0.28865494947494186
r_1m_raw,NA,-0.6402655092143741,-0.2836188324574021
r_1m_raw,NA,-0.6341238485217698,-0.28012603055768387
r_1m_raw,NA,-0.6280060144375696,-0.2769545801393916
r_1m_raw,NA,-0.6219115955806241,-0.27420234143164646
r_1m_raw,NA,-0.6158401887479719,-0.27155116600868906
r_1m_raw,NA,-0.6097913986740797,-0.26880977630757674
r_1m_raw,NA,-0.6037648377986299,-0.2654851268635116
r_1m_raw,NA,-0.5977601260424784,-0.26266569777282395
r_1m_raw,NA,-0.5917768905914464,-0.25959262279783835
r_1m_raw,NA,-0.5858147656875988,-0.2565611986295236
r_1m_raw,NA,-0.5798733924277044,-0.25250727075409185
r_1m_raw,NA,-0.5739524185685735,-0.2491115877799824
r_1m_raw,NA,-0.5680514983389829,-0.24598518093975053
r_1m_raw,NA,-0.5621702922579264,-0.24221994211910436
r_1m_raw,NA,-0.5563084669589183,-0.23903772458994535
r_1m_raw,NA,-0.5504656950201127,-0.23611905357510618
r_1m_raw,NA,-0.5446416547999992,-0.2333313904640543
r_1m_raw,NA,-0.5388360302784503,-0.2303363361679412
r_1m_raw,NA,-0.5330485109029091,-0.22703319376894973
r_1m_raw,NA,-0.5272787914395083,-0.22428085618747506
r_1m_raw,NA,-0.5215265718289321,-0.22078386293329802
r_1m_raw,NA,-0.5157915570468274,-0.2180849736717745
r_1m_raw,NA,-0.5100734569685947,-0.2144763148981549
r_1m_raw,NA,-0.5043719862383813,-0.2104312332298437
r_1m_raw,NA,-0.49868686414212227,-0.20694469608677024
r_1m_raw,NA,-0.4930178144844647,-0.20450915197082647
r_1m_raw,NA,-0.48736456546944074,-0.20210344841514866
r_1m_raw,NA,-0.4817268495847302,-0.2000889168059233
r_1m_raw,NA,-0.47610440348939487,-0.19826829885843433
r_1m_raw,NA,-0.4704969679049413,-0.19631764954571476
r_1m_raw,NA,-0.4649042875095944,-0.19430961766077842
r_1m_raw,NA,-0.4593261108356628,-0.1922262465616273
r_1m_raw,NA,-0.4537621901698793,-0.1893643458658929
r_1m_raw,NA,-0.448212281456609,-0.18670708894379875
r_1m_raw,NA,-0.4426761442038212,-0.18381729913880673
r_1m_raw,NA,-0.43715354139172213,-0.18086019475648657
r_1m_raw,NA,-0.431644239383956,-0.17763838602952664
r_1m_raw,NA,-0.4261480078412781,-0.1742835400863726
r_1m_raw,NA,-0.4206646196376155,-0.1704290845708243
r_1m_raw,NA,-0.41519385077842663,-0.1673615827369423
r_1m_raw,NA,-0.40973548032128104,-0.1649646740590239
r_1m_raw,NA,-0.4042892902985787,-0.1624234448166634
r_1m_raw,NA,-0.39885506564233686,-0.1604458781855385
r_1m_raw,NA,-0.3934325941109666,-0.15825741453957717
r_1m_raw,NA,-0.38802166621797707,-0.15633416363101044
r_1m_raw,NA,-0.3826220751625341,-0.15426160013854978
r_1m_raw,NA,-0.37723361676181155,-0.15172791413485268
r_1m_raw,NA,-0.3718560893850747,-0.1498315259390997
r_1m_raw,NA,-0.36648929388943363,-0.14719173638423402
r_1m_raw,NA,-0.36113303355721227,-0.14422902615122962
r_1m_raw,NA,-0.3557871140348752,-0.14129353456738633
r_1m_raw,NA,-0.35045134327346134,-0.13891542541656945
r_1m_raw,NA,-0.34512553147047226,-0.1372392324256184
r_1m_raw,NA,-0.3398094910131667,-0.13526748761566515
r_1m_raw,NA,-0.3345030364232122,-0.1329018192041149
r_1m_raw,NA,-0.32920598430265113,-0.13111962856260836
r_1m_raw,NA,-0.323918153281133,-0.12875485415329915
r_1m_raw,NA,-0.31863936396437514,-0.1252327906682425
r_1m_raw,NA,-0.31336943888380603,-0.12254508026579772
r_1m_raw,NA,-0.3081082024473549,-0.12069595678812987
r_1m_raw,NA,-0.30285548089134917,-0.11906881038233189
r_1m_raw,NA,-0.2976111022334798,-0.1173644304276847
r_1m_raw,NA,-0.2923748962268042,-0.1151729888384266
r_1m_raw,NA,-0.28714669431474543,-0.11285106199331581
r_1m_raw,NA,-0.2819263295870614,-0.11067953101393756
r_1m_raw,NA,-0.27671363673674687,-0.10777424419019294
r_1m_raw,NA,-0.2715084520178386,-0.10468437829464346
r_1m_raw,NA,-0.26631061320409494,-0.1018823601763421
r_1m_raw,NA,-0.26111995954851813,-0.09993973223270392
r_1m_raw,NA,-0.2559363317436934,-0.09771374373698864
r_1m_raw,NA,-0.250759571882916,-0.09527148717930299
r_1m_raw,NA,-0.24558952342208085,-0.0930766723287511
r_1m_raw,NA,-0.24042603114230793,-0.09126951754756303
r_1m_raw,NA,-0.2352689411132797,-0.08951092072157013
r_1m_raw,NA,-0.23011810065726568,-0.08798134061613525
r_1m_raw,NA,-0.22497335831381154,-0.0858027470623745
r_1m_raw,NA,-0.2198345638050687,-0.08365408867000616
r_1m_raw,NA,-0.21470156800174453,-0.08186234974932564
r_1m_raw,NA,-0.20957422288964928,-0.08041561137147504
r_1m_raw,NA,-0.2044523815368209,-0.07902759175849502
r_1m_raw,NA,-0.1993358980612069,-0.07692125911305989
r_1m_raw,NA,-0.1942246275988834,-0.07429807085521564
r_1m_raw,NA,-0.1891184262727925,-0.06971293169043109
r_1m_raw,NA,-0.1840171511619796,-0.06770738341205315
r_1m_raw,NA,-0.17892066027131207,-0.06620517315736499
r_1m_raw,NA,-0.1738288125016624,-0.06389477800662728
r_1m_raw,NA,-0.16874146762053802,-0.06125970820606732
r_1m_raw,NA,-0.16365848623314122,-0.058798778556931046
r_1m_raw,NA,-0.15857972975384346,-0.056495158072375325
r_1m_raw,NA,-0.15350506037805708,-0.054951481082641036
r_1m_raw,NA,-0.14843434105448977,-0.05280697376551694
r_1m_raw,NA,-0.14336743545776665,-0.05111347602321895
r_1m_raw,NA,-0.1383042079614045,-0.04918081351113732
r_1m_raw,NA,-0.13324452361112382,-0.04765841566298131
r_1m_raw,NA,-0.12818824809848547,-0.046424479309051726
r_1m_raw,NA,-0.1231352477348365,-0.04505334868067621
r_1m_raw,NA,-0.11808538942555283,-0.04377534469922771
r_1m_raw,NA,-0.11303854064456507,-0.04190216271785161
r_1m_raw,NA,-0.10799456940915403,-0.04107025937341351
r_1m_raw,NA,-0.1029533442550038,-0.04036566977424388
r_1m_raw,NA,-0.09791473421149931,-0.03967899371979528
r_1m_raw,NA,-0.09287860877725637,-0.038441159082453207
r_1m_raw,NA,-0.08784483789587168,-0.03633837389207104
r_1m_raw,NA,-0.08281329193188118,-0.03415221718991474
r_1m_raw,NA,-0.07778384164691525,-0.03218415086554655
r_1m_raw,NA,-0.07275635817603748,-0.030697117382013864
r_1m_raw,NA,-0.06773071300425916,-0.029146775904081063
r_1m_raw,NA,-0.06270677794321383,-0.0014819378145661056
r_1m_raw,NA,-0.05768442510798417,-0.0014819378145661056
r_1m_raw,NA,-0.05266352689406846,-0.0014819378145661056
r_1m_raw,NA,-0.04764395595447656,-0.0014819378145661056
r_1m_raw,NA,-0.04262558517694437,-0.0014819378145661056
r_1m_raw,NA,-0.037608287661255936,-0.0014819378145661056
r_1m_raw,NA,-0.032591936696663076,-0.0014819378145661056
r_1m_raw,NA,-0.027576405739391723,-0.0014819378145661056
r_1m_raw,NA,-0.022561568390224718,-0.0014819378145661056
r_1m_raw,NA,-0.017547298372150796,-0.0014819378145661056
r_1m_raw,NA,-0.012533469508069278,-0.0014819378145661056
r_1m_raw,NA,-0.007519955698540525,-0.0014819378145661056
r_1m_raw,NA,-0.0025066308995717666,-0.0014819378145661056
r_1m_raw,NA,0.0025066308995717666,-0.0014819378145661056
r_1m_raw,NA,0.007519955698540525,-0.0014819378145661056
r_1m_raw,NA,0.012533469508069278,-0.0014819378145661056
r_1m_raw,NA,0.017547298372150796,-0.0014819378145661056
r_1m_raw,NA,0.022561568390224718,-0.0014819378145661056
r_1m_raw,NA,0.027576405739391723,-0.0014819378145661056
r_1m_raw,NA,0.032591936696663076,-0.0014819378145661056
r_1m_raw,NA,0.037608287661255936,-0.0014819378145661056
r_1m_raw,NA,0.04262558517694437,-0.0014819378145661056
r_1m_raw,NA,0.04764395595447656,0.026651846184786103
r_1m_raw,NA,0.05266352689406846,0.02833191187537415
r_1m_raw,NA,0.05768442510798417,0.030323777678108454
r_1m_raw,NA,0.06270677794321383,0.03174792907124065
r_1m_raw,NA,0.06773071300425916,0.03435560343256768
r_1m_raw,NA,0.07275635817603748,0.035905223061617815
r_1m_raw,NA,0.07778384164691525,0.036971789650020015
r_1m_raw,NA,0.08281329193188132,0.037690372746663287
r_1m_raw,NA,0.08784483789587182,0.038361589658148884
r_1m_raw,NA,0.09287860877725654,0.03942951330432526
r_1m_raw,NA,0.09791473421149946,0.04135100770918024
r_1m_raw,NA,0.10295334425500394,0.04251631261327004
r_1m_raw,NA,0.1079945694091542,0.04383754390211248
r_1m_raw,NA,0.11303854064456521,0.045068376059973346
r_1m_raw,NA,0.11808538942555302,0.04683456981344558
r_1m_raw,NA,0.12313524773483664,0.048574834907161205
r_1m_raw,NA,0.1281882480984856,0.05036993982843947
r_1m_raw,NA,0.13324452361112396,0.05247588880652109
r_1m_raw,NA,0.13830420796140463,0.05420582716804577
r_1m_raw,NA,0.14336743545776678,0.056717482107487525
r_1m_raw,NA,0.1484343410544899,0.059027150330478666
r_1m_raw,NA,0.15350506037805722,0.06162345204499289
r_1m_raw,NA,0.15857972975384332,0.06365835942789189
r_1m_raw,NA,0.16365848623314108,0.0651427690669635
r_1m_raw,NA,0.16874146762053788,0.06741904026129004
r_1m_raw,NA,0.17382881250166224,0.07200883177371084
r_1m_raw,NA,0.17892066027131193,0.07484823037790068
r_1m_raw,NA,0.18401715116197945,0.07631659201261665
r_1m_raw,NA,0.18911842627279238,0.07781774031132635
r_1m_raw,NA,0.1942246275988833,0.07939303477533685
r_1m_raw,NA,0.19933589806120677,0.08115556095078129
r_1m_raw,NA,0.20445238153682072,0.0836042213370443
r_1m_raw,NA,0.2095742228896491,0.08548602043353624
r_1m_raw,NA,0.2147015680017444,0.08712952861707085
r_1m_raw,NA,0.21983456380506858,0.0888644093534862
r_1m_raw,NA,0.22497335831381138,0.09063833465819193
r_1m_raw,NA,0.23011810065726557,0.09292699672888781
r_1m_raw,NA,0.23526894111327962,0.09517724884494339
r_1m_raw,NA,0.24042603114230793,0.09750591474958173
r_1m_raw,NA,0.24558952342208085,0.09942876418023264
r_1m_raw,NA,0.250759571882916,0.10213192069834884
r_1m_raw,NA,0.2559363317436934,0.10538170458649512
r_1m_raw,NA,0.26111995954851813,0.10791593510243624
r_1m_raw,NA,0.26631061320409494,0.10999648910107278
r_1m_raw,NA,0.2715084520178386,0.11236553977632363
r_1m_raw,NA,0.27671363673674687,0.1144493580965867
r_1m_raw,NA,0.2819263295870614,0.11611029493312662
r_1m_raw,NA,0.28714669431474543,0.11778535973950396
r_1m_raw,NA,0.2923748962268042,0.11959588381012058
r_1m_raw,NA,0.2976111022334798,0.12221479671733913
r_1m_raw,NA,0.30285548089134917,0.12564968348826325
r_1m_raw,NA,0.3081082024473549,0.12798385064252804
r_1m_raw,NA,0.31336943888380603,0.1297845288316519
r_1m_raw,NA,0.31863936396437514,0.1320913827750744
r_1m_raw,NA,0.323918153281133,0.13418786192845825
r_1m_raw,NA,0.32920598430265113,0.1358186528928654
r_1m_raw,NA,0.3345030364232122,0.13820453071801525
r_1m_raw,NA,0.3398094910131667,0.14107883762847878
r_1m_raw,NA,0.34512553147047226,0.14408709122574256
r_1m_raw,NA,0.35045134327346134,0.14664949660044338
r_1m_raw,NA,0.3557871140348752,0.14847128715054997
r_1m_raw,NA,0.36113303355721227,0.15103601004010234
r_1m_raw,NA,0.36648929388943363,0.15319208633813164
r_1m_raw,NA,0.3718560893850747,0.15513265324901163
r_1m_raw,NA,0.37723361676181155,0.1572513124546163
r_1m_raw,NA,0.3826220751625341,0.15931680969472936
r_1m_raw,NA,0.38802166621797707,0.16178939246254864
r_1m_raw,NA,0.3934325941109666,0.164150679883312
r_1m_raw,NA,0.39885506564233686,0.1671555085313557
r_1m_raw,NA,0.40428929029857885,0.17099092083318926
r_1m_raw,NA,0.4097354803212812,0.1742407632963037
r_1m_raw,NA,0.41519385077842685,0.17764379225183788
r_1m_raw,NA,0.4206646196376157,0.18052376994872502
r_1m_raw,NA,0.42614800784127826,0.18350862686580746
r_1m_raw,NA,0.43164423938395613,0.18614681137758965
r_1m_raw,NA,0.43715354139172224,0.18902852846479642
r_1m_raw,NA,0.44267614420382156,0.19113204843791246
r_1m_raw,NA,0.44821228145660913,0.1930810060384105
r_1m_raw,NA,0.4537621901698796,0.1950832068703685
r_1m_raw,NA,0.45932611083566305,0.19686976352278077
r_1m_raw,NA,0.46490428750959456,0.1987509694899421
r_1m_raw,NA,0.4704969679049415,0.20108833021278225
r_1m_raw,NA,0.47610440348939514,0.20340734573669458
r_1m_raw,NA,0.48172684958473033,0.20647019273384207
r_1m_raw,NA,0.4873645654694408,0.2103954849413349
r_1m_raw,NA,0.4930178144844647,0.21385130386027207
r_1m_raw,NA,0.49868686414212166,0.21698988774928032
r_1m_raw,NA,0.5043719862383814,0.2199819435268793
r_1m_raw,NA,0.5100734569685945,0.2230574332882238
r_1m_raw,NA,0.5157915570468273,0.22626917049096062
r_1m_raw,NA,0.521526571828932,0.22918672184394598
r_1m_raw,NA,0.5272787914395082,0.23190286676125782
r_1m_raw,NA,0.5330485109029087,0.23500393349752433
r_1m_raw,NA,0.5388360302784502,0.23768301148527396
r_1m_raw,NA,0.544641654799999,0.24111419965690215
r_1m_raw,NA,0.5504656950201124,0.24472774776536993
r_1m_raw,NA,0.5563084669589181,0.2478302672563944
r_1m_raw,NA,0.5621702922579263,0.25133082276892915
r_1m_raw,NA,0.5680514983389827,0.25474794527907274
r_1m_raw,NA,0.5739524185685733,0.25797653174739266
r_1m_raw,NA,0.5798733924277044,0.2605063470010076
r_1m_raw,NA,0.5858147656875988,0.26345418019360123
r_1m_raw,NA,0.5917768905914464,0.26661858684024137
r_1m_raw,NA,0.5977601260424784,0.26927162666423415
r_1m_raw,NA,0.6037648377986299,0.2718498344385059
r_1m_raw,NA,0.6097913986740797,0.27460341550403833
r_1m_raw,NA,0.6158401887479719,0.2778152228850083
r_1m_raw,NA,0.6219115955806241,0.28130485990942156
r_1m_raw,NA,0.6280060144375696,0.2862935597996389
r_1m_raw,NA,0.6341238485217698,0.29070181661124683
r_1m_raw,NA,0.6402655092143741,0.29525690245308045
r_1m_raw,NA,0.6464314163244075,0.2984025219105906
r_1m_raw,NA,0.652621998347801,0.30187633737703357
r_1m_raw,NA,0.6588376927361879,0.3051765270144686
r_1m_raw,NA,0.6650789461759234,0.3085704866980104
r_1m_raw,NA,0.6713462148778053,0.3122184707442071
r_1m_raw,NA,0.6776399648779956,0.3155905717708437
r_1m_raw,NA,0.6839606723506823,0.31897262617283706
r_1m_raw,NA,0.690308823933034,0.32240102622387473
r_1m_raw,NA,0.6966849170630507,0.3260258966214393
r_1m_raw,NA,0.7030894603309286,0.32947884737351285
r_1m_raw,NA,0.7095229738446082,0.3340268112877503
r_1m_raw,NA,0.7159859896102049,0.3382862430475153
r_1m_raw,NA,0.7224790519280627,0.3433822994365027
r_1m_raw,NA,0.7290027178052185,0.3477942235887276
r_1m_raw,NA,0.7355575573851106,0.3518751801630447
r_1m_raw,NA,0.7421441543954094,0.3559194456543002
r_1m_raw,NA,0.7487631066149087,0.35942433575796506
r_1m_raw,NA,0.7554150263604693,0.36291308909653075
r_1m_raw,NA,0.7621005409950667,0.36713742111567654
r_1m_raw,NA,0.7688202934580621,0.3721804922875053
r_1m_raw,NA,0.7755749428188843,0.37731973589931317
r_1m_raw,NA,0.7823651648553872,0.38230774678773477
r_1m_raw,NA,0.7891916526582223,0.3867337237955861
r_1m_raw,NA,0.7960551172626629,0.39114119168137923
r_1m_raw,NA,0.8029562883093937,0.3952418886270103
r_1m_raw,NA,0.809895914735898,0.3996527291552156
r_1m_raw,NA,0.8168747655001637,0.40445537556764144
r_1m_raw,NA,0.8238936303385576,0.4091262118115217
r_1m_raw,NA,0.830953320559838,0.41383640409507816
r_1m_raw,NA,0.8380546698774067,0.4189520252369648
r_1m_raw,NA,0.84519853528205,0.42502755786570545
r_1m_raw,NA,0.8523857979575752,0.43050165018633174
r_1m_raw,NA,0.8596173642419117,0.4354022300863348
r_1m_raw,NA,0.866894166636438,0.44033370273403993
r_1m_raw,NA,0.8742171648664836,0.44540966529131987
r_1m_raw,NA,0.8815873469961749,0.45047229776232744
r_1m_raw,NA,0.8890057306010245,0.4566909011633885
r_1m_raw,NA,0.8964733640019159,0.4624649383042214
r_1m_raw,NA,0.9039913275644013,0.46792525338370733
r_1m_raw,NA,0.9115607350675405,0.4729718661149782
r_1m_raw,NA,0.9191827351468197,0.47811014666404034
r_1m_raw,NA,0.9268585128160437,0.48411933226473697
r_1m_raw,NA,0.9345892910734798,0.4905648844790237
r_1m_raw,NA,0.9423763325979503,0.49656995537572723
r_1m_raw,NA,0.9502209415410151,0.5029627979765012
r_1m_raw,NA,0.9581244654219027,0.5093621929789767
r_1m_raw,NA,0.9660882971323729,0.5158278892921329
r_1m_raw,NA,0.974113877059309,0.5219916388779503
r_1m_raw,NA,0.9822026953334697,0.5286266259677115
r_1m_raw,NA,0.9903562942135747,0.5357691982949262
r_1m_raw,NA,0.9985762706156596,0.5422405780994252
r_1m_raw,NA,1.0068642787985222,0.5486346988658608
r_1m_raw,NA,1.015222033217028,0.5554185858323628
r_1m_raw,NA,1.0236513115560881,0.5624543826516504
r_1m_raw,NA,1.032153957959306,0.5697229639945887
r_1m_raw,NA,1.0407318864675446,0.5778953502502648
r_1m_raw,NA,1.0493870846841045,0.5859194725647525
r_1m_raw,NA,1.058121617684777,0.5932261159689323
r_1m_raw,NA,1.0669376321927655,0.6002522714545608
r_1m_raw,NA,1.0758373610404315,0.6086251987980471
r_1m_raw,NA,1.0848231279419567,0.6167356793748231
r_1m_raw,NA,1.0938973526034377,0.6251797293733815
r_1m_raw,NA,1.1030625561995975,0.6340757940186293
r_1m_raw,NA,1.1123213672493113,0.6421146727049882
r_1m_raw,NA,1.1216765279254888,0.650942383179592
r_1m_raw,NA,1.131130900838633,0.6595040137727515
r_1m_raw,NA,1.140687476337622,0.6691381133205948
r_1m_raw,NA,1.1503493803760079,0.6783583649985335
r_1m_raw,NA,1.1601198829975194,0.6876373090924159
r_1m_raw,NA,1.1700024075004787,0.6973147848627125
r_1m_raw,NA,1.180000540347729,0.7073874950394939
r_1m_raw,NA,1.1901180418964235,0.7176133427760308
r_1m_raw,NA,1.200358858030859,0.7278690236713868
r_1m_raw,NA,1.2107271327915974,0.7386697189778918
r_1m_raw,NA,1.2212272221055693,0.7492839527150043
r_1m_raw,NA,1.2318637087349833,0.7605700755442701
r_1m_raw,NA,1.242641418577882,0.7721042716264643
r_1m_raw,NA,1.2535654384704509,0.783764360599039
r_1m_raw,NA,1.2646411356610803,0.795574496827195
r_1m_raw,NA,1.2758741791491297,0.8074276001261522
r_1m_raw,NA,1.2872705631079415,0.8198338901117675
r_1m_raw,NA,1.2988366326425054,0.8329734915497048
r_1m_raw,NA,1.310579112168129,0.8464094504945442
r_1m_raw,NA,1.3225051367384355,0.8603981596577768
r_1m_raw,NA,1.3346222867001933,0.8747386903361326
r_1m_raw,NA,1.3469386261102796,0.8889543084467614
r_1m_raw,NA,1.3594627454182584,0.9029789141122662
r_1m_raw,NA,1.3722038089987263,0.918786900264949
r_1m_raw,NA,1.3851716082134358,0.9342337887918073
r_1m_raw,NA,1.398376620797496,0.9498932338749583
r_1m_raw,NA,1.4118300775008088,0.9663143908110602
r_1m_raw,NA,1.4255440370804517,0.9839500531491572
r_1m_raw,NA,1.439531470938456,1.0024832098813528
r_1m_raw,NA,1.453806358940575,1.020858828523088
r_1m_raw,NA,1.4683837982456598,1.0402928048554272
r_1m_raw,NA,1.483280127335621,1.0605179236496616
r_1m_raw,NA,1.4985130678799756,1.0816070869413617
r_1m_raw,NA,1.514101887619284,1.1022055431039641
r_1m_raw,NA,1.530067588137829,1.1257237605488055
r_1m_raw,NA,1.5464331222567471,1.148064742625174
r_1m_raw,NA,1.5632236468662757,1.1734486532874895
r_1m_raw,NA,1.580466818399361,1.197944357247168
r_1m_raw,NA,1.5981931399228169,1.2255460578446356
r_1m_raw,NA,1.6164363711150211,1.2520931692307133
r_1m_raw,NA,1.635234015388649,1.2815866205096569
r_1m_raw,NA,1.654627902351077,1.311907127744262
r_1m_raw,NA,1.6746648890243248,1.3447156913371918
r_1m_raw,NA,1.6953977102721358,1.3781644329946223
r_1m_raw,NA,1.7168860184310404,1.415252388183427
r_1m_raw,NA,1.7391976652852514,1.4533332268611834
r_1m_raw,NA,1.7624102978623888,1.4942741088012126
r_1m_raw,NA,1.7866133654934697,1.537068017435748
r_1m_raw,NA,1.8119106729525971,1.5835179863117
r_1m_raw,NA,1.8384236692477764,1.6348572403744739
r_1m_raw,NA,1.8662957434581071,1.6884630920089332
r_1m_raw,NA,1.895697923991838,1.74619059704581
r_1m_raw,NA,1.9268365732639101,1.809373250489739
r_1m_raw,NA,1.9599639845400536,1.8821163736113844
r_1m_raw,NA,1.9953933101678243,1.959249149829786
r_1m_raw,NA,2.0335201492530506,2.044921173440124
r_1m_raw,NA,2.0748547343933095,2.1448692628995145
r_1m_raw,NA,2.1200716897421503,2.2601078800716823
r_1m_raw,NA,2.17009037758456,2.3914628669091615
r_1m_raw,NA,2.2262117693171737,2.5438913723187087
r_1m_raw,NA,2.290367877855267,2.7370597734216933
r_1m_raw,NA,2.365618126864292,2.9707778771797777
r_1m_raw,NA,2.457263390205436,3.2903795898715025
r_1m_raw,NA,2.5758293035489,3.7617555240280014
r_1m_raw,NA,2.7477813854449917,4.553118987483996
r_1m_raw,NA,3.090232306167813,6.644874748609069
z,rolling_std_30_raw,-3.090232306167813,-4.789497229595924
z,rolling_std_30_raw,-2.747781385444993,-3.5749707586543753
z,rolling_std_30_raw,-2.5758293035489,-3.110382539389137
z,rolling_std_30_raw,-2.4572633902054375,-2.831895224557319
z,rolling_std_30_raw,-2.365618126864292,-2.6415447391661675
z,rolling_std_30_raw,-2.290367877855267,-2.4917362234024694
z,rolling_std_30_raw,-2.226211769317175,-2.3741825795690565
z,rolling_std_30_raw,-2.17009037758456,-2.2759603475845367
z,rolling_std_30_raw,-2.1200716897421503,-2.19196037949868
z,rolling_std_30_raw,-2.0748547343933095,-2.1192784084173497
z,rolling_std_30_raw,-2.0335201492530506,-2.0558482381739784
z,rolling_std_30_raw,-1.9953933101678247,-1.9967659065420884
z,rolling_std_30_raw,-1.9599639845400538,-1.9441807285595563
z,rolling_std_30_raw,-1.9268365732639106,-1.8957408778821647
z,rolling_std_30_raw,-1.8956979239918383,-1.8518003304441015
z,rolling_std_30_raw,-1.8662957434581073,-1.8108440805596826
z,rolling_std_30_raw,-1.8384236692477767,-1.771992236774909
z,rolling_std_30_raw,-1.8119106729525978,-1.7356784722323557
z,rolling_std_30_raw,-1.78661336549347,-1.7014673773379982
z,rolling_std_30_raw,-1.7624102978623895,-1.6690090258625303
z,rolling_std_30_raw,-1.7391976652852517,-1.6396647495924324
z,rolling_std_30_raw,-1.7168860184310404,-1.6110239440030278
z,rolling_std_30_raw,-1.6953977102721358,-1.58400774780533
z,rolling_std_30_raw,-1.6746648890243252,-1.5576844630850883
z,rolling_std_30_raw,-1.6546279023510773,-1.5328204818253504
z,rolling_std_30_raw,-1.63523401538865,-1.5090012705659461
z,rolling_std_30_raw,-1.6164363711150214,-1.4865080540195992
z,rolling_std_30_raw,-1.5981931399228173,-1.4646037530549807
z,rolling_std_30_raw,-1.5804668183993618,-1.4432963586989045
z,rolling_std_30_raw,-1.563223646866276,-1.4227142945361082
z,rolling_std_30_raw,-1.5464331222567476,-1.4030361360809165
z,rolling_std_30_raw,-1.530067588137828,-1.383937314881273
z,rolling_std_30_raw,-1.5141018876192833,-1.3659869784209615
z,rolling_std_30_raw,-1.4985130678799752,-1.3481431413236036
z,rolling_std_30_raw,-1.4832801273356204,-1.3307361854892314
z,rolling_std_30_raw,-1.4683837982456598,-1.3137926964579263
z,rolling_std_30_raw,-1.4538063589405745,-1.2972270119469307
z,rolling_std_30_raw,-1.4395314709384557,-1.2809651814348173
z,rolling_std_30_raw,-1.4255440370804515,-1.2650450620851341
z,rolling_std_30_raw,-1.4118300775008081,-1.249787938338733
z,rolling_std_30_raw,-1.398376620797495,-1.2351210169144151
z,rolling_std_30_raw,-1.3851716082134353,-1.2205376970858721
z,rolling_std_30_raw,-1.3722038089987258,-1.2065970891461058
z,rolling_std_30_raw,-1.3594627454182584,-1.1928774732544711
z,rolling_std_30_raw,-1.3469386261102796,-1.1790263160051153
z,rolling_std_30_raw,-1.3346222867001933,-1.1658495292647386
z,rolling_std_30_raw,-1.3225051367384355,-1.1531203960232708
z,rolling_std_30_raw,-1.310579112168129,-1.1406870027421159
z,rolling_std_30_raw,-1.2988366326425054,-1.1283104936884738
z,rolling_std_30_raw,-1.2872705631079415,-1.1161498284584805
z,rolling_std_30_raw,-1.2758741791491297,-1.1044374119371947
z,rolling_std_30_raw,-1.2646411356610803,-1.0929106994276552
z,rolling_std_30_raw,-1.2535654384704509,-1.0815676573727304
z,rolling_std_30_raw,-1.242641418577882,-1.0704630351854543
z,rolling_std_30_raw,-1.2318637087349833,-1.0595496158333377
z,rolling_std_30_raw,-1.2212272221055693,-1.048478364818304
z,rolling_std_30_raw,-1.2107271327915974,-1.0376596728140821
z,rolling_std_30_raw,-1.200358858030859,-1.0267800889575385
z,rolling_std_30_raw,-1.1901180418964235,-1.0167545752113183
z,rolling_std_30_raw,-1.180000540347729,-1.0067177502210418
z,rolling_std_30_raw,-1.1700024075004787,-0.9968652612087334
z,rolling_std_30_raw,-1.1601198829975194,-0.9870420097212879
z,rolling_std_30_raw,-1.1503493803760079,-0.9774468027761803
z,rolling_std_30_raw,-1.140687476337622,-0.968042162470055
z,rolling_std_30_raw,-1.131130900838633,-0.9588257919253684
z,rolling_std_30_raw,-1.1216765279254888,-0.9493745566902642
z,rolling_std_30_raw,-1.1123213672493113,-0.9405084553260252
z,rolling_std_30_raw,-1.1030625561995975,-0.9315604076282861
z,rolling_std_30_raw,-1.0938973526034377,-0.9223381680422033
z,rolling_std_30_raw,-1.0848231279419567,-0.9135399217442343
z,rolling_std_30_raw,-1.0758373610404315,-0.9047960184762369
z,rolling_std_30_raw,-1.0669376321927655,-0.8964591422707139
z,rolling_std_30_raw,-1.058121617684777,-0.8880377333639198
z,rolling_std_30_raw,-1.0493870846841045,-0.8797308258505687
z,rolling_std_30_raw,-1.0407318864675446,-0.8715430662437156
z,rolling_std_30_raw,-1.032153957959306,-0.8634711467006778
z,rolling_std_30_raw,-1.0236513115560881,-0.8554318920699546
z,rolling_std_30_raw,-1.015222033217028,-0.8472797450803103
z,rolling_std_30_raw,-1.0068642787985222,-0.839330243114446
z,rolling_std_30_raw,-0.9985762706156596,-0.8314598346882941
z,rolling_std_30_raw,-0.9903562942135747,-0.8238758938166904
z,rolling_std_30_raw,-0.9822026953334697,-0.816247152414521
z,rolling_std_30_raw,-0.974113877059309,-0.8087523477877564
z,rolling_std_30_raw,-0.9660882971323729,-0.8012347902594292
z,rolling_std_30_raw,-0.9581244654219027,-0.7937427371987
z,rolling_std_30_raw,-0.9502209415410151,-0.7863011193375266
z,rolling_std_30_raw,-0.9423763325979505,-0.7790294400216027
z,rolling_std_30_raw,-0.9345892910734802,-0.7719672896064818
z,rolling_std_30_raw,-0.9268585128160437,-0.7647933402028337
z,rolling_std_30_raw,-0.9191827351468197,-0.757977788708191
z,rolling_std_30_raw,-0.9115607350675407,-0.7509822898569194
z,rolling_std_30_raw,-0.9039913275644016,-0.7441183406711307
z,rolling_std_30_raw,-0.8964733640019162,-0.7373744263689499
z,rolling_std_30_raw,-0.8890057306010248,-0.730739766961577
z,rolling_std_30_raw,-0.8815873469961746,-0.7239235524450784
z,rolling_std_30_raw,-0.8742171648664834,-0.7172941360431455
z,rolling_std_30_raw,-0.8668941666364379,-0.710857586908911
z,rolling_std_30_raw,-0.8596173642419114,-0.7041280456199708
z,rolling_std_30_raw,-0.852385797957575,-0.6975267618647194
z,rolling_std_30_raw,-0.8451985352820499,-0.6910890699522955
z,rolling_std_30_raw,-0.8380546698774065,-0.6844957486667568
z,rolling_std_30_raw,-0.8309533205598377,-0.6780400601228973
z,rolling_std_30_raw,-0.8238936303385576,-0.6718664144472202
z,rolling_std_30_raw,-0.8168747655001637,-0.665518008803047
z,rolling_std_30_raw,-0.809895914735898,-0.6591909781626131
z,rolling_std_30_raw,-0.8029562883093937,-0.6530147834426732
z,rolling_std_30_raw,-0.7960551172626629,-0.6468861593441102
z,rolling_std_30_raw,-0.7891916526582223,-0.6409699066196681
z,rolling_std_30_raw,-0.7823651648553872,-0.6350471766691036
z,rolling_std_30_raw,-0.7755749428188843,-0.628927660585477
z,rolling_std_30_raw,-0.7688202934580621,-0.6230835977556345
z,rolling_std_30_raw,-0.7621005409950667,-0.6170817850525758
z,rolling_std_30_raw,-0.7554150263604693,-0.6112738903449432
z,rolling_std_30_raw,-0.7487631066149087,-0.6054823711964523
z,rolling_std_30_raw,-0.7421441543954094,-0.5997758870050488
z,rolling_std_30_raw,-0.7355575573851106,-0.5940108130577697
z,rolling_std_30_raw,-0.7290027178052185,-0.5883972723354549
z,rolling_std_30_raw,-0.7224790519280627,-0.5826194245725851
z,rolling_std_30_raw,-0.7159859896102049,-0.5771534604450098
z,rolling_std_30_raw,-0.7095229738446082,-0.5716093472144729
z,rolling_std_30_raw,-0.7030894603309286,-0.5659655508894647
z,rolling_std_30_raw,-0.6966849170630507,-0.5605810008874812
z,rolling_std_30_raw,-0.690308823933034,-0.5552229299258603
z,rolling_std_30_raw,-0.6839606723506823,-0.5498405704460574
z,rolling_std_30_raw,-0.6776399648779956,-0.5442908494498231
z,rolling_std_30_raw,-0.6713462148778053,-0.5386902619239357
z,rolling_std_30_raw,-0.6650789461759234,-0.5331909574750329
z,rolling_std_30_raw,-0.6588376927361879,-0.5278565848892547
z,rolling_std_30_raw,-0.652621998347801,-0.522476065340924
z,rolling_std_30_raw,-0.6464314163244075,-0.5170967398903729
z,rolling_std_30_raw,-0.6402655092143741,-0.511892995612573
z,rolling_std_30_raw,-0.6341238485217698,-0.5066700882201645
z,rolling_std_30_raw,-0.6280060144375696,-0.5014778753104946
z,rolling_std_30_raw,-0.6219115955806241,-0.4961452757552739
z,rolling_std_30_raw,-0.6158401887479719,-0.49107878908342084
z,rolling_std_30_raw,-0.6097913986740797,-0.48586951494609
z,rolling_std_30_raw,-0.6037648377986299,-0.4808016454638448
z,rolling_std_30_raw,-0.5977601260424784,-0.47586456772699737
z,rolling_std_30_raw,-0.5917768905914464,-0.4707228979194228
z,rolling_std_30_raw,-0.5858147656875988,-0.46569241481160906
z,rolling_std_30_raw,-0.5798733924277044,-0.4607543289738528
z,rolling_std_30_raw,-0.5739524185685735,-0.4557452343463268
z,rolling_std_30_raw,-0.5680514983389829,-0.4508784810421289
z,rolling_std_30_raw,-0.5621702922579264,-0.4459365537033658
z,rolling_std_30_raw,-0.5563084669589183,-0.4410751701540586
z,rolling_std_30_raw,-0.5504656950201127,-0.43604165089490454
z,rolling_std_30_raw,-0.5446416547999992,-0.4311858729753952
z,rolling_std_30_raw,-0.5388360302784503,-0.4263668091587223
z,rolling_std_30_raw,-0.5330485109029091,-0.42162480279916337
z,rolling_std_30_raw,-0.5272787914395083,-0.41676177990565416
z,rolling_std_30_raw,-0.5215265718289321,-0.41190367554220775
z,rolling_std_30_raw,-0.5157915570468274,-0.4071000425739977
z,rolling_std_30_raw,-0.5100734569685947,-0.4024192275514179
z,rolling_std_30_raw,-0.5043719862383813,-0.39772119067206996
z,rolling_std_30_raw,-0.49868686414212227,-0.39292822110084763
z,rolling_std_30_raw,-0.4930178144844647,-0.388277656973297
z,rolling_std_30_raw,-0.48736456546944074,-0.3835427335753791
z,rolling_std_30_raw,-0.4817268495847302,-0.378881996968438
z,rolling_std_30_raw,-0.47610440348939487,-0.3743191958386342
z,rolling_std_30_raw,-0.4704969679049413,-0.36970721281179353
z,rolling_std_30_raw,-0.4649042875095944,-0.36503443310815387
z,rolling_std_30_raw,-0.4593261108356628,-0.3604196189974322
z,rolling_std_30_raw,-0.4537621901698793,-0.35569054468741834
z,rolling_std_30_raw,-0.448212281456609,-0.3511054306792872
z,rolling_std_30_raw,-0.4426761442038212,-0.34644937199565906
z,rolling_std_30_raw,-0.43715354139172213,-0.3420276443222894
z,rolling_std_30_raw,-0.431644239383956,-0.3374274968597819
z,rolling_std_30_raw,-0.4261480078412781,-0.33284400379363754
z,rolling_std_30_raw,-0.4206646196376155,-0.3282794106336765
z,rolling_std_30_raw,-0.41519385077842663,-0.32382430943576146
z,rolling_std_30_raw,-0.40973548032128104,-0.31930985445141635
z,rolling_std_30_raw,-0.4042892902985787,-0.3149772314962697
z,rolling_std_30_raw,-0.39885506564233686,-0.3105231621521474
z,rolling_std_30_raw,-0.3934325941109666,-0.3062116385086692
z,rolling_std_30_raw,-0.38802166621797707,-0.30180615501456404
z,rolling_std_30_raw,-0.3826220751625341,-0.29743702770314173
z,rolling_std_30_raw,-0.37723361676181155,-0.2930543811871399
z,rolling_std_30_raw,-0.3718560893850747,-0.28879997200499324
z,rolling_std_30_raw,-0.36648929388943363,-0.2844291837751947
z,rolling_std_30_raw,-0.36113303355721227,-0.28005875937346186
z,rolling_std_30_raw,-0.3557871140348752,-0.275801330416199
z,rolling_std_30_raw,-0.35045134327346134,-0.27142878923663516
z,rolling_std_30_raw,-0.34512553147047226,-0.2671229608491001
z,rolling_std_30_raw,-0.3398094910131667,-0.2627228352477028
z,rolling_std_30_raw,-0.3345030364232122,-0.25844953434554657
z,rolling_std_30_raw,-0.32920598430265113,-0.25418075947879776
z,rolling_std_30_raw,-0.323918153281133,-0.24989310124766154
z,rolling_std_30_raw,-0.31863936396437514,-0.24568583484282486
z,rolling_std_30_raw,-0.31336943888380603,-0.2414081251689377
z,rolling_std_30_raw,-0.3081082024473549,-0.23730459797088077
z,rolling_std_30_raw,-0.30285548089134917,-0.23309942375073084
z,rolling_std_30_raw,-0.2976111022334798,-0.22879525399916886
z,rolling_std_30_raw,-0.2923748962268042,-0.22456910438321112
z,rolling_std_30_raw,-0.28714669431474543,-0.22044196352710219
z,rolling_std_30_raw,-0.2819263295870614,-0.21631890845354196
z,rolling_std_30_raw,-0.27671363673674687,-0.21237996644984372
z,rolling_std_30_raw,-0.2715084520178386,-0.20830764611833522
z,rolling_std_30_raw,-0.26631061320409494,-0.2041956300288269
z,rolling_std_30_raw,-0.26111995954851813,-0.2000955381697962
z,rolling_std_30_raw,-0.2559363317436934,-0.1958996120962303
z,rolling_std_30_raw,-0.250759571882916,-0.19183653396968434
z,rolling_std_30_raw,-0.24558952342208085,-0.18777942390325708
z,rolling_std_30_raw,-0.24042603114230793,-0.18378991500636654
z,rolling_std_30_raw,-0.2352689411132797,-0.17971726934457757
z,rolling_std_30_raw,-0.23011810065726568,-0.1757792968565911
z,rolling_std_30_raw,-0.22497335831381154,-0.17179895636976014
z,rolling_std_30_raw,-0.2198345638050687,-0.16785639737635946
z,rolling_std_30_raw,-0.21470156800174453,-0.16390421975990943
z,rolling_std_30_raw,-0.20957422288964928,-0.15997101448230847
z,rolling_std_30_raw,-0.2044523815368209,-0.15596366220870517
z,rolling_std_30_raw,-0.1993358980612069,-0.15197722935013644
z,rolling_std_30_raw,-0.1942246275988834,-0.14815769647081975
z,rolling_std_30_raw,-0.1891184262727925,-0.14402802501324063
z,rolling_std_30_raw,-0.1840171511619796,-0.14007204728771172
z,rolling_std_30_raw,-0.17892066027131207,-0.13600396210111756
z,rolling_std_30_raw,-0.1738288125016624,-0.13205783526321221
z,rolling_std_30_raw,-0.16874146762053802,-0.12819832777681206
z,rolling_std_30_raw,-0.16365848623314122,-0.12437359177638883
z,rolling_std_30_raw,-0.15857972975384346,-0.12033469629893162
z,rolling_std_30_raw,-0.15350506037805708,-0.11627388195215758
z,rolling_std_30_raw,-0.14843434105448977,-0.11231408948939481
z,rolling_std_30_raw,-0.14336743545776665,-0.10832344663984131
z,rolling_std_30_raw,-0.1383042079614045,-0.10418326682290328
z,rolling_std_30_raw,-0.13324452361112382,-0.10012845940921879
z,rolling_std_30_raw,-0.12818824809848547,-0.0960695667283111
z,rolling_std_30_raw,-0.1231352477348365,-0.09186631824892522
z,rolling_std_30_raw,-0.11808538942555283,-0.08768062237466526
z,rolling_std_30_raw,-0.11303854064456507,-0.08319235751373669
z,rolling_std_30_raw,-0.10799456940915403,-0.07875799097473478
z,rolling_std_30_raw,-0.1029533442550038,-0.07405079167704363
z,rolling_std_30_raw,-0.09791473421149931,-0.0692812579164729
z,rolling_std_30_raw,-0.09287860877725637,-0.06425235045376512
z,rolling_std_30_raw,-0.08784483789587168,-0.05879625918341826
z,rolling_std_30_raw,-0.08281329193188118,-0.052992690233004215
z,rolling_std_30_raw,-0.07778384164691525,-0.046624041713884665
z,rolling_std_30_raw,-0.07275635817603748,-0.039127234275865924
z,rolling_std_30_raw,-0.06773071300425916,-0.028540639951760604
z,rolling_std_30_raw,-0.06270677794321383,-0.002288804040741069
z,rolling_std_30_raw,-0.05768442510798417,-0.002288804040741069
z,rolling_std_30_raw,-0.05266352689406846,-0.002288804040741069
z,rolling_std_30_raw,-0.04764395595447656,-0.002288804040741069
z,rolling_std_30_raw,-0.04262558517694437,-0.002288804040741069
z,rolling_std_30_raw,-0.037608287661255936,-0.002288804040741069
z,rolling_std_30_raw,-0.032591936696663076,-0.002288804040741069
z,rolling_std_30_raw,-0.027576405739391723,-0.002288804040741069
z,rolling_std_30_raw,-0.022561568390224718,-0.002288804040741069
z,rolling_std_30_raw,-0.017547298372150796,-0.002288804040741069
z,rolling_std_30_raw,-0.012533469508069278,-0.002288804040741069
z,rolling_std_30_raw,-0.007519955698540525,-0.002288804040741069
z,rolling_std_30_raw,-0.0025066308995717666,-0.002288804040741069
z,rolling_std_30_raw,0.0025066308995717666,-0.002288804040741069
z,rolling_std_30_raw,0.007519955698540525,-0.002288804040741069
z,rolling_std_30_raw,0.012533469508069278,-0.002288804040741069
z,rolling_std_30_raw,0.017547298372150796,-0.002288804040741069
z,rolling_std_30_raw,0.022561568390224718,-0.002288804040741069
z,rolling_std_30_raw,0.027576405739391723,-0.002288804040741069
z,rolling_std_30_raw,0.032591936696663076,-0.002288804040741069
z,rolling_std_30_raw,0.037608287661255936,-0.002288804040741069
z,rolling_std_30_raw,0.04262558517694437,-0.002288804040741069
z,rolling_std_30_raw,0.04764395595447656,0.02904775578324797
z,rolling_std_30_raw,0.05266352689406846,0.03805444468018242
z,rolling_std_30_raw,0.05768442510798417,0.045043857574896214
z,rolling_std_30_raw,0.06270677794321383,0.05124221756369447
z,rolling_std_30_raw,0.06773071300425916,0.05676860916633206
z,rolling_std_30_raw,0.07275635817603748,0.06197952362740889
z,rolling_std_30_raw,0.07778384164691525,0.0668849599680535
z,rolling_std_30_raw,0.08281329193188132,0.07154243174770525
z,rolling_std_30_raw,0.08784483789587182,0.07611722417436734
z,rolling_std_30_raw,0.09287860877725654,0.080604587487897
z,rolling_std_30_raw,0.09791473421149946,0.08500492881922787
z,rolling_std_30_raw,0.10295334425500394,0.08931308063425614
z,rolling_std_30_raw,0.1079945694091542,0.09352179766766079
z,rolling_std_30_raw,0.11303854064456521,0.09763017506428458
z,rolling_std_30_raw,0.11808538942555302,0.10159421201681891
z,rolling_std_30_raw,0.12313524773483664,0.10552725827798644
z,rolling_std_30_raw,0.1281882480984856,0.10947695999879671
z,rolling_std_30_raw,0.13324452361112396,0.11351794257099719
z,rolling_std_30_raw,0.13830420796140463,0.11748507028712385
z,rolling_std_30_raw,0.14336743545776678,0.12140841441492872
z,rolling_std_30_raw,0.1484343410544899,0.1252819505264436
z,rolling_std_30_raw,0.15350506037805722,0.12920587259933106
z,rolling_std_30_raw,0.15857972975384332,0.13306145542987205
z,rolling_std_30_raw,0.16365848623314108,0.13701304181137486
z,rolling_std_30_raw,0.16874146762053788,0.14092225091752683
z,rolling_std_30_raw,0.17382881250166224,0.14484687637328975
z,rolling_std_30_raw,0.17892066027131193,0.14878620998492567
z,rolling_std_30_raw,0.18401715116197945,0.15268271551573898
z,rolling_std_30_raw,0.18911842627279238,0.15664419784621247
z,rolling_std_30_raw,0.1942246275988833,0.16056047549333996
z,rolling_std_30_raw,0.19933589806120677,0.16462928012559236
z,rolling_std_30_raw,0.20445238153682072,0.16860923732054514
z,rolling_std_30_raw,0.2095742228896491,0.1725514080625275
z,rolling_std_30_raw,0.2147015680017444,0.17653778889400795
z,rolling_std_30_raw,0.21983456380506858,0.18058430476595488
z,rolling_std_30_raw,0.22497335831381138,0.18461494071123807
z,rolling_std_30_raw,0.23011810065726557,0.1886498094884412
z,rolling_std_30_raw,0.23526894111327962,0.19269277025894083
z,rolling_std_30_raw,0.24042603114230793,0.19679531954510862
z,rolling_std_30_raw,0.24558952342208085,0.20079848449508722
z,rolling_std_30_raw,0.250759571882916,0.2048237473074308
z,rolling_std_30_raw,0.2559363317436934,0.2089814481778327
z,rolling_std_30_raw,0.26111995954851813,0.21297846834821438
z,rolling_std_30_raw,0.26631061320409494,0.21710001741746454
z,rolling_std_30_raw,0.2715084520178386,0.2212690284688537
z,rolling_std_30_raw,0.27671363673674687,0.2255236128021723
z,rolling_std_30_raw,0.2819263295870614,0.22972414440243227
z,rolling_std_30_raw,0.28714669431474543,0.23404309041461244
z,rolling_std_30_raw,0.2923748962268042,0.23823303719851532
z,rolling_std_30_raw,0.2976111022334798,0.24245856379267663
z,rolling_std_30_raw,0.30285548089134917,0.24661448625930804
z,rolling_std_30_raw,0.3081082024473549,0.2507459385925169
z,rolling_std_30_raw,0.31336943888380603,0.2548905254866784
z,rolling_std_30_raw,0.31863936396437514,0.2591867201282719
z,rolling_std_30_raw,0.323918153281133,0.2634496467614578
z,rolling_std_30_raw,0.32920598430265113,0.26771550072650024
z,rolling_std_30_raw,0.3345030364232122,0.27198407481142256
z,rolling_std_30_raw,0.3398094910131667,0.2762364030293228
z,rolling_std_30_raw,0.34512553147047226,0.28055744575172503
z,rolling_std_30_raw,0.35045134327346134,0.28499493488311295
z,rolling_std_30_raw,0.3557871140348752,0.2892866988320119
z,rolling_std_30_raw,0.36113303355721227,0.29340338246616743
z,rolling_std_30_raw,0.36648929388943363,0.2976069427045649
z,rolling_std_30_raw,0.3718560893850747,0.3019731210759687
z,rolling_std_30_raw,0.37723361676181155,0.3064570559179777
z,rolling_std_30_raw,0.3826220751625341,0.3110101802674372
z,rolling_std_30_raw,0.38802166621797707,0.3154416571345401
z,rolling_std_30_raw,0.3934325941109666,0.31983678132121424
z,rolling_std_30_raw,0.39885506564233686,0.32413203796001955
z,rolling_std_30_raw,0.40428929029857885,0.3285252264571168
z,rolling_std_30_raw,0.4097354803212812,0.3330267052727718
z,rolling_std_30_raw,0.41519385077842685,0.3373194592885703
z,rolling_std_30_raw,0.4206646196376157,0.34186473112794996
z,rolling_std_30_raw,0.42614800784127826,0.34630848890990557
z,rolling_std_30_raw,0.43164423938395613,0.35087614864695715
z,rolling_std_30_raw,0.43715354139172224,0.35532571872735863
z,rolling_std_30_raw,0.44267614420382156,0.3598148142254738
z,rolling_std_30_raw,0.44821228145660913,0.3643269716472797
z,rolling_std_30_raw,0.4537621901698796,0.3687902175219931
z,rolling_std_30_raw,0.45932611083566305,0.37319123899585577
z,rolling_std_30_raw,0.46490428750959456,0.3778088911341972
z,rolling_std_30_raw,0.4704969679049415,0.3824339372516222
z,rolling_std_30_raw,0.47610440348939514,0.3869413160344186
z,rolling_std_30_raw,0.48172684958473033,0.391525342964147
z,rolling_std_30_raw,0.4873645654694408,0.3961010306161184
z,rolling_std_30_raw,0.4930178144844647,0.40072754412271894
z,rolling_std_30_raw,0.49868686414212166,0.4055311783704739
z,rolling_std_30_raw,0.5043719862383814,0.41016203755871833
z,rolling_std_30_raw,0.5100734569685945,0.41497790608883994
z,rolling_std_30_raw,0.5157915570468273,0.41975135908984884
z,rolling_std_30_raw,0.521526571828932,0.4246093910839406
z,rolling_std_30_raw,0.5272787914395082,0.42927265399365133
z,rolling_std_30_raw,0.5330485109029087,0.43409974167204407
z,rolling_std_30_raw,0.5388360302784502,0.4390404003543583
z,rolling_std_30_raw,0.544641654799999,0.44388279473494746
z,rolling_std_30_raw,0.5504656950201124,0.4487415023579242
z,rolling_std_30_raw,0.5563084669589181,0.45370502258534073
z,rolling_std_30_raw,0.5621702922579263,0.45860320834679563
z,rolling_std_30_raw,0.5680514983389827,0.46349882571343726
z,rolling_std_30_raw,0.5739524185685733,0.46852440860536
z,rolling_std_30_raw,0.5798733924277044,0.47337777539071335
z,rolling_std_30_raw,0.5858147656875988,0.47821551757549574
z,rolling_std_30_raw,0.5917768905914464,0.48309335717454344
z,rolling_std_30_raw,0.5977601260424784,0.48816004991750744
z,rolling_std_30_raw,0.6037648377986299,0.49317270477107256
z,rolling_std_30_raw,0.6097913986740797,0.4981414960615551
z,rolling_std_30_raw,0.6158401887479719,0.5032644777216074
z,rolling_std_30_raw,0.6219115955806241,0.508254442675695
z,rolling_std_30_raw,0.6280060144375696,0.5133411541886527
z,rolling_std_30_raw,0.6341238485217698,0.518523140088801
z,rolling_std_30_raw,0.6402655092143741,0.5237547759866924
z,rolling_std_30_raw,0.6464314163244075,0.5289275152718113
z,rolling_std_30_raw,0.652621998347801,0.5342968192500903
z,rolling_std_30_raw,0.6588376927361879,0.5396146373871475
z,rolling_std_30_raw,0.6650789461759234,0.5449332365597808
z,rolling_std_30_raw,0.6713462148778053,0.5503883996575717
z,rolling_std_30_raw,0.6776399648779956,0.5557329805488768
z,rolling_std_30_raw,0.6839606723506823,0.5612609470272271
z,rolling_std_30_raw,0.690308823933034,0.5668314879588616
z,rolling_std_30_raw,0.6966849170630507,0.5723177612475279
z,rolling_std_30_raw,0.7030894603309286,0.5777482797414765
z,rolling_std_30_raw,0.7095229738446082,0.5832222686477094
z,rolling_std_30_raw,0.7159859896102049,0.5887380097616987
z,rolling_std_30_raw,0.7224790519280627,0.5942800045310702
z,rolling_std_30_raw,0.7290027178052185,0.59983418092694
z,rolling_std_30_raw,0.7355575573851106,0.6054470970915087
z,rolling_std_30_raw,0.7421441543954094,0.6111217907201304
z,rolling_std_30_raw,0.7487631066149087,0.6167910904704038
z,rolling_std_30_raw,0.7554150263604693,0.6225992006665464
z,rolling_std_30_raw,0.7621005409950667,0.6281688794940061
z,rolling_std_30_raw,0.7688202934580621,0.6339998464462795
z,rolling_std_30_raw,0.7755749428188843,0.6398699298890679
z,rolling_std_30_raw,0.7823651648553872,0.6458930676479452
z,rolling_std_30_raw,0.7891916526582223,0.6517894333769664
z,rolling_std_30_raw,0.7960551172626629,0.6577741275093895
z,rolling_std_30_raw,0.8029562883093937,0.6639003576972089
z,rolling_std_30_raw,0.809895914735898,0.669902090250837
z,rolling_std_30_raw,0.8168747655001637,0.6758759202926442
z,rolling_std_30_raw,0.8238936303385576,0.6819048712799416
z,rolling_std_30_raw,0.830953320559838,0.6879940266153092
z,rolling_std_30_raw,0.8380546698774067,0.6940619676176218
z,rolling_std_30_raw,0.84519853528205,0.7003334358311918
z,rolling_std_30_raw,0.8523857979575752,0.7068335416047311
z,rolling_std_30_raw,0.8596173642419117,0.7133441114442818
z,rolling_std_30_raw,0.866894166636438,0.7196827822406398
z,rolling_std_30_raw,0.8742171648664836,0.7259476293421208
z,rolling_std_30_raw,0.8815873469961749,0.7324839816803914
z,rolling_std_30_raw,0.8890057306010245,0.739033239301607
z,rolling_std_30_raw,0.8964733640019159,0.7456085354652583
z,rolling_std_30_raw,0.9039913275644013,0.7523777392944139
z,rolling_std_30_raw,0.9115607350675405,0.7590073232656167
z,rolling_std_30_raw,0.9191827351468197,0.7659030735386854
z,rolling_std_30_raw,0.9268585128160437,0.7728532567144589
z,rolling_std_30_raw,0.9345892910734798,0.7798026326251758
z,rolling_std_30_raw,0.9423763325979503,0.7870265333376654
z,rolling_std_30_raw,0.9502209415410151,0.7941541753444553
z,rolling_std_30_raw,0.9581244654219027,0.8012976942481277
z,rolling_std_30_raw,0.9660882971323729,0.8083852582255502
z,rolling_std_30_raw,0.974113877059309,0.8157305868106571
z,rolling_std_30_raw,0.9822026953334697,0.8229111805844872
z,rolling_std_30_raw,0.9903562942135747,0.8302277876467495
z,rolling_std_30_raw,0.9985762706156596,0.8378781759678553
z,rolling_std_30_raw,1.0068642787985222,0.8453597133731748
z,rolling_std_30_raw,1.015222033217028,0.8532015146652947
z,rolling_std_30_raw,1.0236513115560881,0.8609952725365331
z,rolling_std_30_raw,1.032153957959306,0.868718262269243
z,rolling_std_30_raw,1.0407318864675446,0.8764961697454604
z,rolling_std_30_raw,1.0493870846841045,0.884518376987492
z,rolling_std_30_raw,1.058121617684777,0.8928102759044252
z,rolling_std_30_raw,1.0669376321927655,0.9012157529957282
z,rolling_std_30_raw,1.0758373610404315,0.9094433307261667
z,rolling_std_30_raw,1.0848231279419567,0.918020775620713
z,rolling_std_30_raw,1.0938973526034377,0.9263173842868779
z,rolling_std_30_raw,1.1030625561995975,0.9348677872503652
z,rolling_std_30_raw,1.1123213672493113,0.9437821548874192
z,rolling_std_30_raw,1.1216765279254888,0.9525909374892393
z,rolling_std_30_raw,1.131130900838633,0.961671020636764
z,rolling_std_30_raw,1.140687476337622,0.9707269751498603
z,rolling_std_30_raw,1.1503493803760079,0.9799302920414564
z,rolling_std_30_raw,1.1601198829975194,0.9894977772844327
z,rolling_std_30_raw,1.1700024075004787,0.9987452535248791
z,rolling_std_30_raw,1.180000540347729,1.0080947856573843
z,rolling_std_30_raw,1.1901180418964235,1.017515545394356
z,rolling_std_30_raw,1.200358858030859,1.0273760285115718
z,rolling_std_30_raw,1.2107271327915974,1.037089229502348
z,rolling_std_30_raw,1.2212272221055693,1.0471944216553684
z,rolling_std_30_raw,1.2318637087349833,1.0575518642477906
z,rolling_std_30_raw,1.242641418577882,1.0679553074249555
z,rolling_std_30_raw,1.2535654384704509,1.0785619693389663
z,rolling_std_30_raw,1.2646411356610803,1.0894919795317766
z,rolling_std_30_raw,1.2758741791491297,1.1005665650169343
z,rolling_std_30_raw,1.2872705631079415,1.1115737700923518
z,rolling_std_30_raw,1.2988366326425054,1.1230659241996528
z,rolling_std_30_raw,1.310579112168129,1.134989154628831
z,rolling_std_30_raw,1.3225051367384355,1.1470271687159481
z,rolling_std_30_raw,1.3346222867001933,1.1591470562344623
z,rolling_std_30_raw,1.3469386261102796,1.1713376292971929
z,rolling_std_30_raw,1.3594627454182584,1.1843648845482075
z,rolling_std_30_raw,1.3722038089987263,1.1975054156957194
z,rolling_std_30_raw,1.3851716082134358,1.2104149722585866
z,rolling_std_30_raw,1.398376620797496,1.2239005103491107
z,rolling_std_30_raw,1.4118300775008088,1.2380489534831363
z,rolling_std_30_raw,1.4255440370804517,1.2522960852289842
z,rolling_std_30_raw,1.439531470938456,1.2670250349159562
z,rolling_std_30_raw,1.453806358940575,1.2820025386649723
z,rolling_std_30_raw,1.4683837982456598,1.297504990149701
z,rolling_std_30_raw,1.483280127335621,1.3136737723338046
z,rolling_std_30_raw,1.4985130678799756,1.3300144206149132
z,rolling_std_30_raw,1.514101887619284,1.346776510478967
z,rolling_std_30_raw,1.530067588137829,1.3643432146355041
z,rolling_std_30_raw,1.5464331222567471,1.3821444426807408
z,rolling_std_30_raw,1.5632236468662757,1.4008760713289763
z,rolling_std_30_raw,1.580466818399361,1.419966785482434
z,rolling_std_30_raw,1.5981931399228169,1.4397958578619716
z,rolling_std_30_raw,1.6164363711150211,1.4603921956973407
z,rolling_std_30_raw,1.635234015388649,1.4820936680802073
z,rolling_std_30_raw,1.654627902351077,1.5043929533003615
z,rolling_std_30_raw,1.6746648890243248,1.527921021220098
z,rolling_std_30_raw,1.6953977102721358,1.5521243124639053
z,rolling_std_30_raw,1.7168860184310404,1.576799328346593
z,rolling_std_30_raw,1.7391976652852514,1.6035219237662846
z,rolling_std_30_raw,1.7624102978623888,1.6310412314828073
z,rolling_std_30_raw,1.7866133654934697,1.6599056808540775
z,rolling_std_30_raw,1.8119106729525971,1.6914539046109442
z,rolling_std_30_raw,1.8384236692477764,1.7254592013699352
z,rolling_std_30_raw,1.8662957434581071,1.7604834897523995
z,rolling_std_30_raw,1.895697923991838,1.7987800810223709
z,rolling_std_30_raw,1.9268365732639101,1.8408516065531373
z,rolling_std_30_raw,1.9599639845400536,1.8848290857268488
z,rolling_std_30_raw,1.9953933101678243,1.933523203241999
z,rolling_std_30_raw,2.0335201492530506,1.9867047138747673
z,rolling_std_30_raw,2.0748547343933095,2.0468596453705064
z,rolling_std_30_raw,2.1200716897421503,2.114629461758621
z,rolling_std_30_raw,2.17009037758456,2.1904572910859823
z,rolling_std_30_raw,2.2262117693171737,2.279235600342635
z,rolling_std_30_raw,2.290367877855267,2.38927811197987
z,rolling_std_30_raw,2.365618126864292,2.5242132345812953
z,rolling_std_30_raw,2.457263390205436,2.6981052984453657
z,rolling_std_30_raw,2.5758293035489,2.9560906154418887
z,rolling_std_30_raw,2.7477813854449917,3.402699374317219
z,rolling_std_30_raw,3.090232306167813,4.622353932451486
z,rolling_std_120_raw,-3.090232306167813,-5.0030562440587865
z,rolling_std_120_raw,-2.747781385444993,-3.704720666545939
z,rolling_std_120_raw,-2.5758293035489,-3.1918422700370783
z,rolling_std_120_raw,-2.4572633902054375,-2.896149869584301
z,rolling_std_120_raw,-2.365618126864292,-2.6920657341136005
z,rolling_std_120_raw,-2.290367877855267,-2.5320969065304615
z,rolling_std_120_raw,-2.226211769317175,-2.401884465354574
z,rolling_std_120_raw,-2.17009037758456,-2.2982198100504223
z,rolling_std_120_raw,-2.1200716897421503,-2.208600266968435
z,rolling_std_120_raw,-2.0748547343933095,-2.129513793505576
z,rolling_std_120_raw,-2.0335201492530506,-2.059673239200952
z,rolling_std_120_raw,-1.9953933101678247,-1.998415908265845
z,rolling_std_120_raw,-1.9599639845400538,-1.9418898703787086
z,rolling_std_120_raw,-1.9268365732639106,-1.891383071059334
z,rolling_std_120_raw,-1.8956979239918383,-1.8455103887028987
z,rolling_std_120_raw,-1.8662957434581073,-1.8022976537894988
z,rolling_std_120_raw,-1.8384236692477767,-1.7638530242534838
z,rolling_std_120_raw,-1.8119106729525978,-1.726260408758771
z,rolling_std_120_raw,-1.78661336549347,-1.6900752124076956
z,rolling_std_120_raw,-1.7624102978623895,-1.6570620561723748
z,rolling_std_120_raw,-1.7391976652852517,-1.625080303626576
z,rolling_std_120_raw,-1.7168860184310404,-1.595424260833797
z,rolling_std_120_raw,-1.6953977102721358,-1.5664387834403732
z,rolling_std_120_raw,-1.6746648890243252,-1.5403644328539459
z,rolling_std_120_raw,-1.6546279023510773,-1.5140252895276953
z,rolling_std_120_raw,-1.63523401538865,-1.4884935272467097
z,rolling_std_120_raw,-1.6164363711150214,-1.4653320125474354
z,rolling_std_120_raw,-1.5981931399228173,-1.4419470644467864
z,rolling_std_120_raw,-1.5804668183993618,-1.4199907980904505
z,rolling_std_120_raw,-1.563223646866276,-1.3991298024919427
z,rolling_std_120_raw,-1.5464331222567476,-1.3789220749875941
z,rolling_std_120_raw,-1.530067588137828,-1.3595151206866574
z,rolling_std_120_raw,-1.5141018876192833,-1.3406734997820169
z,rolling_std_120_raw,-1.4985130678799752,-1.321974727242207
z,rolling_std_120_raw,-1.4832801273356204,-1.3037848922341353
z,rolling_std_120_raw,-1.4683837982456598,-1.2865889531984747
z,rolling_std_120_raw,-1.4538063589405745,-1.270046633216122
z,rolling_std_120_raw,-1.4395314709384557,-1.253762929694395
z,rolling_std_120_raw,-1.4255440370804515,-1.2373987716919124
z,rolling_std_120_raw,-1.4118300775008081,-1.221717485689054
z,rolling_std_120_raw,-1.398376620797495,-1.206379189767166
z,rolling_std_120_raw,-1.3851716082134353,-1.191056597053112
z,rolling_std_120_raw,-1.3722038089987258,-1.1768059158938953
z,rolling_std_120_raw,-1.3594627454182584,-1.1626902392162008
z,rolling_std_120_raw,-1.3469386261102796,-1.1490652760453346
z,rolling_std_120_raw,-1.3346222867001933,-1.1353285964146296
z,rolling_std_120_raw,-1.3225051367384355,-1.1225856076008238
z,rolling_std_120_raw,-1.310579112168129,-1.109907999221541
z,rolling_std_120_raw,-1.2988366326425054,-1.0978524645362149
z,rolling_std_120_raw,-1.2872705631079415,-1.0858774973601533
z,rolling_std_120_raw,-1.2758741791491297,-1.073390944397624
z,rolling_std_120_raw,-1.2646411356610803,-1.0615357795778504
z,rolling_std_120_raw,-1.2535654384704509,-1.049796855028454
z,rolling_std_120_raw,-1.242641418577882,-1.0387608828827313
z,rolling_std_120_raw,-1.2318637087349833,-1.0277760829065665
z,rolling_std_120_raw,-1.2212272221055693,-1.0167562734426683
z,rolling_std_120_raw,-1.2107271327915974,-1.0061037495772283
z,rolling_std_120_raw,-1.200358858030859,-0.9954923441566185
z,rolling_std_120_raw,-1.1901180418964235,-0.9850573721291612
z,rolling_std_120_raw,-1.180000540347729,-0.9749778701222956
z,rolling_std_120_raw,-1.1700024075004787,-0.9648586988829736
z,rolling_std_120_raw,-1.1601198829975194,-0.9549354981509612
z,rolling_std_120_raw,-1.1503493803760079,-0.9448963330345519
z,rolling_std_120_raw,-1.140687476337622,-0.9354029295756313
z,rolling_std_120_raw,-1.131130900838633,-0.9257191674436976
z,rolling_std_120_raw,-1.1216765279254888,-0.9165370984542908
z,rolling_std_120_raw,-1.1123213672493113,-0.907547534116491
z,rolling_std_120_raw,-1.1030625561995975,-0.8983490593543186
z,rolling_std_120_raw,-1.0938973526034377,-0.8894051665886598
z,rolling_std_120_raw,-1.0848231279419567,-0.8805913566951015
z,rolling_std_120_raw,-1.0758373610404315,-0.8721673705240058
z,rolling_std_120_raw,-1.0669376321927655,-0.8636732451677595
z,rolling_std_120_raw,-1.058121617684777,-0.8551325717480381
z,rolling_std_120_raw,-1.0493870846841045,-0.846603769091456
z,rolling_std_120_raw,-1.0407318864675446,-0.8384089801982366
z,rolling_std_120_raw,-1.032153957959306,-0.8304163934046098
z,rolling_std_120_raw,-1.0236513115560881,-0.8226367421740174
z,rolling_std_120_raw,-1.015222033217028,-0.8147397268612127
z,rolling_std_120_raw,-1.0068642787985222,-0.8066243990020239
z,rolling_std_120_raw,-0.9985762706156596,-0.7987082493204546
z,rolling_std_120_raw,-0.9903562942135747,-0.7911448592861621
z,rolling_std_120_raw,-0.9822026953334697,-0.7836910957095112
z,rolling_std_120_raw,-0.974113877059309,-0.7760975945699837
z,rolling_std_120_raw,-0.9660882971323729,-0.7686765392299595
z,rolling_std_120_raw,-0.9581244654219027,-0.7615263021689215
z,rolling_std_120_raw,-0.9502209415410151,-0.754354054506963
z,rolling_std_120_raw,-0.9423763325979505,-0.7469661377104964
z,rolling_std_120_raw,-0.9345892910734802,-0.7399034003340673
z,rolling_std_120_raw,-0.9268585128160437,-0.7328341456339899
z,rolling_std_120_raw,-0.9191827351468197,-0.7257342813962239
z,rolling_std_120_raw,-0.9115607350675407,-0.7186656483589281
z,rolling_std_120_raw,-0.9039913275644016,-0.7119731191455695
z,rolling_std_120_raw,-0.8964733640019162,-0.7051477958893005
z,rolling_std_120_raw,-0.8890057306010248,-0.6982560442729654
z,rolling_std_120_raw,-0.8815873469961746,-0.691569402635815
z,rolling_std_120_raw,-0.8742171648664834,-0.6850519371862444
z,rolling_std_120_raw,-0.8668941666364379,-0.6784051305209214
z,rolling_std_120_raw,-0.8596173642419114,-0.6718920485441394
z,rolling_std_120_raw,-0.852385797957575,-0.6653364810258144
z,rolling_std_120_raw,-0.8451985352820499,-0.658965410728987
z,rolling_std_120_raw,-0.8380546698774065,-0.6526494288617396
z,rolling_std_120_raw,-0.8309533205598377,-0.646148257303116
z,rolling_std_120_raw,-0.8238936303385576,-0.6398838085117459
z,rolling_std_120_raw,-0.8168747655001637,-0.6337999204811874
z,rolling_std_120_raw,-0.809895914735898,-0.6276566638622869
z,rolling_std_120_raw,-0.8029562883093937,-0.6214782225497618
z,rolling_std_120_raw,-0.7960551172626629,-0.615360347091253
z,rolling_std_120_raw,-0.7891916526582223,-0.609398451241595
z,rolling_std_120_raw,-0.7823651648553872,-0.6034559521307093
z,rolling_std_120_raw,-0.7755749428188843,-0.597594230132971
z,rolling_std_120_raw,-0.7688202934580621,-0.5917480531806751
z,rolling_std_120_raw,-0.7621005409950667,-0.5861950145345758
z,rolling_std_120_raw,-0.7554150263604693,-0.5804098746405033
z,rolling_std_120_raw,-0.7487631066149087,-0.5746318400286671
z,rolling_std_120_raw,-0.7421441543954094,-0.5692007470241085
z,rolling_std_120_raw,-0.7355575573851106,-0.5636187093106528
z,rolling_std_120_raw,-0.7290027178052185,-0.5580047907275071
z,rolling_std_120_raw,-0.7224790519280627,-0.5524285603431066
z,rolling_std_120_raw,-0.7159859896102049,-0.5470759431344279
z,rolling_std_120_raw,-0.7095229738446082,-0.5414567078461977
z,rolling_std_120_raw,-0.7030894603309286,-0.5358947991060617
z,rolling_std_120_raw,-0.6966849170630507,-0.5303808152909089
z,rolling_std_120_raw,-0.690308823933034,-0.525057157859632
z,rolling_std_120_raw,-0.6839606723506823,-0.519745995911403
z,rolling_std_120_raw,-0.6776399648779956,-0.5142849956902504
z,rolling_std_120_raw,-0.6713462148778053,-0.5090577126945819
z,rolling_std_120_raw,-0.6650789461759234,-0.5038518705490761
z,rolling_std_120_raw,-0.6588376927361879,-0.4987243693539154
z,rolling_std_120_raw,-0.652621998347801,-0.4934955705618729
z,rolling_std_120_raw,-0.6464314163244075,-0.48829662192632145
z,rolling_std_120_raw,-0.6402655092143741,-0.4831468309093102
z,rolling_std_120_raw,-0.6341238485217698,-0.47807437592797
z,rolling_std_120_raw,-0.6280060144375696,-0.47293955461656256
z,rolling_std_120_raw,-0.6219115955806241,-0.46790756647468673
z,rolling_std_120_raw,-0.6158401887479719,-0.46295093966628786
z,rolling_std_120_raw,-0.6097913986740797,-0.4578189485877777
z,rolling_std_120_raw,-0.6037648377986299,-0.4529013847162009
z,rolling_std_120_raw,-0.5977601260424784,-0.44797649975488324
z,rolling_std_120_raw,-0.5917768905914464,-0.44298688036153455
z,rolling_std_120_raw,-0.5858147656875988,-0.4379935785994335
z,rolling_std_120_raw,-0.5798733924277044,-0.43309755059886895
z,rolling_std_120_raw,-0.5739524185685735,-0.42826134979423025
z,rolling_std_120_raw,-0.5680514983389829,-0.4234459113181708
z,rolling_std_120_raw,-0.5621702922579264,-0.4186624541770525
z,rolling_std_120_raw,-0.5563084669589183,-0.413867765971356
z,rolling_std_120_raw,-0.5504656950201127,-0.4090116583615251
z,rolling_std_120_raw,-0.5446416547999992,-0.40425012158834184
z,rolling_std_120_raw,-0.5388360302784503,-0.3995950022259108
z,rolling_std_120_raw,-0.5330485109029091,-0.39486113488692526
z,rolling_std_120_raw,-0.5272787914395083,-0.3901432194201043
z,rolling_std_120_raw,-0.5215265718289321,-0.3854888005965629
z,rolling_std_120_raw,-0.5157915570468274,-0.38090478811165285
z,rolling_std_120_raw,-0.5100734569685947,-0.3763958346419196
z,rolling_std_120_raw,-0.5043719862383813,-0.37173362027757206
z,rolling_std_120_raw,-0.49868686414212227,-0.36710908745556997
z,rolling_std_120_raw,-0.4930178144844647,-0.362742762765954
z,rolling_std_120_raw,-0.48736456546944074,-0.35816500509662436
z,rolling_std_120_raw,-0.4817268495847302,-0.35372655679916953
z,rolling_std_120_raw,-0.47610440348939487,-0.34931118382252885
z,rolling_std_120_raw,-0.4704969679049413,-0.3448329813740598
z,rolling_std_120_raw,-0.4649042875095944,-0.34028530665678464
z,rolling_std_120_raw,-0.4593261108356628,-0.33583810439600653
z,rolling_std_120_raw,-0.4537621901698793,-0.3313812395159005
z,rolling_std_120_raw,-0.448212281456609,-0.3269232390314881
z,rolling_std_120_raw,-0.4426761442038212,-0.3224983466656104
z,rolling_std_120_raw,-0.43715354139172213,-0.3181944673819151
z,rolling_std_120_raw,-0.431644239383956,-0.31380066190531036
z,rolling_std_120_raw,-0.4261480078412781,-0.30939086659766096
z,rolling_std_120_raw,-0.4206646196376155,-0.30502681805003967
z,rolling_std_120_raw,-0.41519385077842663,-0.30062894283522595
z,rolling_std_120_raw,-0.40973548032128104,-0.29642201514949085
z,rolling_std_120_raw,-0.4042892902985787,-0.2921433551054505
z,rolling_std_120_raw,-0.39885506564233686,-0.2879257163066359
z,rolling_std_120_raw,-0.3934325941109666,-0.283729265871598
z,rolling_std_120_raw,-0.38802166621797707,-0.279435028675296
z,rolling_std_120_raw,-0.3826220751625341,-0.27526558497177045
z,rolling_std_120_raw,-0.37723361676181155,-0.271132753036995
z,rolling_std_120_raw,-0.3718560893850747,-0.2670331216425664
z,rolling_std_120_raw,-0.36648929388943363,-0.26292150196337916
z,rolling_std_120_raw,-0.36113303355721227,-0.25880763090084985
z,rolling_std_120_raw,-0.3557871140348752,-0.2547410716671337
z,rolling_std_120_raw,-0.35045134327346134,-0.25066278555127464
z,rolling_std_120_raw,-0.34512553147047226,-0.24663518880918828
z,rolling_std_120_raw,-0.3398094910131667,-0.24257239589518062
z,rolling_std_120_raw,-0.3345030364232122,-0.23854017336771202
z,rolling_std_120_raw,-0.32920598430265113,-0.23459095574286656
z,rolling_std_120_raw,-0.323918153281133,-0.23051735349834168
z,rolling_std_120_raw,-0.31863936396437514,-0.22661595265022058
z,rolling_std_120_raw,-0.31336943888380603,-0.22260902832749005
z,rolling_std_120_raw,-0.3081082024473549,-0.21870960947208642
z,rolling_std_120_raw,-0.30285548089134917,-0.2147385639235686
z,rolling_std_120_raw,-0.2976111022334798,-0.2109384540165155
z,rolling_std_120_raw,-0.2923748962268042,-0.20709444165781532
z,rolling_std_120_raw,-0.28714669431474543,-0.2031218939686672
z,rolling_std_120_raw,-0.2819263295870614,-0.19925294348042374
z,rolling_std_120_raw,-0.27671363673674687,-0.1953904267425523
z,rolling_std_120_raw,-0.2715084520178386,-0.19163608941344548
z,rolling_std_120_raw,-0.26631061320409494,-0.1877869953852573
z,rolling_std_120_raw,-0.26111995954851813,-0.1839619199972314
z,rolling_std_120_raw,-0.2559363317436934,-0.1802676293122218
z,rolling_std_120_raw,-0.250759571882916,-0.1766322563408647
z,rolling_std_120_raw,-0.24558952342208085,-0.1728648425779085
z,rolling_std_120_raw,-0.24042603114230793,-0.1690887937432692
z,rolling_std_120_raw,-0.2352689411132797,-0.16537909621790112
z,rolling_std_120_raw,-0.23011810065726568,-0.16171535690439173
z,rolling_std_120_raw,-0.22497335831381154,-0.15796964299766636
z,rolling_std_120_raw,-0.2198345638050687,-0.15430096521251796
z,rolling_std_120_raw,-0.21470156800174453,-0.1505867415805439
z,rolling_std_120_raw,-0.20957422288964928,-0.14677552272594535
z,rolling_std_120_raw,-0.2044523815368209,-0.14313295454643113
z,rolling_std_120_raw,-0.1993358980612069,-0.13947761805404188
z,rolling_std_120_raw,-0.1942246275988834,-0.13582556067536958
z,rolling_std_120_raw,-0.1891184262727925,-0.13215385275254904
z,rolling_std_120_raw,-0.1840171511619796,-0.12843307410866173
z,rolling_std_120_raw,-0.17892066027131207,-0.12477005752781627
z,rolling_std_120_raw,-0.1738288125016624,-0.12109600802870249
z,rolling_std_120_raw,-0.16874146762053802,-0.11739549974655478
z,rolling_std_120_raw,-0.16365848623314122,-0.11382427493009405
z,rolling_std_120_raw,-0.15857972975384346,-0.11008425811400606
z,rolling_std_120_raw,-0.15350506037805708,-0.1063533181633815
z,rolling_std_120_raw,-0.14843434105448977,-0.10265172495349834
z,rolling_std_120_raw,-0.14336743545776665,-0.09898273439468859
z,rolling_std_120_raw,-0.1383042079614045,-0.0953800498692052
z,rolling_std_120_raw,-0.13324452361112382,-0.09168421589446668
z,rolling_std_120_raw,-0.12818824809848547,-0.08785904993803817
z,rolling_std_120_raw,-0.1231352477348365,-0.08410867861568001
z,rolling_std_120_raw,-0.11808538942555283,-0.08006267668831264
z,rolling_std_120_raw,-0.11303854064456507,-0.075974087831189
z,rolling_std_120_raw,-0.10799456940915403,-0.07174648976803237
z,rolling_std_120_raw,-0.1029533442550038,-0.0674996318788379
z,rolling_std_120_raw,-0.09791473421149931,-0.06304003680473459
z,rolling_std_120_raw,-0.09287860877725637,-0.058776169297004216
z,rolling_std_120_raw,-0.08784483789587168,-0.05392735099263756
z,rolling_std_120_raw,-0.08281329193188118,-0.04877354539303789
z,rolling_std_120_raw,-0.07778384164691525,-0.043015588394029435
z,rolling_std_120_raw,-0.07275635817603748,-0.03621708364519081
z,rolling_std_120_raw,-0.06773071300425916,-0.027190975517069404
z,rolling_std_120_raw,-0.06270677794321383,-0.0017400788540057614
z,rolling_std_120_raw,-0.05768442510798417,-0.0017400788540057614
z,rolling_std_120_raw,-0.05266352689406846,-0.0017400788540057614
z,rolling_std_120_raw,-0.04764395595447656,-0.0017400788540057614
z,rolling_std_120_raw,-0.04262558517694437,-0.0017400788540057614
z,rolling_std_120_raw,-0.037608287661255936,-0.0017400788540057614
z,rolling_std_120_raw,-0.032591936696663076,-0.0017400788540057614
z,rolling_std_120_raw,-0.027576405739391723,-0.0017400788540057614
z,rolling_std_120_raw,-0.022561568390224718,-0.0017400788540057614
z,rolling_std_120_raw,-0.017547298372150796,-0.0017400788540057614
z,rolling_std_120_raw,-0.012533469508069278,-0.0017400788540057614
z,rolling_std_120_raw,-0.007519955698540525,-0.0017400788540057614
z,rolling_std_120_raw,-0.0025066308995717666,-0.0017400788540057614
z,rolling_std_120_raw,0.0025066308995717666,-0.0017400788540057614
z,rolling_std_120_raw,0.007519955698540525,-0.0017400788540057614
z,rolling_std_120_raw,0.012533469508069278,-0.0017400788540057614
z,rolling_std_120_raw,0.017547298372150796,-0.0017400788540057614
z,rolling_std_120_raw,0.022561568390224718,-0.0017400788540057614
z,rolling_std_120_raw,0.027576405739391723,-0.0017400788540057614
z,rolling_std_120_raw,0.032591936696663076,-0.0017400788540057614
z,rolling_std_120_raw,0.037608287661255936,-0.0017400788540057614
z,rolling_std_120_raw,0.04262558517694437,-0.0017400788540057614
z,rolling_std_120_raw,0.04764395595447656,0.02814197214204402
z,rolling_std_120_raw,0.05266352689406846,0.03597413873760693
z,rolling_std_120_raw,0.05768442510798417,0.04230018839915712
z,rolling_std_120_raw,0.06270677794321383,0.04769413019895454
z,rolling_std_120_raw,0.06773071300425916,0.052678427712858265
z,rolling_std_120_raw,0.07275635817603748,0.057211338744623384
z,rolling_std_120_raw,0.07778384164691525,0.06175579746043293
z,rolling_std_120_raw,0.08281329193188132,0.06600339948248862
z,rolling_std_120_raw,0.08784483789587182,0.07020324490847031
z,rolling_std_120_raw,0.09287860877725654,0.07421850500083807
z,rolling_std_120_raw,0.09791473421149946,0.07800791125299623
z,rolling_std_120_raw,0.10295334425500394,0.08198498491533336
z,rolling_std_120_raw,0.1079945694091542,0.08576474778835218
z,rolling_std_120_raw,0.11303854064456521,0.08950524448409584
z,rolling_std_120_raw,0.11808538942555302,0.09322189649003651
z,rolling_std_120_raw,0.12313524773483664,0.09682540071323231
z,rolling_std_120_raw,0.1281882480984856,0.1005304320974067
z,rolling_std_120_raw,0.13324452361112396,0.10419168449590525
z,rolling_std_120_raw,0.13830420796140463,0.1078012951839163
z,rolling_std_120_raw,0.14336743545776678,0.11149362263718725
z,rolling_std_120_raw,0.1484343410544899,0.11498285498680187
z,rolling_std_120_raw,0.15350506037805722,0.118531774452719
z,rolling_std_120_raw,0.15857972975384332,0.12227920987630816
z,rolling_std_120_raw,0.16365848623314108,0.1259438667668076
z,rolling_std_120_raw,0.16874146762053788,0.1296133807166284
z,rolling_std_120_raw,0.17382881250166224,0.13332050387434147
z,rolling_std_120_raw,0.17892066027131193,0.13688629722208412
z,rolling_std_120_raw,0.18401715116197945,0.14050065151695684
z,rolling_std_120_raw,0.18911842627279238,0.14422584996973942
z,rolling_std_120_raw,0.1942246275988833,0.14799343843781115
z,rolling_std_120_raw,0.19933589806120677,0.15170732208916612
z,rolling_std_120_raw,0.20445238153682072,0.15537613412722878
z,rolling_std_120_raw,0.2095742228896491,0.1591654033411766
z,rolling_std_120_raw,0.2147015680017444,0.16278252911522023
z,rolling_std_120_raw,0.21983456380506858,0.16640187041574284
z,rolling_std_120_raw,0.22497335831381138,0.17020766488491995
z,rolling_std_120_raw,0.23011810065726557,0.17393173806349113
z,rolling_std_120_raw,0.23526894111327962,0.17766163043581967
z,rolling_std_120_raw,0.24042603114230793,0.1813103871052816
z,rolling_std_120_raw,0.24558952342208085,0.18501545007889478
z,rolling_std_120_raw,0.250759571882916,0.18873801002275004
z,rolling_std_120_raw,0.2559363317436934,0.1926267032027687
z,rolling_std_120_raw,0.26111995954851813,0.19649559033179148
z,rolling_std_120_raw,0.26631061320409494,0.20037032339274766
z,rolling_std_120_raw,0.2715084520178386,0.20436628807709079
z,rolling_std_120_raw,0.27671363673674687,0.2082210125613894
z,rolling_std_120_raw,0.2819263295870614,0.2121283267399992
z,rolling_std_120_raw,0.28714669431474543,0.21608619407387733
z,rolling_std_120_raw,0.2923748962268042,0.22023710462687787
z,rolling_std_120_raw,0.2976111022334798,0.22427738745054496
z,rolling_std_120_raw,0.30285548089134917,0.22816702225577368
z,rolling_std_120_raw,0.3081082024473549,0.23198345570485107
z,rolling_std_120_raw,0.31336943888380603,0.23594466086216204
z,rolling_std_120_raw,0.31863936396437514,0.23985764459204495
z,rolling_std_120_raw,0.323918153281133,0.2438457290312675
z,rolling_std_120_raw,0.32920598430265113,0.24792762826182435
z,rolling_std_120_raw,0.3345030364232122,0.25213703260710774
z,rolling_std_120_raw,0.3398094910131667,0.25615385486060094
z,rolling_std_120_raw,0.34512553147047226,0.260310520792919
z,rolling_std_120_raw,0.35045134327346134,0.2643343247479527
z,rolling_std_120_raw,0.3557871140348752,0.2684796465937513
z,rolling_std_120_raw,0.36113303355721227,0.2726392396611273
z,rolling_std_120_raw,0.36648929388943363,0.27681149331966576
z,rolling_std_120_raw,0.3718560893850747,0.2808797668194447
z,rolling_std_120_raw,0.37723361676181155,0.2851391778833111
z,rolling_std_120_raw,0.3826220751625341,0.289339460873754
z,rolling_std_120_raw,0.38802166621797707,0.2937115717944175
z,rolling_std_120_raw,0.3934325941109666,0.2979073775762816
z,rolling_std_120_raw,0.39885506564233686,0.3022150079370509
z,rolling_std_120_raw,0.40428929029857885,0.30636792713653915
z,rolling_std_120_raw,0.4097354803212812,0.3107520971302083
z,rolling_std_120_raw,0.41519385077842685,0.31497473920244595
z,rolling_std_120_raw,0.4206646196376157,0.319259395436224
z,rolling_std_120_raw,0.42614800784127826,0.32349182826782324
z,rolling_std_120_raw,0.43164423938395613,0.3278905703603752
z,rolling_std_120_raw,0.43715354139172224,0.332147824409614
z,rolling_std_120_raw,0.44267614420382156,0.33651437160509523
z,rolling_std_120_raw,0.44821228145660913,0.34080057316915935
z,rolling_std_120_raw,0.4537621901698796,0.3451186937649793
z,rolling_std_120_raw,0.45932611083566305,0.34945648854218675
z,rolling_std_120_raw,0.46490428750959456,0.35386517404042356
z,rolling_std_120_raw,0.4704969679049415,0.3582207035334295
z,rolling_std_120_raw,0.47610440348939514,0.362668300185957
z,rolling_std_120_raw,0.48172684958473033,0.36726852454602765
z,rolling_std_120_raw,0.4873645654694408,0.37165260204629397
z,rolling_std_120_raw,0.4930178144844647,0.3761739880586968
z,rolling_std_120_raw,0.49868686414212166,0.3807688129343083
z,rolling_std_120_raw,0.5043719862383814,0.38532658729812985
z,rolling_std_120_raw,0.5100734569685945,0.389776051703196
z,rolling_std_120_raw,0.5157915570468273,0.39427655294239977
z,rolling_std_120_raw,0.521526571828932,0.3988626151114586
z,rolling_std_120_raw,0.5272787914395082,0.40351063136765714
z,rolling_std_120_raw,0.5330485109029087,0.4080893425326529
z,rolling_std_120_raw,0.5388360302784502,0.412733655617318
z,rolling_std_120_raw,0.544641654799999,0.4173781177161602
z,rolling_std_120_raw,0.5504656950201124,0.4221738978346374
z,rolling_std_120_raw,0.5563084669589181,0.42677607615692276
z,rolling_std_120_raw,0.5621702922579263,0.43161206082556774
z,rolling_std_120_raw,0.5680514983389827,0.4363162740929179
z,rolling_std_120_raw,0.5739524185685733,0.44108127063249036
z,rolling_std_120_raw,0.5798733924277044,0.44595493207737247
z,rolling_std_120_raw,0.5858147656875988,0.4508058392831393
z,rolling_std_120_raw,0.5917768905914464,0.45561388826794463
z,rolling_std_120_raw,0.5977601260424784,0.46044929873837004
z,rolling_std_120_raw,0.6037648377986299,0.46535884909785213
z,rolling_std_120_raw,0.6097913986740797,0.4702942420122375
z,rolling_std_120_raw,0.6158401887479719,0.4751658496342511
z,rolling_std_120_raw,0.6219115955806241,0.48012175562702064
z,rolling_std_120_raw,0.6280060144375696,0.485092612187349
z,rolling_std_120_raw,0.6341238485217698,0.4900741879121121
z,rolling_std_120_raw,0.6402655092143741,0.4951696529917138
z,rolling_std_120_raw,0.6464314163244075,0.500213729058
z,rolling_std_120_raw,0.652621998347801,0.5053127743910589
z,rolling_std_120_raw,0.6588376927361879,0.5105395776536746
z,rolling_std_120_raw,0.6650789461759234,0.5158327511829361
z,rolling_std_120_raw,0.6713462148778053,0.5210679941041616
z,rolling_std_120_raw,0.6776399648779956,0.5261398580821837
z,rolling_std_120_raw,0.6839606723506823,0.5315557163982627
z,rolling_std_120_raw,0.690308823933034,0.5367875705732245
z,rolling_std_120_raw,0.6966849170630507,0.5422293645122377
z,rolling_std_120_raw,0.7030894603309286,0.5475299676190574
z,rolling_std_120_raw,0.7095229738446082,0.5528911731062122
z,rolling_std_120_raw,0.7159859896102049,0.5584207523104208
z,rolling_std_120_raw,0.7224790519280627,0.5638602414336278
z,rolling_std_120_raw,0.7290027178052185,0.5692699222370268
z,rolling_std_120_raw,0.7355575573851106,0.5747524899000709
z,rolling_std_120_raw,0.7421441543954094,0.580341030791335
z,rolling_std_120_raw,0.7487631066149087,0.585859832060543
z,rolling_std_120_raw,0.7554150263604693,0.5914834604772808
z,rolling_std_120_raw,0.7621005409950667,0.5971723866319226
z,rolling_std_120_raw,0.7688202934580621,0.6031175455233253
z,rolling_std_120_raw,0.7755749428188843,0.6089462744330155
z,rolling_std_120_raw,0.7823651648553872,0.614905158209963
z,rolling_std_120_raw,0.7891916526582223,0.620864880929705
z,rolling_std_120_raw,0.7960551172626629,0.6267174793222217
z,rolling_std_120_raw,0.8029562883093937,0.6326048971553554
z,rolling_std_120_raw,0.809895914735898,0.6385722561305678
z,rolling_std_120_raw,0.8168747655001637,0.6445919842793507
z,rolling_std_120_raw,0.8238936303385576,0.6506915446491766
z,rolling_std_120_raw,0.830953320559838,0.6568083540136007
z,rolling_std_120_raw,0.8380546698774067,0.6631125927212724
z,rolling_std_120_raw,0.84519853528205,0.6693620657957078
z,rolling_std_120_raw,0.8523857979575752,0.6757131459641651
z,rolling_std_120_raw,0.8596173642419117,0.6820388695703595
z,rolling_std_120_raw,0.866894166636438,0.6885808487247989
z,rolling_std_120_raw,0.8742171648664836,0.6949469879303279
z,rolling_std_120_raw,0.8815873469961749,0.7015132321333484
z,rolling_std_120_raw,0.8890057306010245,0.7080710018185693
z,rolling_std_120_raw,0.8964733640019159,0.7144114666927434
z,rolling_std_120_raw,0.9039913275644013,0.7211613086207921
z,rolling_std_120_raw,0.9115607350675405,0.7278898441924015
z,rolling_std_120_raw,0.9191827351468197,0.7345086991585167
z,rolling_std_120_raw,0.9268585128160437,0.7413440791508191
z,rolling_std_120_raw,0.9345892910734798,0.7481381562368452
z,rolling_std_120_raw,0.9423763325979503,0.7552200302214398
z,rolling_std_120_raw,0.9502209415410151,0.7623531679216233
z,rolling_std_120_raw,0.9581244654219027,0.7693596947560485
z,rolling_std_120_raw,0.9660882971323729,0.7765975566109307
z,rolling_std_120_raw,0.974113877059309,0.7837757326789135
z,rolling_std_120_raw,0.9822026953334697,0.7910615238484656
z,rolling_std_120_raw,0.9903562942135747,0.7984446744867425
z,rolling_std_120_raw,0.9985762706156596,0.8058053611181764
z,rolling_std_120_raw,1.0068642787985222,0.813411637365046
z,rolling_std_120_raw,1.015222033217028,0.8211811394306098
z,rolling_std_120_raw,1.0236513115560881,0.8288789684488059
z,rolling_std_120_raw,1.032153957959306,0.836840951262987
z,rolling_std_120_raw,1.0407318864675446,0.8448278827542455
z,rolling_std_120_raw,1.0493870846841045,0.8525039147445331
z,rolling_std_120_raw,1.058121617684777,0.86074415968913
z,rolling_std_120_raw,1.0669376321927655,0.8689684239077806
z,rolling_std_120_raw,1.0758373610404315,0.8773908341132555
z,rolling_std_120_raw,1.0848231279419567,0.8858925415295289
z,rolling_std_120_raw,1.0938973526034377,0.8945147664796854
z,rolling_std_120_raw,1.1030625561995975,0.9030039655274039
z,rolling_std_120_raw,1.1123213672493113,0.9119227489513423
z,rolling_std_120_raw,1.1216765279254888,0.9207579495101148
z,rolling_std_120_raw,1.131130900838633,0.9298855947705493
z,rolling_std_120_raw,1.140687476337622,0.939104395038144
z,rolling_std_120_raw,1.1503493803760079,0.9486977070231216
z,rolling_std_120_raw,1.1601198829975194,0.9585875530911769
z,rolling_std_120_raw,1.1700024075004787,0.9681312314355697
z,rolling_std_120_raw,1.180000540347729,0.9777847629213566
z,rolling_std_120_raw,1.1901180418964235,0.9875157378029304
z,rolling_std_120_raw,1.200358858030859,0.9975907486223361
z,rolling_std_120_raw,1.2107271327915974,1.007650658882999
z,rolling_std_120_raw,1.2212272221055693,1.0180650630432788
z,rolling_std_120_raw,1.2318637087349833,1.0288102130157686
z,rolling_std_120_raw,1.242641418577882,1.0398004752060372
z,rolling_std_120_raw,1.2535654384704509,1.0504549056702766
z,rolling_std_120_raw,1.2646411356610803,1.062041765161105
z,rolling_std_120_raw,1.2758741791491297,1.0733876050007205
z,rolling_std_120_raw,1.2872705631079415,1.084927210826713
z,rolling_std_120_raw,1.2988366326425054,1.0967338961893343
z,rolling_std_120_raw,1.310579112168129,1.1085707802725806
z,rolling_std_120_raw,1.3225051367384355,1.120669047530012
z,rolling_std_120_raw,1.3346222867001933,1.1328798099999562
z,rolling_std_120_raw,1.3469386261102796,1.1455240388595607
z,rolling_std_120_raw,1.3594627454182584,1.1582795943290232
z,rolling_std_120_raw,1.3722038089987263,1.1713508935817112
z,rolling_std_120_raw,1.3851716082134358,1.1849805349504943
z,rolling_std_120_raw,1.398376620797496,1.1991283391498118
z,rolling_std_120_raw,1.4118300775008088,1.2135211085665627
z,rolling_std_120_raw,1.4255440370804517,1.2280235051336106
z,rolling_std_120_raw,1.439531470938456,1.2430768489124022
z,rolling_std_120_raw,1.453806358940575,1.258595926774874
z,rolling_std_120_raw,1.4683837982456598,1.2748851947900128
z,rolling_std_120_raw,1.483280127335621,1.2913051172332783
z,rolling_std_120_raw,1.4985130678799756,1.3078902167759587
z,rolling_std_120_raw,1.514101887619284,1.3250876932893747
z,rolling_std_120_raw,1.530067588137829,1.3433261957609883
z,rolling_std_120_raw,1.5464331222567471,1.3624608541423917
z,rolling_std_120_raw,1.5632236468662757,1.381848025337187
z,rolling_std_120_raw,1.580466818399361,1.4018019273041877
z,rolling_std_120_raw,1.5981931399228169,1.4229917044126068
z,rolling_std_120_raw,1.6164363711150211,1.4434560769736244
z,rolling_std_120_raw,1.635234015388649,1.465812481215448
z,rolling_std_120_raw,1.654627902351077,1.4890357704808317
z,rolling_std_120_raw,1.6746648890243248,1.5132080981596225
z,rolling_std_120_raw,1.6953977102721358,1.5377775002664713
z,rolling_std_120_raw,1.7168860184310404,1.5640208481836224
z,rolling_std_120_raw,1.7391976652852514,1.5917670374071753
z,rolling_std_120_raw,1.7624102978623888,1.6203784545085462
z,rolling_std_120_raw,1.7866133654934697,1.6518241269441116
z,rolling_std_120_raw,1.8119106729525971,1.684703771700959
z,rolling_std_120_raw,1.8384236692477764,1.7204852577871552
z,rolling_std_120_raw,1.8662957434581071,1.7581938557284522
z,rolling_std_120_raw,1.895697923991838,1.7974920635593385
z,rolling_std_120_raw,1.9268365732639101,1.841466849368294
z,rolling_std_120_raw,1.9599639845400536,1.8883116747639979
z,rolling_std_120_raw,1.9953933101678243,1.9377928456596574
z,rolling_std_120_raw,2.0335201492530506,1.9955733944762877
z,rolling_std_120_raw,2.0748547343933095,2.056839951484317
z,rolling_std_120_raw,2.1200716897421503,2.127274967066274
z,rolling_std_120_raw,2.17009037758456,2.2084427125144463
z,rolling_std_120_raw,2.2262117693171737,2.302799170616781
z,rolling_std_120_raw,2.290367877855267,2.4186018241399747
z,rolling_std_120_raw,2.365618126864292,2.5611242883845495
z,rolling_std_120_raw,2.457263390205436,2.7490617644534816
z,rolling_std_120_raw,2.5758293035489,3.0217315386406116
z,rolling_std_120_raw,2.7477813854449917,3.4745314749409757
z,rolling_std_120_raw,3.090232306167813,4.733281783987281
z,rolling_std_390_raw,-3.090232306167813,-5.3977114750368935
z,rolling_std_390_raw,-2.747781385444993,-3.98775584926296
z,rolling_std_390_raw,-2.5758293035489,-3.4263469970299
z,rolling_std_390_raw,-2.4572633902054375,-3.0887978375210876
z,rolling_std_390_raw,-2.365618126864292,-2.840419545838132
z,rolling_std_390_raw,-2.290367877855267,-2.6602479308489624
z,rolling_std_390_raw,-2.226211769317175,-2.513003429173
z,rolling_std_390_raw,-2.17009037758456,-2.3906304821798026
z,rolling_std_390_raw,-2.1200716897421503,-2.2859132695366653
z,rolling_std_390_raw,-2.0748547343933095,-2.1958642165964237
z,rolling_std_390_raw,-2.0335201492530506,-2.1142633106063355
z,rolling_std_390_raw,-1.9953933101678247,-2.042665466634269
z,rolling_std_390_raw,-1.9599639845400538,-1.975801862983176
z,rolling_std_390_raw,-1.9268365732639106,-1.9172099574486212
z,rolling_std_390_raw,-1.8956979239918383,-1.8643177694214794
z,rolling_std_390_raw,-1.8662957434581073,-1.815284634269995
z,rolling_std_390_raw,-1.8384236692477767,-1.7692283368326953
z,rolling_std_390_raw,-1.8119106729525978,-1.7260167363559613
z,rolling_std_390_raw,-1.78661336549347,-1.6871260392419973
z,rolling_std_390_raw,-1.7624102978623895,-1.6489418382174903
z,rolling_std_390_raw,-1.7391976652852517,-1.6143675391726262
z,rolling_std_390_raw,-1.7168860184310404,-1.581500746975762
z,rolling_std_390_raw,-1.6953977102721358,-1.5495958176226985
z,rolling_std_390_raw,-1.6746648890243252,-1.5199852160655374
z,rolling_std_390_raw,-1.6546279023510773,-1.491361013459614
z,rolling_std_390_raw,-1.63523401538865,-1.4637016736869994
z,rolling_std_390_raw,-1.6164363711150214,-1.4376207379301258
z,rolling_std_390_raw,-1.5981931399228173,-1.4124790313512685
z,rolling_std_390_raw,-1.5804668183993618,-1.387975150939549
z,rolling_std_390_raw,-1.563223646866276,-1.3644928800672722
z,rolling_std_390_raw,-1.5464331222567476,-1.3419841748734764
z,rolling_std_390_raw,-1.530067588137828,-1.3208788365380428
z,rolling_std_390_raw,-1.5141018876192833,-1.29996674162221
z,rolling_std_390_raw,-1.4985130678799752,-1.279091573012164
z,rolling_std_390_raw,-1.4832801273356204,-1.2596103211511913
z,rolling_std_390_raw,-1.4683837982456598,-1.2411445177030158
z,rolling_std_390_raw,-1.4538063589405745,-1.2228219950156891
z,rolling_std_390_raw,-1.4395314709384557,-1.20504841951195
z,rolling_std_390_raw,-1.4255440370804515,-1.1877847062457152
z,rolling_std_390_raw,-1.4118300775008081,-1.1713682316624656
z,rolling_std_390_raw,-1.398376620797495,-1.1552751309793052
z,rolling_std_390_raw,-1.3851716082134353,-1.1395204010688695
z,rolling_std_390_raw,-1.3722038089987258,-1.1240091851040204
z,rolling_std_390_raw,-1.3594627454182584,-1.1085556592374828
z,rolling_std_390_raw,-1.3469386261102796,-1.0940402802582583
z,rolling_std_390_raw,-1.3346222867001933,-1.0796108128269972
z,rolling_std_390_raw,-1.3225051367384355,-1.0652938625029262
z,rolling_std_390_raw,-1.310579112168129,-1.0520076662376106
z,rolling_std_390_raw,-1.2988366326425054,-1.0389022673249995
z,rolling_std_390_raw,-1.2872705631079415,-1.0257381696821708
z,rolling_std_390_raw,-1.2758741791491297,-1.0128416548153722
z,rolling_std_390_raw,-1.2646411356610803,-1.0000723261925577
z,rolling_std_390_raw,-1.2535654384704509,-0.9874792793132071
z,rolling_std_390_raw,-1.242641418577882,-0.9753785995605078
z,rolling_std_390_raw,-1.2318637087349833,-0.9637542612500855
z,rolling_std_390_raw,-1.2212272221055693,-0.9521598075952082
z,rolling_std_390_raw,-1.2107271327915974,-0.9409064249604318
z,rolling_std_390_raw,-1.200358858030859,-0.9300510467232989
z,rolling_std_390_raw,-1.1901180418964235,-0.9192317002893486
z,rolling_std_390_raw,-1.180000540347729,-0.908568603982171
z,rolling_std_390_raw,-1.1700024075004787,-0.8980126948178648
z,rolling_std_390_raw,-1.1601198829975194,-0.887866284310743
z,rolling_std_390_raw,-1.1503493803760079,-0.8777205990898493
z,rolling_std_390_raw,-1.140687476337622,-0.8677696354962264
z,rolling_std_390_raw,-1.131130900838633,-0.857901650415327
z,rolling_std_390_raw,-1.1216765279254888,-0.8483761377716349
z,rolling_std_390_raw,-1.1123213672493113,-0.8390487133594947
z,rolling_std_390_raw,-1.1030625561995975,-0.8297462416632776
z,rolling_std_390_raw,-1.0938973526034377,-0.8203135965734797
z,rolling_std_390_raw,-1.0848231279419567,-0.8114486615508913
z,rolling_std_390_raw,-1.0758373610404315,-0.8025880830079564
z,rolling_std_390_raw,-1.0669376321927655,-0.7941220427986487
z,rolling_std_390_raw,-1.058121617684777,-0.7854284240027073
z,rolling_std_390_raw,-1.0493870846841045,-0.7768843000776509
z,rolling_std_390_raw,-1.0407318864675446,-0.7684789489566604
z,rolling_std_390_raw,-1.032153957959306,-0.7601927768098005
z,rolling_std_390_raw,-1.0236513115560881,-0.751940569703481
z,rolling_std_390_raw,-1.015222033217028,-0.7434166064461891
z,rolling_std_390_raw,-1.0068642787985222,-0.7352704140991679
z,rolling_std_390_raw,-0.9985762706156596,-0.7272073472376719
z,rolling_std_390_raw,-0.9903562942135747,-0.719391631683318
z,rolling_std_390_raw,-0.9822026953334697,-0.7118792026111475
z,rolling_std_390_raw,-0.974113877059309,-0.7043479577988335
z,rolling_std_390_raw,-0.9660882971323729,-0.6968671657438883
z,rolling_std_390_raw,-0.9581244654219027,-0.6896416293169046
z,rolling_std_390_raw,-0.9502209415410151,-0.6823141150458428
z,rolling_std_390_raw,-0.9423763325979505,-0.6750833412224418
z,rolling_std_390_raw,-0.9345892910734802,-0.6680768194128954
z,rolling_std_390_raw,-0.9268585128160437,-0.661163020181775
z,rolling_std_390_raw,-0.9191827351468197,-0.6542404028214944
z,rolling_std_390_raw,-0.9115607350675407,-0.6470276520874017
z,rolling_std_390_raw,-0.9039913275644016,-0.6400545312706485
z,rolling_std_390_raw,-0.8964733640019162,-0.6333059200513145
z,rolling_std_390_raw,-0.8890057306010248,-0.6267166238578025
z,rolling_std_390_raw,-0.8815873469961746,-0.6201018431497215
z,rolling_std_390_raw,-0.8742171648664834,-0.6137216154080316
z,rolling_std_390_raw,-0.8668941666364379,-0.607178211612457
z,rolling_std_390_raw,-0.8596173642419114,-0.600625947771325
z,rolling_std_390_raw,-0.852385797957575,-0.5943747469704774
z,rolling_std_390_raw,-0.8451985352820499,-0.5880084146868703
z,rolling_std_390_raw,-0.8380546698774065,-0.5818277502413417
z,rolling_std_390_raw,-0.8309533205598377,-0.5756382468566535
z,rolling_std_390_raw,-0.8238936303385576,-0.5696259482983552
z,rolling_std_390_raw,-0.8168747655001637,-0.5633998127394503
z,rolling_std_390_raw,-0.809895914735898,-0.5573007082073541
z,rolling_std_390_raw,-0.8029562883093937,-0.5516515587574962
z,rolling_std_390_raw,-0.7960551172626629,-0.5456807710987973
z,rolling_std_390_raw,-0.7891916526582223,-0.5398624699860827
z,rolling_std_390_raw,-0.7823651648553872,-0.5342093556944841
z,rolling_std_390_raw,-0.7755749428188843,-0.5285074660584993
z,rolling_std_390_raw,-0.7688202934580621,-0.5227359206543225
z,rolling_std_390_raw,-0.7621005409950667,-0.5169915823929001
z,rolling_std_390_raw,-0.7554150263604693,-0.5113669267112713
z,rolling_std_390_raw,-0.7487631066149087,-0.5056903437677269
z,rolling_std_390_raw,-0.7421441543954094,-0.5001727995830937
z,rolling_std_390_raw,-0.7355575573851106,-0.49490547587156586
z,rolling_std_390_raw,-0.7290027178052185,-0.4895314865948504
z,rolling_std_390_raw,-0.7224790519280627,-0.48419299696512674
z,rolling_std_390_raw,-0.7159859896102049,-0.4789957474059651
z,rolling_std_390_raw,-0.7095229738446082,-0.47391503065717966
z,rolling_std_390_raw,-0.7030894603309286,-0.4687278489756366
z,rolling_std_390_raw,-0.6966849170630507,-0.4638229205860674
z,rolling_std_390_raw,-0.690308823933034,-0.45878534632553675
z,rolling_std_390_raw,-0.6839606723506823,-0.4538144351890037
z,rolling_std_390_raw,-0.6776399648779956,-0.4488485642556452
z,rolling_std_390_raw,-0.6713462148778053,-0.44382886335573435
z,rolling_std_390_raw,-0.6650789461759234,-0.43896936581834806
z,rolling_std_390_raw,-0.6588376927361879,-0.4340723814552245
z,rolling_std_390_raw,-0.652621998347801,-0.42919105493511456
z,rolling_std_390_raw,-0.6464314163244075,-0.42435397817063464
z,rolling_std_390_raw,-0.6402655092143741,-0.4196141675569106
z,rolling_std_390_raw,-0.6341238485217698,-0.4148790282257565
z,rolling_std_390_raw,-0.6280060144375696,-0.41005418874420085
z,rolling_std_390_raw,-0.6219115955806241,-0.4052788241905244
z,rolling_std_390_raw,-0.6158401887479719,-0.40058286171207175
z,rolling_std_390_raw,-0.6097913986740797,-0.39599504400758034
z,rolling_std_390_raw,-0.6037648377986299,-0.3914291061199514
z,rolling_std_390_raw,-0.5977601260424784,-0.386977577989964
z,rolling_std_390_raw,-0.5917768905914464,-0.3823808629083699
z,rolling_std_390_raw,-0.5858147656875988,-0.3778275894407991
z,rolling_std_390_raw,-0.5798733924277044,-0.3734155911791724
z,rolling_std_390_raw,-0.5739524185685735,-0.36901468460138825
z,rolling_std_390_raw,-0.5680514983389829,-0.3646542072696581
z,rolling_std_390_raw,-0.5621702922579264,-0.36037967015345324
z,rolling_std_390_raw,-0.5563084669589183,-0.3561208720994334
z,rolling_std_390_raw,-0.5504656950201127,-0.35169388600497264
z,rolling_std_390_raw,-0.5446416547999992,-0.3473318961718192
z,rolling_std_390_raw,-0.5388360302784503,-0.34302946929909367
z,rolling_std_390_raw,-0.5330485109029091,-0.33878481586287773
z,rolling_std_390_raw,-0.5272787914395083,-0.3346361429158238
z,rolling_std_390_raw,-0.5215265718289321,-0.3304168006203287
z,rolling_std_390_raw,-0.5157915570468274,-0.3261750443729644
z,rolling_std_390_raw,-0.5100734569685947,-0.32207478848039794
z,rolling_std_390_raw,-0.5043719862383813,-0.31796375556526135
z,rolling_std_390_raw,-0.49868686414212227,-0.3138592716029825
z,rolling_std_390_raw,-0.4930178144844647,-0.3098490114812206
z,rolling_std_390_raw,-0.48736456546944074,-0.30598603755685966
z,rolling_std_390_raw,-0.4817268495847302,-0.3019663594411714
z,rolling_std_390_raw,-0.47610440348939487,-0.2979675799164908
z,rolling_std_390_raw,-0.4704969679049413,-0.2940231218265591
z,rolling_std_390_raw,-0.4649042875095944,-0.29006436854131346
z,rolling_std_390_raw,-0.4593261108356628,-0.28605666174246075
z,rolling_std_390_raw,-0.4537621901698793,-0.2820124127416774
z,rolling_std_390_raw,-0.448212281456609,-0.2781483887644445
z,rolling_std_390_raw,-0.4426761442038212,-0.27416025862105114
z,rolling_std_390_raw,-0.43715354139172213,-0.27028932101574
z,rolling_std_390_raw,-0.431644239383956,-0.2665029761942247
z,rolling_std_390_raw,-0.4261480078412781,-0.2625833520870216
z,rolling_std_390_raw,-0.4206646196376155,-0.2586351727331413
z,rolling_std_390_raw,-0.41519385077842663,-0.2548275781494548
z,rolling_std_390_raw,-0.40973548032128104,-0.2509742220987588
z,rolling_std_390_raw,-0.4042892902985787,-0.24712859960148387
z,rolling_std_390_raw,-0.39885506564233686,-0.24338906541330307
z,rolling_std_390_raw,-0.3934325941109666,-0.2397758266048556
z,rolling_std_390_raw,-0.38802166621797707,-0.23622481314197724
z,rolling_std_390_raw,-0.3826220751625341,-0.2326068058131496
z,rolling_std_390_raw,-0.37723361676181155,-0.22908010675176171
z,rolling_std_390_raw,-0.3718560893850747,-0.2255296149562458
z,rolling_std_390_raw,-0.36648929388943363,-0.2219597565852669
z,rolling_std_390_raw,-0.36113303355721227,-0.21832325522181714
z,rolling_std_390_raw,-0.3557871140348752,-0.214677926133589
z,rolling_std_390_raw,-0.35045134327346134,-0.2110363312781511
z,rolling_std_390_raw,-0.34512553147047226,-0.20749906615206679
z,rolling_std_390_raw,-0.3398094910131667,-0.20394527889234298
z,rolling_std_390_raw,-0.3345030364232122,-0.2005126812954497
z,rolling_std_390_raw,-0.32920598430265113,-0.19704485972837177
z,rolling_std_390_raw,-0.323918153281133,-0.19338334988286898
z,rolling_std_390_raw,-0.31863936396437514,-0.18996161383968
z,rolling_std_390_raw,-0.31336943888380603,-0.1865373687086062
z,rolling_std_390_raw,-0.3081082024473549,-0.18309694284818606
z,rolling_std_390_raw,-0.30285548089134917,-0.17988845346670415
z,rolling_std_390_raw,-0.2976111022334798,-0.17652055900088812
z,rolling_std_390_raw,-0.2923748962268042,-0.17315637299847345
z,rolling_std_390_raw,-0.28714669431474543,-0.16988114505676638
z,rolling_std_390_raw,-0.2819263295870614,-0.1666155901716901
z,rolling_std_390_raw,-0.27671363673674687,-0.16316021607167178
z,rolling_std_390_raw,-0.2715084520178386,-0.1599636447264904
z,rolling_std_390_raw,-0.26631061320409494,-0.15687970862757336
z,rolling_std_390_raw,-0.26111995954851813,-0.1536402474152915
z,rolling_std_390_raw,-0.2559363317436934,-0.1503364019962678
z,rolling_std_390_raw,-0.250759571882916,-0.14703771859945358
z,rolling_std_390_raw,-0.24558952342208085,-0.14385012277337259
z,rolling_std_390_raw,-0.24042603114230793,-0.14062206357345833
z,rolling_std_390_raw,-0.2352689411132797,-0.13734258412875236
z,rolling_std_390_raw,-0.23011810065726568,-0.1342055616231966
z,rolling_std_390_raw,-0.22497335831381154,-0.13108600222542052
z,rolling_std_390_raw,-0.2198345638050687,-0.12797097544756877
z,rolling_std_390_raw,-0.21470156800174453,-0.12487984307855232
z,rolling_std_390_raw,-0.20957422288964928,-0.12178745788254342
z,rolling_std_390_raw,-0.2044523815368209,-0.11871564482913065
z,rolling_std_390_raw,-0.1993358980612069,-0.11566614191958517
z,rolling_std_390_raw,-0.1942246275988834,-0.11259234923904778
z,rolling_std_390_raw,-0.1891184262727925,-0.10940604645962079
z,rolling_std_390_raw,-0.1840171511619796,-0.10627441343327769
z,rolling_std_390_raw,-0.17892066027131207,-0.10326440905534878
z,rolling_std_390_raw,-0.1738288125016624,-0.10032297626892514
z,rolling_std_390_raw,-0.16874146762053802,-0.09728478146901018
z,rolling_std_390_raw,-0.16365848623314122,-0.0943621763807019
z,rolling_std_390_raw,-0.15857972975384346,-0.09140134408494008
z,rolling_std_390_raw,-0.15350506037805708,-0.08839200972754235
z,rolling_std_390_raw,-0.14843434105448977,-0.0852404246065381
z,rolling_std_390_raw,-0.14336743545776665,-0.08203636289832159
z,rolling_std_390_raw,-0.1383042079614045,-0.0789320690678444
z,rolling_std_390_raw,-0.13324452361112382,-0.07571809649344925
z,rolling_std_390_raw,-0.12818824809848547,-0.07250993153896942
z,rolling_std_390_raw,-0.1231352477348365,-0.06931388186914429
z,rolling_std_390_raw,-0.11808538942555283,-0.0660841749978263
z,rolling_std_390_raw,-0.11303854064456507,-0.06287600969961192
z,rolling_std_390_raw,-0.10799456940915403,-0.05950860661710581
z,rolling_std_390_raw,-0.1029533442550038,-0.05612038496931081
z,rolling_std_390_raw,-0.09791473421149931,-0.05264006971540773
z,rolling_std_390_raw,-0.09287860877725637,-0.04897663560102372
z,rolling_std_390_raw,-0.08784483789587168,-0.04540841987847214
z,rolling_std_390_raw,-0.08281329193188118,-0.0415505167071143
z,rolling_std_390_raw,-0.07778384164691525,-0.03724499076093517
z,rolling_std_390_raw,-0.07275635817603748,-0.03242231407728397
z,rolling_std_390_raw,-0.06773071300425916,-0.025274594076110254
z,rolling_std_390_raw,-0.06270677794321383,-0.001290653625613672
z,rolling_std_390_raw,-0.05768442510798417,-0.001290653625613672
z,rolling_std_390_raw,-0.05266352689406846,-0.001290653625613672
z,rolling_std_390_raw,-0.04764395595447656,-0.001290653625613672
z,rolling_std_390_raw,-0.04262558517694437,-0.001290653625613672
z,rolling_std_390_raw,-0.037608287661255936,-0.001290653625613672
z,rolling_std_390_raw,-0.032591936696663076,-0.001290653625613672
z,rolling_std_390_raw,-0.027576405739391723,-0.001290653625613672
z,rolling_std_390_raw,-0.022561568390224718,-0.001290653625613672
z,rolling_std_390_raw,-0.017547298372150796,-0.001290653625613672
z,rolling_std_390_raw,-0.012533469508069278,-0.001290653625613672
z,rolling_std_390_raw,-0.007519955698540525,-0.001290653625613672
z,rolling_std_390_raw,-0.0025066308995717666,-0.001290653625613672
z,rolling_std_390_raw,0.0025066308995717666,-0.001290653625613672
z,rolling_std_390_raw,0.007519955698540525,-0.001290653625613672
z,rolling_std_390_raw,0.012533469508069278,-0.001290653625613672
z,rolling_std_390_raw,0.017547298372150796,-0.001290653625613672
z,rolling_std_390_raw,0.022561568390224718,-0.001290653625613672
z,rolling_std_390_raw,0.027576405739391723,-0.001290653625613672
z,rolling_std_390_raw,0.032591936696663076,-0.001290653625613672
z,rolling_std_390_raw,0.037608287661255936,-0.001290653625613672
z,rolling_std_390_raw,0.04262558517694437,-0.001290653625613672
z,rolling_std_390_raw,0.04764395595447656,0.02614355934224801
z,rolling_std_390_raw,0.05266352689406846,0.03204125431883486
z,rolling_std_390_raw,0.05768442510798417,0.03672541815774914
z,rolling_std_390_raw,0.06270677794321383,0.04077990327903321
z,rolling_std_390_raw,0.06773071300425916,0.04435970334112448
z,rolling_std_390_raw,0.07275635817603748,0.04801817071060137
z,rolling_std_390_raw,0.07778384164691525,0.05156930525216099
z,rolling_std_390_raw,0.08281329193188132,0.05508266742507535
z,rolling_std_390_raw,0.08784483789587182,0.05842260865801757
z,rolling_std_390_raw,0.09287860877725654,0.06153668614916347
z,rolling_std_390_raw,0.09791473421149946,0.06476153746673523
z,rolling_std_390_raw,0.10295334425500394,0.06793712215881031
z,rolling_std_390_raw,0.1079945694091542,0.07110968312628685
z,rolling_std_390_raw,0.11303854064456521,0.07426156034946053
z,rolling_std_390_raw,0.11808538942555302,0.07728649795342978
z,rolling_std_390_raw,0.12313524773483664,0.0803594020994537
z,rolling_std_390_raw,0.1281882480984856,0.08356999727198895
z,rolling_std_390_raw,0.13324452361112396,0.08669225694543806
z,rolling_std_390_raw,0.13830420796140463,0.08970753845035755
z,rolling_std_390_raw,0.14336743545776678,0.09265680375604769
z,rolling_std_390_raw,0.1484343410544899,0.09562142707455831
z,rolling_std_390_raw,0.15350506037805722,0.09864420598562672
z,rolling_std_390_raw,0.15857972975384332,0.10166000729099332
z,rolling_std_390_raw,0.16365848623314108,0.10473541899216415
z,rolling_std_390_raw,0.16874146762053788,0.1077898828499219
z,rolling_std_390_raw,0.17382881250166224,0.11087024499925781
z,rolling_std_390_raw,0.17892066027131193,0.1139088042107505
z,rolling_std_390_raw,0.18401715116197945,0.11700017187276901
z,rolling_std_390_raw,0.18911842627279238,0.11997065759694768
z,rolling_std_390_raw,0.1942246275988833,0.1230560979131433
z,rolling_std_390_raw,0.19933589806120677,0.12617537549746638
z,rolling_std_390_raw,0.20445238153682072,0.12922824927545296
z,rolling_std_390_raw,0.2095742228896491,0.13237027380680813
z,rolling_std_390_raw,0.2147015680017444,0.1354558083009807
z,rolling_std_390_raw,0.21983456380506858,0.1386447030070862
z,rolling_std_390_raw,0.22497335831381138,0.14182796873641032
z,rolling_std_390_raw,0.23011810065726557,0.1450481996422006
z,rolling_std_390_raw,0.23526894111327962,0.1483381280624873
z,rolling_std_390_raw,0.24042603114230793,0.15160550029360234
z,rolling_std_390_raw,0.24558952342208085,0.15466060593627634
z,rolling_std_390_raw,0.250759571882916,0.15788089465777574
z,rolling_std_390_raw,0.2559363317436934,0.16101187861650104
z,rolling_std_390_raw,0.26111995954851813,0.1644882216121226
z,rolling_std_390_raw,0.26631061320409494,0.16787245359779265
z,rolling_std_390_raw,0.2715084520178386,0.17114133048766697
z,rolling_std_390_raw,0.27671363673674687,0.17455761246891097
z,rolling_std_390_raw,0.2819263295870614,0.177879576411918
z,rolling_std_390_raw,0.28714669431474543,0.18125883647456253
z,rolling_std_390_raw,0.2923748962268042,0.18476173510219904
z,rolling_std_390_raw,0.2976111022334798,0.18815781580136348
z,rolling_std_390_raw,0.30285548089134917,0.1916564848568897
z,rolling_std_390_raw,0.3081082024473549,0.19520698868198547
z,rolling_std_390_raw,0.31336943888380603,0.19876960292446028
z,rolling_std_390_raw,0.31863936396437514,0.20237024106899248
z,rolling_std_390_raw,0.323918153281133,0.20589169399383678
z,rolling_std_390_raw,0.32920598430265113,0.2094181974552504
z,rolling_std_390_raw,0.3345030364232122,0.21306596877692377
z,rolling_std_390_raw,0.3398094910131667,0.2166061435588329
z,rolling_std_390_raw,0.34512553147047226,0.22012192000897843
z,rolling_std_390_raw,0.35045134327346134,0.2236797677131542
z,rolling_std_390_raw,0.3557871140348752,0.2271261813761186
z,rolling_std_390_raw,0.36113303355721227,0.23064958808937608
z,rolling_std_390_raw,0.36648929388943363,0.23415617428258986
z,rolling_std_390_raw,0.3718560893850747,0.2376877688782703
z,rolling_std_390_raw,0.37723361676181155,0.2412326952444795
z,rolling_std_390_raw,0.3826220751625341,0.24494537808861472
z,rolling_std_390_raw,0.38802166621797707,0.24853533554846324
z,rolling_std_390_raw,0.3934325941109666,0.25231629241020487
z,rolling_std_390_raw,0.39885506564233686,0.256071860313498
z,rolling_std_390_raw,0.40428929029857885,0.2598851778348603
z,rolling_std_390_raw,0.4097354803212812,0.26368272065998094
z,rolling_std_390_raw,0.41519385077842685,0.26745905368307743
z,rolling_std_390_raw,0.4206646196376157,0.2712417481245756
z,rolling_std_390_raw,0.42614800784127826,0.27497191287461326
z,rolling_std_390_raw,0.43164423938395613,0.27862760409983867
z,rolling_std_390_raw,0.43715354139172224,0.2825820333848672
z,rolling_std_390_raw,0.44267614420382156,0.28661023111933154
z,rolling_std_390_raw,0.44821228145660913,0.29050155792424875
z,rolling_std_390_raw,0.4537621901698796,0.294440233118834
z,rolling_std_390_raw,0.45932611083566305,0.29844375824311503
z,rolling_std_390_raw,0.46490428750959456,0.30242841582913954
z,rolling_std_390_raw,0.4704969679049415,0.3062571100200442
z,rolling_std_390_raw,0.47610440348939514,0.3101466258723469
z,rolling_std_390_raw,0.48172684958473033,0.31402596445406317
z,rolling_std_390_raw,0.4873645654694408,0.31799718518090897
z,rolling_std_390_raw,0.4930178144844647,0.3220686344845752
z,rolling_std_390_raw,0.49868686414212166,0.3262567401804751
z,rolling_std_390_raw,0.5043719862383814,0.33044780009943486
z,rolling_std_390_raw,0.5100734569685945,0.33455307182133576
z,rolling_std_390_raw,0.5157915570468273,0.3387389556799231
z,rolling_std_390_raw,0.521526571828932,0.3428675867627883
z,rolling_std_390_raw,0.5272787914395082,0.3469894352249944
z,rolling_std_390_raw,0.5330485109029087,0.35121937270324494
z,rolling_std_390_raw,0.5388360302784502,0.3553201076904358
z,rolling_std_390_raw,0.544641654799999,0.3594245085634718
z,rolling_std_390_raw,0.5504656950201124,0.36372559655258896
z,rolling_std_390_raw,0.5563084669589181,0.36812576949031006
z,rolling_std_390_raw,0.5621702922579263,0.37243097128106195
z,rolling_std_390_raw,0.5680514983389827,0.3768715294289909
z,rolling_std_390_raw,0.5739524185685733,0.38130778863070025
z,rolling_std_390_raw,0.5798733924277044,0.3856357424633241
z,rolling_std_390_raw,0.5858147656875988,0.3900385555452649
z,rolling_std_390_raw,0.5917768905914464,0.39462070364471513
z,rolling_std_390_raw,0.5977601260424784,0.3992123082639072
z,rolling_std_390_raw,0.6037648377986299,0.4037188682253294
z,rolling_std_390_raw,0.6097913986740797,0.4083811214215219
z,rolling_std_390_raw,0.6158401887479719,0.4131904061569946
z,rolling_std_390_raw,0.6219115955806241,0.4179765093280298
z,rolling_std_390_raw,0.6280060144375696,0.4225811536899743
z,rolling_std_390_raw,0.6341238485217698,0.42750940722471864
z,rolling_std_390_raw,0.6402655092143741,0.4323238460873992
z,rolling_std_390_raw,0.6464314163244075,0.4372139649600426
z,rolling_std_390_raw,0.652621998347801,0.4420565228633205
z,rolling_std_390_raw,0.6588376927361879,0.4468370283156601
z,rolling_std_390_raw,0.6650789461759234,0.4517798261343148
z,rolling_std_390_raw,0.6713462148778053,0.4566019307974033
z,rolling_std_390_raw,0.6776399648779956,0.46153638031047206
z,rolling_std_390_raw,0.6839606723506823,0.46650393528040685
z,rolling_std_390_raw,0.690308823933034,0.4714285381355042
z,rolling_std_390_raw,0.6966849170630507,0.47637057652893205
z,rolling_std_390_raw,0.7030894603309286,0.48142499719593335
z,rolling_std_390_raw,0.7095229738446082,0.48665275291341503
z,rolling_std_390_raw,0.7159859896102049,0.49198964992412964
z,rolling_std_390_raw,0.7224790519280627,0.4972565524631912
z,rolling_std_390_raw,0.7290027178052185,0.5025715541764952
z,rolling_std_390_raw,0.7355575573851106,0.5079144091967086
z,rolling_std_390_raw,0.7421441543954094,0.5132471407528787
z,rolling_std_390_raw,0.7487631066149087,0.5186404064501818
z,rolling_std_390_raw,0.7554150263604693,0.5242394510829419
z,rolling_std_390_raw,0.7621005409950667,0.5297616154412049
z,rolling_std_390_raw,0.7688202934580621,0.5351750893968482
z,rolling_std_390_raw,0.7755749428188843,0.5406481408351079
z,rolling_std_390_raw,0.7823651648553872,0.5462077428426882
z,rolling_std_390_raw,0.7891916526582223,0.5519415171054826
z,rolling_std_390_raw,0.7960551172626629,0.5575832445582295
z,rolling_std_390_raw,0.8029562883093937,0.56345050978144
z,rolling_std_390_raw,0.809895914735898,0.569384726967217
z,rolling_std_390_raw,0.8168747655001637,0.5755265276353121
z,rolling_std_390_raw,0.8238936303385576,0.5815718564144335
z,rolling_std_390_raw,0.830953320559838,0.5874736135616733
z,rolling_std_390_raw,0.8380546698774067,0.5936138725365014
z,rolling_std_390_raw,0.84519853528205,0.5998200713235431
z,rolling_std_390_raw,0.8523857979575752,0.6061023841216769
z,rolling_std_390_raw,0.8596173642419117,0.6124339352655717
z,rolling_std_390_raw,0.866894166636438,0.6185837166399647
z,rolling_std_390_raw,0.8742171648664836,0.6248785093062412
z,rolling_std_390_raw,0.8815873469961749,0.6314037662042502
z,rolling_std_390_raw,0.8890057306010245,0.6377122999706383
z,rolling_std_390_raw,0.8964733640019159,0.6441859498877914
z,rolling_std_390_raw,0.9039913275644013,0.6507484170981065
z,rolling_std_390_raw,0.9115607350675405,0.6576065308587465
z,rolling_std_390_raw,0.9191827351468197,0.6644557021731315
z,rolling_std_390_raw,0.9268585128160437,0.6714096066837586
z,rolling_std_390_raw,0.9345892910734798,0.6783705200260032
z,rolling_std_390_raw,0.9423763325979503,0.6854262875118196
z,rolling_std_390_raw,0.9502209415410151,0.692277135226894
z,rolling_std_390_raw,0.9581244654219027,0.6996813507782856
z,rolling_std_390_raw,0.9660882971323729,0.7068939336411616
z,rolling_std_390_raw,0.974113877059309,0.7142407511175727
z,rolling_std_390_raw,0.9822026953334697,0.7216087527634824
z,rolling_std_390_raw,0.9903562942135747,0.7288241844020642
z,rolling_std_390_raw,0.9985762706156596,0.736495423058478
z,rolling_std_390_raw,1.0068642787985222,0.7442252579633092
z,rolling_std_390_raw,1.015222033217028,0.7521845912014895
z,rolling_std_390_raw,1.0236513115560881,0.7600606235256196
z,rolling_std_390_raw,1.032153957959306,0.7680421825037672
z,rolling_std_390_raw,1.0407318864675446,0.7762227152737382
z,rolling_std_390_raw,1.0493870846841045,0.7845996005757907
z,rolling_std_390_raw,1.058121617684777,0.7927467234219636
z,rolling_std_390_raw,1.0669376321927655,0.8011255860610715
z,rolling_std_390_raw,1.0758373610404315,0.8098021718063414
z,rolling_std_390_raw,1.0848231279419567,0.818648871590012
z,rolling_std_390_raw,1.0938973526034377,0.8276286702136861
z,rolling_std_390_raw,1.1030625561995975,0.8364335670912916
z,rolling_std_390_raw,1.1123213672493113,0.8453594074299182
z,rolling_std_390_raw,1.1216765279254888,0.8547371509253247
z,rolling_std_390_raw,1.131130900838633,0.8642671812800076
z,rolling_std_390_raw,1.140687476337622,0.8738757517356245
z,rolling_std_390_raw,1.1503493803760079,0.883802355027677
z,rolling_std_390_raw,1.1601198829975194,0.8935508489898071
z,rolling_std_390_raw,1.1700024075004787,0.9037507633321987
z,rolling_std_390_raw,1.180000540347729,0.9139491071153745
z,rolling_std_390_raw,1.1901180418964235,0.9242017707622152
z,rolling_std_390_raw,1.200358858030859,0.9346140771379482
z,rolling_std_390_raw,1.2107271327915974,0.9453304746033205
z,rolling_std_390_raw,1.2212272221055693,0.9565836001815923
z,rolling_std_390_raw,1.2318637087349833,0.9680106379161133
z,rolling_std_390_raw,1.242641418577882,0.9792430516455269
z,rolling_std_390_raw,1.2535654384704509,0.9910651226884053
z,rolling_std_390_raw,1.2646411356610803,1.0025976197925128
z,rolling_std_390_raw,1.2758741791491297,1.0149438070060146
z,rolling_std_390_raw,1.2872705631079415,1.0271300157940475
z,rolling_std_390_raw,1.2988366326425054,1.0397353128853792
z,rolling_std_390_raw,1.310579112168129,1.0525909686718076
z,rolling_std_390_raw,1.3225051367384355,1.0660602727447626
z,rolling_std_390_raw,1.3346222867001933,1.0791799085330047
z,rolling_std_390_raw,1.3469386261102796,1.092675353103865
z,rolling_std_390_raw,1.3594627454182584,1.1067590837934336
z,rolling_std_390_raw,1.3722038089987263,1.121146470271941
z,rolling_std_390_raw,1.3851716082134358,1.1357782454545708
z,rolling_std_390_raw,1.398376620797496,1.151061113112803
z,rolling_std_390_raw,1.4118300775008088,1.166199235475954
z,rolling_std_390_raw,1.4255440370804517,1.1817200933993848
z,rolling_std_390_raw,1.439531470938456,1.198407507627515
z,rolling_std_390_raw,1.453806358940575,1.215295294383035
z,rolling_std_390_raw,1.4683837982456598,1.2328192185564832
z,rolling_std_390_raw,1.483280127335621,1.2516417262620432
z,rolling_std_390_raw,1.4985130678799756,1.2704745716656578
z,rolling_std_390_raw,1.514101887619284,1.2897635323961827
z,rolling_std_390_raw,1.530067588137829,1.3093654150101135
z,rolling_std_390_raw,1.5464331222567471,1.3297161389850287
z,rolling_std_390_raw,1.5632236468662757,1.3504712668501515
z,rolling_std_390_raw,1.580466818399361,1.3724587659600962
z,rolling_std_390_raw,1.5981931399228169,1.3952525390053074
z,rolling_std_390_raw,1.6164363711150211,1.419385873108789
z,rolling_std_390_raw,1.635234015388649,1.4438116531047371
z,rolling_std_390_raw,1.654627902351077,1.4704133037078668
z,rolling_std_390_raw,1.6746648890243248,1.4976511446551954
z,rolling_std_390_raw,1.6953977102721358,1.5262247181077768
z,rolling_std_390_raw,1.7168860184310404,1.5557886771462912
z,rolling_std_390_raw,1.7391976652852514,1.5883067872423724
z,rolling_std_390_raw,1.7624102978623888,1.6214376943018556
z,rolling_std_390_raw,1.7866133654934697,1.6569089242870751
z,rolling_std_390_raw,1.8119106729525971,1.6940157774689266
z,rolling_std_390_raw,1.8384236692477764,1.734516195866316
z,rolling_std_390_raw,1.8662957434581071,1.7770405989498923
z,rolling_std_390_raw,1.895697923991838,1.823854294605294
z,rolling_std_390_raw,1.9268365732639101,1.872959528224209
z,rolling_std_390_raw,1.9599639845400536,1.927100996291203
z,rolling_std_390_raw,1.9953933101678243,1.9853310713985746
z,rolling_std_390_raw,2.0335201492530506,2.0510274020974535
z,rolling_std_390_raw,2.0748547343933095,2.124254292254604
z,rolling_std_390_raw,2.1200716897421503,2.206851054491652
z,rolling_std_390_raw,2.17009037758456,2.3024946008485823
z,rolling_std_390_raw,2.2262117693171737,2.4121998010541956
z,rolling_std_390_raw,2.290367877855267,2.5481779338248827
z,rolling_std_390_raw,2.365618126864292,2.714631361250554
z,rolling_std_390_raw,2.457263390205436,2.9298219390586655
z,rolling_std_390_raw,2.5758293035489,3.235197084441832
z,rolling_std_390_raw,2.7477813854449917,3.744418878166232
z,rolling_std_390_raw,3.090232306167813,5.014376167421681
z,ewma_20_raw,-3.090232306167813,-4.729325796695161
z,ewma_20_raw,-2.747781385444993,-3.5379731474105918
z,ewma_20_raw,-2.5758293035489,-3.084324485579618
z,ewma_20_raw,-2.4572633902054375,-2.8104076257143413
z,ewma_20_raw,-2.365618126864292,-2.6282705159174093
z,ewma_20_raw,-2.290367877855267,-2.482408500436148
z,ewma_20_raw,-2.226211769317175,-2.364682860955937
z,ewma_20_raw,-2.17009037758456,-2.269102498952494
z,ewma_20_raw,-2.1200716897421503,-2.1879954259370025
z,ewma_20_raw,-2.0748547343933095,-2.117474340260335
z,ewma_20_raw,-2.0335201492530506,-2.0522762128251
z,ewma_20_raw,-1.9953933101678247,-1.9954377716427654
z,ewma_20_raw,-1.9599639845400538,-1.9432988018942075
z,ewma_20_raw,-1.9268365732639106,-1.8975467125075083
z,ewma_20_raw,-1.8956979239918383,-1.853623139427547
z,ewma_20_raw,-1.8662957434581073,-1.8132416650753413
z,ewma_20_raw,-1.8384236692477767,-1.7753481912092821
z,ewma_20_raw,-1.8119106729525978,-1.7406172123480008
z,ewma_20_raw,-1.78661336549347,-1.706842239641469
z,ewma_20_raw,-1.7624102978623895,-1.675165006225153
z,ewma_20_raw,-1.7391976652852517,-1.645515246752291
z,ewma_20_raw,-1.7168860184310404,-1.6171969043543055
z,ewma_20_raw,-1.6953977102721358,-1.590586633289137
z,ewma_20_raw,-1.6746648890243252,-1.5646588665326517
z,ewma_20_raw,-1.6546279023510773,-1.5400491757329189
z,ewma_20_raw,-1.63523401538865,-1.516274608513708
z,ewma_20_raw,-1.6164363711150214,-1.4936360298141855
z,ewma_20_raw,-1.5981931399228173,-1.4717996446827641
z,ewma_20_raw,-1.5804668183993618,-1.4504926677147458
z,ewma_20_raw,-1.563223646866276,-1.4301508500893052
z,ewma_20_raw,-1.5464331222567476,-1.4111119624522275
z,ewma_20_raw,-1.530067588137828,-1.3923928408610635
z,ewma_20_raw,-1.5141018876192833,-1.3740607322534006
z,ewma_20_raw,-1.4985130678799752,-1.355855759677786
z,ewma_20_raw,-1.4832801273356204,-1.3379914680805753
z,ewma_20_raw,-1.4683837982456598,-1.3209315455792563
z,ewma_20_raw,-1.4538063589405745,-1.304636384078934
z,ewma_20_raw,-1.4395314709384557,-1.2888848638748267
z,ewma_20_raw,-1.4255440370804515,-1.2733333295853086
z,ewma_20_raw,-1.4118300775008081,-1.2582913117357921
z,ewma_20_raw,-1.398376620797495,-1.2434517295423086
z,ewma_20_raw,-1.3851716082134353,-1.2288058343612367
z,ewma_20_raw,-1.3722038089987258,-1.214743304442179
z,ewma_20_raw,-1.3594627454182584,-1.2008947439501285
z,ewma_20_raw,-1.3469386261102796,-1.1870356832508737
z,ewma_20_raw,-1.3346222867001933,-1.1738089058202994
z,ewma_20_raw,-1.3225051367384355,-1.1606074354065656
z,ewma_20_raw,-1.310579112168129,-1.1478765761987983
z,ewma_20_raw,-1.2988366326425054,-1.1355982296023084
z,ewma_20_raw,-1.2872705631079415,-1.1236179632285774
z,ewma_20_raw,-1.2758741791491297,-1.1117053501609697
z,ewma_20_raw,-1.2646411356610803,-1.1003275986025982
z,ewma_20_raw,-1.2535654384704509,-1.089063743452755
z,ewma_20_raw,-1.242641418577882,-1.0780666712637177
z,ewma_20_raw,-1.2318637087349833,-1.0670719295794107
z,ewma_20_raw,-1.2212272221055693,-1.0561493144129726
z,ewma_20_raw,-1.2107271327915974,-1.0453114122159342
z,ewma_20_raw,-1.200358858030859,-1.034990705216989
z,ewma_20_raw,-1.1901180418964235,-1.0246547290938903
z,ewma_20_raw,-1.180000540347729,-1.0143394234512744
z,ewma_20_raw,-1.1700024075004787,-1.0044702273420911
z,ewma_20_raw,-1.1601198829975194,-0.9948432985418627
z,ewma_20_raw,-1.1503493803760079,-0.9853361789533079
z,ewma_20_raw,-1.140687476337622,-0.9755730681755891
z,ewma_20_raw,-1.131130900838633,-0.9661786688106689
z,ewma_20_raw,-1.1216765279254888,-0.9567821893545972
z,ewma_20_raw,-1.1123213672493113,-0.9474732664382923
z,ewma_20_raw,-1.1030625561995975,-0.9382481942336403
z,ewma_20_raw,-1.0938973526034377,-0.9294385387205883
z,ewma_20_raw,-1.0848231279419567,-0.920705270252245
z,ewma_20_raw,-1.0758373610404315,-0.9118886649379733
z,ewma_20_raw,-1.0669376321927655,-0.9034252919163516
z,ewma_20_raw,-1.058121617684777,-0.8949641814104073
z,ewma_20_raw,-1.0493870846841045,-0.8866737557583056
z,ewma_20_raw,-1.0407318864675446,-0.8782744964320607
z,ewma_20_raw,-1.032153957959306,-0.8701049537220308
z,ewma_20_raw,-1.0236513115560881,-0.8621352276161635
z,ewma_20_raw,-1.015222033217028,-0.8543058691155755
z,ewma_20_raw,-1.0068642787985222,-0.8464722897290504
z,ewma_20_raw,-0.9985762706156596,-0.8385687811064325
z,ewma_20_raw,-0.9903562942135747,-0.8307509059375127
z,ewma_20_raw,-0.9822026953334697,-0.8229683767083783
z,ewma_20_raw,-0.974113877059309,-0.815444744199853
z,ewma_20_raw,-0.9660882971323729,-0.8079097233924923
z,ewma_20_raw,-0.9581244654219027,-0.8005827068525001
z,ewma_20_raw,-0.9502209415410151,-0.7929441589460788
z,ewma_20_raw,-0.9423763325979505,-0.7858111597136814
z,ewma_20_raw,-0.9345892910734802,-0.7784751551264247
z,ewma_20_raw,-0.9268585128160437,-0.7713877379641872
z,ewma_20_raw,-0.9191827351468197,-0.7641798849388602
z,ewma_20_raw,-0.9115607350675407,-0.7571142637475136
z,ewma_20_raw,-0.9039913275644016,-0.7500374705161907
z,ewma_20_raw,-0.8964733640019162,-0.7431596088754953
z,ewma_20_raw,-0.8890057306010248,-0.7363102784238321
z,ewma_20_raw,-0.8815873469961746,-0.7296849931564453
z,ewma_20_raw,-0.8742171648664834,-0.7228876599094779
z,ewma_20_raw,-0.8668941666364379,-0.7162654996977312
z,ewma_20_raw,-0.8596173642419114,-0.7097595742535058
z,ewma_20_raw,-0.852385797957575,-0.7032987146717745
z,ewma_20_raw,-0.8451985352820499,-0.6967199510390624
z,ewma_20_raw,-0.8380546698774065,-0.690048059530211
z,ewma_20_raw,-0.8309533205598377,-0.6836025520896888
z,ewma_20_raw,-0.8238936303385576,-0.677191420381788
z,ewma_20_raw,-0.8168747655001637,-0.6709817490675769
z,ewma_20_raw,-0.809895914735898,-0.664771493138115
z,ewma_20_raw,-0.8029562883093937,-0.6585071884873753
z,ewma_20_raw,-0.7960551172626629,-0.6522307056564028
z,ewma_20_raw,-0.7891916526582223,-0.6461136296450638
z,ewma_20_raw,-0.7823651648553872,-0.6398908440845564
z,ewma_20_raw,-0.7755749428188843,-0.6338807943545566
z,ewma_20_raw,-0.7688202934580621,-0.627887255104059
z,ewma_20_raw,-0.7621005409950667,-0.6220889641247848
z,ewma_20_raw,-0.7554150263604693,-0.6163892428646094
z,ewma_20_raw,-0.7487631066149087,-0.6104837115168705
z,ewma_20_raw,-0.7421441543954094,-0.6047954893588273
z,ewma_20_raw,-0.7355575573851106,-0.5988352355572313
z,ewma_20_raw,-0.7290027178052185,-0.5931552148682883
z,ewma_20_raw,-0.7224790519280627,-0.5873895358990945
z,ewma_20_raw,-0.7159859896102049,-0.5816337189090375
z,ewma_20_raw,-0.7095229738446082,-0.5759994371990396
z,ewma_20_raw,-0.7030894603309286,-0.5703712201823327
z,ewma_20_raw,-0.6966849170630507,-0.5647674147298196
z,ewma_20_raw,-0.690308823933034,-0.559301693308755
z,ewma_20_raw,-0.6839606723506823,-0.5537474532993402
z,ewma_20_raw,-0.6776399648779956,-0.54834773539211
z,ewma_20_raw,-0.6713462148778053,-0.5427992189020642
z,ewma_20_raw,-0.6650789461759234,-0.5371781053368612
z,ewma_20_raw,-0.6588376927361879,-0.5318220573001166
z,ewma_20_raw,-0.652621998347801,-0.5262930419005533
z,ewma_20_raw,-0.6464314163244075,-0.5208620339216308
z,ewma_20_raw,-0.6402655092143741,-0.5153845227314632
z,ewma_20_raw,-0.6341238485217698,-0.5102903640961711
z,ewma_20_raw,-0.6280060144375696,-0.5049990667948728
z,ewma_20_raw,-0.6219115955806241,-0.49966358737781713
z,ewma_20_raw,-0.6158401887479719,-0.49449357322073817
z,ewma_20_raw,-0.6097913986740797,-0.4893863887739161
z,ewma_20_raw,-0.6037648377986299,-0.4843081861010705
z,ewma_20_raw,-0.5977601260424784,-0.47918672699276943
z,ewma_20_raw,-0.5917768905914464,-0.4740427418455788
z,ewma_20_raw,-0.5858147656875988,-0.4689883364733869
z,ewma_20_raw,-0.5798733924277044,-0.4640738716200495
z,ewma_20_raw,-0.5739524185685735,-0.45902094489761525
z,ewma_20_raw,-0.5680514983389829,-0.45409903854009365
z,ewma_20_raw,-0.5621702922579264,-0.44911233645916737
z,ewma_20_raw,-0.5563084669589183,-0.4441327126173841
z,ewma_20_raw,-0.5504656950201127,-0.43912217991314545
z,ewma_20_raw,-0.5446416547999992,-0.4341636102242037
z,ewma_20_raw,-0.5388360302784503,-0.42907659272862486
z,ewma_20_raw,-0.5330485109029091,-0.42412231945084894
z,ewma_20_raw,-0.5272787914395083,-0.4192064550787884
z,ewma_20_raw,-0.5215265718289321,-0.4143399641353469
z,ewma_20_raw,-0.5157915570468274,-0.4095056402865927
z,ewma_20_raw,-0.5100734569685947,-0.40453998779813005
z,ewma_20_raw,-0.5043719862383813,-0.3997347171584365
z,ewma_20_raw,-0.49868686414212227,-0.3950157085361218
z,ewma_20_raw,-0.4930178144844647,-0.3902629648600244
z,ewma_20_raw,-0.48736456546944074,-0.3856146154406793
z,ewma_20_raw,-0.4817268495847302,-0.38088704602574314
z,ewma_20_raw,-0.47610440348939487,-0.3760854908509278
z,ewma_20_raw,-0.4704969679049413,-0.37154059768800063
z,ewma_20_raw,-0.4649042875095944,-0.36700033595056636
z,ewma_20_raw,-0.4593261108356628,-0.3624089810579988
z,ewma_20_raw,-0.4537621901698793,-0.35778208538162537
z,ewma_20_raw,-0.448212281456609,-0.3530942608667443
z,ewma_20_raw,-0.4426761442038212,-0.3485549442507301
z,ewma_20_raw,-0.43715354139172213,-0.3438542833218976
z,ewma_20_raw,-0.431644239383956,-0.3392484464945849
z,ewma_20_raw,-0.4261480078412781,-0.33471682590646834
z,ewma_20_raw,-0.4206646196376155,-0.33013252291995404
z,ewma_20_raw,-0.41519385077842663,-0.32555302167798233
z,ewma_20_raw,-0.40973548032128104,-0.3210523119953326
z,ewma_20_raw,-0.4042892902985787,-0.3166989326265081
z,ewma_20_raw,-0.39885506564233686,-0.3120364679767527
z,ewma_20_raw,-0.3934325941109666,-0.3076439742195656
z,ewma_20_raw,-0.38802166621797707,-0.3031771577494458
z,ewma_20_raw,-0.3826220751625341,-0.29874938166128906
z,ewma_20_raw,-0.37723361676181155,-0.29434280195530804
z,ewma_20_raw,-0.3718560893850747,-0.2899276348951029
z,ewma_20_raw,-0.36648929388943363,-0.2854518051441007
z,ewma_20_raw,-0.36113303355721227,-0.2809992348864338
z,ewma_20_raw,-0.3557871140348752,-0.27657538971033063
z,ewma_20_raw,-0.35045134327346134,-0.2722767569964783
z,ewma_20_raw,-0.34512553147047226,-0.26802005277434465
z,ewma_20_raw,-0.3398094910131667,-0.2637455677649956
z,ewma_20_raw,-0.3345030364232122,-0.25950973110491266
z,ewma_20_raw,-0.32920598430265113,-0.2551719262242817
z,ewma_20_raw,-0.323918153281133,-0.25081184242571053
z,ewma_20_raw,-0.31863936396437514,-0.2465569381757406
z,ewma_20_raw,-0.31336943888380603,-0.2423600324283111
z,ewma_20_raw,-0.3081082024473549,-0.23806245851911795
z,ewma_20_raw,-0.30285548089134917,-0.23375094064654078
z,ewma_20_raw,-0.2976111022334798,-0.22956387578472454
z,ewma_20_raw,-0.2923748962268042,-0.22535484226268318
z,ewma_20_raw,-0.28714669431474543,-0.2211493262678652
z,ewma_20_raw,-0.2819263295870614,-0.21688163020054757
z,ewma_20_raw,-0.27671363673674687,-0.21289294022681485
z,ewma_20_raw,-0.2715084520178386,-0.2087869682760776
z,ewma_20_raw,-0.26631061320409494,-0.20469334017597796
z,ewma_20_raw,-0.26111995954851813,-0.20066751012911566
z,ewma_20_raw,-0.2559363317436934,-0.19657292196704826
z,ewma_20_raw,-0.250759571882916,-0.19258558155426683
z,ewma_20_raw,-0.24558952342208085,-0.18846256459344854
z,ewma_20_raw,-0.24042603114230793,-0.18444975391113363
z,ewma_20_raw,-0.2352689411132797,-0.180529094588514
z,ewma_20_raw,-0.23011810065726568,-0.17650445654060223
z,ewma_20_raw,-0.22497335831381154,-0.17246034560780207
z,ewma_20_raw,-0.2198345638050687,-0.1683804996466552
z,ewma_20_raw,-0.21470156800174453,-0.16433254833796074
z,ewma_20_raw,-0.20957422288964928,-0.16033576087427187
z,ewma_20_raw,-0.2044523815368209,-0.15627162688598134
z,ewma_20_raw,-0.1993358980612069,-0.15232449345925236
z,ewma_20_raw,-0.1942246275988834,-0.14831102194066378
z,ewma_20_raw,-0.1891184262727925,-0.14432303881204683
z,ewma_20_raw,-0.1840171511619796,-0.1403337044630808
z,ewma_20_raw,-0.17892066027131207,-0.13647446878552724
z,ewma_20_raw,-0.1738288125016624,-0.13258975975052661
z,ewma_20_raw,-0.16874146762053802,-0.12862976207736518
z,ewma_20_raw,-0.16365848623314122,-0.12458628930225243
z,ewma_20_raw,-0.15857972975384346,-0.12061436052847814
z,ewma_20_raw,-0.15350506037805708,-0.11651411955844014
z,ewma_20_raw,-0.14843434105448977,-0.11242646298894635
z,ewma_20_raw,-0.14336743545776665,-0.10834942200043686
z,ewma_20_raw,-0.1383042079614045,-0.1044401917691033
z,ewma_20_raw,-0.13324452361112382,-0.1005197838700552
z,ewma_20_raw,-0.12818824809848547,-0.09655787286722119
z,ewma_20_raw,-0.1231352477348365,-0.09233109919450726
z,ewma_20_raw,-0.11808538942555283,-0.0881841156225286
z,ewma_20_raw,-0.11303854064456507,-0.08394255539061066
z,ewma_20_raw,-0.10799456940915403,-0.0794595143476036
z,ewma_20_raw,-0.1029533442550038,-0.07473449753966785
z,ewma_20_raw,-0.09791473421149931,-0.0699145965708375
z,ewma_20_raw,-0.09287860877725637,-0.06488718240285732
z,ewma_20_raw,-0.08784483789587168,-0.0596608908460851
z,ewma_20_raw,-0.08281329193188118,-0.0539696429719943
z,ewma_20_raw,-0.07778384164691525,-0.04764374014774795
z,ewma_20_raw,-0.07275635817603748,-0.0400157794149328
z,ewma_20_raw,-0.06773071300425916,-0.029576255452836504
z,ewma_20_raw,-0.06270677794321383,-0.0021912400844165112
z,ewma_20_raw,-0.05768442510798417,-0.0021912400844165112
z,ewma_20_raw,-0.05266352689406846,-0.0021912400844165112
z,ewma_20_raw,-0.04764395595447656,-0.0021912400844165112
z,ewma_20_raw,-0.04262558517694437,-0.0021912400844165112
z,ewma_20_raw,-0.037608287661255936,-0.0021912400844165112
z,ewma_20_raw,-0.032591936696663076,-0.0021912400844165112
z,ewma_20_raw,-0.027576405739391723,-0.0021912400844165112
z,ewma_20_raw,-0.022561568390224718,-0.0021912400844165112
z,ewma_20_raw,-0.017547298372150796,-0.0021912400844165112
z,ewma_20_raw,-0.012533469508069278,-0.0021912400844165112
z,ewma_20_raw,-0.007519955698540525,-0.0021912400844165112
z,ewma_20_raw,-0.0025066308995717666,-0.0021912400844165112
z,ewma_20_raw,0.0025066308995717666,-0.0021912400844165112
z,ewma_20_raw,0.007519955698540525,-0.0021912400844165112
z,ewma_20_raw,0.012533469508069278,-0.0021912400844165112
z,ewma_20_raw,0.017547298372150796,-0.0021912400844165112
z,ewma_20_raw,0.022561568390224718,-0.0021912400844165112
z,ewma_20_raw,0.027576405739391723,-0.0021912400844165112
z,ewma_20_raw,0.032591936696663076,-0.0021912400844165112
z,ewma_20_raw,0.037608287661255936,-0.0021912400844165112
z,ewma_20_raw,0.04262558517694437,-0.0021912400844165112
z,ewma_20_raw,0.04764395595447656,0.030221102666665122
z,ewma_20_raw,0.05266352689406846,0.03939462775795336
z,ewma_20_raw,0.05768442510798417,0.046395086316035415
z,ewma_20_raw,0.06270677794321383,0.052270706706076156
z,ewma_20_raw,0.06773071300425916,0.05774106418638254
z,ewma_20_raw,0.07275635817603748,0.06298720769598735
z,ewma_20_raw,0.07778384164691525,0.06785530656895247
z,ewma_20_raw,0.08281329193188132,0.07250167806559724
z,ewma_20_raw,0.08784483789587182,0.07702998276442141
z,ewma_20_raw,0.09287860877725654,0.08145685331361908
z,ewma_20_raw,0.09791473421149946,0.08565294765690387
z,ewma_20_raw,0.10295334425500394,0.08970638454046287
z,ewma_20_raw,0.1079945694091542,0.09376488479919039
z,ewma_20_raw,0.11303854064456521,0.09783488205305074
z,ewma_20_raw,0.11808538942555302,0.10182398201044564
z,ewma_20_raw,0.12313524773483664,0.10593681026177967
z,ewma_20_raw,0.1281882480984856,0.10983329232846739
z,ewma_20_raw,0.13324452361112396,0.11369630311935494
z,ewma_20_raw,0.13830420796140463,0.11766830046053517
z,ewma_20_raw,0.14336743545776678,0.12151579748390934
z,ewma_20_raw,0.1484343410544899,0.125473604509919
z,ewma_20_raw,0.15350506037805722,0.12931867430371166
z,ewma_20_raw,0.15857972975384332,0.1332427996858595
z,ewma_20_raw,0.16365848623314108,0.13707396694479393
z,ewma_20_raw,0.16874146762053788,0.1411209456085501
z,ewma_20_raw,0.17382881250166224,0.14504676515770945
z,ewma_20_raw,0.17892066027131193,0.1490891214948895
z,ewma_20_raw,0.18401715116197945,0.15302550187091138
z,ewma_20_raw,0.18911842627279238,0.15709957896065105
z,ewma_20_raw,0.1942246275988833,0.16106756004873057
z,ewma_20_raw,0.19933589806120677,0.1650512433889469
z,ewma_20_raw,0.20445238153682072,0.16903174565898918
z,ewma_20_raw,0.2095742228896491,0.1730875026892528
z,ewma_20_raw,0.2147015680017444,0.17711769586623596
z,ewma_20_raw,0.21983456380506858,0.1811508093318907
z,ewma_20_raw,0.22497335831381138,0.18520361832350818
z,ewma_20_raw,0.23011810065726557,0.18914455951946454
z,ewma_20_raw,0.23526894111327962,0.19329428907702664
z,ewma_20_raw,0.24042603114230793,0.19734886097924328
z,ewma_20_raw,0.24558952342208085,0.20142332141443992
z,ewma_20_raw,0.250759571882916,0.2055109106408156
z,ewma_20_raw,0.2559363317436934,0.20963385761967682
z,ewma_20_raw,0.26111995954851813,0.2137629348861116
z,ewma_20_raw,0.26631061320409494,0.21793681543473833
z,ewma_20_raw,0.2715084520178386,0.22218226359961155
z,ewma_20_raw,0.27671363673674687,0.22642202694955835
z,ewma_20_raw,0.2819263295870614,0.23068350812583927
z,ewma_20_raw,0.28714669431474543,0.23482937603947437
z,ewma_20_raw,0.2923748962268042,0.23898456537114887
z,ewma_20_raw,0.2976111022334798,0.24316985827645704
z,ewma_20_raw,0.30285548089134917,0.24745368738621182
z,ewma_20_raw,0.3081082024473549,0.2516711036054926
z,ewma_20_raw,0.31336943888380603,0.2560189148512512
z,ewma_20_raw,0.31863936396437514,0.26025379917852415
z,ewma_20_raw,0.323918153281133,0.2645693138965283
z,ewma_20_raw,0.32920598430265113,0.26885521436976445
z,ewma_20_raw,0.3345030364232122,0.2732754763323305
z,ewma_20_raw,0.3398094910131667,0.2775886367597356
z,ewma_20_raw,0.34512553147047226,0.2819183158083107
z,ewma_20_raw,0.35045134327346134,0.28622850830824265
z,ewma_20_raw,0.3557871140348752,0.2906098558236647
z,ewma_20_raw,0.36113303355721227,0.29498310939911576
z,ewma_20_raw,0.36648929388943363,0.2994649281229303
z,ewma_20_raw,0.3718560893850747,0.30397266610355267
z,ewma_20_raw,0.37723361676181155,0.30838330403119557
z,ewma_20_raw,0.3826220751625341,0.31281237940367634
z,ewma_20_raw,0.38802166621797707,0.31724324244308
z,ewma_20_raw,0.3934325941109666,0.32170422591653564
z,ewma_20_raw,0.39885506564233686,0.32607921951243385
z,ewma_20_raw,0.40428929029857885,0.33055359379391114
z,ewma_20_raw,0.4097354803212812,0.33495050177972785
z,ewma_20_raw,0.41519385077842685,0.33949932611100364
z,ewma_20_raw,0.4206646196376157,0.3441121903597078
z,ewma_20_raw,0.42614800784127826,0.3486727247976594
z,ewma_20_raw,0.43164423938395613,0.3532100205710235
z,ewma_20_raw,0.43715354139172224,0.357725128506628
z,ewma_20_raw,0.44267614420382156,0.36227655953751603
z,ewma_20_raw,0.44821228145660913,0.3669398152784821
z,ewma_20_raw,0.4537621901698796,0.3715354194149746
z,ewma_20_raw,0.45932611083566305,0.37607427054010434
z,ewma_20_raw,0.46490428750959456,0.38070870367483056
z,ewma_20_raw,0.4704969679049415,0.38533573020489115
z,ewma_20_raw,0.47610440348939514,0.3898493134701386
z,ewma_20_raw,0.48172684958473033,0.394492259747775
z,ewma_20_raw,0.4873645654694408,0.3991814571198452
z,ewma_20_raw,0.4930178144844647,0.40390734085078794
z,ewma_20_raw,0.49868686414212166,0.408635595707663
z,ewma_20_raw,0.5043719862383814,0.4133737401907252
z,ewma_20_raw,0.5100734569685945,0.41817542939655905
z,ewma_20_raw,0.5157915570468273,0.4229065064438629
z,ewma_20_raw,0.521526571828932,0.42760884091609264
z,ewma_20_raw,0.5272787914395082,0.4325122227064948
z,ewma_20_raw,0.5330485109029087,0.4373004170624582
z,ewma_20_raw,0.5388360302784502,0.44227327691035
z,ewma_20_raw,0.544641654799999,0.447208776574498
z,ewma_20_raw,0.5504656950201124,0.45212855735772967
z,ewma_20_raw,0.5563084669589181,0.4570594100145549
z,ewma_20_raw,0.5621702922579263,0.46194449624008477
z,ewma_20_raw,0.5680514983389827,0.4669014289125758
z,ewma_20_raw,0.5739524185685733,0.4718595839833192
z,ewma_20_raw,0.5798733924277044,0.4769212427972867
z,ewma_20_raw,0.5858147656875988,0.48191416034106044
z,ewma_20_raw,0.5917768905914464,0.4869504171811982
z,ewma_20_raw,0.5977601260424784,0.4920272219058127
z,ewma_20_raw,0.6037648377986299,0.4970536608426428
z,ewma_20_raw,0.6097913986740797,0.5021218825714222
z,ewma_20_raw,0.6158401887479719,0.5073868254540118
z,ewma_20_raw,0.6219115955806241,0.5125698967540306
z,ewma_20_raw,0.6280060144375696,0.5176337618627697
z,ewma_20_raw,0.6341238485217698,0.5229072070183446
z,ewma_20_raw,0.6402655092143741,0.5281104377155668
z,ewma_20_raw,0.6464314163244075,0.5335173279449225
z,ewma_20_raw,0.652621998347801,0.5388830450402619
z,ewma_20_raw,0.6588376927361879,0.5442901597087026
z,ewma_20_raw,0.6650789461759234,0.5495164456168373
z,ewma_20_raw,0.6713462148778053,0.5550015267863555
z,ewma_20_raw,0.6776399648779956,0.5603966467938115
z,ewma_20_raw,0.6839606723506823,0.5659026923989238
z,ewma_20_raw,0.690308823933034,0.5714672282181423
z,ewma_20_raw,0.6966849170630507,0.5769648858125028
z,ewma_20_raw,0.7030894603309286,0.5825276930282424
z,ewma_20_raw,0.7095229738446082,0.5882156569618524
z,ewma_20_raw,0.7159859896102049,0.5938914802121029
z,ewma_20_raw,0.7224790519280627,0.5995568028207637
z,ewma_20_raw,0.7290027178052185,0.6050182827769904
z,ewma_20_raw,0.7355575573851106,0.6107119174514198
z,ewma_20_raw,0.7421441543954094,0.6165646647272486
z,ewma_20_raw,0.7487631066149087,0.6222312877504736
z,ewma_20_raw,0.7554150263604693,0.6280249901375553
z,ewma_20_raw,0.7621005409950667,0.6336409348411035
z,ewma_20_raw,0.7688202934580621,0.6394154010316757
z,ewma_20_raw,0.7755749428188843,0.6451364312970346
z,ewma_20_raw,0.7823651648553872,0.6510811417499717
z,ewma_20_raw,0.7891916526582223,0.657336737928759
z,ewma_20_raw,0.7960551172626629,0.6633285546118135
z,ewma_20_raw,0.8029562883093937,0.6693565889975647
z,ewma_20_raw,0.809895914735898,0.6755224995648821
z,ewma_20_raw,0.8168747655001637,0.6817055157360291
z,ewma_20_raw,0.8238936303385576,0.6879757323978011
z,ewma_20_raw,0.830953320559838,0.6942445948441847
z,ewma_20_raw,0.8380546698774067,0.7006282873988587
z,ewma_20_raw,0.84519853528205,0.7068859436393518
z,ewma_20_raw,0.8523857979575752,0.7131965346991961
z,ewma_20_raw,0.8596173642419117,0.7196890712189116
z,ewma_20_raw,0.866894166636438,0.726304703104996
z,ewma_20_raw,0.8742171648664836,0.732793524856096
z,ewma_20_raw,0.8815873469961749,0.7394711869739027
z,ewma_20_raw,0.8890057306010245,0.7459946143559775
z,ewma_20_raw,0.8964733640019159,0.7526143255385654
z,ewma_20_raw,0.9039913275644013,0.7594000776140939
z,ewma_20_raw,0.9115607350675405,0.7660515596321327
z,ewma_20_raw,0.9191827351468197,0.7729101129964228
z,ewma_20_raw,0.9268585128160437,0.7798582840849434
z,ewma_20_raw,0.9345892910734798,0.7867004679438582
z,ewma_20_raw,0.9423763325979503,0.7938924291390977
z,ewma_20_raw,0.9502209415410151,0.8009078372758933
z,ewma_20_raw,0.9581244654219027,0.8081891184639539
z,ewma_20_raw,0.9660882971323729,0.8152945129261621
z,ewma_20_raw,0.974113877059309,0.8225786073111475
z,ewma_20_raw,0.9822026953334697,0.8299141785061153
z,ewma_20_raw,0.9903562942135747,0.8375730724909853
z,ewma_20_raw,0.9985762706156596,0.8451426511680803
z,ewma_20_raw,1.0068642787985222,0.8528671790049861
z,ewma_20_raw,1.015222033217028,0.8608785343288521
z,ewma_20_raw,1.0236513115560881,0.868758577288083
z,ewma_20_raw,1.032153957959306,0.8767120313901589
z,ewma_20_raw,1.0407318864675446,0.8847514316113497
z,ewma_20_raw,1.0493870846841045,0.8927652766048219
z,ewma_20_raw,1.058121617684777,0.9005900788181812
z,ewma_20_raw,1.0669376321927655,0.909028828671563
z,ewma_20_raw,1.0758373610404315,0.9173326685777938
z,ewma_20_raw,1.0848231279419567,0.9256699636936311
z,ewma_20_raw,1.0938973526034377,0.9342427245156675
z,ewma_20_raw,1.1030625561995975,0.942923217891308
z,ewma_20_raw,1.1123213672493113,0.9516332117222376
z,ewma_20_raw,1.1216765279254888,0.9605135160371623
z,ewma_20_raw,1.131130900838633,0.969599466637602
z,ewma_20_raw,1.140687476337622,0.9788174221346552
z,ewma_20_raw,1.1503493803760079,0.9878737113771154
z,ewma_20_raw,1.1601198829975194,0.9969364834297199
z,ewma_20_raw,1.1700024075004787,1.0064936922149896
z,ewma_20_raw,1.180000540347729,1.0163697038466226
z,ewma_20_raw,1.1901180418964235,1.0261908493811536
z,ewma_20_raw,1.200358858030859,1.0358680670205476
z,ewma_20_raw,1.2107271327915974,1.0460544112275492
z,ewma_20_raw,1.2212272221055693,1.0562276650034605
z,ewma_20_raw,1.2318637087349833,1.066574489110793
z,ewma_20_raw,1.242641418577882,1.0768897259829249
z,ewma_20_raw,1.2535654384704509,1.0876294979943388
z,ewma_20_raw,1.2646411356610803,1.0986205568361385
z,ewma_20_raw,1.2758741791491297,1.1095279069409905
z,ewma_20_raw,1.2872705631079415,1.1205008995436667
z,ewma_20_raw,1.2988366326425054,1.1320899794510046
z,ewma_20_raw,1.310579112168129,1.1439942764356388
z,ewma_20_raw,1.3225051367384355,1.1558336190526421
z,ewma_20_raw,1.3346222867001933,1.1680918912354425
z,ewma_20_raw,1.3469386261102796,1.180681903502756
z,ewma_20_raw,1.3594627454182584,1.1933958709264092
z,ewma_20_raw,1.3722038089987263,1.2064667390818027
z,ewma_20_raw,1.3851716082134358,1.2197477773021226
z,ewma_20_raw,1.398376620797496,1.2330824483606027
z,ewma_20_raw,1.4118300775008088,1.2470334150330904
z,ewma_20_raw,1.4255440370804517,1.2613356227178947
z,ewma_20_raw,1.439531470938456,1.2756474461508853
z,ewma_20_raw,1.453806358940575,1.29038298573598
z,ewma_20_raw,1.4683837982456598,1.3059689093872493
z,ewma_20_raw,1.483280127335621,1.321808356601814
z,ewma_20_raw,1.4985130678799756,1.3377677913744654
z,ewma_20_raw,1.514101887619284,1.3547185657653311
z,ewma_20_raw,1.530067588137829,1.3717089716879818
z,ewma_20_raw,1.5464331222567471,1.3898941174523411
z,ewma_20_raw,1.5632236468662757,1.4082843487027186
z,ewma_20_raw,1.580466818399361,1.427225008719408
z,ewma_20_raw,1.5981931399228169,1.4472268205844772
z,ewma_20_raw,1.6164363711150211,1.4676171031801997
z,ewma_20_raw,1.635234015388649,1.488925373606674
z,ewma_20_raw,1.654627902351077,1.510973066061374
z,ewma_20_raw,1.6746648890243248,1.533795895841763
z,ewma_20_raw,1.6953977102721358,1.5580918208316663
z,ewma_20_raw,1.7168860184310404,1.5828836764190037
z,ewma_20_raw,1.7391976652852514,1.609006536403711
z,ewma_20_raw,1.7624102978623888,1.636664183417124
z,ewma_20_raw,1.7866133654934697,1.6656669756093188
z,ewma_20_raw,1.8119106729525971,1.6965891556166108
z,ewma_20_raw,1.8384236692477764,1.7289637393663733
z,ewma_20_raw,1.8662957434581071,1.7637014554164467
z,ewma_20_raw,1.895697923991838,1.8011480092817924
z,ewma_20_raw,1.9268365732639101,1.8427745548029937
z,ewma_20_raw,1.9599639845400536,1.8861499539333
z,ewma_20_raw,1.9953933101678243,1.9323336050703583
z,ewma_20_raw,2.0335201492530506,1.9828771906131464
z,ewma_20_raw,2.0748547343933095,2.0403256199235145
z,ewma_20_raw,2.1200716897421503,2.1044043655912366
z,ewma_20_raw,2.17009037758456,2.1773994224045246
z,ewma_20_raw,2.2262117693171737,2.2651003680420265
z,ewma_20_raw,2.290367877855267,2.3721570265039755
z,ewma_20_raw,2.365618126864292,2.496339515151472
z,ewma_20_raw,2.457263390205436,2.6662069299366733
z,ewma_20_raw,2.5758293035489,2.914226630860081
z,ewma_20_raw,2.7477813854449917,3.3330654683960876
z,ewma_20_raw,3.090232306167813,4.530395105630789
z,ewma_60_raw,-3.090232306167813,-4.937691575196947
z,ewma_60_raw,-2.747781385444993,-3.6790403117549473
z,ewma_60_raw,-2.5758293035489,-3.183349869463407
z,ewma_60_raw,-2.4572633902054375,-2.8930340551061726
z,ewma_60_raw,-2.365618126864292,-2.692070066085317
z,ewma_60_raw,-2.290367877855267,-2.5320594720526555
z,ewma_60_raw,-2.226211769317175,-2.4081847998148733
z,ewma_60_raw,-2.17009037758456,-2.3030764679505746
z,ewma_60_raw,-2.1200716897421503,-2.2129772154090355
z,ewma_60_raw,-2.0748547343933095,-2.1321830328029545
z,ewma_60_raw,-2.0335201492530506,-2.06456478395286
z,ewma_60_raw,-1.9953933101678247,-2.0022018679166846
z,ewma_60_raw,-1.9599639845400538,-1.9474082158813932
z,ewma_60_raw,-1.9268365732639106,-1.8963604854743448
z,ewma_60_raw,-1.8956979239918383,-1.850134231497884
z,ewma_60_raw,-1.8662957434581073,-1.8063867089923908
z,ewma_60_raw,-1.8384236692477767,-1.7655529641218755
z,ewma_60_raw,-1.8119106729525978,-1.72787633178072
z,ewma_60_raw,-1.78661336549347,-1.6929956509825426
z,ewma_60_raw,-1.7624102978623895,-1.6608330982741846
z,ewma_60_raw,-1.7391976652852517,-1.629588361784556
z,ewma_60_raw,-1.7168860184310404,-1.6001478369602162
z,ewma_60_raw,-1.6953977102721358,-1.5713919097275253
z,ewma_60_raw,-1.6746648890243252,-1.5432845541373963
z,ewma_60_raw,-1.6546279023510773,-1.5179429315715096
z,ewma_60_raw,-1.63523401538865,-1.4935542266098922
z,ewma_60_raw,-1.6164363711150214,-1.4701380796584897
z,ewma_60_raw,-1.5981931399228173,-1.4469453322155057
z,ewma_60_raw,-1.5804668183993618,-1.424734403358269
z,ewma_60_raw,-1.563223646866276,-1.403523968457303
z,ewma_60_raw,-1.5464331222567476,-1.382722144080665
z,ewma_60_raw,-1.530067588137828,-1.3629363826214744
z,ewma_60_raw,-1.5141018876192833,-1.3439860431003507
z,ewma_60_raw,-1.4985130678799752,-1.3251550557018714
z,ewma_60_raw,-1.4832801273356204,-1.3066009073460167
z,ewma_60_raw,-1.4683837982456598,-1.2890999127883995
z,ewma_60_raw,-1.4538063589405745,-1.2722759926963236
z,ewma_60_raw,-1.4395314709384557,-1.2554696621205792
z,ewma_60_raw,-1.4255440370804515,-1.2389818754385145
z,ewma_60_raw,-1.4118300775008081,-1.2229403409681532
z,ewma_60_raw,-1.398376620797495,-1.207997397986895
z,ewma_60_raw,-1.3851716082134353,-1.1934755457319746
z,ewma_60_raw,-1.3722038089987258,-1.178744137289903
z,ewma_60_raw,-1.3594627454182584,-1.1644705742825987
z,ewma_60_raw,-1.3469386261102796,-1.1507212333787404
z,ewma_60_raw,-1.3346222867001933,-1.1376076914772841
z,ewma_60_raw,-1.3225051367384355,-1.1246252328644046
z,ewma_60_raw,-1.310579112168129,-1.111874647120719
z,ewma_60_raw,-1.2988366326425054,-1.0994794149969342
z,ewma_60_raw,-1.2872705631079415,-1.0869736728760886
z,ewma_60_raw,-1.2758741791491297,-1.0749800033094596
z,ewma_60_raw,-1.2646411356610803,-1.0633363827763316
z,ewma_60_raw,-1.2535654384704509,-1.0516610752996027
z,ewma_60_raw,-1.242641418577882,-1.0399893113589123
z,ewma_60_raw,-1.2318637087349833,-1.0288609316018196
z,ewma_60_raw,-1.2212272221055693,-1.0178100156842205
z,ewma_60_raw,-1.2107271327915974,-1.0069996825775642
z,ewma_60_raw,-1.200358858030859,-0.9965139948424038
z,ewma_60_raw,-1.1901180418964235,-0.9861414582823013
z,ewma_60_raw,-1.180000540347729,-0.9759542221776496
z,ewma_60_raw,-1.1700024075004787,-0.9660095312438426
z,ewma_60_raw,-1.1601198829975194,-0.9558317481716795
z,ewma_60_raw,-1.1503493803760079,-0.9459821289550775
z,ewma_60_raw,-1.140687476337622,-0.936092343633
z,ewma_60_raw,-1.131130900838633,-0.9266323917742719
z,ewma_60_raw,-1.1216765279254888,-0.9172897797294333
z,ewma_60_raw,-1.1123213672493113,-0.9081562657828864
z,ewma_60_raw,-1.1030625561995975,-0.8990531562572388
z,ewma_60_raw,-1.0938973526034377,-0.890331292048268
z,ewma_60_raw,-1.0848231279419567,-0.8815453944648779
z,ewma_60_raw,-1.0758373610404315,-0.8728432372188784
z,ewma_60_raw,-1.0669376321927655,-0.864453957390142
z,ewma_60_raw,-1.058121617684777,-0.8562177571910697
z,ewma_60_raw,-1.0493870846841045,-0.8478654541961881
z,ewma_60_raw,-1.0407318864675446,-0.8395174700017968
z,ewma_60_raw,-1.032153957959306,-0.8312862206779039
z,ewma_60_raw,-1.0236513115560881,-0.8229261176783723
z,ewma_60_raw,-1.015222033217028,-0.8148937145195022
z,ewma_60_raw,-1.0068642787985222,-0.8068284357041786
z,ewma_60_raw,-0.9985762706156596,-0.7989596902206338
z,ewma_60_raw,-0.9903562942135747,-0.7909058874075862
z,ewma_60_raw,-0.9822026953334697,-0.7832147187748105
z,ewma_60_raw,-0.974113877059309,-0.7754796762983135
z,ewma_60_raw,-0.9660882971323729,-0.7677620831114563
z,ewma_60_raw,-0.9581244654219027,-0.7604860333697425
z,ewma_60_raw,-0.9502209415410151,-0.7531980829306011
z,ewma_60_raw,-0.9423763325979505,-0.7459727446811643
z,ewma_60_raw,-0.9345892910734802,-0.7386916719678154
z,ewma_60_raw,-0.9268585128160437,-0.731591962603737
z,ewma_60_raw,-0.9191827351468197,-0.7244687813976048
z,ewma_60_raw,-0.9115607350675407,-0.7173421502933076
z,ewma_60_raw,-0.9039913275644016,-0.7106596095576998
z,ewma_60_raw,-0.8964733640019162,-0.7038106051814419
z,ewma_60_raw,-0.8890057306010248,-0.6969495324955143
z,ewma_60_raw,-0.8815873469961746,-0.6903463901947524
z,ewma_60_raw,-0.8742171648664834,-0.6836770133688754
z,ewma_60_raw,-0.8668941666364379,-0.6771882340731679
z,ewma_60_raw,-0.8596173642419114,-0.6707671449751449
z,ewma_60_raw,-0.852385797957575,-0.6643448338547556
z,ewma_60_raw,-0.8451985352820499,-0.6578880080932487
z,ewma_60_raw,-0.8380546698774065,-0.6515588791364695
z,ewma_60_raw,-0.8309533205598377,-0.6453366061240289
z,ewma_60_raw,-0.8238936303385576,-0.6392062722137888
z,ewma_60_raw,-0.8168747655001637,-0.6330663141245702
z,ewma_60_raw,-0.809895914735898,-0.6267258716976107
z,ewma_60_raw,-0.8029562883093937,-0.6206906379602034
z,ewma_60_raw,-0.7960551172626629,-0.6144663049062761
z,ewma_60_raw,-0.7891916526582223,-0.608327025160543
z,ewma_60_raw,-0.7823651648553872,-0.6022767182531787
z,ewma_60_raw,-0.7755749428188843,-0.5964282225262141
z,ewma_60_raw,-0.7688202934580621,-0.59057183642807
z,ewma_60_raw,-0.7621005409950667,-0.5846673651602453
z,ewma_60_raw,-0.7554150263604693,-0.5789245349409942
z,ewma_60_raw,-0.7487631066149087,-0.5733213619867216
z,ewma_60_raw,-0.7421441543954094,-0.5676499704020846
z,ewma_60_raw,-0.7355575573851106,-0.5621659322673566
z,ewma_60_raw,-0.7290027178052185,-0.5565955888438493
z,ewma_60_raw,-0.7224790519280627,-0.5510451834763649
z,ewma_60_raw,-0.7159859896102049,-0.5453040644260522
z,ewma_60_raw,-0.7095229738446082,-0.5398097275799727
z,ewma_60_raw,-0.7030894603309286,-0.534308126576538
z,ewma_60_raw,-0.6966849170630507,-0.5287800671121771
z,ewma_60_raw,-0.690308823933034,-0.5235321315386616
z,ewma_60_raw,-0.6839606723506823,-0.5181996079609876
z,ewma_60_raw,-0.6776399648779956,-0.5130548900548841
z,ewma_60_raw,-0.6713462148778053,-0.5076665637936809
z,ewma_60_raw,-0.6650789461759234,-0.5023408069834391
z,ewma_60_raw,-0.6588376927361879,-0.4972444716224986
z,ewma_60_raw,-0.652621998347801,-0.49188889256003443
z,ewma_60_raw,-0.6464314163244075,-0.4866232390077479
z,ewma_60_raw,-0.6402655092143741,-0.4814325356173178
z,ewma_60_raw,-0.6341238485217698,-0.4763762364030462
z,ewma_60_raw,-0.6280060144375696,-0.47118332617985553
z,ewma_60_raw,-0.6219115955806241,-0.4660199337514896
z,ewma_60_raw,-0.6158401887479719,-0.46092021528839383
z,ewma_60_raw,-0.6097913986740797,-0.4559315781341571
z,ewma_60_raw,-0.6037648377986299,-0.45098944894850856
z,ewma_60_raw,-0.5977601260424784,-0.4461037609196879
z,ewma_60_raw,-0.5917768905914464,-0.44114524910781416
z,ewma_60_raw,-0.5858147656875988,-0.43631323293053353
z,ewma_60_raw,-0.5798733924277044,-0.43129945459483404
z,ewma_60_raw,-0.5739524185685735,-0.4265037517983971
z,ewma_60_raw,-0.5680514983389829,-0.42179040419494923
z,ewma_60_raw,-0.5621702922579264,-0.41697269910301543
z,ewma_60_raw,-0.5563084669589183,-0.41220877503035036
z,ewma_60_raw,-0.5504656950201127,-0.4074457499648037
z,ewma_60_raw,-0.5446416547999992,-0.4026661455354473
z,ewma_60_raw,-0.5388360302784503,-0.3980493986722635
z,ewma_60_raw,-0.5330485109029091,-0.39322121556637857
z,ewma_60_raw,-0.5272787914395083,-0.38847619304733644
z,ewma_60_raw,-0.5215265718289321,-0.38384553433272806
z,ewma_60_raw,-0.5157915570468274,-0.37924748270270464
z,ewma_60_raw,-0.5100734569685947,-0.3747775311902876
z,ewma_60_raw,-0.5043719862383813,-0.37029643010845387
z,ewma_60_raw,-0.49868686414212227,-0.36575147890496634
z,ewma_60_raw,-0.4930178144844647,-0.3611223470894223
z,ewma_60_raw,-0.48736456546944074,-0.3566179168055763
z,ewma_60_raw,-0.4817268495847302,-0.351997547957712
z,ewma_60_raw,-0.47610440348939487,-0.34755600408013015
z,ewma_60_raw,-0.4704969679049413,-0.3431814224537269
z,ewma_60_raw,-0.4649042875095944,-0.33882712437395407
z,ewma_60_raw,-0.4593261108356628,-0.3344501611707623
z,ewma_60_raw,-0.4537621901698793,-0.33002841799885124
z,ewma_60_raw,-0.448212281456609,-0.32563620709520297
z,ewma_60_raw,-0.4426761442038212,-0.32131662489133517
z,ewma_60_raw,-0.43715354139172213,-0.31687652674922395
z,ewma_60_raw,-0.431644239383956,-0.3124909129388266
z,ewma_60_raw,-0.4261480078412781,-0.30819882505519336
z,ewma_60_raw,-0.4206646196376155,-0.3039269437174873
z,ewma_60_raw,-0.41519385077842663,-0.29960865147495674
z,ewma_60_raw,-0.40973548032128104,-0.2953123893284711
z,ewma_60_raw,-0.4042892902985787,-0.29121563542088114
z,ewma_60_raw,-0.39885506564233686,-0.28705989951827515
z,ewma_60_raw,-0.3934325941109666,-0.28289829933290384
z,ewma_60_raw,-0.38802166621797707,-0.2787574450732185
z,ewma_60_raw,-0.3826220751625341,-0.274432659018896
z,ewma_60_raw,-0.37723361676181155,-0.27031572311373464
z,ewma_60_raw,-0.3718560893850747,-0.26613171514667455
z,ewma_60_raw,-0.36648929388943363,-0.26197857112166884
z,ewma_60_raw,-0.36113303355721227,-0.257827420008879
z,ewma_60_raw,-0.3557871140348752,-0.25359410707900604
z,ewma_60_raw,-0.35045134327346134,-0.2494506599221186
z,ewma_60_raw,-0.34512553147047226,-0.24538603475880966
z,ewma_60_raw,-0.3398094910131667,-0.2413106474975356
z,ewma_60_raw,-0.3345030364232122,-0.23723598615866762
z,ewma_60_raw,-0.32920598430265113,-0.23320650619580136
z,ewma_60_raw,-0.323918153281133,-0.22927558860161704
z,ewma_60_raw,-0.31863936396437514,-0.22535482255473835
z,ewma_60_raw,-0.31336943888380603,-0.2214934263419967
z,ewma_60_raw,-0.3081082024473549,-0.2175843730978505
z,ewma_60_raw,-0.30285548089134917,-0.21372746595664813
z,ewma_60_raw,-0.2976111022334798,-0.20981962772462862
z,ewma_60_raw,-0.2923748962268042,-0.2060259147413965
z,ewma_60_raw,-0.28714669431474543,-0.20219407094104946
z,ewma_60_raw,-0.2819263295870614,-0.19829767236845566
z,ewma_60_raw,-0.27671363673674687,-0.19442345123699117
z,ewma_60_raw,-0.2715084520178386,-0.19050674051167202
z,ewma_60_raw,-0.26631061320409494,-0.18671345468782566
z,ewma_60_raw,-0.26111995954851813,-0.1829352619230149
z,ewma_60_raw,-0.2559363317436934,-0.17925339942780555
z,ewma_60_raw,-0.250759571882916,-0.17555457801294777
z,ewma_60_raw,-0.24558952342208085,-0.17180699975636268
z,ewma_60_raw,-0.24042603114230793,-0.1681346485957617
z,ewma_60_raw,-0.2352689411132797,-0.16425787543240106
z,ewma_60_raw,-0.23011810065726568,-0.1604648095904513
z,ewma_60_raw,-0.22497335831381154,-0.15676838657133757
z,ewma_60_raw,-0.2198345638050687,-0.1531013490192398
z,ewma_60_raw,-0.21470156800174453,-0.14944425037590509
z,ewma_60_raw,-0.20957422288964928,-0.14578693368363582
z,ewma_60_raw,-0.2044523815368209,-0.14209977564179332
z,ewma_60_raw,-0.1993358980612069,-0.13846398936787488
z,ewma_60_raw,-0.1942246275988834,-0.13475328937763337
z,ewma_60_raw,-0.1891184262727925,-0.13104179696236992
z,ewma_60_raw,-0.1840171511619796,-0.12734158334995874
z,ewma_60_raw,-0.17892066027131207,-0.1236206956076106
z,ewma_60_raw,-0.1738288125016624,-0.12008335507475401
z,ewma_60_raw,-0.16874146762053802,-0.11657423068830912
z,ewma_60_raw,-0.16365848623314122,-0.11311290241182685
z,ewma_60_raw,-0.15857972975384346,-0.10956684031406447
z,ewma_60_raw,-0.15350506037805708,-0.10599262158053693
z,ewma_60_raw,-0.14843434105448977,-0.1024388677711508
z,ewma_60_raw,-0.14336743545776665,-0.09880588798897623
z,ewma_60_raw,-0.1383042079614045,-0.09524008094231498
z,ewma_60_raw,-0.13324452361112382,-0.09162085439094354
z,ewma_60_raw,-0.12818824809848547,-0.08805225834885719
z,ewma_60_raw,-0.1231352477348365,-0.0842322648420261
z,ewma_60_raw,-0.11808538942555283,-0.08036491745379831
z,ewma_60_raw,-0.11303854064456507,-0.07645968240317624
z,ewma_60_raw,-0.10799456940915403,-0.07251918378643858
z,ewma_60_raw,-0.1029533442550038,-0.06843701033129979
z,ewma_60_raw,-0.09791473421149931,-0.06413113271975823
z,ewma_60_raw,-0.09287860877725637,-0.05966149224271406
z,ewma_60_raw,-0.08784483789587168,-0.055101195121928494
z,ewma_60_raw,-0.08281329193188118,-0.05004599718447866
z,ewma_60_raw,-0.07778384164691525,-0.04457274046291108
z,ewma_60_raw,-0.07275635817603748,-0.03799082085701715
z,ewma_60_raw,-0.06773071300425916,-0.029093101064797854
z,ewma_60_raw,-0.06270677794321383,-0.0017073324307186797
z,ewma_60_raw,-0.05768442510798417,-0.0017073324307186797
z,ewma_60_raw,-0.05266352689406846,-0.0017073324307186797
z,ewma_60_raw,-0.04764395595447656,-0.0017073324307186797
z,ewma_60_raw,-0.04262558517694437,-0.0017073324307186797
z,ewma_60_raw,-0.037608287661255936,-0.0017073324307186797
z,ewma_60_raw,-0.032591936696663076,-0.0017073324307186797
z,ewma_60_raw,-0.027576405739391723,-0.0017073324307186797
z,ewma_60_raw,-0.022561568390224718,-0.0017073324307186797
z,ewma_60_raw,-0.017547298372150796,-0.0017073324307186797
z,ewma_60_raw,-0.012533469508069278,-0.0017073324307186797
z,ewma_60_raw,-0.007519955698540525,-0.0017073324307186797
z,ewma_60_raw,-0.0025066308995717666,-0.0017073324307186797
z,ewma_60_raw,0.0025066308995717666,-0.0017073324307186797
z,ewma_60_raw,0.007519955698540525,-0.0017073324307186797
z,ewma_60_raw,0.012533469508069278,-0.0017073324307186797
z,ewma_60_raw,0.017547298372150796,-0.0017073324307186797
z,ewma_60_raw,0.022561568390224718,-0.0017073324307186797
z,ewma_60_raw,0.027576405739391723,-0.0017073324307186797
z,ewma_60_raw,0.032591936696663076,-0.0017073324307186797
z,ewma_60_raw,0.037608287661255936,-0.0017073324307186797
z,ewma_60_raw,0.04262558517694437,-0.0017073324307186797
z,ewma_60_raw,0.04764395595447656,0.029934930384734285
z,ewma_60_raw,0.05266352689406846,0.03771535835932093
z,ewma_60_raw,0.05768442510798417,0.04384057741796481
z,ewma_60_raw,0.06270677794321383,0.04903048093463135
z,ewma_60_raw,0.06773071300425916,0.05385330638722149
z,ewma_60_raw,0.07275635817603748,0.05830072713294531
z,ewma_60_raw,0.07778384164691525,0.0625734149907683
z,ewma_60_raw,0.08281329193188132,0.06681045815011735
z,ewma_60_raw,0.08784483789587182,0.070701664349964
z,ewma_60_raw,0.09287860877725654,0.07465563654689016
z,ewma_60_raw,0.09791473421149946,0.07848671229167026
z,ewma_60_raw,0.10295334425500394,0.08219665019824837
z,ewma_60_raw,0.1079945694091542,0.08585799546282441
z,ewma_60_raw,0.11303854064456521,0.08949212937400347
z,ewma_60_raw,0.11808538942555302,0.09303253990976242
z,ewma_60_raw,0.12313524773483664,0.09653740119628246
z,ewma_60_raw,0.1281882480984856,0.10012830725111631
z,ewma_60_raw,0.13324452361112396,0.10364809702177517
z,ewma_60_raw,0.13830420796140463,0.10708268597330192
z,ewma_60_raw,0.14336743545776678,0.11064765104781914
z,ewma_60_raw,0.1484343410544899,0.11428580835856847
z,ewma_60_raw,0.15350506037805722,0.11771318921722698
z,ewma_60_raw,0.15857972975384332,0.12122818240748277
z,ewma_60_raw,0.16365848623314108,0.12477584091827769
z,ewma_60_raw,0.16874146762053788,0.12846745326972497
z,ewma_60_raw,0.17382881250166224,0.13214055494217536
z,ewma_60_raw,0.17892066027131193,0.135906785112228
z,ewma_60_raw,0.18401715116197945,0.13949626826945108
z,ewma_60_raw,0.18911842627279238,0.1431344589528565
z,ewma_60_raw,0.1942246275988833,0.14682350891875112
z,ewma_60_raw,0.19933589806120677,0.15051764925236033
z,ewma_60_raw,0.20445238153682072,0.1542025446185522
z,ewma_60_raw,0.2095742228896491,0.15799291249874295
z,ewma_60_raw,0.2147015680017444,0.161722404496837
z,ewma_60_raw,0.21983456380506858,0.1654468638376968
z,ewma_60_raw,0.22497335831381138,0.16921221916253953
z,ewma_60_raw,0.23011810065726557,0.1729986991547195
z,ewma_60_raw,0.23526894111327962,0.17677102628892208
z,ewma_60_raw,0.24042603114230793,0.18055945525503575
z,ewma_60_raw,0.24558952342208085,0.18431195664694786
z,ewma_60_raw,0.250759571882916,0.1881411634686295
z,ewma_60_raw,0.2559363317436934,0.1919478094544606
z,ewma_60_raw,0.26111995954851813,0.19580788984626873
z,ewma_60_raw,0.26631061320409494,0.19970116041903058
z,ewma_60_raw,0.2715084520178386,0.2036151118751955
z,ewma_60_raw,0.27671363673674687,0.20754586182293042
z,ewma_60_raw,0.2819263295870614,0.2114173989642947
z,ewma_60_raw,0.28714669431474543,0.21537127762620994
z,ewma_60_raw,0.2923748962268042,0.21925379992936386
z,ewma_60_raw,0.2976111022334798,0.22313192961268044
z,ewma_60_raw,0.30285548089134917,0.2269649996880395
z,ewma_60_raw,0.3081082024473549,0.23088845463431304
z,ewma_60_raw,0.31336943888380603,0.23480984095037372
z,ewma_60_raw,0.31863936396437514,0.23894939117073627
z,ewma_60_raw,0.323918153281133,0.24306679236455903
z,ewma_60_raw,0.32920598430265113,0.24710234547310328
z,ewma_60_raw,0.3345030364232122,0.25108895354280997
z,ewma_60_raw,0.3398094910131667,0.2551405673059242
z,ewma_60_raw,0.34512553147047226,0.25935368326748043
z,ewma_60_raw,0.35045134327346134,0.26352441162027807
z,ewma_60_raw,0.3557871140348752,0.2677316845737835
z,ewma_60_raw,0.36113303355721227,0.271910147382231
z,ewma_60_raw,0.36648929388943363,0.27594223040668603
z,ewma_60_raw,0.3718560893850747,0.2800785068704902
z,ewma_60_raw,0.37723361676181155,0.2841322480290361
z,ewma_60_raw,0.3826220751625341,0.28836830154733567
z,ewma_60_raw,0.38802166621797707,0.29250609305972713
z,ewma_60_raw,0.3934325941109666,0.296678991418384
z,ewma_60_raw,0.39885506564233686,0.3009555971926187
z,ewma_60_raw,0.40428929029857885,0.3050635138264483
z,ewma_60_raw,0.4097354803212812,0.3093055099413354
z,ewma_60_raw,0.41519385077842685,0.3136450938506102
z,ewma_60_raw,0.4206646196376157,0.31791995579323407
z,ewma_60_raw,0.42614800784127826,0.32232791888747775
z,ewma_60_raw,0.43164423938395613,0.32658451958198226
z,ewma_60_raw,0.43715354139172224,0.3310293597789758
z,ewma_60_raw,0.44267614420382156,0.33539586464940113
z,ewma_60_raw,0.44821228145660913,0.33961955294622764
z,ewma_60_raw,0.4537621901698796,0.3438883579685873
z,ewma_60_raw,0.45932611083566305,0.34825066869282384
z,ewma_60_raw,0.46490428750959456,0.3526777348213368
z,ewma_60_raw,0.4704969679049415,0.3570981308731976
z,ewma_60_raw,0.47610440348939514,0.3615400773292992
z,ewma_60_raw,0.48172684958473033,0.36588255888544247
z,ewma_60_raw,0.4873645654694408,0.37038781647774405
z,ewma_60_raw,0.4930178144844647,0.37474923779217106
z,ewma_60_raw,0.49868686414212166,0.3792092463732505
z,ewma_60_raw,0.5043719862383814,0.38380503485797535
z,ewma_60_raw,0.5100734569685945,0.38835019576179847
z,ewma_60_raw,0.5157915570468273,0.3929712064728843
z,ewma_60_raw,0.521526571828932,0.3975798990626768
z,ewma_60_raw,0.5272787914395082,0.4022309348970256
z,ewma_60_raw,0.5330485109029087,0.4069567605434221
z,ewma_60_raw,0.5388360302784502,0.41156726563322904
z,ewma_60_raw,0.544641654799999,0.4162398233357176
z,ewma_60_raw,0.5504656950201124,0.4208040888201542
z,ewma_60_raw,0.5563084669589181,0.4254220931213562
z,ewma_60_raw,0.5621702922579263,0.4302318946979168
z,ewma_60_raw,0.5680514983389827,0.43492109293541303
z,ewma_60_raw,0.5739524185685733,0.4397670453347276
z,ewma_60_raw,0.5798733924277044,0.444476772300696
z,ewma_60_raw,0.5858147656875988,0.4492498014003895
z,ewma_60_raw,0.5917768905914464,0.45410609857844136
z,ewma_60_raw,0.5977601260424784,0.4589243398281526
z,ewma_60_raw,0.6037648377986299,0.46371794223535934
z,ewma_60_raw,0.6097913986740797,0.4686770181217759
z,ewma_60_raw,0.6158401887479719,0.4736938783389094
z,ewma_60_raw,0.6219115955806241,0.47878616076260144
z,ewma_60_raw,0.6280060144375696,0.48389534715590005
z,ewma_60_raw,0.6341238485217698,0.489074330754863
z,ewma_60_raw,0.6402655092143741,0.49403079876756273
z,ewma_60_raw,0.6464314163244075,0.49903511598391354
z,ewma_60_raw,0.652621998347801,0.5041605672524204
z,ewma_60_raw,0.6588376927361879,0.5093304619530175
z,ewma_60_raw,0.6650789461759234,0.5145753017948819
z,ewma_60_raw,0.6713462148778053,0.5199127240650047
z,ewma_60_raw,0.6776399648779956,0.5250757808235414
z,ewma_60_raw,0.6839606723506823,0.5302903622006028
z,ewma_60_raw,0.690308823933034,0.5356705919244967
z,ewma_60_raw,0.6966849170630507,0.541191584438746
z,ewma_60_raw,0.7030894603309286,0.5466351336245343
z,ewma_60_raw,0.7095229738446082,0.5520051049259962
z,ewma_60_raw,0.7159859896102049,0.5575049576387048
z,ewma_60_raw,0.7224790519280627,0.5630678213549519
z,ewma_60_raw,0.7290027178052185,0.568507892478157
z,ewma_60_raw,0.7355575573851106,0.5740848449693468
z,ewma_60_raw,0.7421441543954094,0.5795837174807982
z,ewma_60_raw,0.7487631066149087,0.5852495444615825
z,ewma_60_raw,0.7554150263604693,0.5906813366854038
z,ewma_60_raw,0.7621005409950667,0.5964874399639798
z,ewma_60_raw,0.7688202934580621,0.6024044394983279
z,ewma_60_raw,0.7755749428188843,0.6082442354354518
z,ewma_60_raw,0.7823651648553872,0.6140674151816575
z,ewma_60_raw,0.7891916526582223,0.6199504145692687
z,ewma_60_raw,0.7960551172626629,0.6261107193063418
z,ewma_60_raw,0.8029562883093937,0.6321201170812838
z,ewma_60_raw,0.809895914735898,0.6381579085113173
z,ewma_60_raw,0.8168747655001637,0.6441451591545552
z,ewma_60_raw,0.8238936303385576,0.6503583566520871
z,ewma_60_raw,0.830953320559838,0.6564527820078513
z,ewma_60_raw,0.8380546698774067,0.6626424960823805
z,ewma_60_raw,0.84519853528205,0.668955740626435
z,ewma_60_raw,0.8523857979575752,0.6750632839311284
z,ewma_60_raw,0.8596173642419117,0.6814438327283227
z,ewma_60_raw,0.866894166636438,0.6876773607107716
z,ewma_60_raw,0.8742171648664836,0.6942861864250763
z,ewma_60_raw,0.8815873469961749,0.7008698510032159
z,ewma_60_raw,0.8890057306010245,0.7073491048919417
z,ewma_60_raw,0.8964733640019159,0.7140599163100644
z,ewma_60_raw,0.9039913275644013,0.7208239779204607
z,ewma_60_raw,0.9115607350675405,0.7276236892967175
z,ewma_60_raw,0.9191827351468197,0.7344613696796946
z,ewma_60_raw,0.9268585128160437,0.741316747946459
z,ewma_60_raw,0.9345892910734798,0.748335716303112
z,ewma_60_raw,0.9423763325979503,0.7552363140855781
z,ewma_60_raw,0.9502209415410151,0.7623333203149923
z,ewma_60_raw,0.9581244654219027,0.7693335279988016
z,ewma_60_raw,0.9660882971323729,0.7765502860620945
z,ewma_60_raw,0.974113877059309,0.7839080945486647
z,ewma_60_raw,0.9822026953334697,0.7914915877084443
z,ewma_60_raw,0.9903562942135747,0.7991614797683105
z,ewma_60_raw,0.9985762706156596,0.8069415621589994
z,ewma_60_raw,1.0068642787985222,0.814400582265342
z,ewma_60_raw,1.015222033217028,0.8223186957308289
z,ewma_60_raw,1.0236513115560881,0.8304101508887687
z,ewma_60_raw,1.032153957959306,0.83823977843922
z,ewma_60_raw,1.0407318864675446,0.8462726204057608
z,ewma_60_raw,1.0493870846841045,0.8542335269801675
z,ewma_60_raw,1.058121617684777,0.8625207405503583
z,ewma_60_raw,1.0669376321927655,0.87078174088187
z,ewma_60_raw,1.0758373610404315,0.8788819831838378
z,ewma_60_raw,1.0848231279419567,0.8874390632559903
z,ewma_60_raw,1.0938973526034377,0.8960322380572794
z,ewma_60_raw,1.1030625561995975,0.9045911942999703
z,ewma_60_raw,1.1123213672493113,0.9132347039709329
z,ewma_60_raw,1.1216765279254888,0.9223803808017587
z,ewma_60_raw,1.131130900838633,0.9311526314120501
z,ewma_60_raw,1.140687476337622,0.9403309746292324
z,ewma_60_raw,1.1503493803760079,0.9496130471296911
z,ewma_60_raw,1.1601198829975194,0.9588926499084323
z,ewma_60_raw,1.1700024075004787,0.9687658932168512
z,ewma_60_raw,1.180000540347729,0.9784680921122673
z,ewma_60_raw,1.1901180418964235,0.9883625421094984
z,ewma_60_raw,1.200358858030859,0.9984268640869831
z,ewma_60_raw,1.2107271327915974,1.008555752986773
z,ewma_60_raw,1.2212272221055693,1.0188403295678905
z,ewma_60_raw,1.2318637087349833,1.029738113448697
z,ewma_60_raw,1.242641418577882,1.0405447874542553
z,ewma_60_raw,1.2535654384704509,1.051356161157719
z,ewma_60_raw,1.2646411356610803,1.0626650619164837
z,ewma_60_raw,1.2758741791491297,1.0742165080419348
z,ewma_60_raw,1.2872705631079415,1.085936474027099
z,ewma_60_raw,1.2988366326425054,1.0975444717938223
z,ewma_60_raw,1.310579112168129,1.109507743858229
z,ewma_60_raw,1.3225051367384355,1.1220499833132822
z,ewma_60_raw,1.3346222867001933,1.1344367806341944
z,ewma_60_raw,1.3469386261102796,1.14742940418978
z,ewma_60_raw,1.3594627454182584,1.1606353643444736
z,ewma_60_raw,1.3722038089987263,1.1743810236775039
z,ewma_60_raw,1.3851716082134358,1.188344527549576
z,ewma_60_raw,1.398376620797496,1.202482213815113
z,ewma_60_raw,1.4118300775008088,1.2170543617418839
z,ewma_60_raw,1.4255440370804517,1.2317781741966232
z,ewma_60_raw,1.439531470938456,1.2468993164115565
z,ewma_60_raw,1.453806358940575,1.2628145270984614
z,ewma_60_raw,1.4683837982456598,1.2788199959590634
z,ewma_60_raw,1.483280127335621,1.2951692106942385
z,ewma_60_raw,1.4985130678799756,1.3121177921808884
z,ewma_60_raw,1.514101887619284,1.3296711317013974
z,ewma_60_raw,1.530067588137829,1.3476447422608377
z,ewma_60_raw,1.5464331222567471,1.3659338975045658
z,ewma_60_raw,1.5632236468662757,1.3852954753587123
z,ewma_60_raw,1.580466818399361,1.405234909413698
z,ewma_60_raw,1.5981931399228169,1.4256661815735416
z,ewma_60_raw,1.6164363711150211,1.4468181242137281
z,ewma_60_raw,1.635234015388649,1.4682709211187575
z,ewma_60_raw,1.654627902351077,1.4912641789283945
z,ewma_60_raw,1.6746648890243248,1.5154669412590112
z,ewma_60_raw,1.6953977102721358,1.5410767938020598
z,ewma_60_raw,1.7168860184310404,1.5671496471804196
z,ewma_60_raw,1.7391976652852514,1.5948301943941212
z,ewma_60_raw,1.7624102978623888,1.624752280461526
z,ewma_60_raw,1.7866133654934697,1.6550924439956196
z,ewma_60_raw,1.8119106729525971,1.6883302315354527
z,ewma_60_raw,1.8384236692477764,1.7228633017772248
z,ewma_60_raw,1.8662957434581071,1.7594398624170957
z,ewma_60_raw,1.895697923991838,1.7999593895621468
z,ewma_60_raw,1.9268365732639101,1.842049365007061
z,ewma_60_raw,1.9599639845400536,1.888724044462003
z,ewma_60_raw,1.9953933101678243,1.940082452758301
z,ewma_60_raw,2.0335201492530506,1.9956284512160984
z,ewma_60_raw,2.0748547343933095,2.057406996805094
z,ewma_60_raw,2.1200716897421503,2.1265066964900083
z,ewma_60_raw,2.17009037758456,2.205411806411208
z,ewma_60_raw,2.2262117693171737,2.298301941830549
z,ewma_60_raw,2.290367877855267,2.4121879000326105
z,ewma_60_raw,2.365618126864292,2.5529589287654497
z,ewma_60_raw,2.457263390205436,2.7378229590696597
z,ewma_60_raw,2.5758293035489,3.0077803432796957
z,ewma_60_raw,2.7477813854449917,3.4509745946959214
z,ewma_60_raw,3.090232306167813,4.708173018415092
z,ewma_240_raw,-3.090232306167813,-5.510545731390286
z,ewma_240_raw,-2.747781385444993,-4.04527305994728
z,ewma_240_raw,-2.5758293035489,-3.4585425380699095
z,ewma_240_raw,-2.4572633902054375,-3.0964698387373697
z,ewma_240_raw,-2.365618126864292,-2.843300269301644
z,ewma_240_raw,-2.290367877855267,-2.6563652305619336
z,ewma_240_raw,-2.226211769317175,-2.5042030862721947
z,ewma_240_raw,-2.17009037758456,-2.3763992560481673
z,ewma_240_raw,-2.1200716897421503,-2.273404437038432
z,ewma_240_raw,-2.0748547343933095,-2.181079138918093
z,ewma_240_raw,-2.0335201492530506,-2.102717531794267
z,ewma_240_raw,-1.9953933101678247,-2.0290088694587074
z,ewma_240_raw,-1.9599639845400538,-1.9644024637478636
z,ewma_240_raw,-1.9268365732639106,-1.9044023363176987
z,ewma_240_raw,-1.8956979239918383,-1.850463261157926
z,ewma_240_raw,-1.8662957434581073,-1.8027399255509702
z,ewma_240_raw,-1.8384236692477767,-1.756704162645314
z,ewma_240_raw,-1.8119106729525978,-1.7138313919099095
z,ewma_240_raw,-1.78661336549347,-1.6742278142775917
z,ewma_240_raw,-1.7624102978623895,-1.6367229652854771
z,ewma_240_raw,-1.7391976652852517,-1.6019768658513833
z,ewma_240_raw,-1.7168860184310404,-1.5680709398672412
z,ewma_240_raw,-1.6953977102721358,-1.5365734715986805
z,ewma_240_raw,-1.6746648890243252,-1.507184299786893
z,ewma_240_raw,-1.6546279023510773,-1.4779939522961214
z,ewma_240_raw,-1.63523401538865,-1.4498984031082194
z,ewma_240_raw,-1.6164363711150214,-1.4233964445370106
z,ewma_240_raw,-1.5981931399228173,-1.3984603797279362
z,ewma_240_raw,-1.5804668183993618,-1.373555273751988
z,ewma_240_raw,-1.563223646866276,-1.3496438654170493
z,ewma_240_raw,-1.5464331222567476,-1.327179843131409
z,ewma_240_raw,-1.530067588137828,-1.3056052938302705
z,ewma_240_raw,-1.5141018876192833,-1.284204826393179
z,ewma_240_raw,-1.4985130678799752,-1.263542285120212
z,ewma_240_raw,-1.4832801273356204,-1.2440029564025876
z,ewma_240_raw,-1.4683837982456598,-1.2248919593422352
z,ewma_240_raw,-1.4538063589405745,-1.2065928529362229
z,ewma_240_raw,-1.4395314709384557,-1.1886559203155744
z,ewma_240_raw,-1.4255440370804515,-1.1716360668730124
z,ewma_240_raw,-1.4118300775008081,-1.154465841795389
z,ewma_240_raw,-1.398376620797495,-1.1379166973836552
z,ewma_240_raw,-1.3851716082134353,-1.1221130383816729
z,ewma_240_raw,-1.3722038089987258,-1.1067957058164914
z,ewma_240_raw,-1.3594627454182584,-1.0909332410391963
z,ewma_240_raw,-1.3469386261102796,-1.0765201683232537
z,ewma_240_raw,-1.3346222867001933,-1.0617670239631976
z,ewma_240_raw,-1.3225051367384355,-1.0478537177821603
z,ewma_240_raw,-1.310579112168129,-1.0341634322881665
z,ewma_240_raw,-1.2988366326425054,-1.0210015375497505
z,ewma_240_raw,-1.2872705631079415,-1.0080903231064318
z,ewma_240_raw,-1.2758741791491297,-0.9952615092578679
z,ewma_240_raw,-1.2646411356610803,-0.9826806970800845
z,ewma_240_raw,-1.2535654384704509,-0.970788831672633
z,ewma_240_raw,-1.242641418577882,-0.958849110161811
z,ewma_240_raw,-1.2318637087349833,-0.9472876337440624
z,ewma_240_raw,-1.2212272221055693,-0.9358395577019732
z,ewma_240_raw,-1.2107271327915974,-0.9245706084845473
z,ewma_240_raw,-1.200358858030859,-0.9135021501207325
z,ewma_240_raw,-1.1901180418964235,-0.9029094632048882
z,ewma_240_raw,-1.180000540347729,-0.8921615254678914
z,ewma_240_raw,-1.1700024075004787,-0.8817307726378335
z,ewma_240_raw,-1.1601198829975194,-0.8716224706424253
z,ewma_240_raw,-1.1503493803760079,-0.8618989539863435
z,ewma_240_raw,-1.140687476337622,-0.8517692117157497
z,ewma_240_raw,-1.131130900838633,-0.8420337296082967
z,ewma_240_raw,-1.1216765279254888,-0.8326116469751248
z,ewma_240_raw,-1.1123213672493113,-0.822873036533857
z,ewma_240_raw,-1.1030625561995975,-0.8134120380793035
z,ewma_240_raw,-1.0938973526034377,-0.8042127099056614
z,ewma_240_raw,-1.0848231279419567,-0.7949733421234666
z,ewma_240_raw,-1.0758373610404315,-0.7860259838515394
z,ewma_240_raw,-1.0669376321927655,-0.7772147738100691
z,ewma_240_raw,-1.058121617684777,-0.7685663946579733
z,ewma_240_raw,-1.0493870846841045,-0.7599227739956106
z,ewma_240_raw,-1.0407318864675446,-0.7516978783386729
z,ewma_240_raw,-1.032153957959306,-0.7433972791261925
z,ewma_240_raw,-1.0236513115560881,-0.7352309242260515
z,ewma_240_raw,-1.015222033217028,-0.7271142915094818
z,ewma_240_raw,-1.0068642787985222,-0.7193189855541468
z,ewma_240_raw,-0.9985762706156596,-0.7113576609704947
z,ewma_240_raw,-0.9903562942135747,-0.7037115625221276
z,ewma_240_raw,-0.9822026953334697,-0.6960944043338754
z,ewma_240_raw,-0.974113877059309,-0.688789025961988
z,ewma_240_raw,-0.9660882971323729,-0.681108082059406
z,ewma_240_raw,-0.9581244654219027,-0.6737843957048802
z,ewma_240_raw,-0.9502209415410151,-0.6666526900275306
z,ewma_240_raw,-0.9423763325979505,-0.6594745484574013
z,ewma_240_raw,-0.9345892910734802,-0.6524101349047634
z,ewma_240_raw,-0.9268585128160437,-0.6452990207184448
z,ewma_240_raw,-0.9191827351468197,-0.6383872523574678
z,ewma_240_raw,-0.9115607350675407,-0.6317967437170199
z,ewma_240_raw,-0.9039913275644016,-0.6250110927978091
z,ewma_240_raw,-0.8964733640019162,-0.6184315299413584
z,ewma_240_raw,-0.8890057306010248,-0.6117398413524433
z,ewma_240_raw,-0.8815873469961746,-0.6050570455648979
z,ewma_240_raw,-0.8742171648664834,-0.5983945235616948
z,ewma_240_raw,-0.8668941666364379,-0.5918294417386304
z,ewma_240_raw,-0.8596173642419114,-0.585518651366345
z,ewma_240_raw,-0.852385797957575,-0.5791976151002376
z,ewma_240_raw,-0.8451985352820499,-0.5729495468484347
z,ewma_240_raw,-0.8380546698774065,-0.5669391232595241
z,ewma_240_raw,-0.8309533205598377,-0.5608802739123016
z,ewma_240_raw,-0.8238936303385576,-0.5548441741618374
z,ewma_240_raw,-0.8168747655001637,-0.5488593856620444
z,ewma_240_raw,-0.809895914735898,-0.5429600838759766
z,ewma_240_raw,-0.8029562883093937,-0.5372473759953513
z,ewma_240_raw,-0.7960551172626629,-0.5313608972410057
z,ewma_240_raw,-0.7891916526582223,-0.5258114148187515
z,ewma_240_raw,-0.7823651648553872,-0.5200216778489477
z,ewma_240_raw,-0.7755749428188843,-0.514460142797005
z,ewma_240_raw,-0.7688202934580621,-0.5089071427393911
z,ewma_240_raw,-0.7621005409950667,-0.5034009545059067
z,ewma_240_raw,-0.7554150263604693,-0.49788611673342614
z,ewma_240_raw,-0.7487631066149087,-0.4925745829276342
z,ewma_240_raw,-0.7421441543954094,-0.48728042373478087
z,ewma_240_raw,-0.7355575573851106,-0.4820046171957599
z,ewma_240_raw,-0.7290027178052185,-0.47681454838487225
z,ewma_240_raw,-0.7224790519280627,-0.47166720793684686
z,ewma_240_raw,-0.7159859896102049,-0.4665135113441917
z,ewma_240_raw,-0.7095229738446082,-0.4614454568338148
z,ewma_240_raw,-0.7030894603309286,-0.4563801934802506
z,ewma_240_raw,-0.6966849170630507,-0.4512975678924383
z,ewma_240_raw,-0.690308823933034,-0.4463078765393561
z,ewma_240_raw,-0.6839606723506823,-0.441342001084199
z,ewma_240_raw,-0.6776399648779956,-0.4366667573866708
z,ewma_240_raw,-0.6713462148778053,-0.4317471033724769
z,ewma_240_raw,-0.6650789461759234,-0.42689146423542856
z,ewma_240_raw,-0.6588376927361879,-0.4220289330179137
z,ewma_240_raw,-0.652621998347801,-0.41725749984868954
z,ewma_240_raw,-0.6464314163244075,-0.4126063338632584
z,ewma_240_raw,-0.6402655092143741,-0.4078421749733112
z,ewma_240_raw,-0.6341238485217698,-0.4032195913482495
z,ewma_240_raw,-0.6280060144375696,-0.3985403229466116
z,ewma_240_raw,-0.6219115955806241,-0.3939699202544222
z,ewma_240_raw,-0.6158401887479719,-0.3893855252715366
z,ewma_240_raw,-0.6097913986740797,-0.3848820836159875
z,ewma_240_raw,-0.6037648377986299,-0.3804017674813903
z,ewma_240_raw,-0.5977601260424784,-0.3759783250313178
z,ewma_240_raw,-0.5917768905914464,-0.3716705599206757
z,ewma_240_raw,-0.5858147656875988,-0.36738091548890395
z,ewma_240_raw,-0.5798733924277044,-0.3629308985414775
z,ewma_240_raw,-0.5739524185685735,-0.3586533390065281
z,ewma_240_raw,-0.5680514983389829,-0.3543495748972712
z,ewma_240_raw,-0.5621702922579264,-0.35007206134654806
z,ewma_240_raw,-0.5563084669589183,-0.34575265356600127
z,ewma_240_raw,-0.5504656950201127,-0.34164144997828405
z,ewma_240_raw,-0.5446416547999992,-0.3374635552073242
z,ewma_240_raw,-0.5388360302784503,-0.3333813104368461
z,ewma_240_raw,-0.5330485109029091,-0.3292880543905997
z,ewma_240_raw,-0.5272787914395083,-0.3253413074675604
z,ewma_240_raw,-0.5215265718289321,-0.32135987416015965
z,ewma_240_raw,-0.5157915570468274,-0.31740044817237384
z,ewma_240_raw,-0.5100734569685947,-0.31343619423940483
z,ewma_240_raw,-0.5043719862383813,-0.30950020282310575
z,ewma_240_raw,-0.49868686414212227,-0.30551156289351267
z,ewma_240_raw,-0.4930178144844647,-0.3014578152576596
z,ewma_240_raw,-0.48736456546944074,-0.2974868922877106
z,ewma_240_raw,-0.4817268495847302,-0.2936245557038146
z,ewma_240_raw,-0.47610440348939487,-0.2898079989474497
z,ewma_240_raw,-0.4704969679049413,-0.2860121551219156
z,ewma_240_raw,-0.4649042875095944,-0.28217925921170467
z,ewma_240_raw,-0.4593261108356628,-0.27841740834367845
z,ewma_240_raw,-0.4537621901698793,-0.27475414214064076
z,ewma_240_raw,-0.448212281456609,-0.2709470855524802
z,ewma_240_raw,-0.4426761442038212,-0.2672639421120765
z,ewma_240_raw,-0.43715354139172213,-0.26343348864357885
z,ewma_240_raw,-0.431644239383956,-0.2596953636188974
z,ewma_240_raw,-0.4261480078412781,-0.25603575432054726
z,ewma_240_raw,-0.4206646196376155,-0.25230481838949814
z,ewma_240_raw,-0.41519385077842663,-0.2485673072714386
z,ewma_240_raw,-0.40973548032128104,-0.24495918915188972
z,ewma_240_raw,-0.4042892902985787,-0.24128303892487643
z,ewma_240_raw,-0.39885506564233686,-0.23762919065429353
z,ewma_240_raw,-0.3934325941109666,-0.23407407437615455
z,ewma_240_raw,-0.38802166621797707,-0.23040810518218116
z,ewma_240_raw,-0.3826220751625341,-0.22687426470512506
z,ewma_240_raw,-0.37723361676181155,-0.22333091120430873
z,ewma_240_raw,-0.3718560893850747,-0.21977664888145038
z,ewma_240_raw,-0.36648929388943363,-0.21633517451143197
z,ewma_240_raw,-0.36113303355721227,-0.2128945012106991
z,ewma_240_raw,-0.3557871140348752,-0.2095123700417329
z,ewma_240_raw,-0.35045134327346134,-0.2061626174069653
z,ewma_240_raw,-0.34512553147047226,-0.2027217592351498
z,ewma_240_raw,-0.3398094910131667,-0.19933382024526727
z,ewma_240_raw,-0.3345030364232122,-0.195921070131542
z,ewma_240_raw,-0.32920598430265113,-0.19260580204160782
z,ewma_240_raw,-0.323918153281133,-0.18933550277289665
z,ewma_240_raw,-0.31863936396437514,-0.18597394577658077
z,ewma_240_raw,-0.31336943888380603,-0.18260642079329883
z,ewma_240_raw,-0.3081082024473549,-0.17924179598175105
z,ewma_240_raw,-0.30285548089134917,-0.17595169371829958
z,ewma_240_raw,-0.2976111022334798,-0.1725853705889099
z,ewma_240_raw,-0.2923748962268042,-0.16938745889431528
z,ewma_240_raw,-0.28714669431474543,-0.16612433133776647
z,ewma_240_raw,-0.2819263295870614,-0.1628364980316005
z,ewma_240_raw,-0.27671363673674687,-0.15959995568679008
z,ewma_240_raw,-0.2715084520178386,-0.15644807589794327
z,ewma_240_raw,-0.26631061320409494,-0.15323096919485515
z,ewma_240_raw,-0.26111995954851813,-0.14990836427537926
z,ewma_240_raw,-0.2559363317436934,-0.14672366863215222
z,ewma_240_raw,-0.250759571882916,-0.14341080127115163
z,ewma_240_raw,-0.24558952342208085,-0.14017147711185168
z,ewma_240_raw,-0.24042603114230793,-0.13698390998653587
z,ewma_240_raw,-0.2352689411132797,-0.13382536848301071
z,ewma_240_raw,-0.23011810065726568,-0.1305736869396127
z,ewma_240_raw,-0.22497335831381154,-0.12735022180985225
z,ewma_240_raw,-0.2198345638050687,-0.12429506711581748
z,ewma_240_raw,-0.21470156800174453,-0.12112274416600295
z,ewma_240_raw,-0.20957422288964928,-0.11795470720891785
z,ewma_240_raw,-0.2044523815368209,-0.11486738811306989
z,ewma_240_raw,-0.1993358980612069,-0.11189355892913609
z,ewma_240_raw,-0.1942246275988834,-0.10895535444152049
z,ewma_240_raw,-0.1891184262727925,-0.10598322499965368
z,ewma_240_raw,-0.1840171511619796,-0.1029886533674517
z,ewma_240_raw,-0.17892066027131207,-0.09995240049326526
z,ewma_240_raw,-0.1738288125016624,-0.0970499062440787
z,ewma_240_raw,-0.16874146762053802,-0.09422968335971992
z,ewma_240_raw,-0.16365848623314122,-0.0913059029044003
z,ewma_240_raw,-0.15857972975384346,-0.08842037832372339
z,ewma_240_raw,-0.15350506037805708,-0.08546385610493791
z,ewma_240_raw,-0.14843434105448977,-0.0826252893990304
z,ewma_240_raw,-0.14336743545776665,-0.07983484966174523
z,ewma_240_raw,-0.1383042079614045,-0.07706703799235445
z,ewma_240_raw,-0.13324452361112382,-0.07430651472654105
z,ewma_240_raw,-0.12818824809848547,-0.07149515054212327
z,ewma_240_raw,-0.1231352477348365,-0.06876163773397713
z,ewma_240_raw,-0.11808538942555283,-0.06596766197115275
z,ewma_240_raw,-0.11303854064456507,-0.06323493580408006
z,ewma_240_raw,-0.10799456940915403,-0.06037026777844274
z,ewma_240_raw,-0.1029533442550038,-0.05750144781195803
z,ewma_240_raw,-0.09791473421149931,-0.054521593570024666
z,ewma_240_raw,-0.09287860877725637,-0.05138559307591112
z,ewma_240_raw,-0.08784483789587168,-0.0481540797449779
z,ewma_240_raw,-0.08281329193188118,-0.04457786674108506
z,ewma_240_raw,-0.07778384164691525,-0.0407637562793184
z,ewma_240_raw,-0.07275635817603748,-0.03595463088933481
z,ewma_240_raw,-0.06773071300425916,-0.028861553171191143
z,ewma_240_raw,-0.06270677794321383,-0.0012647322191674348
z,ewma_240_raw,-0.05768442510798417,-0.0012647322191674348
z,ewma_240_raw,-0.05266352689406846,-0.0012647322191674348
z,ewma_240_raw,-0.04764395595447656,-0.0012647322191674348
z,ewma_240_raw,-0.04262558517694437,-0.0012647322191674348
z,ewma_240_raw,-0.037608287661255936,-0.0012647322191674348
z,ewma_240_raw,-0.032591936696663076,-0.0012647322191674348
z,ewma_240_raw,-0.027576405739391723,-0.0012647322191674348
z,ewma_240_raw,-0.022561568390224718,-0.0012647322191674348
z,ewma_240_raw,-0.017547298372150796,-0.0012647322191674348
z,ewma_240_raw,-0.012533469508069278,-0.0012647322191674348
z,ewma_240_raw,-0.007519955698540525,-0.0012647322191674348
z,ewma_240_raw,-0.0025066308995717666,-0.0012647322191674348
z,ewma_240_raw,0.0025066308995717666,-0.0012647322191674348
z,ewma_240_raw,0.007519955698540525,-0.0012647322191674348
z,ewma_240_raw,0.012533469508069278,-0.0012647322191674348
z,ewma_240_raw,0.017547298372150796,-0.0012647322191674348
z,ewma_240_raw,0.022561568390224718,-0.0012647322191674348
z,ewma_240_raw,0.027576405739391723,-0.0012647322191674348
z,ewma_240_raw,0.032591936696663076,-0.0012647322191674348
z,ewma_240_raw,0.037608287661255936,-0.0012647322191674348
z,ewma_240_raw,0.04262558517694437,-0.0012647322191674348
z,ewma_240_raw,0.04764395595447656,0.029572843676185415
z,ewma_240_raw,0.05266352689406846,0.035638481751986216
z,ewma_240_raw,0.05768442510798417,0.039977000992412
z,ewma_240_raw,0.06270677794321383,0.04368007872267708
z,ewma_240_raw,0.06773071300425916,0.047068764590997056
z,ewma_240_raw,0.07275635817603748,0.05030578089142009
z,ewma_240_raw,0.07778384164691525,0.053248427616517144
z,ewma_240_raw,0.08281329193188132,0.056242802241869234
z,ewma_240_raw,0.08784483789587182,0.059079912922963516
z,ewma_240_raw,0.09287860877725654,0.06188872572033798
z,ewma_240_raw,0.09791473421149946,0.06463402753786797
z,ewma_240_raw,0.10295334425500394,0.06737099367809837
z,ewma_240_raw,0.1079945694091542,0.07011620512089838
z,ewma_240_raw,0.11303854064456521,0.07282145356538222
z,ewma_240_raw,0.11808538942555302,0.07555655162261582
z,ewma_240_raw,0.12313524773483664,0.07830676941556582
z,ewma_240_raw,0.1281882480984856,0.08107034281335576
z,ewma_240_raw,0.13324452361112396,0.08394363473150011
z,ewma_240_raw,0.13830420796140463,0.08676486751883994
z,ewma_240_raw,0.14336743545776678,0.08961653019141241
z,ewma_240_raw,0.1484343410544899,0.09249586437418322
z,ewma_240_raw,0.15350506037805722,0.09526888336957487
z,ewma_240_raw,0.15857972975384332,0.09819634179402206
z,ewma_240_raw,0.16365848623314108,0.1012214530429509
z,ewma_240_raw,0.16874146762053788,0.10425357994091841
z,ewma_240_raw,0.17382881250166224,0.10720112855753036
z,ewma_240_raw,0.17892066027131193,0.11005126026759929
z,ewma_240_raw,0.18401715116197945,0.1130826641400126
z,ewma_240_raw,0.18911842627279238,0.11622932345678526
z,ewma_240_raw,0.1942246275988833,0.11934727700128644
z,ewma_240_raw,0.19933589806120677,0.12252545021586496
z,ewma_240_raw,0.20445238153682072,0.12569426096542907
z,ewma_240_raw,0.2095742228896491,0.12874888052673858
z,ewma_240_raw,0.2147015680017444,0.13201049694426994
z,ewma_240_raw,0.21983456380506858,0.13521029463183196
z,ewma_240_raw,0.22497335831381138,0.13841221424645134
z,ewma_240_raw,0.23011810065726557,0.14166480262187758
z,ewma_240_raw,0.23526894111327962,0.14485763116887515
z,ewma_240_raw,0.24042603114230793,0.14808209571554115
z,ewma_240_raw,0.24558952342208085,0.15140355412234713
z,ewma_240_raw,0.250759571882916,0.1546501678190993
z,ewma_240_raw,0.2559363317436934,0.15784244861734717
z,ewma_240_raw,0.26111995954851813,0.16095499168652308
z,ewma_240_raw,0.26631061320409494,0.16427103566226547
z,ewma_240_raw,0.2715084520178386,0.1675139062493593
z,ewma_240_raw,0.27671363673674687,0.1708367844843011
z,ewma_240_raw,0.2819263295870614,0.1740999705086498
z,ewma_240_raw,0.28714669431474543,0.17735531588109274
z,ewma_240_raw,0.2923748962268042,0.18077557408219347
z,ewma_240_raw,0.2976111022334798,0.18419017326564444
z,ewma_240_raw,0.30285548089134917,0.18758657474653048
z,ewma_240_raw,0.3081082024473549,0.19096702957200787
z,ewma_240_raw,0.31336943888380603,0.19426134079365465
z,ewma_240_raw,0.31863936396437514,0.19761484364796664
z,ewma_240_raw,0.323918153281133,0.2010308500882453
z,ewma_240_raw,0.32920598430265113,0.20441313703847597
z,ewma_240_raw,0.3345030364232122,0.20795337919719206
z,ewma_240_raw,0.3398094910131667,0.21132640638005393
z,ewma_240_raw,0.34512553147047226,0.21480889236660677
z,ewma_240_raw,0.35045134327346134,0.21822235005652324
z,ewma_240_raw,0.3557871140348752,0.22167243991576663
z,ewma_240_raw,0.36113303355721227,0.22509690633970486
z,ewma_240_raw,0.36648929388943363,0.22858946901672658
z,ewma_240_raw,0.3718560893850747,0.2322123576344541
z,ewma_240_raw,0.37723361676181155,0.23583936534224895
z,ewma_240_raw,0.3826220751625341,0.23942652068991555
z,ewma_240_raw,0.38802166621797707,0.24294105224918833
z,ewma_240_raw,0.3934325941109666,0.2465387019956479
z,ewma_240_raw,0.39885506564233686,0.25006709874220134
z,ewma_240_raw,0.40428929029857885,0.25372870765591177
z,ewma_240_raw,0.4097354803212812,0.2573175131061775
z,ewma_240_raw,0.41519385077842685,0.26096301515707115
z,ewma_240_raw,0.4206646196376157,0.26454756475485575
z,ewma_240_raw,0.42614800784127826,0.2682185940198146
z,ewma_240_raw,0.43164423938395613,0.27193396884224524
z,ewma_240_raw,0.43715354139172224,0.27556470529877486
z,ewma_240_raw,0.44267614420382156,0.2792511908840747
z,ewma_240_raw,0.44821228145660913,0.282938854427516
z,ewma_240_raw,0.4537621901698796,0.28676702143385024
z,ewma_240_raw,0.45932611083566305,0.29049145747762045
z,ewma_240_raw,0.46490428750959456,0.2942976939337002
z,ewma_240_raw,0.4704969679049415,0.2982319717112982
z,ewma_240_raw,0.47610440348939514,0.30221206778697335
z,ewma_240_raw,0.48172684958473033,0.3060969377396791
z,ewma_240_raw,0.4873645654694408,0.3100243903081261
z,ewma_240_raw,0.4930178144844647,0.31404013687916915
z,ewma_240_raw,0.49868686414212166,0.3180920882705106
z,ewma_240_raw,0.5043719862383814,0.32202274438511197
z,ewma_240_raw,0.5100734569685945,0.3258245243862568
z,ewma_240_raw,0.5157915570468273,0.32980149249112095
z,ewma_240_raw,0.521526571828932,0.3339600039015971
z,ewma_240_raw,0.5272787914395082,0.33785474892880796
z,ewma_240_raw,0.5330485109029087,0.34186080329500595
z,ewma_240_raw,0.5388360302784502,0.3460223578822795
z,ewma_240_raw,0.544641654799999,0.35016806979410536
z,ewma_240_raw,0.5504656950201124,0.35449183913612803
z,ewma_240_raw,0.5563084669589181,0.3587123910315084
z,ewma_240_raw,0.5621702922579263,0.3629968266909723
z,ewma_240_raw,0.5680514983389827,0.3671925450724867
z,ewma_240_raw,0.5739524185685733,0.37141134246389834
z,ewma_240_raw,0.5798733924277044,0.37571061599294997
z,ewma_240_raw,0.5858147656875988,0.38007595136611955
z,ewma_240_raw,0.5917768905914464,0.38444061563886667
z,ewma_240_raw,0.5977601260424784,0.3887192861212687
z,ewma_240_raw,0.6037648377986299,0.3932325222559569
z,ewma_240_raw,0.6097913986740797,0.39788611762264314
z,ewma_240_raw,0.6158401887479719,0.402443444276311
z,ewma_240_raw,0.6219115955806241,0.4069328141186331
z,ewma_240_raw,0.6280060144375696,0.4114717759798676
z,ewma_240_raw,0.6341238485217698,0.4162503162819059
z,ewma_240_raw,0.6402655092143741,0.4209889792807699
z,ewma_240_raw,0.6464314163244075,0.4257595520698916
z,ewma_240_raw,0.652621998347801,0.430389505283145
z,ewma_240_raw,0.6588376927361879,0.43507032061132667
z,ewma_240_raw,0.6650789461759234,0.4397446558098544
z,ewma_240_raw,0.6713462148778053,0.4446903734446315
z,ewma_240_raw,0.6776399648779956,0.44966437975763324
z,ewma_240_raw,0.6839606723506823,0.45463710233915733
z,ewma_240_raw,0.690308823933034,0.4596061371036937
z,ewma_240_raw,0.6966849170630507,0.46442634627066043
z,ewma_240_raw,0.7030894603309286,0.4693085423634007
z,ewma_240_raw,0.7095229738446082,0.47438690233436753
z,ewma_240_raw,0.7159859896102049,0.47943057247533893
z,ewma_240_raw,0.7224790519280627,0.48461450784676086
z,ewma_240_raw,0.7290027178052185,0.48992380221293574
z,ewma_240_raw,0.7355575573851106,0.4953548009869415
z,ewma_240_raw,0.7421441543954094,0.5007538215399407
z,ewma_240_raw,0.7487631066149087,0.5061888080368251
z,ewma_240_raw,0.7554150263604693,0.5115781077546807
z,ewma_240_raw,0.7621005409950667,0.5171150288055021
z,ewma_240_raw,0.7688202934580621,0.5226258334517891
z,ewma_240_raw,0.7755749428188843,0.5280275876098607
z,ewma_240_raw,0.7823651648553872,0.5335459196460868
z,ewma_240_raw,0.7891916526582223,0.5391874301747035
z,ewma_240_raw,0.7960551172626629,0.5448439403854503
z,ewma_240_raw,0.8029562883093937,0.5505875856526051
z,ewma_240_raw,0.809895914735898,0.5562897492015217
z,ewma_240_raw,0.8168747655001637,0.5620552156147052
z,ewma_240_raw,0.8238936303385576,0.5678606466132821
z,ewma_240_raw,0.830953320559838,0.5738733583719885
z,ewma_240_raw,0.8380546698774067,0.5801011750281919
z,ewma_240_raw,0.84519853528205,0.5862123138218045
z,ewma_240_raw,0.8523857979575752,0.5925719830615024
z,ewma_240_raw,0.8596173642419117,0.5987943699353097
z,ewma_240_raw,0.866894166636438,0.60524051016962
z,ewma_240_raw,0.8742171648664836,0.6116836331175679
z,ewma_240_raw,0.8815873469961749,0.6181148431477202
z,ewma_240_raw,0.8890057306010245,0.6243830292914656
z,ewma_240_raw,0.8964733640019159,0.6311097533148794
z,ewma_240_raw,0.9039913275644013,0.6375112228396135
z,ewma_240_raw,0.9115607350675405,0.6439224214682737
z,ewma_240_raw,0.9191827351468197,0.6505481662315677
z,ewma_240_raw,0.9268585128160437,0.6574601561186758
z,ewma_240_raw,0.9345892910734798,0.6645202593368474
z,ewma_240_raw,0.9423763325979503,0.6715044841052898
z,ewma_240_raw,0.9502209415410151,0.6785708589971614
z,ewma_240_raw,0.9581244654219027,0.6856953961689396
z,ewma_240_raw,0.9660882971323729,0.6929392788640001
z,ewma_240_raw,0.974113877059309,0.7001917850072805
z,ewma_240_raw,0.9822026953334697,0.7078079650015896
z,ewma_240_raw,0.9903562942135747,0.7153638622345482
z,ewma_240_raw,0.9985762706156596,0.7229227948693796
z,ewma_240_raw,1.0068642787985222,0.7304881218737352
z,ewma_240_raw,1.015222033217028,0.7382677707022484
z,ewma_240_raw,1.0236513115560881,0.746130601778672
z,ewma_240_raw,1.032153957959306,0.7542684966265992
z,ewma_240_raw,1.0407318864675446,0.7623433549489314
z,ewma_240_raw,1.0493870846841045,0.7705609388333197
z,ewma_240_raw,1.058121617684777,0.7787931494884262
z,ewma_240_raw,1.0669376321927655,0.7871644370046093
z,ewma_240_raw,1.0758373610404315,0.7960020146382649
z,ewma_240_raw,1.0848231279419567,0.8048372526861538
z,ewma_240_raw,1.0938973526034377,0.8135627282575819
z,ewma_240_raw,1.1030625561995975,0.8225167717038377
z,ewma_240_raw,1.1123213672493113,0.831765787554523
z,ewma_240_raw,1.1216765279254888,0.8408611675644234
z,ewma_240_raw,1.131130900838633,0.8505043516551889
z,ewma_240_raw,1.140687476337622,0.8601789717561189
z,ewma_240_raw,1.1503493803760079,0.870016247047142
z,ewma_240_raw,1.1601198829975194,0.8796747555853197
z,ewma_240_raw,1.1700024075004787,0.8896306639063164
z,ewma_240_raw,1.180000540347729,0.9000560024424344
z,ewma_240_raw,1.1901180418964235,0.9105826471172404
z,ewma_240_raw,1.200358858030859,0.9211007911229353
z,ewma_240_raw,1.2107271327915974,0.931915762523427
z,ewma_240_raw,1.2212272221055693,0.94284676731009
z,ewma_240_raw,1.2318637087349833,0.9540356368789236
z,ewma_240_raw,1.242641418577882,0.9651889839957823
z,ewma_240_raw,1.2535654384704509,0.9765794573585183
z,ewma_240_raw,1.2646411356610803,0.9887126678481913
z,ewma_240_raw,1.2758741791491297,1.0010162588324112
z,ewma_240_raw,1.2872705631079415,1.0133631636753768
z,ewma_240_raw,1.2988366326425054,1.026005893894113
z,ewma_240_raw,1.310579112168129,1.0387220426486479
z,ewma_240_raw,1.3225051367384355,1.0521032714653227
z,ewma_240_raw,1.3346222867001933,1.0655504257420054
z,ewma_240_raw,1.3469386261102796,1.0793642562080663
z,ewma_240_raw,1.3594627454182584,1.0933801769695304
z,ewma_240_raw,1.3722038089987263,1.1076561126726638
z,ewma_240_raw,1.3851716082134358,1.1225185459910443
z,ewma_240_raw,1.398376620797496,1.137429903090396
z,ewma_240_raw,1.4118300775008088,1.1531367388918032
z,ewma_240_raw,1.4255440370804517,1.1693692083596483
z,ewma_240_raw,1.439531470938456,1.1855642861084579
z,ewma_240_raw,1.453806358940575,1.2027047689051849
z,ewma_240_raw,1.4683837982456598,1.2205636152401937
z,ewma_240_raw,1.483280127335621,1.2386346379681277
z,ewma_240_raw,1.4985130678799756,1.2570576714983763
z,ewma_240_raw,1.514101887619284,1.275805268032369
z,ewma_240_raw,1.530067588137829,1.2957223702365148
z,ewma_240_raw,1.5464331222567471,1.3166212141068467
z,ewma_240_raw,1.5632236468662757,1.337512150047483
z,ewma_240_raw,1.580466818399361,1.3591561378814991
z,ewma_240_raw,1.5981931399228169,1.3821902381079627
z,ewma_240_raw,1.6164363711150211,1.4052745459929068
z,ewma_240_raw,1.635234015388649,1.4302106199707343
z,ewma_240_raw,1.654627902351077,1.4556314318433925
z,ewma_240_raw,1.6746648890243248,1.483482073664121
z,ewma_240_raw,1.6953977102721358,1.5118406423020063
z,ewma_240_raw,1.7168860184310404,1.5418639120300086
z,ewma_240_raw,1.7391976652852514,1.5742071811885876
z,ewma_240_raw,1.7624102978623888,1.6080557325146907
z,ewma_240_raw,1.7866133654934697,1.6425805678185903
z,ewma_240_raw,1.8119106729525971,1.6799176573715386
z,ewma_240_raw,1.8384236692477764,1.718432040668619
z,ewma_240_raw,1.8662957434581071,1.7611029771978894
z,ewma_240_raw,1.895697923991838,1.8057336275456481
z,ewma_240_raw,1.9268365732639101,1.8552696189512614
z,ewma_240_raw,1.9599639845400536,1.9093906875319373
z,ewma_240_raw,1.9953933101678243,1.9670191361053262
z,ewma_240_raw,2.0335201492530506,2.0325266800432367
z,ewma_240_raw,2.0748547343933095,2.1052508660562133
z,ewma_240_raw,2.1200716897421503,2.1865312725894657
z,ewma_240_raw,2.17009037758456,2.279967448848527
z,ewma_240_raw,2.2262117693171737,2.3955380981884273
z,ewma_240_raw,2.290367877855267,2.533014338333891
z,ewma_240_raw,2.365618126864292,2.7016840327673086
z,ewma_240_raw,2.457263390205436,2.920526923325481
z,ewma_240_raw,2.5758293035489,3.244158140767746
z,ewma_240_raw,2.7477813854449917,3.7817147767189057
z,ewma_240_raw,3.090232306167813,5.138713242712699
z,rolling_std_30_clock_adjusted,-3.090232306167813,-4.528856538353307
z,rolling_std_30_clock_adjusted,-2.747781385444993,-3.4868590487182822
z,rolling_std_30_clock_adjusted,-2.5758293035489,-3.065748493134581
z,rolling_std_30_clock_adjusted,-2.4572633902054375,-2.812085849249774
z,rolling_std_30_clock_adjusted,-2.365618126864292,-2.633554178563698
z,rolling_std_30_clock_adjusted,-2.290367877855267,-2.494577318310706
z,rolling_std_30_clock_adjusted,-2.226211769317175,-2.38666179570956
z,rolling_std_30_clock_adjusted,-2.17009037758456,-2.2956507111139173
z,rolling_std_30_clock_adjusted,-2.1200716897421503,-2.2134958993728393
z,rolling_std_30_clock_adjusted,-2.0748547343933095,-2.142314789776072
z,rolling_std_30_clock_adjusted,-2.0335201492530506,-2.080063111239316
z,rolling_std_30_clock_adjusted,-1.9953933101678247,-2.025101860737311
z,rolling_std_30_clock_adjusted,-1.9599639845400538,-1.974874028605308
z,rolling_std_30_clock_adjusted,-1.9268365732639106,-1.928062140110746
z,rolling_std_30_clock_adjusted,-1.8956979239918383,-1.8855361219079372
z,rolling_std_30_clock_adjusted,-1.8662957434581073,-1.8463359300320423
z,rolling_std_30_clock_adjusted,-1.8384236692477767,-1.809308204916142
z,rolling_std_30_clock_adjusted,-1.8119106729525978,-1.7747301933783108
z,rolling_std_30_clock_adjusted,-1.78661336549347,-1.7406378653322647
z,rolling_std_30_clock_adjusted,-1.7624102978623895,-1.7091842785005695
z,rolling_std_30_clock_adjusted,-1.7391976652852517,-1.680554877505516
z,rolling_std_30_clock_adjusted,-1.7168860184310404,-1.6527234275317453
z,rolling_std_30_clock_adjusted,-1.6953977102721358,-1.6257687206395335
z,rolling_std_30_clock_adjusted,-1.6746648890243252,-1.6008859902796513
z,rolling_std_30_clock_adjusted,-1.6546279023510773,-1.5758853609270511
z,rolling_std_30_clock_adjusted,-1.63523401538865,-1.5522096709289352
z,rolling_std_30_clock_adjusted,-1.6164363711150214,-1.5293651895932985
z,rolling_std_30_clock_adjusted,-1.5981931399228173,-1.506995459909415
z,rolling_std_30_clock_adjusted,-1.5804668183993618,-1.4855989465305741
z,rolling_std_30_clock_adjusted,-1.563223646866276,-1.4654311566613172
z,rolling_std_30_clock_adjusted,-1.5464331222567476,-1.4462218353651997
z,rolling_std_30_clock_adjusted,-1.530067588137828,-1.4268176100150596
z,rolling_std_30_clock_adjusted,-1.5141018876192833,-1.408468561939969
z,rolling_std_30_clock_adjusted,-1.4985130678799752,-1.39112132858197
z,rolling_std_30_clock_adjusted,-1.4832801273356204,-1.3736769194189926
z,rolling_std_30_clock_adjusted,-1.4683837982456598,-1.3568637931155103
z,rolling_std_30_clock_adjusted,-1.4538063589405745,-1.3404333251722265
z,rolling_std_30_clock_adjusted,-1.4395314709384557,-1.3249398912051198
z,rolling_std_30_clock_adjusted,-1.4255440370804515,-1.3092280972578456
z,rolling_std_30_clock_adjusted,-1.4118300775008081,-1.2941832366408843
z,rolling_std_30_clock_adjusted,-1.398376620797495,-1.2795261319656936
z,rolling_std_30_clock_adjusted,-1.3851716082134353,-1.2649896164452883
z,rolling_std_30_clock_adjusted,-1.3722038089987258,-1.251020554160383
z,rolling_std_30_clock_adjusted,-1.3594627454182584,-1.2370392266664452
z,rolling_std_30_clock_adjusted,-1.3469386261102796,-1.223335573562961
z,rolling_std_30_clock_adjusted,-1.3346222867001933,-1.2100630322437724
z,rolling_std_30_clock_adjusted,-1.3225051367384355,-1.1968543444872883
z,rolling_std_30_clock_adjusted,-1.310579112168129,-1.1843393353807368
z,rolling_std_30_clock_adjusted,-1.2988366326425054,-1.1717808309557
z,rolling_std_30_clock_adjusted,-1.2872705631079415,-1.1598013507664124
z,rolling_std_30_clock_adjusted,-1.2758741791491297,-1.147609630003254
z,rolling_std_30_clock_adjusted,-1.2646411356610803,-1.1361552883831783
z,rolling_std_30_clock_adjusted,-1.2535654384704509,-1.1246271086959303
z,rolling_std_30_clock_adjusted,-1.242641418577882,-1.1131196878868148
z,rolling_std_30_clock_adjusted,-1.2318637087349833,-1.1023624320640246
z,rolling_std_30_clock_adjusted,-1.2212272221055693,-1.091474839204189
z,rolling_std_30_clock_adjusted,-1.2107271327915974,-1.0805445659067656
z,rolling_std_30_clock_adjusted,-1.200358858030859,-1.0697433713100373
z,rolling_std_30_clock_adjusted,-1.1901180418964235,-1.0592291192922478
z,rolling_std_30_clock_adjusted,-1.180000540347729,-1.0490834196524703
z,rolling_std_30_clock_adjusted,-1.1700024075004787,-1.0390033548261628
z,rolling_std_30_clock_adjusted,-1.1601198829975194,-1.028906803902069
z,rolling_std_30_clock_adjusted,-1.1503493803760079,-1.01928097499209
z,rolling_std_30_clock_adjusted,-1.140687476337622,-1.0097130790197686
z,rolling_std_30_clock_adjusted,-1.131130900838633,-1.0003541606054336
z,rolling_std_30_clock_adjusted,-1.1216765279254888,-0.9910619226629839
z,rolling_std_30_clock_adjusted,-1.1123213672493113,-0.9816697638365154
z,rolling_std_30_clock_adjusted,-1.1030625561995975,-0.9725118921050584
z,rolling_std_30_clock_adjusted,-1.0938973526034377,-0.9634549968294841
z,rolling_std_30_clock_adjusted,-1.0848231279419567,-0.9545163883155822
z,rolling_std_30_clock_adjusted,-1.0758373610404315,-0.9456377789871308
z,rolling_std_30_clock_adjusted,-1.0669376321927655,-0.9370853702649147
z,rolling_std_30_clock_adjusted,-1.058121617684777,-0.9284925103249709
z,rolling_std_30_clock_adjusted,-1.0493870846841045,-0.9198154417822288
z,rolling_std_30_clock_adjusted,-1.0407318864675446,-0.9112135074281708
z,rolling_std_30_clock_adjusted,-1.032153957959306,-0.902975941369653
z,rolling_std_30_clock_adjusted,-1.0236513115560881,-0.8948971986182256
z,rolling_std_30_clock_adjusted,-1.015222033217028,-0.8866086705430962
z,rolling_std_30_clock_adjusted,-1.0068642787985222,-0.8785280823249183
z,rolling_std_30_clock_adjusted,-0.9985762706156596,-0.8707198842504029
z,rolling_std_30_clock_adjusted,-0.9903562942135747,-0.8627181387762419
z,rolling_std_30_clock_adjusted,-0.9822026953334697,-0.8548288608611371
z,rolling_std_30_clock_adjusted,-0.974113877059309,-0.8471426622559524
z,rolling_std_30_clock_adjusted,-0.9660882971323729,-0.8395130443118599
z,rolling_std_30_clock_adjusted,-0.9581244654219027,-0.8320629312640893
z,rolling_std_30_clock_adjusted,-0.9502209415410151,-0.8246491570409543
z,rolling_std_30_clock_adjusted,-0.9423763325979505,-0.8172617674848133
z,rolling_std_30_clock_adjusted,-0.9345892910734802,-0.8097937646247882
z,rolling_std_30_clock_adjusted,-0.9268585128160437,-0.8025840166458892
z,rolling_std_30_clock_adjusted,-0.9191827351468197,-0.7955338447233483
z,rolling_std_30_clock_adjusted,-0.9115607350675407,-0.7884617039476386
z,rolling_std_30_clock_adjusted,-0.9039913275644016,-0.7812881145699052
z,rolling_std_30_clock_adjusted,-0.8964733640019162,-0.7742512885941143
z,rolling_std_30_clock_adjusted,-0.8890057306010248,-0.7674249073356012
z,rolling_std_30_clock_adjusted,-0.8815873469961746,-0.7602501133166706
z,rolling_std_30_clock_adjusted,-0.8742171648664834,-0.753397422718421
z,rolling_std_30_clock_adjusted,-0.8668941666364379,-0.7466281272125751
z,rolling_std_30_clock_adjusted,-0.8596173642419114,-0.7398015616616757
z,rolling_std_30_clock_adjusted,-0.852385797957575,-0.733169079449303
z,rolling_std_30_clock_adjusted,-0.8451985352820499,-0.7266522600170802
z,rolling_std_30_clock_adjusted,-0.8380546698774065,-0.7200066294542316
z,rolling_std_30_clock_adjusted,-0.8309533205598377,-0.7136131479243945
z,rolling_std_30_clock_adjusted,-0.8238936303385576,-0.7071182914423481
z,rolling_std_30_clock_adjusted,-0.8168747655001637,-0.7008806951781087
z,rolling_std_30_clock_adjusted,-0.809895914735898,-0.6943436091297985
z,rolling_std_30_clock_adjusted,-0.8029562883093937,-0.6879460298958767
z,rolling_std_30_clock_adjusted,-0.7960551172626629,-0.6816654234129825
z,rolling_std_30_clock_adjusted,-0.7891916526582223,-0.6754915673092853
z,rolling_std_30_clock_adjusted,-0.7823651648553872,-0.6693431114802378
z,rolling_std_30_clock_adjusted,-0.7755749428188843,-0.6631736690448006
z,rolling_std_30_clock_adjusted,-0.7688202934580621,-0.6570822983384607
z,rolling_std_30_clock_adjusted,-0.7621005409950667,-0.6509342299405882
z,rolling_std_30_clock_adjusted,-0.7554150263604693,-0.6448741250663215
z,rolling_std_30_clock_adjusted,-0.7487631066149087,-0.638957764669441
z,rolling_std_30_clock_adjusted,-0.7421441543954094,-0.6329796113595753
z,rolling_std_30_clock_adjusted,-0.7355575573851106,-0.6270177244310156
z,rolling_std_30_clock_adjusted,-0.7290027178052185,-0.6211984074749721
z,rolling_std_30_clock_adjusted,-0.7224790519280627,-0.6154104714889248
z,rolling_std_30_clock_adjusted,-0.7159859896102049,-0.6095951373444644
z,rolling_std_30_clock_adjusted,-0.7095229738446082,-0.6038187556808384
z,rolling_std_30_clock_adjusted,-0.7030894603309286,-0.5980225818151174
z,rolling_std_30_clock_adjusted,-0.6966849170630507,-0.5922004602442301
z,rolling_std_30_clock_adjusted,-0.690308823933034,-0.5864835207182516
z,rolling_std_30_clock_adjusted,-0.6839606723506823,-0.580907265914225
z,rolling_std_30_clock_adjusted,-0.6776399648779956,-0.5753201880575706
z,rolling_std_30_clock_adjusted,-0.6713462148778053,-0.5696917438375408
z,rolling_std_30_clock_adjusted,-0.6650789461759234,-0.5641372235520714
z,rolling_std_30_clock_adjusted,-0.6588376927361879,-0.5585105490092132
z,rolling_std_30_clock_adjusted,-0.652621998347801,-0.5530459092742761
z,rolling_std_30_clock_adjusted,-0.6464314163244075,-0.5474780895174345
z,rolling_std_30_clock_adjusted,-0.6402655092143741,-0.5417897664367801
z,rolling_std_30_clock_adjusted,-0.6341238485217698,-0.5362648038754749
z,rolling_std_30_clock_adjusted,-0.6280060144375696,-0.5307805092678076
z,rolling_std_30_clock_adjusted,-0.6219115955806241,-0.5254365799002556
z,rolling_std_30_clock_adjusted,-0.6158401887479719,-0.5200790679476822
z,rolling_std_30_clock_adjusted,-0.6097913986740797,-0.5147490180649192
z,rolling_std_30_clock_adjusted,-0.6037648377986299,-0.5094349113650066
z,rolling_std_30_clock_adjusted,-0.5977601260424784,-0.5041056308582615
z,rolling_std_30_clock_adjusted,-0.5917768905914464,-0.49874767905487
z,rolling_std_30_clock_adjusted,-0.5858147656875988,-0.49355562385888757
z,rolling_std_30_clock_adjusted,-0.5798733924277044,-0.4880925846094307
z,rolling_std_30_clock_adjusted,-0.5739524185685735,-0.48277617792344124
z,rolling_std_30_clock_adjusted,-0.5680514983389829,-0.4776897897919676
z,rolling_std_30_clock_adjusted,-0.5621702922579264,-0.47231593487050283
z,rolling_std_30_clock_adjusted,-0.5563084669589183,-0.4671613061080172
z,rolling_std_30_clock_adjusted,-0.5504656950201127,-0.46204606055988806
z,rolling_std_30_clock_adjusted,-0.5446416547999992,-0.4569654056127732
z,rolling_std_30_clock_adjusted,-0.5388360302784503,-0.4519112250788066
z,rolling_std_30_clock_adjusted,-0.5330485109029091,-0.44695719563149405
z,rolling_std_30_clock_adjusted,-0.5272787914395083,-0.44198029167008274
z,rolling_std_30_clock_adjusted,-0.5215265718289321,-0.43694311380563666
z,rolling_std_30_clock_adjusted,-0.5157915570468274,-0.4319963426099092
z,rolling_std_30_clock_adjusted,-0.5100734569685947,-0.4269643029160403
z,rolling_std_30_clock_adjusted,-0.5043719862383813,-0.42207669200026643
z,rolling_std_30_clock_adjusted,-0.49868686414212227,-0.41707953993462726
z,rolling_std_30_clock_adjusted,-0.4930178144844647,-0.4121493513631596
z,rolling_std_30_clock_adjusted,-0.48736456546944074,-0.4072460939107889
z,rolling_std_30_clock_adjusted,-0.4817268495847302,-0.4023451252871581
z,rolling_std_30_clock_adjusted,-0.47610440348939487,-0.3974466658826617
z,rolling_std_30_clock_adjusted,-0.4704969679049413,-0.39259948169633
z,rolling_std_30_clock_adjusted,-0.4649042875095944,-0.3876903430944823
z,rolling_std_30_clock_adjusted,-0.4593261108356628,-0.3829844377081614
z,rolling_std_30_clock_adjusted,-0.4537621901698793,-0.37818777153584116
z,rolling_std_30_clock_adjusted,-0.448212281456609,-0.3733641186556766
z,rolling_std_30_clock_adjusted,-0.4426761442038212,-0.36848380379401396
z,rolling_std_30_clock_adjusted,-0.43715354139172213,-0.3636857055629096
z,rolling_std_30_clock_adjusted,-0.431644239383956,-0.3589428923276642
z,rolling_std_30_clock_adjusted,-0.4261480078412781,-0.3542892456175453
z,rolling_std_30_clock_adjusted,-0.4206646196376155,-0.3496623681914949
z,rolling_std_30_clock_adjusted,-0.41519385077842663,-0.3448441874449777
z,rolling_std_30_clock_adjusted,-0.40973548032128104,-0.3401057128483947
z,rolling_std_30_clock_adjusted,-0.4042892902985787,-0.33539220678565773
z,rolling_std_30_clock_adjusted,-0.39885506564233686,-0.3307661196307964
z,rolling_std_30_clock_adjusted,-0.3934325941109666,-0.3261780738103281
z,rolling_std_30_clock_adjusted,-0.38802166621797707,-0.3216244054867565
z,rolling_std_30_clock_adjusted,-0.3826220751625341,-0.3170161771429971
z,rolling_std_30_clock_adjusted,-0.37723361676181155,-0.31241235448496835
z,rolling_std_30_clock_adjusted,-0.3718560893850747,-0.3078479828328209
z,rolling_std_30_clock_adjusted,-0.36648929388943363,-0.30337905605557886
z,rolling_std_30_clock_adjusted,-0.36113303355721227,-0.2987357733878242
z,rolling_std_30_clock_adjusted,-0.3557871140348752,-0.2940556762730595
z,rolling_std_30_clock_adjusted,-0.35045134327346134,-0.2893631540930992
z,rolling_std_30_clock_adjusted,-0.34512553147047226,-0.2848311305991693
z,rolling_std_30_clock_adjusted,-0.3398094910131667,-0.28025756834862303
z,rolling_std_30_clock_adjusted,-0.3345030364232122,-0.2756321998135539
z,rolling_std_30_clock_adjusted,-0.32920598430265113,-0.27115216899574557
z,rolling_std_30_clock_adjusted,-0.323918153281133,-0.2666552419720409
z,rolling_std_30_clock_adjusted,-0.31863936396437514,-0.262241022909415
z,rolling_std_30_clock_adjusted,-0.31336943888380603,-0.2578160386183129
z,rolling_std_30_clock_adjusted,-0.3081082024473549,-0.25333524131076424
z,rolling_std_30_clock_adjusted,-0.30285548089134917,-0.2489078980947136
z,rolling_std_30_clock_adjusted,-0.2976111022334798,-0.24445735851458844
z,rolling_std_30_clock_adjusted,-0.2923748962268042,-0.2400291135226569
z,rolling_std_30_clock_adjusted,-0.28714669431474543,-0.23561282373564255
z,rolling_std_30_clock_adjusted,-0.2819263295870614,-0.23117052262159848
z,rolling_std_30_clock_adjusted,-0.27671363673674687,-0.2267790391659004
z,rolling_std_30_clock_adjusted,-0.2715084520178386,-0.2223729582228229
z,rolling_std_30_clock_adjusted,-0.26631061320409494,-0.218003273487598
z,rolling_std_30_clock_adjusted,-0.26111995954851813,-0.21365294468956547
z,rolling_std_30_clock_adjusted,-0.2559363317436934,-0.20940653001277187
z,rolling_std_30_clock_adjusted,-0.250759571882916,-0.2050974633155785
z,rolling_std_30_clock_adjusted,-0.24558952342208085,-0.20083121236332271
z,rolling_std_30_clock_adjusted,-0.24042603114230793,-0.19654987475688748
z,rolling_std_30_clock_adjusted,-0.2352689411132797,-0.19228990917569144
z,rolling_std_30_clock_adjusted,-0.23011810065726568,-0.1880538402921447
z,rolling_std_30_clock_adjusted,-0.22497335831381154,-0.18382760871271867
z,rolling_std_30_clock_adjusted,-0.2198345638050687,-0.17952660434722642
z,rolling_std_30_clock_adjusted,-0.21470156800174453,-0.17526281143540623
z,rolling_std_30_clock_adjusted,-0.20957422288964928,-0.17108083404862443
z,rolling_std_30_clock_adjusted,-0.2044523815368209,-0.16681899914631348
z,rolling_std_30_clock_adjusted,-0.1993358980612069,-0.16269262487310404
z,rolling_std_30_clock_adjusted,-0.1942246275988834,-0.1584852013617886
z,rolling_std_30_clock_adjusted,-0.1891184262727925,-0.15415439497625885
z,rolling_std_30_clock_adjusted,-0.1840171511619796,-0.14988547001495386
z,rolling_std_30_clock_adjusted,-0.17892066027131207,-0.14564833678567243
z,rolling_std_30_clock_adjusted,-0.1738288125016624,-0.14146278477239715
z,rolling_std_30_clock_adjusted,-0.16874146762053802,-0.137287586574839
z,rolling_std_30_clock_adjusted,-0.16365848623314122,-0.13306373280021028
z,rolling_std_30_clock_adjusted,-0.15857972975384346,-0.12890289719025763
z,rolling_std_30_clock_adjusted,-0.15350506037805708,-0.12455718843111319
z,rolling_std_30_clock_adjusted,-0.14843434105448977,-0.12041497803721506
z,rolling_std_30_clock_adjusted,-0.14336743545776665,-0.11613528513858108
z,rolling_std_30_clock_adjusted,-0.1383042079614045,-0.11179519524793298
z,rolling_std_30_clock_adjusted,-0.13324452361112382,-0.10741309806764042
z,rolling_std_30_clock_adjusted,-0.12818824809848547,-0.10302887270210145
z,rolling_std_30_clock_adjusted,-0.1231352477348365,-0.09842848931247063
z,rolling_std_30_clock_adjusted,-0.11808538942555283,-0.09375281053784232
z,rolling_std_30_clock_adjusted,-0.11303854064456507,-0.08909043039495705
z,rolling_std_30_clock_adjusted,-0.10799456940915403,-0.08426222674745469
z,rolling_std_30_clock_adjusted,-0.1029533442550038,-0.07938039681509491
z,rolling_std_30_clock_adjusted,-0.09791473421149931,-0.07427163487002439
z,rolling_std_30_clock_adjusted,-0.09287860877725637,-0.06899175001196842
z,rolling_std_30_clock_adjusted,-0.08784483789587168,-0.06323768589275086
z,rolling_std_30_clock_adjusted,-0.08281329193188118,-0.05696730454635155
z,rolling_std_30_clock_adjusted,-0.07778384164691525,-0.050050073199887087
z,rolling_std_30_clock_adjusted,-0.07275635817603748,-0.04207673140537471
z,rolling_std_30_clock_adjusted,-0.06773071300425916,-0.0306271488862097
z,rolling_std_30_clock_adjusted,-0.06270677794321383,-0.0025317066366000673
z,rolling_std_30_clock_adjusted,-0.05768442510798417,-0.0025317066366000673
z,rolling_std_30_clock_adjusted,-0.05266352689406846,-0.0025317066366000673
z,rolling_std_30_clock_adjusted,-0.04764395595447656,-0.0025317066366000673
z,rolling_std_30_clock_adjusted,-0.04262558517694437,-0.0025317066366000673
z,rolling_std_30_clock_adjusted,-0.037608287661255936,-0.0025317066366000673
z,rolling_std_30_clock_adjusted,-0.032591936696663076,-0.0025317066366000673
z,rolling_std_30_clock_adjusted,-0.027576405739391723,-0.0025317066366000673
z,rolling_std_30_clock_adjusted,-0.022561568390224718,-0.0025317066366000673
z,rolling_std_30_clock_adjusted,-0.017547298372150796,-0.0025317066366000673
z,rolling_std_30_clock_adjusted,-0.012533469508069278,-0.0025317066366000673
z,rolling_std_30_clock_adjusted,-0.007519955698540525,-0.0025317066366000673
z,rolling_std_30_clock_adjusted,-0.0025066308995717666,-0.0025317066366000673
z,rolling_std_30_clock_adjusted,0.0025066308995717666,-0.0025317066366000673
z,rolling_std_30_clock_adjusted,0.007519955698540525,-0.0025317066366000673
z,rolling_std_30_clock_adjusted,0.012533469508069278,-0.0025317066366000673
z,rolling_std_30_clock_adjusted,0.017547298372150796,-0.0025317066366000673
z,rolling_std_30_clock_adjusted,0.022561568390224718,-0.0025317066366000673
z,rolling_std_30_clock_adjusted,0.027576405739391723,-0.0025317066366000673
z,rolling_std_30_clock_adjusted,0.032591936696663076,-0.0025317066366000673
z,rolling_std_30_clock_adjusted,0.037608287661255936,-0.0025317066366000673
z,rolling_std_30_clock_adjusted,0.04262558517694437,-0.0025317066366000673
z,rolling_std_30_clock_adjusted,0.04764395595447656,0.031052407701819804
z,rolling_std_30_clock_adjusted,0.05266352689406846,0.04069472830323873
z,rolling_std_30_clock_adjusted,0.05768442510798417,0.04813988264861882
z,rolling_std_30_clock_adjusted,0.06270677794321383,0.05471969885541596
z,rolling_std_30_clock_adjusted,0.06773071300425916,0.06068028933332971
z,rolling_std_30_clock_adjusted,0.07275635817603748,0.06637708462145345
z,rolling_std_30_clock_adjusted,0.07778384164691525,0.07162745120638007
z,rolling_std_30_clock_adjusted,0.08281329193188132,0.07664535408989663
z,rolling_std_30_clock_adjusted,0.08784483789587182,0.08155532034127079
z,rolling_std_30_clock_adjusted,0.09287860877725654,0.08641383753581398
z,rolling_std_30_clock_adjusted,0.09791473421149946,0.09099049824539802
z,rolling_std_30_clock_adjusted,0.10295334425500394,0.09554246369829313
z,rolling_std_30_clock_adjusted,0.1079945694091542,0.09992419170086005
z,rolling_std_30_clock_adjusted,0.11303854064456521,0.10421936878523479
z,rolling_std_30_clock_adjusted,0.11808538942555302,0.10845904224301077
z,rolling_std_30_clock_adjusted,0.12313524773483664,0.11273288829421996
z,rolling_std_30_clock_adjusted,0.1281882480984856,0.11689941415141697
z,rolling_std_30_clock_adjusted,0.13324452361112396,0.12113653434806786
z,rolling_std_30_clock_adjusted,0.13830420796140463,0.12551223595045063
z,rolling_std_30_clock_adjusted,0.14336743545776678,0.1298497230279048
z,rolling_std_30_clock_adjusted,0.1484343410544899,0.13403311325712955
z,rolling_std_30_clock_adjusted,0.15350506037805722,0.13814802807785898
z,rolling_std_30_clock_adjusted,0.15857972975384332,0.14239486781465951
z,rolling_std_30_clock_adjusted,0.16365848623314108,0.14660290922546196
z,rolling_std_30_clock_adjusted,0.16874146762053788,0.15083231976753295
z,rolling_std_30_clock_adjusted,0.17382881250166224,0.15505837911168294
z,rolling_std_30_clock_adjusted,0.17892066027131193,0.15927182778686472
z,rolling_std_30_clock_adjusted,0.18401715116197945,0.16343403944399906
z,rolling_std_30_clock_adjusted,0.18911842627279238,0.16757306130385538
z,rolling_std_30_clock_adjusted,0.1942246275988833,0.1717422311705916
z,rolling_std_30_clock_adjusted,0.19933589806120677,0.17601194370149195
z,rolling_std_30_clock_adjusted,0.20445238153682072,0.18026302613144515
z,rolling_std_30_clock_adjusted,0.2095742228896491,0.1845284776087458
z,rolling_std_30_clock_adjusted,0.2147015680017444,0.1887504227528029
z,rolling_std_30_clock_adjusted,0.21983456380506858,0.1930827152992768
z,rolling_std_30_clock_adjusted,0.22497335831381138,0.1972160086752092
z,rolling_std_30_clock_adjusted,0.23011810065726557,0.20141628446584336
z,rolling_std_30_clock_adjusted,0.23526894111327962,0.2057582628075157
z,rolling_std_30_clock_adjusted,0.24042603114230793,0.21008597606141896
z,rolling_std_30_clock_adjusted,0.24558952342208085,0.2143549461472662
z,rolling_std_30_clock_adjusted,0.250759571882916,0.21866658510678363
z,rolling_std_30_clock_adjusted,0.2559363317436934,0.22307399827803462
z,rolling_std_30_clock_adjusted,0.26111995954851813,0.22737175796985687
z,rolling_std_30_clock_adjusted,0.26631061320409494,0.23178747531245894
z,rolling_std_30_clock_adjusted,0.2715084520178386,0.2361221578912481
z,rolling_std_30_clock_adjusted,0.27671363673674687,0.2406591788297886
z,rolling_std_30_clock_adjusted,0.2819263295870614,0.2451007070989788
z,rolling_std_30_clock_adjusted,0.28714669431474543,0.2495404185683314
z,rolling_std_30_clock_adjusted,0.2923748962268042,0.25395225256849324
z,rolling_std_30_clock_adjusted,0.2976111022334798,0.25835850837979085
z,rolling_std_30_clock_adjusted,0.30285548089134917,0.26280812141132653
z,rolling_std_30_clock_adjusted,0.3081082024473549,0.2672231029683301
z,rolling_std_30_clock_adjusted,0.31336943888380603,0.27178743439244096
z,rolling_std_30_clock_adjusted,0.31863936396437514,0.27623362332610435
z,rolling_std_30_clock_adjusted,0.323918153281133,0.28076393503224306
z,rolling_std_30_clock_adjusted,0.32920598430265113,0.28525027607207365
z,rolling_std_30_clock_adjusted,0.3345030364232122,0.2897178471123458
z,rolling_std_30_clock_adjusted,0.3398094910131667,0.29432868671896245
z,rolling_std_30_clock_adjusted,0.34512553147047226,0.2988693550410191
z,rolling_std_30_clock_adjusted,0.35045134327346134,0.30341097619880436
z,rolling_std_30_clock_adjusted,0.3557871140348752,0.3080330080500339
z,rolling_std_30_clock_adjusted,0.36113303355721227,0.31249233684761457
z,rolling_std_30_clock_adjusted,0.36648929388943363,0.3171330941720722
z,rolling_std_30_clock_adjusted,0.3718560893850747,0.32169902764549396
z,rolling_std_30_clock_adjusted,0.37723361676181155,0.3262411703396132
z,rolling_std_30_clock_adjusted,0.3826220751625341,0.3308706059589099
z,rolling_std_30_clock_adjusted,0.38802166621797707,0.335374676650184
z,rolling_std_30_clock_adjusted,0.3934325941109666,0.3399697946833583
z,rolling_std_30_clock_adjusted,0.39885506564233686,0.34469783606698456
z,rolling_std_30_clock_adjusted,0.40428929029857885,0.3492659800635298
z,rolling_std_30_clock_adjusted,0.4097354803212812,0.3539256115371018
z,rolling_std_30_clock_adjusted,0.41519385077842685,0.35866979626354756
z,rolling_std_30_clock_adjusted,0.4206646196376157,0.363326517024452
z,rolling_std_30_clock_adjusted,0.42614800784127826,0.36804959625683004
z,rolling_std_30_clock_adjusted,0.43164423938395613,0.37277155496224534
z,rolling_std_30_clock_adjusted,0.43715354139172224,0.37742694381274516
z,rolling_std_30_clock_adjusted,0.44267614420382156,0.38231149874440973
z,rolling_std_30_clock_adjusted,0.44821228145660913,0.3870115545393243
z,rolling_std_30_clock_adjusted,0.4537621901698796,0.39169662147726625
z,rolling_std_30_clock_adjusted,0.45932611083566305,0.39647246091996313
z,rolling_std_30_clock_adjusted,0.46490428750959456,0.40127883892621996
z,rolling_std_30_clock_adjusted,0.4704969679049415,0.40622264689158916
z,rolling_std_30_clock_adjusted,0.47610440348939514,0.4109842500790628
z,rolling_std_30_clock_adjusted,0.48172684958473033,0.4156949845558285
z,rolling_std_30_clock_adjusted,0.4873645654694408,0.4206756185625626
z,rolling_std_30_clock_adjusted,0.4930178144844647,0.42549971210179877
z,rolling_std_30_clock_adjusted,0.49868686414212166,0.4302494970462078
z,rolling_std_30_clock_adjusted,0.5043719862383814,0.43522246518609375
z,rolling_std_30_clock_adjusted,0.5100734569685945,0.440266962810646
z,rolling_std_30_clock_adjusted,0.5157915570468273,0.4453176020961301
z,rolling_std_30_clock_adjusted,0.521526571828932,0.45019014464554213
z,rolling_std_30_clock_adjusted,0.5272787914395082,0.45518621015943667
z,rolling_std_30_clock_adjusted,0.5330485109029087,0.4601080363323281
z,rolling_std_30_clock_adjusted,0.5388360302784502,0.4651365710946215
z,rolling_std_30_clock_adjusted,0.544641654799999,0.47031465003322726
z,rolling_std_30_clock_adjusted,0.5504656950201124,0.47543253810320885
z,rolling_std_30_clock_adjusted,0.5563084669589181,0.480490806489551
z,rolling_std_30_clock_adjusted,0.5621702922579263,0.4856855470050431
z,rolling_std_30_clock_adjusted,0.5680514983389827,0.490780651881259
z,rolling_std_30_clock_adjusted,0.5739524185685733,0.49594394314368473
z,rolling_std_30_clock_adjusted,0.5798733924277044,0.5012215052884477
z,rolling_std_30_clock_adjusted,0.5858147656875988,0.5064274292926741
z,rolling_std_30_clock_adjusted,0.5917768905914464,0.5117673735506342
z,rolling_std_30_clock_adjusted,0.5977601260424784,0.5169098728475726
z,rolling_std_30_clock_adjusted,0.6037648377986299,0.5221084985019858
z,rolling_std_30_clock_adjusted,0.6097913986740797,0.5274132965844667
z,rolling_std_30_clock_adjusted,0.6158401887479719,0.5326724285362581
z,rolling_std_30_clock_adjusted,0.6219115955806241,0.5379468606374043
z,rolling_std_30_clock_adjusted,0.6280060144375696,0.5432506443332797
z,rolling_std_30_clock_adjusted,0.6341238485217698,0.548628130491127
z,rolling_std_30_clock_adjusted,0.6402655092143741,0.5540641449836161
z,rolling_std_30_clock_adjusted,0.6464314163244075,0.5594731993596515
z,rolling_std_30_clock_adjusted,0.652621998347801,0.564888947355235
z,rolling_std_30_clock_adjusted,0.6588376927361879,0.5705113401697472
z,rolling_std_30_clock_adjusted,0.6650789461759234,0.57605489374192
z,rolling_std_30_clock_adjusted,0.6713462148778053,0.5815035380167197
z,rolling_std_30_clock_adjusted,0.6776399648779956,0.5870087071763288
z,rolling_std_30_clock_adjusted,0.6839606723506823,0.5924890974200491
z,rolling_std_30_clock_adjusted,0.690308823933034,0.5981838127155905
z,rolling_std_30_clock_adjusted,0.6966849170630507,0.6039016288066819
z,rolling_std_30_clock_adjusted,0.7030894603309286,0.6096949641408668
z,rolling_std_30_clock_adjusted,0.7095229738446082,0.6154262112948411
z,rolling_std_30_clock_adjusted,0.7159859896102049,0.6213877310898884
z,rolling_std_30_clock_adjusted,0.7224790519280627,0.6271756986299315
z,rolling_std_30_clock_adjusted,0.7290027178052185,0.633011959658778
z,rolling_std_30_clock_adjusted,0.7355575573851106,0.638818231160804
z,rolling_std_30_clock_adjusted,0.7421441543954094,0.6447475896576103
z,rolling_std_30_clock_adjusted,0.7487631066149087,0.6507240463312554
z,rolling_std_30_clock_adjusted,0.7554150263604693,0.6565473810884366
z,rolling_std_30_clock_adjusted,0.7621005409950667,0.6625890296539055
z,rolling_std_30_clock_adjusted,0.7688202934580621,0.6685834215563079
z,rolling_std_30_clock_adjusted,0.7755749428188843,0.6745345268955032
z,rolling_std_30_clock_adjusted,0.7823651648553872,0.6804945889888728
z,rolling_std_30_clock_adjusted,0.7891916526582223,0.6866605182957138
z,rolling_std_30_clock_adjusted,0.7960551172626629,0.6927838986225306
z,rolling_std_30_clock_adjusted,0.8029562883093937,0.6990274060811213
z,rolling_std_30_clock_adjusted,0.809895914735898,0.705346988268055
z,rolling_std_30_clock_adjusted,0.8168747655001637,0.711671710726243
z,rolling_std_30_clock_adjusted,0.8238936303385576,0.7179662787542094
z,rolling_std_30_clock_adjusted,0.830953320559838,0.7242673396356889
z,rolling_std_30_clock_adjusted,0.8380546698774067,0.7305989058425828
z,rolling_std_30_clock_adjusted,0.84519853528205,0.7369956099849564
z,rolling_std_30_clock_adjusted,0.8523857979575752,0.7435571769567212
z,rolling_std_30_clock_adjusted,0.8596173642419117,0.7501077146476206
z,rolling_std_30_clock_adjusted,0.866894166636438,0.7566994201148104
z,rolling_std_30_clock_adjusted,0.8742171648664836,0.7632448101182092
z,rolling_std_30_clock_adjusted,0.8815873469961749,0.7702155793907097
z,rolling_std_30_clock_adjusted,0.8890057306010245,0.7768496240309294
z,rolling_std_30_clock_adjusted,0.8964733640019159,0.7837075391965214
z,rolling_std_30_clock_adjusted,0.9039913275644013,0.7906136581714328
z,rolling_std_30_clock_adjusted,0.9115607350675405,0.7975488287960552
z,rolling_std_30_clock_adjusted,0.9191827351468197,0.80447437588043
z,rolling_std_30_clock_adjusted,0.9268585128160437,0.8114412904649295
z,rolling_std_30_clock_adjusted,0.9345892910734798,0.8183874264961198
z,rolling_std_30_clock_adjusted,0.9423763325979503,0.8252776086314783
z,rolling_std_30_clock_adjusted,0.9502209415410151,0.8326589355543251
z,rolling_std_30_clock_adjusted,0.9581244654219027,0.8399654182039047
z,rolling_std_30_clock_adjusted,0.9660882971323729,0.8473431890098582
z,rolling_std_30_clock_adjusted,0.974113877059309,0.8549057205041136
z,rolling_std_30_clock_adjusted,0.9822026953334697,0.862268102644165
z,rolling_std_30_clock_adjusted,0.9903562942135747,0.8701815617746284
z,rolling_std_30_clock_adjusted,0.9985762706156596,0.8779871477220259
z,rolling_std_30_clock_adjusted,1.0068642787985222,0.885684571169714
z,rolling_std_30_clock_adjusted,1.015222033217028,0.893536641535277
z,rolling_std_30_clock_adjusted,1.0236513115560881,0.9016321544392402
z,rolling_std_30_clock_adjusted,1.032153957959306,0.9094648007864667
z,rolling_std_30_clock_adjusted,1.0407318864675446,0.9175040829432742
z,rolling_std_30_clock_adjusted,1.0493870846841045,0.9255053167588583
z,rolling_std_30_clock_adjusted,1.058121617684777,0.9338788481460214
z,rolling_std_30_clock_adjusted,1.0669376321927655,0.9422374074043789
z,rolling_std_30_clock_adjusted,1.0758373610404315,0.9506140478312534
z,rolling_std_30_clock_adjusted,1.0848231279419567,0.959315737506486
z,rolling_std_30_clock_adjusted,1.0938973526034377,0.9676695746680866
z,rolling_std_30_clock_adjusted,1.1030625561995975,0.9762912584650866
z,rolling_std_30_clock_adjusted,1.1123213672493113,0.9853628970362684
z,rolling_std_30_clock_adjusted,1.1216765279254888,0.9943603926609236
z,rolling_std_30_clock_adjusted,1.131130900838633,1.003605106602258
z,rolling_std_30_clock_adjusted,1.140687476337622,1.0127714494562683
z,rolling_std_30_clock_adjusted,1.1503493803760079,1.02205881878642
z,rolling_std_30_clock_adjusted,1.1601198829975194,1.031607510007495
z,rolling_std_30_clock_adjusted,1.1700024075004787,1.041288729950585
z,rolling_std_30_clock_adjusted,1.180000540347729,1.0509057941190705
z,rolling_std_30_clock_adjusted,1.1901180418964235,1.06068584150716
z,rolling_std_30_clock_adjusted,1.200358858030859,1.0705509775880826
z,rolling_std_30_clock_adjusted,1.2107271327915974,1.0806832613453865
z,rolling_std_30_clock_adjusted,1.2212272221055693,1.0910864765288975
z,rolling_std_30_clock_adjusted,1.2318637087349833,1.1018267618501487
z,rolling_std_30_clock_adjusted,1.242641418577882,1.1129282200343242
z,rolling_std_30_clock_adjusted,1.2535654384704509,1.1238265206056341
z,rolling_std_30_clock_adjusted,1.2646411356610803,1.1347656220441675
z,rolling_std_30_clock_adjusted,1.2758741791491297,1.1456084863758287
z,rolling_std_30_clock_adjusted,1.2872705631079415,1.1569598217789392
z,rolling_std_30_clock_adjusted,1.2988366326425054,1.1683280986990154
z,rolling_std_30_clock_adjusted,1.310579112168129,1.17995195261231
z,rolling_std_30_clock_adjusted,1.3225051367384355,1.1919824139636654
z,rolling_std_30_clock_adjusted,1.3346222867001933,1.2040398761908215
z,rolling_std_30_clock_adjusted,1.3469386261102796,1.2168109467941057
z,rolling_std_30_clock_adjusted,1.3594627454182584,1.229663790672658
z,rolling_std_30_clock_adjusted,1.3722038089987263,1.242239824744664
z,rolling_std_30_clock_adjusted,1.3851716082134358,1.2559443550985896
z,rolling_std_30_clock_adjusted,1.398376620797496,1.2696796076883463
z,rolling_std_30_clock_adjusted,1.4118300775008088,1.2838093830976451
z,rolling_std_30_clock_adjusted,1.4255440370804517,1.2985873422463752
z,rolling_std_30_clock_adjusted,1.439531470938456,1.3132205317771861
z,rolling_std_30_clock_adjusted,1.453806358940575,1.3282364987873139
z,rolling_std_30_clock_adjusted,1.4683837982456598,1.3434764827079366
z,rolling_std_30_clock_adjusted,1.483280127335621,1.359231322200463
z,rolling_std_30_clock_adjusted,1.4985130678799756,1.3756930665193037
z,rolling_std_30_clock_adjusted,1.514101887619284,1.3929931051322308
z,rolling_std_30_clock_adjusted,1.530067588137829,1.4103090718317386
z,rolling_std_30_clock_adjusted,1.5464331222567471,1.428517524441035
z,rolling_std_30_clock_adjusted,1.5632236468662757,1.4467619857896563
z,rolling_std_30_clock_adjusted,1.580466818399361,1.465936377889332
z,rolling_std_30_clock_adjusted,1.5981931399228169,1.4850093611270592
z,rolling_std_30_clock_adjusted,1.6164363711150211,1.5051129406121744
z,rolling_std_30_clock_adjusted,1.635234015388649,1.5258607728807143
z,rolling_std_30_clock_adjusted,1.654627902351077,1.548360441825845
z,rolling_std_30_clock_adjusted,1.6746648890243248,1.570950757484233
z,rolling_std_30_clock_adjusted,1.6953977102721358,1.5950776480163242
z,rolling_std_30_clock_adjusted,1.7168860184310404,1.6204450194704367
z,rolling_std_30_clock_adjusted,1.7391976652852514,1.6464306612090616
z,rolling_std_30_clock_adjusted,1.7624102978623888,1.6739025708618431
z,rolling_std_30_clock_adjusted,1.7866133654934697,1.7027279903164763
z,rolling_std_30_clock_adjusted,1.8119106729525971,1.7340667921133244
z,rolling_std_30_clock_adjusted,1.8384236692477764,1.7664723707856351
z,rolling_std_30_clock_adjusted,1.8662957434581071,1.801488333992526
z,rolling_std_30_clock_adjusted,1.895697923991838,1.8373920497973584
z,rolling_std_30_clock_adjusted,1.9268365732639101,1.8767939264916726
z,rolling_std_30_clock_adjusted,1.9599639845400536,1.9200655971179832
z,rolling_std_30_clock_adjusted,1.9953933101678243,1.9658055058967598
z,rolling_std_30_clock_adjusted,2.0335201492530506,2.0163721776078685
z,rolling_std_30_clock_adjusted,2.0748547343933095,2.073474471326136
z,rolling_std_30_clock_adjusted,2.1200716897421503,2.136077219989809
z,rolling_std_30_clock_adjusted,2.17009037758456,2.206899738536026
z,rolling_std_30_clock_adjusted,2.2262117693171737,2.290156399435963
z,rolling_std_30_clock_adjusted,2.290367877855267,2.3899883082914677
z,rolling_std_30_clock_adjusted,2.365618126864292,2.513378741153222
z,rolling_std_30_clock_adjusted,2.457263390205436,2.673227516366377
z,rolling_std_30_clock_adjusted,2.5758293035489,2.8962320596958193
z,rolling_std_30_clock_adjusted,2.7477813854449917,3.2644367457795465
z,rolling_std_30_clock_adjusted,3.090232306167813,4.272044325537261
z,rolling_std_120_clock_adjusted,-3.090232306167813,-4.685397220965528
z,rolling_std_120_clock_adjusted,-2.747781385444993,-3.527971045483538
z,rolling_std_120_clock_adjusted,-2.5758293035489,-3.0803769050403074
z,rolling_std_120_clock_adjusted,-2.4572633902054375,-2.822527637426623
z,rolling_std_120_clock_adjusted,-2.365618126864292,-2.6373341387941984
z,rolling_std_120_clock_adjusted,-2.290367877855267,-2.491879757548581
z,rolling_std_120_clock_adjusted,-2.226211769317175,-2.3786590609965197
z,rolling_std_120_clock_adjusted,-2.17009037758456,-2.2845108961061693
z,rolling_std_120_clock_adjusted,-2.1200716897421503,-2.202814540939347
z,rolling_std_120_clock_adjusted,-2.0748547343933095,-2.132236660801015
z,rolling_std_120_clock_adjusted,-2.0335201492530506,-2.0713905386392786
z,rolling_std_120_clock_adjusted,-1.9953933101678247,-2.0147267920137817
z,rolling_std_120_clock_adjusted,-1.9599639845400538,-1.9634756615037348
z,rolling_std_120_clock_adjusted,-1.9268365732639106,-1.9166252255849312
z,rolling_std_120_clock_adjusted,-1.8956979239918383,-1.8736361922033509
z,rolling_std_120_clock_adjusted,-1.8662957434581073,-1.833527486802957
z,rolling_std_120_clock_adjusted,-1.8384236692477767,-1.7966627040571845
z,rolling_std_120_clock_adjusted,-1.8119106729525978,-1.7619766292533507
z,rolling_std_120_clock_adjusted,-1.78661336549347,-1.7295152620489447
z,rolling_std_120_clock_adjusted,-1.7624102978623895,-1.6978235162445845
z,rolling_std_120_clock_adjusted,-1.7391976652852517,-1.667743874935933
z,rolling_std_120_clock_adjusted,-1.7168860184310404,-1.6397736016728084
z,rolling_std_120_clock_adjusted,-1.6953977102721358,-1.6138870665976168
z,rolling_std_120_clock_adjusted,-1.6746648890243252,-1.5882475284980955
z,rolling_std_120_clock_adjusted,-1.6546279023510773,-1.5636732685140002
z,rolling_std_120_clock_adjusted,-1.63523401538865,-1.5402580386334677
z,rolling_std_120_clock_adjusted,-1.6164363711150214,-1.5178891978134774
z,rolling_std_120_clock_adjusted,-1.5981931399228173,-1.4960054703632384
z,rolling_std_120_clock_adjusted,-1.5804668183993618,-1.475202110111858
z,rolling_std_120_clock_adjusted,-1.563223646866276,-1.4550553503625427
z,rolling_std_120_clock_adjusted,-1.5464331222567476,-1.435064487976933
z,rolling_std_120_clock_adjusted,-1.530067588137828,-1.4164999087831023
z,rolling_std_120_clock_adjusted,-1.5141018876192833,-1.3983779165409125
z,rolling_std_120_clock_adjusted,-1.4985130678799752,-1.3803098706597627
z,rolling_std_120_clock_adjusted,-1.4832801273356204,-1.3627935863923906
z,rolling_std_120_clock_adjusted,-1.4683837982456598,-1.3457546067507495
z,rolling_std_120_clock_adjusted,-1.4538063589405745,-1.329814190336358
z,rolling_std_120_clock_adjusted,-1.4395314709384557,-1.3138537701792896
z,rolling_std_120_clock_adjusted,-1.4255440370804515,-1.2983112318244578
z,rolling_std_120_clock_adjusted,-1.4118300775008081,-1.2830487612542614
z,rolling_std_120_clock_adjusted,-1.398376620797495,-1.268676189177724
z,rolling_std_120_clock_adjusted,-1.3851716082134353,-1.2542149260643036
z,rolling_std_120_clock_adjusted,-1.3722038089987258,-1.2405114198604505
z,rolling_std_120_clock_adjusted,-1.3594627454182584,-1.2265461417765875
z,rolling_std_120_clock_adjusted,-1.3469386261102796,-1.2131694842783867
z,rolling_std_120_clock_adjusted,-1.3346222867001933,-1.1997697059124741
z,rolling_std_120_clock_adjusted,-1.3225051367384355,-1.18660513191858
z,rolling_std_120_clock_adjusted,-1.310579112168129,-1.1740698868414359
z,rolling_std_120_clock_adjusted,-1.2988366326425054,-1.1615845663891624
z,rolling_std_120_clock_adjusted,-1.2872705631079415,-1.149630682730545
z,rolling_std_120_clock_adjusted,-1.2758741791491297,-1.137632188588215
z,rolling_std_120_clock_adjusted,-1.2646411356610803,-1.1262086468913124
z,rolling_std_120_clock_adjusted,-1.2535654384704509,-1.1148019355208356
z,rolling_std_120_clock_adjusted,-1.242641418577882,-1.1035364908445058
z,rolling_std_120_clock_adjusted,-1.2318637087349833,-1.092241841012107
z,rolling_std_120_clock_adjusted,-1.2212272221055693,-1.081218891243615
z,rolling_std_120_clock_adjusted,-1.2107271327915974,-1.0702086427290043
z,rolling_std_120_clock_adjusted,-1.200358858030859,-1.0595885575611546
z,rolling_std_120_clock_adjusted,-1.1901180418964235,-1.0490626123945126
z,rolling_std_120_clock_adjusted,-1.180000540347729,-1.0387863248954923
z,rolling_std_120_clock_adjusted,-1.1700024075004787,-1.0284003376622517
z,rolling_std_120_clock_adjusted,-1.1601198829975194,-1.0186518623362137
z,rolling_std_120_clock_adjusted,-1.1503493803760079,-1.008957842990467
z,rolling_std_120_clock_adjusted,-1.140687476337622,-0.9994124321069128
z,rolling_std_120_clock_adjusted,-1.131130900838633,-0.9897994303387467
z,rolling_std_120_clock_adjusted,-1.1216765279254888,-0.9803717291715399
z,rolling_std_120_clock_adjusted,-1.1123213672493113,-0.9710957851062819
z,rolling_std_120_clock_adjusted,-1.1030625561995975,-0.9619822229784589
z,rolling_std_120_clock_adjusted,-1.0938973526034377,-0.9531721049815244
z,rolling_std_120_clock_adjusted,-1.0848231279419567,-0.9442908169849359
z,rolling_std_120_clock_adjusted,-1.0758373610404315,-0.9356627219516256
z,rolling_std_120_clock_adjusted,-1.0669376321927655,-0.9270756021443551
z,rolling_std_120_clock_adjusted,-1.058121617684777,-0.9184660058153524
z,rolling_std_120_clock_adjusted,-1.0493870846841045,-0.9099815353007495
z,rolling_std_120_clock_adjusted,-1.0407318864675446,-0.9016555300851221
z,rolling_std_120_clock_adjusted,-1.032153957959306,-0.893438188937785
z,rolling_std_120_clock_adjusted,-1.0236513115560881,-0.8853567725464933
z,rolling_std_120_clock_adjusted,-1.015222033217028,-0.8774194769038893
z,rolling_std_120_clock_adjusted,-1.0068642787985222,-0.8695125736114387
z,rolling_std_120_clock_adjusted,-0.9985762706156596,-0.8615538697830614
z,rolling_std_120_clock_adjusted,-0.9903562942135747,-0.8533700087993948
z,rolling_std_120_clock_adjusted,-0.9822026953334697,-0.8456023599358711
z,rolling_std_120_clock_adjusted,-0.974113877059309,-0.8381482477432317
z,rolling_std_120_clock_adjusted,-0.9660882971323729,-0.8305653090929437
z,rolling_std_120_clock_adjusted,-0.9581244654219027,-0.8229949623305133
z,rolling_std_120_clock_adjusted,-0.9502209415410151,-0.8155115005432556
z,rolling_std_120_clock_adjusted,-0.9423763325979505,-0.808213498669962
z,rolling_std_120_clock_adjusted,-0.9345892910734802,-0.8007058720667829
z,rolling_std_120_clock_adjusted,-0.9268585128160437,-0.7934115239777033
z,rolling_std_120_clock_adjusted,-0.9191827351468197,-0.7862848668121467
z,rolling_std_120_clock_adjusted,-0.9115607350675407,-0.7792125805406092
z,rolling_std_120_clock_adjusted,-0.9039913275644016,-0.772081493470929
z,rolling_std_120_clock_adjusted,-0.8964733640019162,-0.7650506540872108
z,rolling_std_120_clock_adjusted,-0.8890057306010248,-0.7580677366149339
z,rolling_std_120_clock_adjusted,-0.8815873469961746,-0.7511424168378404
z,rolling_std_120_clock_adjusted,-0.8742171648664834,-0.7445188666447714
z,rolling_std_120_clock_adjusted,-0.8668941666364379,-0.7376646766417637
z,rolling_std_120_clock_adjusted,-0.8596173642419114,-0.7309060293354694
z,rolling_std_120_clock_adjusted,-0.852385797957575,-0.7242874959911537
z,rolling_std_120_clock_adjusted,-0.8451985352820499,-0.7177538439233768
z,rolling_std_120_clock_adjusted,-0.8380546698774065,-0.7112149160957991
z,rolling_std_120_clock_adjusted,-0.8309533205598377,-0.7047429273482064
z,rolling_std_120_clock_adjusted,-0.8238936303385576,-0.698216482200744
z,rolling_std_120_clock_adjusted,-0.8168747655001637,-0.6917646743642388
z,rolling_std_120_clock_adjusted,-0.809895914735898,-0.6855851486373792
z,rolling_std_120_clock_adjusted,-0.8029562883093937,-0.6793721561666689
z,rolling_std_120_clock_adjusted,-0.7960551172626629,-0.6730927505022991
z,rolling_std_120_clock_adjusted,-0.7891916526582223,-0.6668449174075837
z,rolling_std_120_clock_adjusted,-0.7823651648553872,-0.6606000657182394
z,rolling_std_120_clock_adjusted,-0.7755749428188843,-0.6543824738070466
z,rolling_std_120_clock_adjusted,-0.7688202934580621,-0.6481652586745498
z,rolling_std_120_clock_adjusted,-0.7621005409950667,-0.6423238336303605
z,rolling_std_120_clock_adjusted,-0.7554150263604693,-0.6364117274108408
z,rolling_std_120_clock_adjusted,-0.7487631066149087,-0.6302634863980147
z,rolling_std_120_clock_adjusted,-0.7421441543954094,-0.6243569670143475
z,rolling_std_120_clock_adjusted,-0.7355575573851106,-0.6183924872992796
z,rolling_std_120_clock_adjusted,-0.7290027178052185,-0.6125683055606773
z,rolling_std_120_clock_adjusted,-0.7224790519280627,-0.6066799300753485
z,rolling_std_120_clock_adjusted,-0.7159859896102049,-0.6010173054107454
z,rolling_std_120_clock_adjusted,-0.7095229738446082,-0.5952540030151967
z,rolling_std_120_clock_adjusted,-0.7030894603309286,-0.5894559456461758
z,rolling_std_120_clock_adjusted,-0.6966849170630507,-0.5836914611727428
z,rolling_std_120_clock_adjusted,-0.690308823933034,-0.5782165645163456
z,rolling_std_120_clock_adjusted,-0.6839606723506823,-0.5728116379074559
z,rolling_std_120_clock_adjusted,-0.6776399648779956,-0.5671839684745508
z,rolling_std_120_clock_adjusted,-0.6713462148778053,-0.5616484876888556
z,rolling_std_120_clock_adjusted,-0.6650789461759234,-0.5561668915554158
z,rolling_std_120_clock_adjusted,-0.6588376927361879,-0.550587426667111
z,rolling_std_120_clock_adjusted,-0.652621998347801,-0.5451100058673836
z,rolling_std_120_clock_adjusted,-0.6464314163244075,-0.539714141478401
z,rolling_std_120_clock_adjusted,-0.6402655092143741,-0.5340844976485263
z,rolling_std_120_clock_adjusted,-0.6341238485217698,-0.5286805397422779
z,rolling_std_120_clock_adjusted,-0.6280060144375696,-0.523112546042496
z,rolling_std_120_clock_adjusted,-0.6219115955806241,-0.5177679709008636
z,rolling_std_120_clock_adjusted,-0.6158401887479719,-0.5123898208921284
z,rolling_std_120_clock_adjusted,-0.6097913986740797,-0.5071655605671407
z,rolling_std_120_clock_adjusted,-0.6037648377986299,-0.5019343562224964
z,rolling_std_120_clock_adjusted,-0.5977601260424784,-0.49656237130562186
z,rolling_std_120_clock_adjusted,-0.5917768905914464,-0.4913506735409631
z,rolling_std_120_clock_adjusted,-0.5858147656875988,-0.48628248630344484
z,rolling_std_120_clock_adjusted,-0.5798733924277044,-0.48103093137089886
z,rolling_std_120_clock_adjusted,-0.5739524185685735,-0.475870928155624
z,rolling_std_120_clock_adjusted,-0.5680514983389829,-0.47076612640840204
z,rolling_std_120_clock_adjusted,-0.5621702922579264,-0.4656960892747149
z,rolling_std_120_clock_adjusted,-0.5563084669589183,-0.46052227313204047
z,rolling_std_120_clock_adjusted,-0.5504656950201127,-0.4554232011745938
z,rolling_std_120_clock_adjusted,-0.5446416547999992,-0.4504628620288439
z,rolling_std_120_clock_adjusted,-0.5388360302784503,-0.44546422140882574
z,rolling_std_120_clock_adjusted,-0.5330485109029091,-0.4404989099758977
z,rolling_std_120_clock_adjusted,-0.5272787914395083,-0.4356044866875547
z,rolling_std_120_clock_adjusted,-0.5215265718289321,-0.4306883215534834
z,rolling_std_120_clock_adjusted,-0.5157915570468274,-0.4256651308610704
z,rolling_std_120_clock_adjusted,-0.5100734569685947,-0.42080412009430096
z,rolling_std_120_clock_adjusted,-0.5043719862383813,-0.4160204841808944
z,rolling_std_120_clock_adjusted,-0.49868686414212227,-0.41120638220872496
z,rolling_std_120_clock_adjusted,-0.4930178144844647,-0.40641074069427785
z,rolling_std_120_clock_adjusted,-0.48736456546944074,-0.4014404074799431
z,rolling_std_120_clock_adjusted,-0.4817268495847302,-0.39641445600842345
z,rolling_std_120_clock_adjusted,-0.47610440348939487,-0.3915630750752503
z,rolling_std_120_clock_adjusted,-0.4704969679049413,-0.3867905721961906
z,rolling_std_120_clock_adjusted,-0.4649042875095944,-0.3819294401360402
z,rolling_std_120_clock_adjusted,-0.4593261108356628,-0.3769749291326175
z,rolling_std_120_clock_adjusted,-0.4537621901698793,-0.3722777678421179
z,rolling_std_120_clock_adjusted,-0.448212281456609,-0.36754520723115575
z,rolling_std_120_clock_adjusted,-0.4426761442038212,-0.36281214770100223
z,rolling_std_120_clock_adjusted,-0.43715354139172213,-0.3579043328864218
z,rolling_std_120_clock_adjusted,-0.431644239383956,-0.35316792788096457
z,rolling_std_120_clock_adjusted,-0.4261480078412781,-0.3485828951010315
z,rolling_std_120_clock_adjusted,-0.4206646196376155,-0.3438846614785686
z,rolling_std_120_clock_adjusted,-0.41519385077842663,-0.3393222086814275
z,rolling_std_120_clock_adjusted,-0.40973548032128104,-0.3346549609256826
z,rolling_std_120_clock_adjusted,-0.4042892902985787,-0.3300444051496559
z,rolling_std_120_clock_adjusted,-0.39885506564233686,-0.3253335665382898
z,rolling_std_120_clock_adjusted,-0.3934325941109666,-0.32079353173117753
z,rolling_std_120_clock_adjusted,-0.38802166621797707,-0.31614084836976236
z,rolling_std_120_clock_adjusted,-0.3826220751625341,-0.31158154204214733
z,rolling_std_120_clock_adjusted,-0.37723361676181155,-0.3070794322925892
z,rolling_std_120_clock_adjusted,-0.3718560893850747,-0.3026696971600432
z,rolling_std_120_clock_adjusted,-0.36648929388943363,-0.29816989080580025
z,rolling_std_120_clock_adjusted,-0.36113303355721227,-0.29351368097153635
z,rolling_std_120_clock_adjusted,-0.3557871140348752,-0.2889017374792236
z,rolling_std_120_clock_adjusted,-0.35045134327346134,-0.2843100991974513
z,rolling_std_120_clock_adjusted,-0.34512553147047226,-0.2797270226383933
z,rolling_std_120_clock_adjusted,-0.3398094910131667,-0.2751564570556245
z,rolling_std_120_clock_adjusted,-0.3345030364232122,-0.2706500382006374
z,rolling_std_120_clock_adjusted,-0.32920598430265113,-0.26631454258348974
z,rolling_std_120_clock_adjusted,-0.323918153281133,-0.26183598225340754
z,rolling_std_120_clock_adjusted,-0.31863936396437514,-0.2573932654139284
z,rolling_std_120_clock_adjusted,-0.31336943888380603,-0.2530252369519316
z,rolling_std_120_clock_adjusted,-0.3081082024473549,-0.24845112939552919
z,rolling_std_120_clock_adjusted,-0.30285548089134917,-0.24407308730737426
z,rolling_std_120_clock_adjusted,-0.2976111022334798,-0.23961894931484048
z,rolling_std_120_clock_adjusted,-0.2923748962268042,-0.23516378901947607
z,rolling_std_120_clock_adjusted,-0.28714669431474543,-0.23078844362008386
z,rolling_std_120_clock_adjusted,-0.2819263295870614,-0.22646870285555498
z,rolling_std_120_clock_adjusted,-0.27671363673674687,-0.22233767039378577
z,rolling_std_120_clock_adjusted,-0.2715084520178386,-0.21797636342016685
z,rolling_std_120_clock_adjusted,-0.26631061320409494,-0.21380756793035735
z,rolling_std_120_clock_adjusted,-0.26111995954851813,-0.20968392919350867
z,rolling_std_120_clock_adjusted,-0.2559363317436934,-0.20545883303620274
z,rolling_std_120_clock_adjusted,-0.250759571882916,-0.20120027345732516
z,rolling_std_120_clock_adjusted,-0.24558952342208085,-0.19707314798956918
z,rolling_std_120_clock_adjusted,-0.24042603114230793,-0.19286550838101246
z,rolling_std_120_clock_adjusted,-0.2352689411132797,-0.18865612810886373
z,rolling_std_120_clock_adjusted,-0.23011810065726568,-0.1843920267158736
z,rolling_std_120_clock_adjusted,-0.22497335831381154,-0.18047031387661308
z,rolling_std_120_clock_adjusted,-0.2198345638050687,-0.17641489336660093
z,rolling_std_120_clock_adjusted,-0.21470156800174453,-0.17224055651072148
z,rolling_std_120_clock_adjusted,-0.20957422288964928,-0.16814758442791378
z,rolling_std_120_clock_adjusted,-0.2044523815368209,-0.16398264836974
z,rolling_std_120_clock_adjusted,-0.1993358980612069,-0.15993424960325853
z,rolling_std_120_clock_adjusted,-0.1942246275988834,-0.15571745763945463
z,rolling_std_120_clock_adjusted,-0.1891184262727925,-0.15149775623252587
z,rolling_std_120_clock_adjusted,-0.1840171511619796,-0.14754047087349612
z,rolling_std_120_clock_adjusted,-0.17892066027131207,-0.14334721067451073
z,rolling_std_120_clock_adjusted,-0.1738288125016624,-0.13922523036134327
z,rolling_std_120_clock_adjusted,-0.16874146762053802,-0.13499266599278764
z,rolling_std_120_clock_adjusted,-0.16365848623314122,-0.13084760578454907
z,rolling_std_120_clock_adjusted,-0.15857972975384346,-0.1265507402339676
z,rolling_std_120_clock_adjusted,-0.15350506037805708,-0.1222670551944133
z,rolling_std_120_clock_adjusted,-0.14843434105448977,-0.11812262505498872
z,rolling_std_120_clock_adjusted,-0.14336743545776665,-0.11396560130408082
z,rolling_std_120_clock_adjusted,-0.1383042079614045,-0.10980512377976868
z,rolling_std_120_clock_adjusted,-0.13324452361112382,-0.10541338630917163
z,rolling_std_120_clock_adjusted,-0.12818824809848547,-0.10117041582447635
z,rolling_std_120_clock_adjusted,-0.1231352477348365,-0.0967946431665003
z,rolling_std_120_clock_adjusted,-0.11808538942555283,-0.0925102233907229
z,rolling_std_120_clock_adjusted,-0.11303854064456507,-0.08795551782752103
z,rolling_std_120_clock_adjusted,-0.10799456940915403,-0.08319136830919746
z,rolling_std_120_clock_adjusted,-0.1029533442550038,-0.07835632327071405
z,rolling_std_120_clock_adjusted,-0.09791473421149931,-0.07335309140447968
z,rolling_std_120_clock_adjusted,-0.09287860877725637,-0.06799203844335984
z,rolling_std_120_clock_adjusted,-0.08784483789587168,-0.06227654461258956
z,rolling_std_120_clock_adjusted,-0.08281329193188118,-0.05620487400474883
z,rolling_std_120_clock_adjusted,-0.07778384164691525,-0.049370149942122084
z,rolling_std_120_clock_adjusted,-0.07275635817603748,-0.04128415145543123
z,rolling_std_120_clock_adjusted,-0.06773071300425916,-0.030423444976441172
z,rolling_std_120_clock_adjusted,-0.06270677794321383,-0.0021219768179167437
z,rolling_std_120_clock_adjusted,-0.05768442510798417,-0.0021219768179167437
z,rolling_std_120_clock_adjusted,-0.05266352689406846,-0.0021219768179167437
z,rolling_std_120_clock_adjusted,-0.04764395595447656,-0.0021219768179167437
z,rolling_std_120_clock_adjusted,-0.04262558517694437,-0.0021219768179167437
z,rolling_std_120_clock_adjusted,-0.037608287661255936,-0.0021219768179167437
z,rolling_std_120_clock_adjusted,-0.032591936696663076,-0.0021219768179167437
z,rolling_std_120_clock_adjusted,-0.027576405739391723,-0.0021219768179167437
z,rolling_std_120_clock_adjusted,-0.022561568390224718,-0.0021219768179167437
z,rolling_std_120_clock_adjusted,-0.017547298372150796,-0.0021219768179167437
z,rolling_std_120_clock_adjusted,-0.012533469508069278,-0.0021219768179167437
z,rolling_std_120_clock_adjusted,-0.007519955698540525,-0.0021219768179167437
z,rolling_std_120_clock_adjusted,-0.0025066308995717666,-0.0021219768179167437
z,rolling_std_120_clock_adjusted,0.0025066308995717666,-0.0021219768179167437
z,rolling_std_120_clock_adjusted,0.007519955698540525,-0.0021219768179167437
z,rolling_std_120_clock_adjusted,0.012533469508069278,-0.0021219768179167437
z,rolling_std_120_clock_adjusted,0.017547298372150796,-0.0021219768179167437
z,rolling_std_120_clock_adjusted,0.022561568390224718,-0.0021219768179167437
z,rolling_std_120_clock_adjusted,0.027576405739391723,-0.0021219768179167437
z,rolling_std_120_clock_adjusted,0.032591936696663076,-0.0021219768179167437
z,rolling_std_120_clock_adjusted,0.037608287661255936,-0.0021219768179167437
z,rolling_std_120_clock_adjusted,0.04262558517694437,-0.0021219768179167437
z,rolling_std_120_clock_adjusted,0.04764395595447656,0.03130614446138039
z,rolling_std_120_clock_adjusted,0.05266352689406846,0.04078081485232405
z,rolling_std_120_clock_adjusted,0.05768442510798417,0.04829712792975184
z,rolling_std_120_clock_adjusted,0.06270677794321383,0.054666137331224544
z,rolling_std_120_clock_adjusted,0.06773071300425916,0.06053301632375935
z,rolling_std_120_clock_adjusted,0.07275635817603748,0.06618506663723495
z,rolling_std_120_clock_adjusted,0.07778384164691525,0.07152566536223254
z,rolling_std_120_clock_adjusted,0.08281329193188132,0.07641701267669214
z,rolling_std_120_clock_adjusted,0.08784483789587182,0.08121325932984699
z,rolling_std_120_clock_adjusted,0.09287860877725654,0.08579353163407676
z,rolling_std_120_clock_adjusted,0.09791473421149946,0.09012732105045887
z,rolling_std_120_clock_adjusted,0.10295334425500394,0.09447305675100753
z,rolling_std_120_clock_adjusted,0.1079945694091542,0.09880908209418364
z,rolling_std_120_clock_adjusted,0.11303854064456521,0.10301174283532721
z,rolling_std_120_clock_adjusted,0.11808538942555302,0.1072680372206109
z,rolling_std_120_clock_adjusted,0.12313524773483664,0.11150835909141388
z,rolling_std_120_clock_adjusted,0.1281882480984856,0.11562002767778268
z,rolling_std_120_clock_adjusted,0.13324452361112396,0.11972327317756735
z,rolling_std_120_clock_adjusted,0.13830420796140463,0.12390047303971763
z,rolling_std_120_clock_adjusted,0.14336743545776678,0.12800502319643722
z,rolling_std_120_clock_adjusted,0.1484343410544899,0.1319768007518008
z,rolling_std_120_clock_adjusted,0.15350506037805722,0.13609082590734978
z,rolling_std_120_clock_adjusted,0.15857972975384332,0.14021760422844934
z,rolling_std_120_clock_adjusted,0.16365848623314108,0.14430085463521505
z,rolling_std_120_clock_adjusted,0.16874146762053788,0.14849239182571317
z,rolling_std_120_clock_adjusted,0.17382881250166224,0.15261443500067448
z,rolling_std_120_clock_adjusted,0.17892066027131193,0.15680416060143734
z,rolling_std_120_clock_adjusted,0.18401715116197945,0.16092906043100413
z,rolling_std_120_clock_adjusted,0.18911842627279238,0.16520341863856702
z,rolling_std_120_clock_adjusted,0.1942246275988833,0.169479328302091
z,rolling_std_120_clock_adjusted,0.19933589806120677,0.1735868365536719
z,rolling_std_120_clock_adjusted,0.20445238153682072,0.17787962092609663
z,rolling_std_120_clock_adjusted,0.2095742228896491,0.18202561745009
z,rolling_std_120_clock_adjusted,0.2147015680017444,0.18626902314862923
z,rolling_std_120_clock_adjusted,0.21983456380506858,0.19048872033911848
z,rolling_std_120_clock_adjusted,0.22497335831381138,0.19454345174398838
z,rolling_std_120_clock_adjusted,0.23011810065726557,0.1986767621354199
z,rolling_std_120_clock_adjusted,0.23526894111327962,0.2028954846218972
z,rolling_std_120_clock_adjusted,0.24042603114230793,0.20715494896693093
z,rolling_std_120_clock_adjusted,0.24558952342208085,0.2113835998561331
z,rolling_std_120_clock_adjusted,0.250759571882916,0.21559132001137973
z,rolling_std_120_clock_adjusted,0.2559363317436934,0.21994766707669264
z,rolling_std_120_clock_adjusted,0.26111995954851813,0.2241863628754395
z,rolling_std_120_clock_adjusted,0.26631061320409494,0.2285185570754475
z,rolling_std_120_clock_adjusted,0.2715084520178386,0.23280030105998797
z,rolling_std_120_clock_adjusted,0.27671363673674687,0.23709350301593493
z,rolling_std_120_clock_adjusted,0.2819263295870614,0.24145928947753248
z,rolling_std_120_clock_adjusted,0.28714669431474543,0.24587223279601303
z,rolling_std_120_clock_adjusted,0.2923748962268042,0.2501985208096227
z,rolling_std_120_clock_adjusted,0.2976111022334798,0.25468910782327675
z,rolling_std_120_clock_adjusted,0.30285548089134917,0.2589680902063506
z,rolling_std_120_clock_adjusted,0.3081082024473549,0.2632619906028099
z,rolling_std_120_clock_adjusted,0.31336943888380603,0.2676845815332237
z,rolling_std_120_clock_adjusted,0.31863936396437514,0.27196108077217895
z,rolling_std_120_clock_adjusted,0.323918153281133,0.2765514157093971
z,rolling_std_120_clock_adjusted,0.32920598430265113,0.2809148894757767
z,rolling_std_120_clock_adjusted,0.3345030364232122,0.2854518522005188
z,rolling_std_120_clock_adjusted,0.3398094910131667,0.2900238323460207
z,rolling_std_120_clock_adjusted,0.34512553147047226,0.2944998575129923
z,rolling_std_120_clock_adjusted,0.35045134327346134,0.29899301975828096
z,rolling_std_120_clock_adjusted,0.3557871140348752,0.3036640081646713
z,rolling_std_120_clock_adjusted,0.36113303355721227,0.30820893684904793
z,rolling_std_120_clock_adjusted,0.36648929388943363,0.3128843202614589
z,rolling_std_120_clock_adjusted,0.3718560893850747,0.3174155427910485
z,rolling_std_120_clock_adjusted,0.37723361676181155,0.3219755215046399
z,rolling_std_120_clock_adjusted,0.3826220751625341,0.3264779561776216
z,rolling_std_120_clock_adjusted,0.38802166621797707,0.33108670536658347
z,rolling_std_120_clock_adjusted,0.3934325941109666,0.335649438933942
z,rolling_std_120_clock_adjusted,0.39885506564233686,0.3402653125177622
z,rolling_std_120_clock_adjusted,0.40428929029857885,0.3449431107122591
z,rolling_std_120_clock_adjusted,0.4097354803212812,0.3496230841574766
z,rolling_std_120_clock_adjusted,0.41519385077842685,0.3543774681870844
z,rolling_std_120_clock_adjusted,0.4206646196376157,0.359046110847862
z,rolling_std_120_clock_adjusted,0.42614800784127826,0.3636578524575681
z,rolling_std_120_clock_adjusted,0.43164423938395613,0.3682638662642438
z,rolling_std_120_clock_adjusted,0.43715354139172224,0.3729622400796028
z,rolling_std_120_clock_adjusted,0.44267614420382156,0.37764726393310954
z,rolling_std_120_clock_adjusted,0.44821228145660913,0.3823595959735927
z,rolling_std_120_clock_adjusted,0.4537621901698796,0.38719155547000517
z,rolling_std_120_clock_adjusted,0.45932611083566305,0.39186948775306374
z,rolling_std_120_clock_adjusted,0.46490428750959456,0.39673067995916966
z,rolling_std_120_clock_adjusted,0.4704969679049415,0.4014452371794233
z,rolling_std_120_clock_adjusted,0.47610440348939514,0.4061571922481778
z,rolling_std_120_clock_adjusted,0.48172684958473033,0.41113560741488137
z,rolling_std_120_clock_adjusted,0.4873645654694408,0.4159534933927566
z,rolling_std_120_clock_adjusted,0.4930178144844647,0.4206659643772567
z,rolling_std_120_clock_adjusted,0.49868686414212166,0.4254510564201912
z,rolling_std_120_clock_adjusted,0.5043719862383814,0.43030923636822105
z,rolling_std_120_clock_adjusted,0.5100734569685945,0.435193675829141
z,rolling_std_120_clock_adjusted,0.5157915570468273,0.4400023627218156
z,rolling_std_120_clock_adjusted,0.521526571828932,0.4448389827776954
z,rolling_std_120_clock_adjusted,0.5272787914395082,0.44981371349016047
z,rolling_std_120_clock_adjusted,0.5330485109029087,0.4547784882748861
z,rolling_std_120_clock_adjusted,0.5388360302784502,0.45971930277113365
z,rolling_std_120_clock_adjusted,0.544641654799999,0.464729152475889
z,rolling_std_120_clock_adjusted,0.5504656950201124,0.46976073013601183
z,rolling_std_120_clock_adjusted,0.5563084669589181,0.4746465593897146
z,rolling_std_120_clock_adjusted,0.5621702922579263,0.4796471331230654
z,rolling_std_120_clock_adjusted,0.5680514983389827,0.4846863092381097
z,rolling_std_120_clock_adjusted,0.5739524185685733,0.48982163393536265
z,rolling_std_120_clock_adjusted,0.5798733924277044,0.4950533970299818
z,rolling_std_120_clock_adjusted,0.5858147656875988,0.5001298609383901
z,rolling_std_120_clock_adjusted,0.5917768905914464,0.5052917481475967
z,rolling_std_120_clock_adjusted,0.5977601260424784,0.5104937610518482
z,rolling_std_120_clock_adjusted,0.6037648377986299,0.5156795144428119
z,rolling_std_120_clock_adjusted,0.6097913986740797,0.5208945181162458
z,rolling_std_120_clock_adjusted,0.6158401887479719,0.526229196959832
z,rolling_std_120_clock_adjusted,0.6219115955806241,0.5314054797802764
z,rolling_std_120_clock_adjusted,0.6280060144375696,0.5366635951323178
z,rolling_std_120_clock_adjusted,0.6341238485217698,0.5419849082371876
z,rolling_std_120_clock_adjusted,0.6402655092143741,0.5473495102955475
z,rolling_std_120_clock_adjusted,0.6464314163244075,0.5527514243729946
z,rolling_std_120_clock_adjusted,0.652621998347801,0.5580268917506777
z,rolling_std_120_clock_adjusted,0.6588376927361879,0.5633276234322258
z,rolling_std_120_clock_adjusted,0.6650789461759234,0.5687814146754752
z,rolling_std_120_clock_adjusted,0.6713462148778053,0.5743247074212
z,rolling_std_120_clock_adjusted,0.6776399648779956,0.5798646728220448
z,rolling_std_120_clock_adjusted,0.6839606723506823,0.5853643161319024
z,rolling_std_120_clock_adjusted,0.690308823933034,0.5910030449771154
z,rolling_std_120_clock_adjusted,0.6966849170630507,0.5966786676261825
z,rolling_std_120_clock_adjusted,0.7030894603309286,0.6024701249368764
z,rolling_std_120_clock_adjusted,0.7095229738446082,0.6082232120732035
z,rolling_std_120_clock_adjusted,0.7159859896102049,0.6138954165945212
z,rolling_std_120_clock_adjusted,0.7224790519280627,0.6197094145601556
z,rolling_std_120_clock_adjusted,0.7290027178052185,0.6253821339760657
z,rolling_std_120_clock_adjusted,0.7355575573851106,0.6310749930697692
z,rolling_std_120_clock_adjusted,0.7421441543954094,0.6369374473607363
z,rolling_std_120_clock_adjusted,0.7487631066149087,0.6429015849674883
z,rolling_std_120_clock_adjusted,0.7554150263604693,0.6487189362468048
z,rolling_std_120_clock_adjusted,0.7621005409950667,0.6545529875407881
z,rolling_std_120_clock_adjusted,0.7688202934580621,0.6605625896397265
z,rolling_std_120_clock_adjusted,0.7755749428188843,0.6665974205787066
z,rolling_std_120_clock_adjusted,0.7823651648553872,0.6727149990224546
z,rolling_std_120_clock_adjusted,0.7891916526582223,0.6786800961553558
z,rolling_std_120_clock_adjusted,0.7960551172626629,0.6847961308254519
z,rolling_std_120_clock_adjusted,0.8029562883093937,0.6909900714736465
z,rolling_std_120_clock_adjusted,0.809895914735898,0.6974167094991021
z,rolling_std_120_clock_adjusted,0.8168747655001637,0.7037558395688412
z,rolling_std_120_clock_adjusted,0.8238936303385576,0.7099607653756445
z,rolling_std_120_clock_adjusted,0.830953320559838,0.7164101585691051
z,rolling_std_120_clock_adjusted,0.8380546698774067,0.722747503037161
z,rolling_std_120_clock_adjusted,0.84519853528205,0.7289814177390319
z,rolling_std_120_clock_adjusted,0.8523857979575752,0.7354089338067907
z,rolling_std_120_clock_adjusted,0.8596173642419117,0.7418797575762701
z,rolling_std_120_clock_adjusted,0.866894166636438,0.748638420310981
z,rolling_std_120_clock_adjusted,0.8742171648664836,0.755325990389863
z,rolling_std_120_clock_adjusted,0.8815873469961749,0.7619058343839704
z,rolling_std_120_clock_adjusted,0.8890057306010245,0.7687098716502208
z,rolling_std_120_clock_adjusted,0.8964733640019159,0.7754897324666975
z,rolling_std_120_clock_adjusted,0.9039913275644013,0.7823799270477688
z,rolling_std_120_clock_adjusted,0.9115607350675405,0.7893488200719285
z,rolling_std_120_clock_adjusted,0.9191827351468197,0.7963071198571876
z,rolling_std_120_clock_adjusted,0.9268585128160437,0.803235041717647
z,rolling_std_120_clock_adjusted,0.9345892910734798,0.8104007912233223
z,rolling_std_120_clock_adjusted,0.9423763325979503,0.8177357889384274
z,rolling_std_120_clock_adjusted,0.9502209415410151,0.8248491378570189
z,rolling_std_120_clock_adjusted,0.9581244654219027,0.8320746524313904
z,rolling_std_120_clock_adjusted,0.9660882971323729,0.8393280367268051
z,rolling_std_120_clock_adjusted,0.974113877059309,0.8466004050173848
z,rolling_std_120_clock_adjusted,0.9822026953334697,0.8541184246965673
z,rolling_std_120_clock_adjusted,0.9903562942135747,0.861794367516695
z,rolling_std_120_clock_adjusted,0.9985762706156596,0.8694766647857677
z,rolling_std_120_clock_adjusted,1.0068642787985222,0.8771063159424698
z,rolling_std_120_clock_adjusted,1.015222033217028,0.884946591868858
z,rolling_std_120_clock_adjusted,1.0236513115560881,0.8930021367387574
z,rolling_std_120_clock_adjusted,1.032153957959306,0.900681027438232
z,rolling_std_120_clock_adjusted,1.0407318864675446,0.9086413687161019
z,rolling_std_120_clock_adjusted,1.0493870846841045,0.9170271210223742
z,rolling_std_120_clock_adjusted,1.058121617684777,0.9251200143559515
z,rolling_std_120_clock_adjusted,1.0669376321927655,0.933649080208179
z,rolling_std_120_clock_adjusted,1.0758373610404315,0.9422605359503994
z,rolling_std_120_clock_adjusted,1.0848231279419567,0.9505866592425745
z,rolling_std_120_clock_adjusted,1.0938973526034377,0.9591943073412936
z,rolling_std_120_clock_adjusted,1.1030625561995975,0.9680032080173621
z,rolling_std_120_clock_adjusted,1.1123213672493113,0.9770276583460705
z,rolling_std_120_clock_adjusted,1.1216765279254888,0.9858058970874808
z,rolling_std_120_clock_adjusted,1.131130900838633,0.9947793703354474
z,rolling_std_120_clock_adjusted,1.140687476337622,1.003903898208606
z,rolling_std_120_clock_adjusted,1.1503493803760079,1.0133961647069332
z,rolling_std_120_clock_adjusted,1.1601198829975194,1.023134416408048
z,rolling_std_120_clock_adjusted,1.1700024075004787,1.0325371658957705
z,rolling_std_120_clock_adjusted,1.180000540347729,1.0421382109135762
z,rolling_std_120_clock_adjusted,1.1901180418964235,1.052283520559023
z,rolling_std_120_clock_adjusted,1.200358858030859,1.0620686143063376
z,rolling_std_120_clock_adjusted,1.2107271327915974,1.071980032168613
z,rolling_std_120_clock_adjusted,1.2212272221055693,1.0822757199101711
z,rolling_std_120_clock_adjusted,1.2318637087349833,1.0927628569717822
z,rolling_std_120_clock_adjusted,1.242641418577882,1.1039435331913392
z,rolling_std_120_clock_adjusted,1.2535654384704509,1.1149643252603794
z,rolling_std_120_clock_adjusted,1.2646411356610803,1.1259171315306087
z,rolling_std_120_clock_adjusted,1.2758741791491297,1.1371174943958786
z,rolling_std_120_clock_adjusted,1.2872705631079415,1.1487256559183714
z,rolling_std_120_clock_adjusted,1.2988366326425054,1.160302152841807
z,rolling_std_120_clock_adjusted,1.310579112168129,1.1720261897405062
z,rolling_std_120_clock_adjusted,1.3225051367384355,1.1841120541289805
z,rolling_std_120_clock_adjusted,1.3346222867001933,1.1962871299198692
z,rolling_std_120_clock_adjusted,1.3469386261102796,1.2092618280716068
z,rolling_std_120_clock_adjusted,1.3594627454182584,1.2220504156239689
z,rolling_std_120_clock_adjusted,1.3722038089987263,1.235160824873024
z,rolling_std_120_clock_adjusted,1.3851716082134358,1.248482642138002
z,rolling_std_120_clock_adjusted,1.398376620797496,1.2623395131089288
z,rolling_std_120_clock_adjusted,1.4118300775008088,1.2762810715078432
z,rolling_std_120_clock_adjusted,1.4255440370804517,1.291256832351728
z,rolling_std_120_clock_adjusted,1.439531470938456,1.3056555721327605
z,rolling_std_120_clock_adjusted,1.453806358940575,1.3201905989917164
z,rolling_std_120_clock_adjusted,1.4683837982456598,1.3354586256038363
z,rolling_std_120_clock_adjusted,1.483280127335621,1.3513412674352772
z,rolling_std_120_clock_adjusted,1.4985130678799756,1.36724093281541
z,rolling_std_120_clock_adjusted,1.514101887619284,1.3834831603288151
z,rolling_std_120_clock_adjusted,1.530067588137829,1.4008143161907218
z,rolling_std_120_clock_adjusted,1.5464331222567471,1.4187883054577204
z,rolling_std_120_clock_adjusted,1.5632236468662757,1.4371971542501099
z,rolling_std_120_clock_adjusted,1.580466818399361,1.456129873800016
z,rolling_std_120_clock_adjusted,1.5981931399228169,1.4757847721943822
z,rolling_std_120_clock_adjusted,1.6164363711150211,1.4965625835200778
z,rolling_std_120_clock_adjusted,1.635234015388649,1.5171800132444953
z,rolling_std_120_clock_adjusted,1.654627902351077,1.5396906476822976
z,rolling_std_120_clock_adjusted,1.6746648890243248,1.5623869020299057
z,rolling_std_120_clock_adjusted,1.6953977102721358,1.5860831501863542
z,rolling_std_120_clock_adjusted,1.7168860184310404,1.610641553967372
z,rolling_std_120_clock_adjusted,1.7391976652852514,1.636642732439083
z,rolling_std_120_clock_adjusted,1.7624102978623888,1.6639174942719483
z,rolling_std_120_clock_adjusted,1.7866133654934697,1.6933445094577801
z,rolling_std_120_clock_adjusted,1.8119106729525971,1.7235925472370517
z,rolling_std_120_clock_adjusted,1.8384236692477764,1.7561617025981595
z,rolling_std_120_clock_adjusted,1.8662957434581071,1.790702510432497
z,rolling_std_120_clock_adjusted,1.895697923991838,1.8285057182546025
z,rolling_std_120_clock_adjusted,1.9268365732639101,1.8683448015320554
z,rolling_std_120_clock_adjusted,1.9599639845400536,1.9107864920876492
z,rolling_std_120_clock_adjusted,1.9953933101678243,1.957576963883379
z,rolling_std_120_clock_adjusted,2.0335201492530506,2.0090288850693763
z,rolling_std_120_clock_adjusted,2.0748547343933095,2.0645413527217906
z,rolling_std_120_clock_adjusted,2.1200716897421503,2.126337980405455
z,rolling_std_120_clock_adjusted,2.17009037758456,2.196588658871003
z,rolling_std_120_clock_adjusted,2.2262117693171737,2.280538336682542
z,rolling_std_120_clock_adjusted,2.290367877855267,2.380191635762704
z,rolling_std_120_clock_adjusted,2.365618126864292,2.5001799007843357
z,rolling_std_120_clock_adjusted,2.457263390205436,2.6548906282733613
z,rolling_std_120_clock_adjusted,2.5758293035489,2.8779276748067586
z,rolling_std_120_clock_adjusted,2.7477813854449917,3.249995991788175
z,rolling_std_120_clock_adjusted,3.090232306167813,4.282191131431893
z,rolling_std_390_clock_adjusted,-3.090232306167813,-4.947179159634236
z,rolling_std_390_clock_adjusted,-2.747781385444993,-3.655869981828588
z,rolling_std_390_clock_adjusted,-2.5758293035489,-3.1641486432292645
z,rolling_std_390_clock_adjusted,-2.4572633902054375,-2.8764055557584105
z,rolling_std_390_clock_adjusted,-2.365618126864292,-2.67467467684015
z,rolling_std_390_clock_adjusted,-2.290367877855267,-2.5215814196611803
z,rolling_std_390_clock_adjusted,-2.226211769317175,-2.4005683218854297
z,rolling_std_390_clock_adjusted,-2.17009037758456,-2.2984115366015514
z,rolling_std_390_clock_adjusted,-2.1200716897421503,-2.212886690400675
z,rolling_std_390_clock_adjusted,-2.0748547343933095,-2.1374645040155187
z,rolling_std_390_clock_adjusted,-2.0335201492530506,-2.071136793871843
z,rolling_std_390_clock_adjusted,-1.9953933101678247,-2.0123745726321247
z,rolling_std_390_clock_adjusted,-1.9599639845400538,-1.9574896813104594
z,rolling_std_390_clock_adjusted,-1.9268365732639106,-1.9093768953679955
z,rolling_std_390_clock_adjusted,-1.8956979239918383,-1.8642430628268
z,rolling_std_390_clock_adjusted,-1.8662957434581073,-1.8223810766768143
z,rolling_std_390_clock_adjusted,-1.8384236692477767,-1.78155337269477
z,rolling_std_390_clock_adjusted,-1.8119106729525978,-1.7457476508540808
z,rolling_std_390_clock_adjusted,-1.78661336549347,-1.711675867930028
z,rolling_std_390_clock_adjusted,-1.7624102978623895,-1.679304041925416
z,rolling_std_390_clock_adjusted,-1.7391976652852517,-1.649031393388194
z,rolling_std_390_clock_adjusted,-1.7168860184310404,-1.619484350938503
z,rolling_std_390_clock_adjusted,-1.6953977102721358,-1.5915024966469467
z,rolling_std_390_clock_adjusted,-1.6746648890243252,-1.5661354502790752
z,rolling_std_390_clock_adjusted,-1.6546279023510773,-1.5410346397144812
z,rolling_std_390_clock_adjusted,-1.63523401538865,-1.5174013262024997
z,rolling_std_390_clock_adjusted,-1.6164363711150214,-1.4938906056728163
z,rolling_std_390_clock_adjusted,-1.5981931399228173,-1.4716785940035415
z,rolling_std_390_clock_adjusted,-1.5804668183993618,-1.450560316712341
z,rolling_std_390_clock_adjusted,-1.563223646866276,-1.4299163378860278
z,rolling_std_390_clock_adjusted,-1.5464331222567476,-1.41029099488871
z,rolling_std_390_clock_adjusted,-1.530067588137828,-1.3909209017546795
z,rolling_std_390_clock_adjusted,-1.5141018876192833,-1.3721893336212752
z,rolling_std_390_clock_adjusted,-1.4985130678799752,-1.3541175712761018
z,rolling_std_390_clock_adjusted,-1.4832801273356204,-1.3367692280609307
z,rolling_std_390_clock_adjusted,-1.4683837982456598,-1.3201255766464277
z,rolling_std_390_clock_adjusted,-1.4538063589405745,-1.3035049849272347
z,rolling_std_390_clock_adjusted,-1.4395314709384557,-1.2870313859649856
z,rolling_std_390_clock_adjusted,-1.4255440370804515,-1.2712054075500705
z,rolling_std_390_clock_adjusted,-1.4118300775008081,-1.2558022306918897
z,rolling_std_390_clock_adjusted,-1.398376620797495,-1.2412239619186478
z,rolling_std_390_clock_adjusted,-1.3851716082134353,-1.2261953495048024
z,rolling_std_390_clock_adjusted,-1.3722038089987258,-1.2121822246752914
z,rolling_std_390_clock_adjusted,-1.3594627454182584,-1.1983823042007968
z,rolling_std_390_clock_adjusted,-1.3469386261102796,-1.1845338885655838
z,rolling_std_390_clock_adjusted,-1.3346222867001933,-1.1711017407686568
z,rolling_std_390_clock_adjusted,-1.3225051367384355,-1.1581584887223293
z,rolling_std_390_clock_adjusted,-1.310579112168129,-1.1454777643410903
z,rolling_std_390_clock_adjusted,-1.2988366326425054,-1.1332068472556815
z,rolling_std_390_clock_adjusted,-1.2872705631079415,-1.1210498576081736
z,rolling_std_390_clock_adjusted,-1.2758741791491297,-1.108945240430751
z,rolling_std_390_clock_adjusted,-1.2646411356610803,-1.0974093266265084
z,rolling_std_390_clock_adjusted,-1.2535654384704509,-1.0853868227781909
z,rolling_std_390_clock_adjusted,-1.242641418577882,-1.074127911494521
z,rolling_std_390_clock_adjusted,-1.2318637087349833,-1.0630138865263798
z,rolling_std_390_clock_adjusted,-1.2212272221055693,-1.0520835668730735
z,rolling_std_390_clock_adjusted,-1.2107271327915974,-1.0412970732576794
z,rolling_std_390_clock_adjusted,-1.200358858030859,-1.0304534741343425
z,rolling_std_390_clock_adjusted,-1.1901180418964235,-1.020176052990358
z,rolling_std_390_clock_adjusted,-1.180000540347729,-1.009726976146012
z,rolling_std_390_clock_adjusted,-1.1700024075004787,-0.9998358044696881
z,rolling_std_390_clock_adjusted,-1.1601198829975194,-0.9899265040004143
z,rolling_std_390_clock_adjusted,-1.1503493803760079,-0.9803290963889959
z,rolling_std_390_clock_adjusted,-1.140687476337622,-0.9706910518417793
z,rolling_std_390_clock_adjusted,-1.131130900838633,-0.9611379302230646
z,rolling_std_390_clock_adjusted,-1.1216765279254888,-0.9517720411692746
z,rolling_std_390_clock_adjusted,-1.1123213672493113,-0.9425638325863571
z,rolling_std_390_clock_adjusted,-1.1030625561995975,-0.9334968666380103
z,rolling_std_390_clock_adjusted,-1.0938973526034377,-0.9246044825983565
z,rolling_std_390_clock_adjusted,-1.0848231279419567,-0.9157299594440078
z,rolling_std_390_clock_adjusted,-1.0758373610404315,-0.9069963001351089
z,rolling_std_390_clock_adjusted,-1.0669376321927655,-0.8983848917682077
z,rolling_std_390_clock_adjusted,-1.058121617684777,-0.8898944785699171
z,rolling_std_390_clock_adjusted,-1.0493870846841045,-0.8814366518867807
z,rolling_std_390_clock_adjusted,-1.0407318864675446,-0.8730505248367749
z,rolling_std_390_clock_adjusted,-1.032153957959306,-0.864981866546498
z,rolling_std_390_clock_adjusted,-1.0236513115560881,-0.856840902711206
z,rolling_std_390_clock_adjusted,-1.015222033217028,-0.8489419110920832
z,rolling_std_390_clock_adjusted,-1.0068642787985222,-0.8410158195765868
z,rolling_std_390_clock_adjusted,-0.9985762706156596,-0.8328909478963676
z,rolling_std_390_clock_adjusted,-0.9903562942135747,-0.825255233133716
z,rolling_std_390_clock_adjusted,-0.9822026953334697,-0.817446907756619
z,rolling_std_390_clock_adjusted,-0.974113877059309,-0.8098396026189032
z,rolling_std_390_clock_adjusted,-0.9660882971323729,-0.8023212612564973
z,rolling_std_390_clock_adjusted,-0.9581244654219027,-0.7948636886761065
z,rolling_std_390_clock_adjusted,-0.9502209415410151,-0.7875298988609573
z,rolling_std_390_clock_adjusted,-0.9423763325979505,-0.7802999824604577
z,rolling_std_390_clock_adjusted,-0.9345892910734802,-0.7731039282608143
z,rolling_std_390_clock_adjusted,-0.9268585128160437,-0.7659278092068563
z,rolling_std_390_clock_adjusted,-0.9191827351468197,-0.7587499765598055
z,rolling_std_390_clock_adjusted,-0.9115607350675407,-0.7518086450805983
z,rolling_std_390_clock_adjusted,-0.9039913275644016,-0.7450175936330938
z,rolling_std_390_clock_adjusted,-0.8964733640019162,-0.7382561155753695
z,rolling_std_390_clock_adjusted,-0.8890057306010248,-0.7314708994527271
z,rolling_std_390_clock_adjusted,-0.8815873469961746,-0.7247989510671833
z,rolling_std_390_clock_adjusted,-0.8742171648664834,-0.7179797601922421
z,rolling_std_390_clock_adjusted,-0.8668941666364379,-0.7113062078036889
z,rolling_std_390_clock_adjusted,-0.8596173642419114,-0.7048007520083233
z,rolling_std_390_clock_adjusted,-0.852385797957575,-0.698426695485097
z,rolling_std_390_clock_adjusted,-0.8451985352820499,-0.691940655161574
z,rolling_std_390_clock_adjusted,-0.8380546698774065,-0.6856374493156395
z,rolling_std_390_clock_adjusted,-0.8309533205598377,-0.6792067768508444
z,rolling_std_390_clock_adjusted,-0.8238936303385576,-0.6728390950646398
z,rolling_std_390_clock_adjusted,-0.8168747655001637,-0.6665463658141036
z,rolling_std_390_clock_adjusted,-0.809895914735898,-0.6603238782545215
z,rolling_std_390_clock_adjusted,-0.8029562883093937,-0.6542362467152919
z,rolling_std_390_clock_adjusted,-0.7960551172626629,-0.6479587532300917
z,rolling_std_390_clock_adjusted,-0.7891916526582223,-0.6419309123665297
z,rolling_std_390_clock_adjusted,-0.7823651648553872,-0.6356453652883431
z,rolling_std_390_clock_adjusted,-0.7755749428188843,-0.6296771616820623
z,rolling_std_390_clock_adjusted,-0.7688202934580621,-0.6237109323126706
z,rolling_std_390_clock_adjusted,-0.7621005409950667,-0.6179013062759299
z,rolling_std_390_clock_adjusted,-0.7554150263604693,-0.6119683946079802
z,rolling_std_390_clock_adjusted,-0.7487631066149087,-0.606034275737698
z,rolling_std_390_clock_adjusted,-0.7421441543954094,-0.6001018878185724
z,rolling_std_390_clock_adjusted,-0.7355575573851106,-0.5942681753231656
z,rolling_std_390_clock_adjusted,-0.7290027178052185,-0.588607616089214
z,rolling_std_390_clock_adjusted,-0.7224790519280627,-0.5829372976135887
z,rolling_std_390_clock_adjusted,-0.7159859896102049,-0.5773054802426796
z,rolling_std_390_clock_adjusted,-0.7095229738446082,-0.5715867762113453
z,rolling_std_390_clock_adjusted,-0.7030894603309286,-0.5659170840901895
z,rolling_std_390_clock_adjusted,-0.6966849170630507,-0.5605507269313651
z,rolling_std_390_clock_adjusted,-0.690308823933034,-0.5549374831319207
z,rolling_std_390_clock_adjusted,-0.6839606723506823,-0.5495607405349129
z,rolling_std_390_clock_adjusted,-0.6776399648779956,-0.5441097109389865
z,rolling_std_390_clock_adjusted,-0.6713462148778053,-0.5387015582785903
z,rolling_std_390_clock_adjusted,-0.6650789461759234,-0.5334230613171111
z,rolling_std_390_clock_adjusted,-0.6588376927361879,-0.5279966369955607
z,rolling_std_390_clock_adjusted,-0.652621998347801,-0.5227124236593287
z,rolling_std_390_clock_adjusted,-0.6464314163244075,-0.5175017968330559
z,rolling_std_390_clock_adjusted,-0.6402655092143741,-0.5122432454485334
z,rolling_std_390_clock_adjusted,-0.6341238485217698,-0.5069738753970011
z,rolling_std_390_clock_adjusted,-0.6280060144375696,-0.5017504733090227
z,rolling_std_390_clock_adjusted,-0.6219115955806241,-0.4965268556071832
z,rolling_std_390_clock_adjusted,-0.6158401887479719,-0.4913484249808024
z,rolling_std_390_clock_adjusted,-0.6097913986740797,-0.48637234095668
z,rolling_std_390_clock_adjusted,-0.6037648377986299,-0.48126569766628496
z,rolling_std_390_clock_adjusted,-0.5977601260424784,-0.47606449270822276
z,rolling_std_390_clock_adjusted,-0.5917768905914464,-0.4708866194761324
z,rolling_std_390_clock_adjusted,-0.5858147656875988,-0.46576975567554113
z,rolling_std_390_clock_adjusted,-0.5798733924277044,-0.46080748110076797
z,rolling_std_390_clock_adjusted,-0.5739524185685735,-0.45585186296259805
z,rolling_std_390_clock_adjusted,-0.5680514983389829,-0.4508408659885829
z,rolling_std_390_clock_adjusted,-0.5621702922579264,-0.4458958847401194
z,rolling_std_390_clock_adjusted,-0.5563084669589183,-0.44085113553061644
z,rolling_std_390_clock_adjusted,-0.5504656950201127,-0.435725481217876
z,rolling_std_390_clock_adjusted,-0.5446416547999992,-0.43089423774774466
z,rolling_std_390_clock_adjusted,-0.5388360302784503,-0.42607944733992
z,rolling_std_390_clock_adjusted,-0.5330485109029091,-0.4211855891287231
z,rolling_std_390_clock_adjusted,-0.5272787914395083,-0.4165685067635782
z,rolling_std_390_clock_adjusted,-0.5215265718289321,-0.41179440506078996
z,rolling_std_390_clock_adjusted,-0.5157915570468274,-0.4069646174137016
z,rolling_std_390_clock_adjusted,-0.5100734569685947,-0.40210700719010845
z,rolling_std_390_clock_adjusted,-0.5043719862383813,-0.39737600276666735
z,rolling_std_390_clock_adjusted,-0.49868686414212227,-0.3927623114047112
z,rolling_std_390_clock_adjusted,-0.4930178144844647,-0.38793994659098974
z,rolling_std_390_clock_adjusted,-0.48736456546944074,-0.3832692995574365
z,rolling_std_390_clock_adjusted,-0.4817268495847302,-0.3786057723288681
z,rolling_std_390_clock_adjusted,-0.47610440348939487,-0.37397405220554386
z,rolling_std_390_clock_adjusted,-0.4704969679049413,-0.3693972330569535
z,rolling_std_390_clock_adjusted,-0.4649042875095944,-0.3647410033180139
z,rolling_std_390_clock_adjusted,-0.4593261108356628,-0.36022862815927204
z,rolling_std_390_clock_adjusted,-0.4537621901698793,-0.35564668789055115
z,rolling_std_390_clock_adjusted,-0.448212281456609,-0.3510730663578952
z,rolling_std_390_clock_adjusted,-0.4426761442038212,-0.34640767409396317
z,rolling_std_390_clock_adjusted,-0.43715354139172213,-0.3419471202432985
z,rolling_std_390_clock_adjusted,-0.431644239383956,-0.337430577249439
z,rolling_std_390_clock_adjusted,-0.4261480078412781,-0.3329221927854313
z,rolling_std_390_clock_adjusted,-0.4206646196376155,-0.32848556442439053
z,rolling_std_390_clock_adjusted,-0.41519385077842663,-0.3239468642311582
z,rolling_std_390_clock_adjusted,-0.40973548032128104,-0.319457384927629
z,rolling_std_390_clock_adjusted,-0.4042892902985787,-0.3148598373762393
z,rolling_std_390_clock_adjusted,-0.39885506564233686,-0.31044094511512066
z,rolling_std_390_clock_adjusted,-0.3934325941109666,-0.30600182873366744
z,rolling_std_390_clock_adjusted,-0.38802166621797707,-0.30151756428154336
z,rolling_std_390_clock_adjusted,-0.3826220751625341,-0.29705958021886963
z,rolling_std_390_clock_adjusted,-0.37723361676181155,-0.29262291848171246
z,rolling_std_390_clock_adjusted,-0.3718560893850747,-0.28821440790553293
z,rolling_std_390_clock_adjusted,-0.36648929388943363,-0.28384603294276345
z,rolling_std_390_clock_adjusted,-0.36113303355721227,-0.27949144740884474
z,rolling_std_390_clock_adjusted,-0.3557871140348752,-0.2750751631511453
z,rolling_std_390_clock_adjusted,-0.35045134327346134,-0.2707086120548952
z,rolling_std_390_clock_adjusted,-0.34512553147047226,-0.2664260445290393
z,rolling_std_390_clock_adjusted,-0.3398094910131667,-0.26210593187321624
z,rolling_std_390_clock_adjusted,-0.3345030364232122,-0.25778226620911576
z,rolling_std_390_clock_adjusted,-0.32920598430265113,-0.2535065422604396
z,rolling_std_390_clock_adjusted,-0.323918153281133,-0.24928793714679787
z,rolling_std_390_clock_adjusted,-0.31863936396437514,-0.24495055548986958
z,rolling_std_390_clock_adjusted,-0.31336943888380603,-0.24068074059153077
z,rolling_std_390_clock_adjusted,-0.3081082024473549,-0.23644764375206928
z,rolling_std_390_clock_adjusted,-0.30285548089134917,-0.2321840703511138
z,rolling_std_390_clock_adjusted,-0.2976111022334798,-0.22806039361293956
z,rolling_std_390_clock_adjusted,-0.2923748962268042,-0.22386993024390764
z,rolling_std_390_clock_adjusted,-0.28714669431474543,-0.2196212761200924
z,rolling_std_390_clock_adjusted,-0.2819263295870614,-0.2155501019834789
z,rolling_std_390_clock_adjusted,-0.27671363673674687,-0.21137467403978943
z,rolling_std_390_clock_adjusted,-0.2715084520178386,-0.20735691479289795
z,rolling_std_390_clock_adjusted,-0.26631061320409494,-0.20324897059542582
z,rolling_std_390_clock_adjusted,-0.26111995954851813,-0.19919695757160147
z,rolling_std_390_clock_adjusted,-0.2559363317436934,-0.19507638132125213
z,rolling_std_390_clock_adjusted,-0.250759571882916,-0.19105621635282996
z,rolling_std_390_clock_adjusted,-0.24558952342208085,-0.18707580736228535
z,rolling_std_390_clock_adjusted,-0.24042603114230793,-0.18308374092650498
z,rolling_std_390_clock_adjusted,-0.2352689411132797,-0.17900125326716826
z,rolling_std_390_clock_adjusted,-0.23011810065726568,-0.1750531106453913
z,rolling_std_390_clock_adjusted,-0.22497335831381154,-0.17118508846591676
z,rolling_std_390_clock_adjusted,-0.2198345638050687,-0.16735816499343464
z,rolling_std_390_clock_adjusted,-0.21470156800174453,-0.1634302671538754
z,rolling_std_390_clock_adjusted,-0.20957422288964928,-0.1595804154698812
z,rolling_std_390_clock_adjusted,-0.2044523815368209,-0.15564604396218856
z,rolling_std_390_clock_adjusted,-0.1993358980612069,-0.15180613018222658
z,rolling_std_390_clock_adjusted,-0.1942246275988834,-0.14796170067578082
z,rolling_std_390_clock_adjusted,-0.1891184262727925,-0.14401081044878675
z,rolling_std_390_clock_adjusted,-0.1840171511619796,-0.14011351315837672
z,rolling_std_390_clock_adjusted,-0.17892066027131207,-0.13619664599757242
z,rolling_std_390_clock_adjusted,-0.1738288125016624,-0.13219275274600498
z,rolling_std_390_clock_adjusted,-0.16874146762053802,-0.1283624373001299
z,rolling_std_390_clock_adjusted,-0.16365848623314122,-0.1244093236344022
z,rolling_std_390_clock_adjusted,-0.15857972975384346,-0.12044606740192476
z,rolling_std_390_clock_adjusted,-0.15350506037805708,-0.11660740151306766
z,rolling_std_390_clock_adjusted,-0.14843434105448977,-0.11273801273880402
z,rolling_std_390_clock_adjusted,-0.14336743545776665,-0.10871652148904909
z,rolling_std_390_clock_adjusted,-0.1383042079614045,-0.10479059247552604
z,rolling_std_390_clock_adjusted,-0.13324452361112382,-0.10068024444475261
z,rolling_std_390_clock_adjusted,-0.12818824809848547,-0.09649503498666306
z,rolling_std_390_clock_adjusted,-0.1231352477348365,-0.09234253331947588
z,rolling_std_390_clock_adjusted,-0.11808538942555283,-0.08815133028626752
z,rolling_std_390_clock_adjusted,-0.11303854064456507,-0.08376474407980519
z,rolling_std_390_clock_adjusted,-0.10799456940915403,-0.07940006089445652
z,rolling_std_390_clock_adjusted,-0.1029533442550038,-0.07479717067093442
z,rolling_std_390_clock_adjusted,-0.09791473421149931,-0.06997737427491292
z,rolling_std_390_clock_adjusted,-0.09287860877725637,-0.06466699189944644
z,rolling_std_390_clock_adjusted,-0.08784483789587168,-0.05908267887117947
z,rolling_std_390_clock_adjusted,-0.08281329193188118,-0.05325190540623063
z,rolling_std_390_clock_adjusted,-0.07778384164691525,-0.04678637216780721
z,rolling_std_390_clock_adjusted,-0.07275635817603748,-0.03945947147185806
z,rolling_std_390_clock_adjusted,-0.06773071300425916,-0.028993644524768537
z,rolling_std_390_clock_adjusted,-0.06270677794321383,-0.0018573131569785254
z,rolling_std_390_clock_adjusted,-0.05768442510798417,-0.0018573131569785254
z,rolling_std_390_clock_adjusted,-0.05266352689406846,-0.0018573131569785254
z,rolling_std_390_clock_adjusted,-0.04764395595447656,-0.0018573131569785254
z,rolling_std_390_clock_adjusted,-0.04262558517694437,-0.0018573131569785254
z,rolling_std_390_clock_adjusted,-0.037608287661255936,-0.0018573131569785254
z,rolling_std_390_clock_adjusted,-0.032591936696663076,-0.0018573131569785254
z,rolling_std_390_clock_adjusted,-0.027576405739391723,-0.0018573131569785254
z,rolling_std_390_clock_adjusted,-0.022561568390224718,-0.0018573131569785254
z,rolling_std_390_clock_adjusted,-0.017547298372150796,-0.0018573131569785254
z,rolling_std_390_clock_adjusted,-0.012533469508069278,-0.0018573131569785254
z,rolling_std_390_clock_adjusted,-0.007519955698540525,-0.0018573131569785254
z,rolling_std_390_clock_adjusted,-0.0025066308995717666,-0.0018573131569785254
z,rolling_std_390_clock_adjusted,0.0025066308995717666,-0.0018573131569785254
z,rolling_std_390_clock_adjusted,0.007519955698540525,-0.0018573131569785254
z,rolling_std_390_clock_adjusted,0.012533469508069278,-0.0018573131569785254
z,rolling_std_390_clock_adjusted,0.017547298372150796,-0.0018573131569785254
z,rolling_std_390_clock_adjusted,0.022561568390224718,-0.0018573131569785254
z,rolling_std_390_clock_adjusted,0.027576405739391723,-0.0018573131569785254
z,rolling_std_390_clock_adjusted,0.032591936696663076,-0.0018573131569785254
z,rolling_std_390_clock_adjusted,0.037608287661255936,-0.0018573131569785254
z,rolling_std_390_clock_adjusted,0.04262558517694437,-0.0018573131569785254
z,rolling_std_390_clock_adjusted,0.04764395595447656,0.030099119156192854
z,rolling_std_390_clock_adjusted,0.05266352689406846,0.03898026945415637
z,rolling_std_390_clock_adjusted,0.05768442510798417,0.04586405445350995
z,rolling_std_390_clock_adjusted,0.06270677794321383,0.052082739590193806
z,rolling_std_390_clock_adjusted,0.06773071300425916,0.05760674705797551
z,rolling_std_390_clock_adjusted,0.07275635817603748,0.06300664077832294
z,rolling_std_390_clock_adjusted,0.07778384164691525,0.06827694218276194
z,rolling_std_390_clock_adjusted,0.08281329193188132,0.07317192054345041
z,rolling_std_390_clock_adjusted,0.08784483789587182,0.0777007998223533
z,rolling_std_390_clock_adjusted,0.09287860877725654,0.08208920627584226
z,rolling_std_390_clock_adjusted,0.09791473421149946,0.08657107314976276
z,rolling_std_390_clock_adjusted,0.10295334425500394,0.09079379567232775
z,rolling_std_390_clock_adjusted,0.1079945694091542,0.09485970782120356
z,rolling_std_390_clock_adjusted,0.11303854064456521,0.09886569602101805
z,rolling_std_390_clock_adjusted,0.11808538942555302,0.10276068375035187
z,rolling_std_390_clock_adjusted,0.12313524773483664,0.10672243678631403
z,rolling_std_390_clock_adjusted,0.1281882480984856,0.11068720114760072
z,rolling_std_390_clock_adjusted,0.13324452361112396,0.11443780963944099
z,rolling_std_390_clock_adjusted,0.13830420796140463,0.1182892055058344
z,rolling_std_390_clock_adjusted,0.14336743545776678,0.12213071453344747
z,rolling_std_390_clock_adjusted,0.1484343410544899,0.12598007764911043
z,rolling_std_390_clock_adjusted,0.15350506037805722,0.12983419674075078
z,rolling_std_390_clock_adjusted,0.15857972975384332,0.13371588642296683
z,rolling_std_390_clock_adjusted,0.16365848623314108,0.13767535339864484
z,rolling_std_390_clock_adjusted,0.16874146762053788,0.14144140284850992
z,rolling_std_390_clock_adjusted,0.17382881250166224,0.14539925048541805
z,rolling_std_390_clock_adjusted,0.17892066027131193,0.14934284201321116
z,rolling_std_390_clock_adjusted,0.18401715116197945,0.15324247668124533
z,rolling_std_390_clock_adjusted,0.18911842627279238,0.157126770055286
z,rolling_std_390_clock_adjusted,0.1942246275988833,0.16105334517148323
z,rolling_std_390_clock_adjusted,0.19933589806120677,0.16489208762789406
z,rolling_std_390_clock_adjusted,0.20445238153682072,0.16890328748701863
z,rolling_std_390_clock_adjusted,0.2095742228896491,0.17283538382624666
z,rolling_std_390_clock_adjusted,0.2147015680017444,0.1769229132931158
z,rolling_std_390_clock_adjusted,0.21983456380506858,0.1809178648552957
z,rolling_std_390_clock_adjusted,0.22497335831381138,0.18493238966272765
z,rolling_std_390_clock_adjusted,0.23011810065726557,0.18901343819810354
z,rolling_std_390_clock_adjusted,0.23526894111327962,0.19314159973919845
z,rolling_std_390_clock_adjusted,0.24042603114230793,0.19718271399861426
z,rolling_std_390_clock_adjusted,0.24558952342208085,0.2011358833162296
z,rolling_std_390_clock_adjusted,0.250759571882916,0.20532521187379707
z,rolling_std_390_clock_adjusted,0.2559363317436934,0.20943910358407145
z,rolling_std_390_clock_adjusted,0.26111995954851813,0.21355289908018013
z,rolling_std_390_clock_adjusted,0.26631061320409494,0.21776568809884617
z,rolling_std_390_clock_adjusted,0.2715084520178386,0.221891448224145
z,rolling_std_390_clock_adjusted,0.27671363673674687,0.22601001259629522
z,rolling_std_390_clock_adjusted,0.2819263295870614,0.23022946593368868
z,rolling_std_390_clock_adjusted,0.28714669431474543,0.2344268391919856
z,rolling_std_390_clock_adjusted,0.2923748962268042,0.23858811463113275
z,rolling_std_390_clock_adjusted,0.2976111022334798,0.24288286282581165
z,rolling_std_390_clock_adjusted,0.30285548089134917,0.2470775077071999
z,rolling_std_390_clock_adjusted,0.3081082024473549,0.2514188370011008
z,rolling_std_390_clock_adjusted,0.31336943888380603,0.2556700340899106
z,rolling_std_390_clock_adjusted,0.31863936396437514,0.2600115458756728
z,rolling_std_390_clock_adjusted,0.323918153281133,0.2642188580092232
z,rolling_std_390_clock_adjusted,0.32920598430265113,0.26854446104427737
z,rolling_std_390_clock_adjusted,0.3345030364232122,0.27279216849081606
z,rolling_std_390_clock_adjusted,0.3398094910131667,0.2770371067951536
z,rolling_std_390_clock_adjusted,0.34512553147047226,0.28135182410694226
z,rolling_std_390_clock_adjusted,0.35045134327346134,0.2856988156627776
z,rolling_std_390_clock_adjusted,0.3557871140348752,0.28994047242085086
z,rolling_std_390_clock_adjusted,0.36113303355721227,0.2941831089422168
z,rolling_std_390_clock_adjusted,0.36648929388943363,0.29860429712873676
z,rolling_std_390_clock_adjusted,0.3718560893850747,0.30298365860055915
z,rolling_std_390_clock_adjusted,0.37723361676181155,0.30730985024451735
z,rolling_std_390_clock_adjusted,0.3826220751625341,0.3116472611093467
z,rolling_std_390_clock_adjusted,0.38802166621797707,0.31590748528151275
z,rolling_std_390_clock_adjusted,0.3934325941109666,0.3202681380250896
z,rolling_std_390_clock_adjusted,0.39885506564233686,0.324622458592014
z,rolling_std_390_clock_adjusted,0.40428929029857885,0.3291600731017837
z,rolling_std_390_clock_adjusted,0.4097354803212812,0.3336246638535825
z,rolling_std_390_clock_adjusted,0.41519385077842685,0.33799289347524397
z,rolling_std_390_clock_adjusted,0.4206646196376157,0.34235267092880006
z,rolling_std_390_clock_adjusted,0.42614800784127826,0.3468864427369164
z,rolling_std_390_clock_adjusted,0.43164423938395613,0.35131493827821386
z,rolling_std_390_clock_adjusted,0.43715354139172224,0.3558776057337147
z,rolling_std_390_clock_adjusted,0.44267614420382156,0.36054819943542754
z,rolling_std_390_clock_adjusted,0.44821228145660913,0.36516118745515663
z,rolling_std_390_clock_adjusted,0.4537621901698796,0.36968429831592353
z,rolling_std_390_clock_adjusted,0.45932611083566305,0.37419587697142315
z,rolling_std_390_clock_adjusted,0.46490428750959456,0.3786689357146259
z,rolling_std_390_clock_adjusted,0.4704969679049415,0.3833248879279556
z,rolling_std_390_clock_adjusted,0.47610440348939514,0.38793284658018024
z,rolling_std_390_clock_adjusted,0.48172684958473033,0.3926268085438291
z,rolling_std_390_clock_adjusted,0.4873645654694408,0.39729501482114743
z,rolling_std_390_clock_adjusted,0.4930178144844647,0.4018343023120154
z,rolling_std_390_clock_adjusted,0.49868686414212166,0.4066992829864361
z,rolling_std_390_clock_adjusted,0.5043719862383814,0.4113286661955497
z,rolling_std_390_clock_adjusted,0.5100734569685945,0.41595948102865005
z,rolling_std_390_clock_adjusted,0.5157915570468273,0.4206990575561771
z,rolling_std_390_clock_adjusted,0.521526571828932,0.4254538282346496
z,rolling_std_390_clock_adjusted,0.5272787914395082,0.43019306169692806
z,rolling_std_390_clock_adjusted,0.5330485109029087,0.43506979510840205
z,rolling_std_390_clock_adjusted,0.5388360302784502,0.4398354793932173
z,rolling_std_390_clock_adjusted,0.544641654799999,0.44463677493005804
z,rolling_std_390_clock_adjusted,0.5504656950201124,0.4495038272103421
z,rolling_std_390_clock_adjusted,0.5563084669589181,0.45438909166511426
z,rolling_std_390_clock_adjusted,0.5621702922579263,0.4591544399548032
z,rolling_std_390_clock_adjusted,0.5680514983389827,0.4641608551703608
z,rolling_std_390_clock_adjusted,0.5739524185685733,0.4691315055800077
z,rolling_std_390_clock_adjusted,0.5798733924277044,0.4741209949198157
z,rolling_std_390_clock_adjusted,0.5858147656875988,0.4791254024850056
z,rolling_std_390_clock_adjusted,0.5917768905914464,0.4840213925671258
z,rolling_std_390_clock_adjusted,0.5977601260424784,0.4890702936413357
z,rolling_std_390_clock_adjusted,0.6037648377986299,0.4941296333165825
z,rolling_std_390_clock_adjusted,0.6097913986740797,0.4990940255339994
z,rolling_std_390_clock_adjusted,0.6158401887479719,0.5041040599662404
z,rolling_std_390_clock_adjusted,0.6219115955806241,0.509252604091191
z,rolling_std_390_clock_adjusted,0.6280060144375696,0.5143882322678284
z,rolling_std_390_clock_adjusted,0.6341238485217698,0.519725487465819
z,rolling_std_390_clock_adjusted,0.6402655092143741,0.5248856010852827
z,rolling_std_390_clock_adjusted,0.6464314163244075,0.53015368104408
z,rolling_std_390_clock_adjusted,0.652621998347801,0.5354800679989822
z,rolling_std_390_clock_adjusted,0.6588376927361879,0.540807862294439
z,rolling_std_390_clock_adjusted,0.6650789461759234,0.5462163641030483
z,rolling_std_390_clock_adjusted,0.6713462148778053,0.551627750731538
z,rolling_std_390_clock_adjusted,0.6776399648779956,0.557019996176022
z,rolling_std_390_clock_adjusted,0.6839606723506823,0.5623507993175442
z,rolling_std_390_clock_adjusted,0.690308823933034,0.567755716381363
z,rolling_std_390_clock_adjusted,0.6966849170630507,0.5732025864577095
z,rolling_std_390_clock_adjusted,0.7030894603309286,0.5786682728323571
z,rolling_std_390_clock_adjusted,0.7095229738446082,0.5841699060368228
z,rolling_std_390_clock_adjusted,0.7159859896102049,0.589817143385544
z,rolling_std_390_clock_adjusted,0.7224790519280627,0.5953941847609374
z,rolling_std_390_clock_adjusted,0.7290027178052185,0.6009402557308784
z,rolling_std_390_clock_adjusted,0.7355575573851106,0.606577545214977
z,rolling_std_390_clock_adjusted,0.7421441543954094,0.6121910487977038
z,rolling_std_390_clock_adjusted,0.7487631066149087,0.6180171347938211
z,rolling_std_390_clock_adjusted,0.7554150263604693,0.6236512425314612
z,rolling_std_390_clock_adjusted,0.7621005409950667,0.6293763902757485
z,rolling_std_390_clock_adjusted,0.7688202934580621,0.6351423444160234
z,rolling_std_390_clock_adjusted,0.7755749428188843,0.641101473427607
z,rolling_std_390_clock_adjusted,0.7823651648553872,0.6471235371597731
z,rolling_std_390_clock_adjusted,0.7891916526582223,0.6531030821831261
z,rolling_std_390_clock_adjusted,0.7960551172626629,0.6590942156240225
z,rolling_std_390_clock_adjusted,0.8029562883093937,0.6649698491515982
z,rolling_std_390_clock_adjusted,0.809895914735898,0.6712754173495136
z,rolling_std_390_clock_adjusted,0.8168747655001637,0.6773645959434538
z,rolling_std_390_clock_adjusted,0.8238936303385576,0.6835335275031253
z,rolling_std_390_clock_adjusted,0.830953320559838,0.6896970505325347
z,rolling_std_390_clock_adjusted,0.8380546698774067,0.6960880613252458
z,rolling_std_390_clock_adjusted,0.84519853528205,0.7023476514315469
z,rolling_std_390_clock_adjusted,0.8523857979575752,0.7087909238775246
z,rolling_std_390_clock_adjusted,0.8596173642419117,0.715308257242394
z,rolling_std_390_clock_adjusted,0.866894166636438,0.7219323013658105
z,rolling_std_390_clock_adjusted,0.8742171648664836,0.72831070295424
z,rolling_std_390_clock_adjusted,0.8815873469961749,0.7348457413492311
z,rolling_std_390_clock_adjusted,0.8890057306010245,0.7414155443281252
z,rolling_std_390_clock_adjusted,0.8964733640019159,0.748173136991612
z,rolling_std_390_clock_adjusted,0.9039913275644013,0.7549089446896982
z,rolling_std_390_clock_adjusted,0.9115607350675405,0.7617630610562759
z,rolling_std_390_clock_adjusted,0.9191827351468197,0.7688960047719773
z,rolling_std_390_clock_adjusted,0.9268585128160437,0.7757371483185472
z,rolling_std_390_clock_adjusted,0.9345892910734798,0.7828115246131694
z,rolling_std_390_clock_adjusted,0.9423763325979503,0.7898837894463758
z,rolling_std_390_clock_adjusted,0.9502209415410151,0.7971039098586064
z,rolling_std_390_clock_adjusted,0.9581244654219027,0.8043906475212539
z,rolling_std_390_clock_adjusted,0.9660882971323729,0.8114806622199097
z,rolling_std_390_clock_adjusted,0.974113877059309,0.8187694851051716
z,rolling_std_390_clock_adjusted,0.9822026953334697,0.8260741135719374
z,rolling_std_390_clock_adjusted,0.9903562942135747,0.8334615649425151
z,rolling_std_390_clock_adjusted,0.9985762706156596,0.8411921566266392
z,rolling_std_390_clock_adjusted,1.0068642787985222,0.8489011375786265
z,rolling_std_390_clock_adjusted,1.015222033217028,0.8566713505973181
z,rolling_std_390_clock_adjusted,1.0236513115560881,0.8643545613941287
z,rolling_std_390_clock_adjusted,1.032153957959306,0.8722837529437172
z,rolling_std_390_clock_adjusted,1.0407318864675446,0.880339155923817
z,rolling_std_390_clock_adjusted,1.0493870846841045,0.8885306763694633
z,rolling_std_390_clock_adjusted,1.058121617684777,0.8969362214384412
z,rolling_std_390_clock_adjusted,1.0669376321927655,0.9053838930460377
z,rolling_std_390_clock_adjusted,1.0758373610404315,0.9137870242780013
z,rolling_std_390_clock_adjusted,1.0848231279419567,0.9225100464527973
z,rolling_std_390_clock_adjusted,1.0938973526034377,0.9311290512464196
z,rolling_std_390_clock_adjusted,1.1030625561995975,0.9400141484836889
z,rolling_std_390_clock_adjusted,1.1123213672493113,0.9489162569238866
z,rolling_std_390_clock_adjusted,1.1216765279254888,0.9579932734202179
z,rolling_std_390_clock_adjusted,1.131130900838633,0.9667066432021166
z,rolling_std_390_clock_adjusted,1.140687476337622,0.975684398426029
z,rolling_std_390_clock_adjusted,1.1503493803760079,0.9849719317616656
z,rolling_std_390_clock_adjusted,1.1601198829975194,0.9946616337145454
z,rolling_std_390_clock_adjusted,1.1700024075004787,1.0040526166441925
z,rolling_std_390_clock_adjusted,1.180000540347729,1.0137052958625405
z,rolling_std_390_clock_adjusted,1.1901180418964235,1.0236411112591877
z,rolling_std_390_clock_adjusted,1.200358858030859,1.0335005048280197
z,rolling_std_390_clock_adjusted,1.2107271327915974,1.0434580840841692
z,rolling_std_390_clock_adjusted,1.2212272221055693,1.0538273948277581
z,rolling_std_390_clock_adjusted,1.2318637087349833,1.0645231276404326
z,rolling_std_390_clock_adjusted,1.242641418577882,1.0755632882789428
z,rolling_std_390_clock_adjusted,1.2535654384704509,1.0864225623884993
z,rolling_std_390_clock_adjusted,1.2646411356610803,1.0976144581119003
z,rolling_std_390_clock_adjusted,1.2758741791491297,1.108783171097311
z,rolling_std_390_clock_adjusted,1.2872705631079415,1.1205247661646156
z,rolling_std_390_clock_adjusted,1.2988366326425054,1.1324086516819085
z,rolling_std_390_clock_adjusted,1.310579112168129,1.144232846479115
z,rolling_std_390_clock_adjusted,1.3225051367384355,1.1562449661020269
z,rolling_std_390_clock_adjusted,1.3346222867001933,1.1689005541634543
z,rolling_std_390_clock_adjusted,1.3469386261102796,1.181525395629984
z,rolling_std_390_clock_adjusted,1.3594627454182584,1.194319790246821
z,rolling_std_390_clock_adjusted,1.3722038089987263,1.2075123582651155
z,rolling_std_390_clock_adjusted,1.3851716082134358,1.221309197437152
z,rolling_std_390_clock_adjusted,1.398376620797496,1.2349844169651494
z,rolling_std_390_clock_adjusted,1.4118300775008088,1.248914602102425
z,rolling_std_390_clock_adjusted,1.4255440370804517,1.2632437588997716
z,rolling_std_390_clock_adjusted,1.439531470938456,1.2781246076437265
z,rolling_std_390_clock_adjusted,1.453806358940575,1.29331865573555
z,rolling_std_390_clock_adjusted,1.4683837982456598,1.309583011593219
z,rolling_std_390_clock_adjusted,1.483280127335621,1.3258013782968379
z,rolling_std_390_clock_adjusted,1.4985130678799756,1.342516788606489
z,rolling_std_390_clock_adjusted,1.514101887619284,1.3597639695827062
z,rolling_std_390_clock_adjusted,1.530067588137829,1.3778116193285521
z,rolling_std_390_clock_adjusted,1.5464331222567471,1.3959920271612942
z,rolling_std_390_clock_adjusted,1.5632236468662757,1.4152899297999568
z,rolling_std_390_clock_adjusted,1.580466818399361,1.4345790795216427
z,rolling_std_390_clock_adjusted,1.5981931399228169,1.4547053164480368
z,rolling_std_390_clock_adjusted,1.6164363711150211,1.4758631719718047
z,rolling_std_390_clock_adjusted,1.635234015388649,1.4978191227726765
z,rolling_std_390_clock_adjusted,1.654627902351077,1.5208852240252317
z,rolling_std_390_clock_adjusted,1.6746648890243248,1.544433684914385
z,rolling_std_390_clock_adjusted,1.6953977102721358,1.5691724051741853
z,rolling_std_390_clock_adjusted,1.7168860184310404,1.5956854209567626
z,rolling_std_390_clock_adjusted,1.7391976652852514,1.6230644675735382
z,rolling_std_390_clock_adjusted,1.7624102978623888,1.6511728182343932
z,rolling_std_390_clock_adjusted,1.7866133654934697,1.6808125685823931
z,rolling_std_390_clock_adjusted,1.8119106729525971,1.7131530962844184
z,rolling_std_390_clock_adjusted,1.8384236692477764,1.7471619117033985
z,rolling_std_390_clock_adjusted,1.8662957434581071,1.7834298702234441
z,rolling_std_390_clock_adjusted,1.895697923991838,1.8233413774529525
z,rolling_std_390_clock_adjusted,1.9268365732639101,1.8638461968483613
z,rolling_std_390_clock_adjusted,1.9599639845400536,1.9091855426127373
z,rolling_std_390_clock_adjusted,1.9953933101678243,1.956888712716445
z,rolling_std_390_clock_adjusted,2.0335201492530506,2.011374479136117
z,rolling_std_390_clock_adjusted,2.0748547343933095,2.0712459724230246
z,rolling_std_390_clock_adjusted,2.1200716897421503,2.1389617556940563
z,rolling_std_390_clock_adjusted,2.17009037758456,2.2157269617161934
z,rolling_std_390_clock_adjusted,2.2262117693171737,2.3051419532073867
z,rolling_std_390_clock_adjusted,2.290367877855267,2.4123870993940355
z,rolling_std_390_clock_adjusted,2.365618126864292,2.5434494046502913
z,rolling_std_390_clock_adjusted,2.457263390205436,2.7157487359144072
z,rolling_std_390_clock_adjusted,2.5758293035489,2.959363192459578
z,rolling_std_390_clock_adjusted,2.7477813854449917,3.377738662472394
z,rolling_std_390_clock_adjusted,3.090232306167813,4.490386896877957
z,ewma_20_clock_adjusted,-3.090232306167813,-4.466259731788498
z,ewma_20_clock_adjusted,-2.747781385444993,-3.4381504735627724
z,ewma_20_clock_adjusted,-2.5758293035489,-3.0286679301055655
z,ewma_20_clock_adjusted,-2.4572633902054375,-2.7830992437303013
z,ewma_20_clock_adjusted,-2.365618126864292,-2.6093500177984215
z,ewma_20_clock_adjusted,-2.290367877855267,-2.475584741121751
z,ewma_20_clock_adjusted,-2.226211769317175,-2.3695349738569553
z,ewma_20_clock_adjusted,-2.17009037758456,-2.279910614474128
z,ewma_20_clock_adjusted,-2.1200716897421503,-2.2034012325231807
z,ewma_20_clock_adjusted,-2.0748547343933095,-2.133539407641508
z,ewma_20_clock_adjusted,-2.0335201492530506,-2.0737529495134104
z,ewma_20_clock_adjusted,-1.9953933101678247,-2.0180098656982164
z,ewma_20_clock_adjusted,-1.9599639845400538,-1.9687407327524618
z,ewma_20_clock_adjusted,-1.9268365732639106,-1.9247876453819204
z,ewma_20_clock_adjusted,-1.8956979239918383,-1.883799194276001
z,ewma_20_clock_adjusted,-1.8662957434581073,-1.8454114856654953
z,ewma_20_clock_adjusted,-1.8384236692477767,-1.8084900089436768
z,ewma_20_clock_adjusted,-1.8119106729525978,-1.7751479237137373
z,ewma_20_clock_adjusted,-1.78661336549347,-1.7437895161732764
z,ewma_20_clock_adjusted,-1.7624102978623895,-1.7123159418409735
z,ewma_20_clock_adjusted,-1.7391976652852517,-1.6830325972866091
z,ewma_20_clock_adjusted,-1.7168860184310404,-1.6544842605911465
z,ewma_20_clock_adjusted,-1.6953977102721358,-1.6278398894201258
z,ewma_20_clock_adjusted,-1.6746648890243252,-1.6030423290460354
z,ewma_20_clock_adjusted,-1.6546279023510773,-1.5794680014688898
z,ewma_20_clock_adjusted,-1.63523401538865,-1.556299412077002
z,ewma_20_clock_adjusted,-1.6164363711150214,-1.534172977939474
z,ewma_20_clock_adjusted,-1.5981931399228173,-1.512880458015761
z,ewma_20_clock_adjusted,-1.5804668183993618,-1.492425753611009
z,ewma_20_clock_adjusted,-1.563223646866276,-1.4721767977552944
z,ewma_20_clock_adjusted,-1.5464331222567476,-1.4525186974390742
z,ewma_20_clock_adjusted,-1.530067588137828,-1.4343813933152383
z,ewma_20_clock_adjusted,-1.5141018876192833,-1.4161113529043738
z,ewma_20_clock_adjusted,-1.4985130678799752,-1.3986577281424655
z,ewma_20_clock_adjusted,-1.4832801273356204,-1.3813404135898213
z,ewma_20_clock_adjusted,-1.4683837982456598,-1.364546453877792
z,ewma_20_clock_adjusted,-1.4538063589405745,-1.3483254081594176
z,ewma_20_clock_adjusted,-1.4395314709384557,-1.3322845942698962
z,ewma_20_clock_adjusted,-1.4255440370804515,-1.316513876478039
z,ewma_20_clock_adjusted,-1.4118300775008081,-1.3018918430706479
z,ewma_20_clock_adjusted,-1.398376620797495,-1.287509495970817
z,ewma_20_clock_adjusted,-1.3851716082134353,-1.2727162995785772
z,ewma_20_clock_adjusted,-1.3722038089987258,-1.2588667363981827
z,ewma_20_clock_adjusted,-1.3594627454182584,-1.2452312203678286
z,ewma_20_clock_adjusted,-1.3469386261102796,-1.2320014606900436
z,ewma_20_clock_adjusted,-1.3346222867001933,-1.2184204843384305
z,ewma_20_clock_adjusted,-1.3225051367384355,-1.2055452164829317
z,ewma_20_clock_adjusted,-1.310579112168129,-1.1927532046799267
z,ewma_20_clock_adjusted,-1.2988366326425054,-1.1804611619282912
z,ewma_20_clock_adjusted,-1.2872705631079415,-1.1683892862719025
z,ewma_20_clock_adjusted,-1.2758741791491297,-1.1565095693904288
z,ewma_20_clock_adjusted,-1.2646411356610803,-1.1447909948101451
z,ewma_20_clock_adjusted,-1.2535654384704509,-1.1330084831597724
z,ewma_20_clock_adjusted,-1.242641418577882,-1.1218631388552092
z,ewma_20_clock_adjusted,-1.2318637087349833,-1.110892220323253
z,ewma_20_clock_adjusted,-1.2212272221055693,-1.100147343039235
z,ewma_20_clock_adjusted,-1.2107271327915974,-1.0895144810045982
z,ewma_20_clock_adjusted,-1.200358858030859,-1.0787797205168839
z,ewma_20_clock_adjusted,-1.1901180418964235,-1.0685943741188235
z,ewma_20_clock_adjusted,-1.180000540347729,-1.058442345883982
z,ewma_20_clock_adjusted,-1.1700024075004787,-1.0486256351101697
z,ewma_20_clock_adjusted,-1.1601198829975194,-1.0388025988930005
z,ewma_20_clock_adjusted,-1.1503493803760079,-1.0289164703545297
z,ewma_20_clock_adjusted,-1.140687476337622,-1.01944135697862
z,ewma_20_clock_adjusted,-1.131130900838633,-1.0097263359778887
z,ewma_20_clock_adjusted,-1.1216765279254888,-1.0003679922095157
z,ewma_20_clock_adjusted,-1.1123213672493113,-0.9909229716303765
z,ewma_20_clock_adjusted,-1.1030625561995975,-0.9815933578719633
z,ewma_20_clock_adjusted,-1.0938973526034377,-0.9729471094488937
z,ewma_20_clock_adjusted,-1.0848231279419567,-0.9638847512378934
z,ewma_20_clock_adjusted,-1.0758373610404315,-0.9552431195761582
z,ewma_20_clock_adjusted,-1.0669376321927655,-0.9466204450144513
z,ewma_20_clock_adjusted,-1.058121617684777,-0.9380014311193086
z,ewma_20_clock_adjusted,-1.0493870846841045,-0.9294952007823996
z,ewma_20_clock_adjusted,-1.0407318864675446,-0.9213635446029147
z,ewma_20_clock_adjusted,-1.032153957959306,-0.9130710216527658
z,ewma_20_clock_adjusted,-1.0236513115560881,-0.9048634868858005
z,ewma_20_clock_adjusted,-1.015222033217028,-0.8965770779899154
z,ewma_20_clock_adjusted,-1.0068642787985222,-0.8887712241211836
z,ewma_20_clock_adjusted,-0.9985762706156596,-0.8808452195903956
z,ewma_20_clock_adjusted,-0.9903562942135747,-0.8730828415850704
z,ewma_20_clock_adjusted,-0.9822026953334697,-0.865324488746974
z,ewma_20_clock_adjusted,-0.974113877059309,-0.8576111253524752
z,ewma_20_clock_adjusted,-0.9660882971323729,-0.8500541509256153
z,ewma_20_clock_adjusted,-0.9581244654219027,-0.8422497169753644
z,ewma_20_clock_adjusted,-0.9502209415410151,-0.8347112093542157
z,ewma_20_clock_adjusted,-0.9423763325979505,-0.8270724786040692
z,ewma_20_clock_adjusted,-0.9345892910734802,-0.8196003184830035
z,ewma_20_clock_adjusted,-0.9268585128160437,-0.8122896889055213
z,ewma_20_clock_adjusted,-0.9191827351468197,-0.8049813716292338
z,ewma_20_clock_adjusted,-0.9115607350675407,-0.7977635246058644
z,ewma_20_clock_adjusted,-0.9039913275644016,-0.7906020679205072
z,ewma_20_clock_adjusted,-0.8964733640019162,-0.7835441279970327
z,ewma_20_clock_adjusted,-0.8890057306010248,-0.7765971305929392
z,ewma_20_clock_adjusted,-0.8815873469961746,-0.769708468884891
z,ewma_20_clock_adjusted,-0.8742171648664834,-0.7628281291323102
z,ewma_20_clock_adjusted,-0.8668941666364379,-0.7561467105488567
z,ewma_20_clock_adjusted,-0.8596173642419114,-0.7493227295577433
z,ewma_20_clock_adjusted,-0.852385797957575,-0.7426420594813907
z,ewma_20_clock_adjusted,-0.8451985352820499,-0.7358775441180796
z,ewma_20_clock_adjusted,-0.8380546698774065,-0.7293737939971526
z,ewma_20_clock_adjusted,-0.8309533205598377,-0.7228096740375407
z,ewma_20_clock_adjusted,-0.8238936303385576,-0.7161970793054888
z,ewma_20_clock_adjusted,-0.8168747655001637,-0.7098267044480848
z,ewma_20_clock_adjusted,-0.809895914735898,-0.7036139367876678
z,ewma_20_clock_adjusted,-0.8029562883093937,-0.6971148864979834
z,ewma_20_clock_adjusted,-0.7960551172626629,-0.6908308144349744
z,ewma_20_clock_adjusted,-0.7891916526582223,-0.6844285940806533
z,ewma_20_clock_adjusted,-0.7823651648553872,-0.678230889473244
z,ewma_20_clock_adjusted,-0.7755749428188843,-0.6721170857650284
z,ewma_20_clock_adjusted,-0.7688202934580621,-0.6660763146414993
z,ewma_20_clock_adjusted,-0.7621005409950667,-0.6598537847093029
z,ewma_20_clock_adjusted,-0.7554150263604693,-0.6538448108624033
z,ewma_20_clock_adjusted,-0.7487631066149087,-0.6478706068657618
z,ewma_20_clock_adjusted,-0.7421441543954094,-0.6418842746094475
z,ewma_20_clock_adjusted,-0.7355575573851106,-0.635926539178177
z,ewma_20_clock_adjusted,-0.7290027178052185,-0.6300260296590722
z,ewma_20_clock_adjusted,-0.7224790519280627,-0.6243217076264241
z,ewma_20_clock_adjusted,-0.7159859896102049,-0.618356164048976
z,ewma_20_clock_adjusted,-0.7095229738446082,-0.6124799018278112
z,ewma_20_clock_adjusted,-0.7030894603309286,-0.606729118456043
z,ewma_20_clock_adjusted,-0.6966849170630507,-0.6010202451262657
z,ewma_20_clock_adjusted,-0.690308823933034,-0.595246164949908
z,ewma_20_clock_adjusted,-0.6839606723506823,-0.5897160674938948
z,ewma_20_clock_adjusted,-0.6776399648779956,-0.5839892366560749
z,ewma_20_clock_adjusted,-0.6713462148778053,-0.5781755342570377
z,ewma_20_clock_adjusted,-0.6650789461759234,-0.5724827119932528
z,ewma_20_clock_adjusted,-0.6588376927361879,-0.5668354422814932
z,ewma_20_clock_adjusted,-0.652621998347801,-0.5612347928600062
z,ewma_20_clock_adjusted,-0.6464314163244075,-0.5555115978100158
z,ewma_20_clock_adjusted,-0.6402655092143741,-0.5498068363109216
z,ewma_20_clock_adjusted,-0.6341238485217698,-0.5442365673308618
z,ewma_20_clock_adjusted,-0.6280060144375696,-0.5387149691953644
z,ewma_20_clock_adjusted,-0.6219115955806241,-0.533216593861916
z,ewma_20_clock_adjusted,-0.6158401887479719,-0.5277888776040836
z,ewma_20_clock_adjusted,-0.6097913986740797,-0.522264334207124
z,ewma_20_clock_adjusted,-0.6037648377986299,-0.5168154498925653
z,ewma_20_clock_adjusted,-0.5977601260424784,-0.5115534072381861
z,ewma_20_clock_adjusted,-0.5917768905914464,-0.5061412616671808
z,ewma_20_clock_adjusted,-0.5858147656875988,-0.5009175166203027
z,ewma_20_clock_adjusted,-0.5798733924277044,-0.4956830221963251
z,ewma_20_clock_adjusted,-0.5739524185685735,-0.49044587019478864
z,ewma_20_clock_adjusted,-0.5680514983389829,-0.4851878340682268
z,ewma_20_clock_adjusted,-0.5621702922579264,-0.47998494287788374
z,ewma_20_clock_adjusted,-0.5563084669589183,-0.4746059029928279
z,ewma_20_clock_adjusted,-0.5504656950201127,-0.4693593582123024
z,ewma_20_clock_adjusted,-0.5446416547999992,-0.4641368369489737
z,ewma_20_clock_adjusted,-0.5388360302784503,-0.4591472995335871
z,ewma_20_clock_adjusted,-0.5330485109029091,-0.45406993793286193
z,ewma_20_clock_adjusted,-0.5272787914395083,-0.4491767661297681
z,ewma_20_clock_adjusted,-0.5215265718289321,-0.44426829407626856
z,ewma_20_clock_adjusted,-0.5157915570468274,-0.4391377541115216
z,ewma_20_clock_adjusted,-0.5100734569685947,-0.43413635515894644
z,ewma_20_clock_adjusted,-0.5043719862383813,-0.4290740840294798
z,ewma_20_clock_adjusted,-0.49868686414212227,-0.4239187276586137
z,ewma_20_clock_adjusted,-0.4930178144844647,-0.41897760183312055
z,ewma_20_clock_adjusted,-0.48736456546944074,-0.4140920193630306
z,ewma_20_clock_adjusted,-0.4817268495847302,-0.4090204579064241
z,ewma_20_clock_adjusted,-0.47610440348939487,-0.40408697928146003
z,ewma_20_clock_adjusted,-0.4704969679049413,-0.39904655327313837
z,ewma_20_clock_adjusted,-0.4649042875095944,-0.39409596066016295
z,ewma_20_clock_adjusted,-0.4593261108356628,-0.38910168488241087
z,ewma_20_clock_adjusted,-0.4537621901698793,-0.3843179541007443
z,ewma_20_clock_adjusted,-0.448212281456609,-0.3794647274100964
z,ewma_20_clock_adjusted,-0.4426761442038212,-0.3745976239572321
z,ewma_20_clock_adjusted,-0.43715354139172213,-0.36983187594457506
z,ewma_20_clock_adjusted,-0.431644239383956,-0.36511779257559923
z,ewma_20_clock_adjusted,-0.4261480078412781,-0.3603075454158672
z,ewma_20_clock_adjusted,-0.4206646196376155,-0.3555241442240855
z,ewma_20_clock_adjusted,-0.41519385077842663,-0.3506879762299608
z,ewma_20_clock_adjusted,-0.40973548032128104,-0.34585011829759627
z,ewma_20_clock_adjusted,-0.4042892902985787,-0.3410490711936744
z,ewma_20_clock_adjusted,-0.39885506564233686,-0.3362391380152283
z,ewma_20_clock_adjusted,-0.3934325941109666,-0.33150165461788045
z,ewma_20_clock_adjusted,-0.38802166621797707,-0.326841390118956
z,ewma_20_clock_adjusted,-0.3826220751625341,-0.32213201704960004
z,ewma_20_clock_adjusted,-0.37723361676181155,-0.317364981089647
z,ewma_20_clock_adjusted,-0.3718560893850747,-0.3127232718823668
z,ewma_20_clock_adjusted,-0.36648929388943363,-0.3079541757050024
z,ewma_20_clock_adjusted,-0.36113303355721227,-0.30333507398709814
z,ewma_20_clock_adjusted,-0.3557871140348752,-0.29869322241061297
z,ewma_20_clock_adjusted,-0.35045134327346134,-0.29406261643633563
z,ewma_20_clock_adjusted,-0.34512553147047226,-0.28948261688434984
z,ewma_20_clock_adjusted,-0.3398094910131667,-0.2848616961856651
z,ewma_20_clock_adjusted,-0.3345030364232122,-0.280288219439427
z,ewma_20_clock_adjusted,-0.32920598430265113,-0.275829745844434
z,ewma_20_clock_adjusted,-0.323918153281133,-0.2711017474965916
z,ewma_20_clock_adjusted,-0.31863936396437514,-0.26659563032093
z,ewma_20_clock_adjusted,-0.31336943888380603,-0.2620580802025706
z,ewma_20_clock_adjusted,-0.3081082024473549,-0.25747676310336753
z,ewma_20_clock_adjusted,-0.30285548089134917,-0.25291528664505697
z,ewma_20_clock_adjusted,-0.2976111022334798,-0.2484960496570984
z,ewma_20_clock_adjusted,-0.2923748962268042,-0.24393893980694836
z,ewma_20_clock_adjusted,-0.28714669431474543,-0.23942276307972363
z,ewma_20_clock_adjusted,-0.2819263295870614,-0.23496858480806138
z,ewma_20_clock_adjusted,-0.27671363673674687,-0.23038140067511484
z,ewma_20_clock_adjusted,-0.2715084520178386,-0.22588770057895294
z,ewma_20_clock_adjusted,-0.26631061320409494,-0.22151005800171622
z,ewma_20_clock_adjusted,-0.26111995954851813,-0.2171790828518458
z,ewma_20_clock_adjusted,-0.2559363317436934,-0.21280254526942904
z,ewma_20_clock_adjusted,-0.250759571882916,-0.20847955774677623
z,ewma_20_clock_adjusted,-0.24558952342208085,-0.20404736275571225
z,ewma_20_clock_adjusted,-0.24042603114230793,-0.1996720655759983
z,ewma_20_clock_adjusted,-0.2352689411132797,-0.19549108746225913
z,ewma_20_clock_adjusted,-0.23011810065726568,-0.1912723644728183
z,ewma_20_clock_adjusted,-0.22497335831381154,-0.1868870951246324
z,ewma_20_clock_adjusted,-0.2198345638050687,-0.18253144360954
z,ewma_20_clock_adjusted,-0.21470156800174453,-0.17820086439366273
z,ewma_20_clock_adjusted,-0.20957422288964928,-0.17390215112914564
z,ewma_20_clock_adjusted,-0.2044523815368209,-0.16968062361681263
z,ewma_20_clock_adjusted,-0.1993358980612069,-0.1653692308957919
z,ewma_20_clock_adjusted,-0.1942246275988834,-0.16110136101154113
z,ewma_20_clock_adjusted,-0.1891184262727925,-0.15688110221032206
z,ewma_20_clock_adjusted,-0.1840171511619796,-0.15262621888988662
z,ewma_20_clock_adjusted,-0.17892066027131207,-0.1483919710631575
z,ewma_20_clock_adjusted,-0.1738288125016624,-0.14417588065724157
z,ewma_20_clock_adjusted,-0.16874146762053802,-0.13978699515994736
z,ewma_20_clock_adjusted,-0.16365848623314122,-0.1354893040109817
z,ewma_20_clock_adjusted,-0.15857972975384346,-0.13109679506226168
z,ewma_20_clock_adjusted,-0.15350506037805708,-0.1268490141496167
z,ewma_20_clock_adjusted,-0.14843434105448977,-0.1225232603637852
z,ewma_20_clock_adjusted,-0.14336743545776665,-0.11818791240676689
z,ewma_20_clock_adjusted,-0.1383042079614045,-0.1138403499472559
z,ewma_20_clock_adjusted,-0.13324452361112382,-0.10939100466412537
z,ewma_20_clock_adjusted,-0.12818824809848547,-0.1049222929377503
z,ewma_20_clock_adjusted,-0.1231352477348365,-0.10045406903928612
z,ewma_20_clock_adjusted,-0.11808538942555283,-0.09582659886595601
z,ewma_20_clock_adjusted,-0.11303854064456507,-0.09119257101049548
z,ewma_20_clock_adjusted,-0.10799456940915403,-0.08634934400835162
z,ewma_20_clock_adjusted,-0.1029533442550038,-0.0812580110058617
z,ewma_20_clock_adjusted,-0.09791473421149931,-0.0759764433432722
z,ewma_20_clock_adjusted,-0.09287860877725637,-0.07057227576040864
z,ewma_20_clock_adjusted,-0.08784483789587168,-0.06463757482408886
z,ewma_20_clock_adjusted,-0.08281329193188118,-0.05820859227303583
z,ewma_20_clock_adjusted,-0.07778384164691525,-0.05121476134277205
z,ewma_20_clock_adjusted,-0.07275635817603748,-0.043084260510377066
z,ewma_20_clock_adjusted,-0.06773071300425916,-0.03150040767340398
z,ewma_20_clock_adjusted,-0.06270677794321383,-0.002428982185978384
z,ewma_20_clock_adjusted,-0.05768442510798417,-0.002428982185978384
z,ewma_20_clock_adjusted,-0.05266352689406846,-0.002428982185978384
z,ewma_20_clock_adjusted,-0.04764395595447656,-0.002428982185978384
z,ewma_20_clock_adjusted,-0.04262558517694437,-0.002428982185978384
z,ewma_20_clock_adjusted,-0.037608287661255936,-0.002428982185978384
z,ewma_20_clock_adjusted,-0.032591936696663076,-0.002428982185978384
z,ewma_20_clock_adjusted,-0.027576405739391723,-0.002428982185978384
z,ewma_20_clock_adjusted,-0.022561568390224718,-0.002428982185978384
z,ewma_20_clock_adjusted,-0.017547298372150796,-0.002428982185978384
z,ewma_20_clock_adjusted,-0.012533469508069278,-0.002428982185978384
z,ewma_20_clock_adjusted,-0.007519955698540525,-0.002428982185978384
z,ewma_20_clock_adjusted,-0.0025066308995717666,-0.002428982185978384
z,ewma_20_clock_adjusted,0.0025066308995717666,-0.002428982185978384
z,ewma_20_clock_adjusted,0.007519955698540525,-0.002428982185978384
z,ewma_20_clock_adjusted,0.012533469508069278,-0.002428982185978384
z,ewma_20_clock_adjusted,0.017547298372150796,-0.002428982185978384
z,ewma_20_clock_adjusted,0.022561568390224718,-0.002428982185978384
z,ewma_20_clock_adjusted,0.027576405739391723,-0.002428982185978384
z,ewma_20_clock_adjusted,0.032591936696663076,-0.002428982185978384
z,ewma_20_clock_adjusted,0.037608287661255936,-0.002428982185978384
z,ewma_20_clock_adjusted,0.04262558517694437,-0.002428982185978384
z,ewma_20_clock_adjusted,0.04764395595447656,0.03217433500489912
z,ewma_20_clock_adjusted,0.05266352689406846,0.042102946478386125
z,ewma_20_clock_adjusted,0.05768442510798417,0.04976153452652865
z,ewma_20_clock_adjusted,0.06270677794321383,0.05635753322137941
z,ewma_20_clock_adjusted,0.06773071300425916,0.062395867653447866
z,ewma_20_clock_adjusted,0.07275635817603748,0.06804663683833066
z,ewma_20_clock_adjusted,0.07778384164691525,0.0735818259337207
z,ewma_20_clock_adjusted,0.08281329193188132,0.07879570482429092
z,ewma_20_clock_adjusted,0.08784483789587182,0.08368448284163607
z,ewma_20_clock_adjusted,0.09287860877725654,0.088392780363584
z,ewma_20_clock_adjusted,0.09791473421149946,0.09306034605319029
z,ewma_20_clock_adjusted,0.10295334425500394,0.09761217379104555
z,ewma_20_clock_adjusted,0.1079945694091542,0.10195310326704346
z,ewma_20_clock_adjusted,0.11303854064456521,0.10639576109430181
z,ewma_20_clock_adjusted,0.11808538942555302,0.11077523274890068
z,ewma_20_clock_adjusted,0.12313524773483664,0.11507679186726918
z,ewma_20_clock_adjusted,0.1281882480984856,0.119360191467019
z,ewma_20_clock_adjusted,0.13324452361112396,0.12364678467775994
z,ewma_20_clock_adjusted,0.13830420796140463,0.12790220281171877
z,ewma_20_clock_adjusted,0.14336743545776678,0.13216972134148458
z,ewma_20_clock_adjusted,0.1484343410544899,0.13646940141611516
z,ewma_20_clock_adjusted,0.15350506037805722,0.14071442315086277
z,ewma_20_clock_adjusted,0.15857972975384332,0.14506777354183895
z,ewma_20_clock_adjusted,0.16365848623314108,0.14938171840997105
z,ewma_20_clock_adjusted,0.16874146762053788,0.15356225847534394
z,ewma_20_clock_adjusted,0.17382881250166224,0.15772673582254582
z,ewma_20_clock_adjusted,0.17892066027131193,0.16206295792723424
z,ewma_20_clock_adjusted,0.18401715116197945,0.16637530583607948
z,ewma_20_clock_adjusted,0.18911842627279238,0.170748330973145
z,ewma_20_clock_adjusted,0.1942246275988833,0.17498953230207778
z,ewma_20_clock_adjusted,0.19933589806120677,0.1794356679007918
z,ewma_20_clock_adjusted,0.20445238153682072,0.18380074988608594
z,ewma_20_clock_adjusted,0.2095742228896491,0.18806803488959553
z,ewma_20_clock_adjusted,0.2147015680017444,0.19221689464220967
z,ewma_20_clock_adjusted,0.21983456380506858,0.19644655508560904
z,ewma_20_clock_adjusted,0.22497335831381138,0.2008034081552765
z,ewma_20_clock_adjusted,0.23011810065726557,0.2052212319138637
z,ewma_20_clock_adjusted,0.23526894111327962,0.20961645610363844
z,ewma_20_clock_adjusted,0.24042603114230793,0.21402011832179035
z,ewma_20_clock_adjusted,0.24558952342208085,0.21832574370802565
z,ewma_20_clock_adjusted,0.250759571882916,0.22278556017395884
z,ewma_20_clock_adjusted,0.2559363317436934,0.2272536029019683
z,ewma_20_clock_adjusted,0.26111995954851813,0.23157286943952943
z,ewma_20_clock_adjusted,0.26631061320409494,0.23606153318854683
z,ewma_20_clock_adjusted,0.2715084520178386,0.24045208131603746
z,ewma_20_clock_adjusted,0.27671363673674687,0.2449590129188847
z,ewma_20_clock_adjusted,0.2819263295870614,0.2494169194607175
z,ewma_20_clock_adjusted,0.28714669431474543,0.2539046227677539
z,ewma_20_clock_adjusted,0.2923748962268042,0.2583632773573279
z,ewma_20_clock_adjusted,0.2976111022334798,0.26290256611461926
z,ewma_20_clock_adjusted,0.30285548089134917,0.2675276207621932
z,ewma_20_clock_adjusted,0.3081082024473549,0.2721609711995727
z,ewma_20_clock_adjusted,0.31336943888380603,0.27666361221807656
z,ewma_20_clock_adjusted,0.31863936396437514,0.28116218156121964
z,ewma_20_clock_adjusted,0.323918153281133,0.28587153748811717
z,ewma_20_clock_adjusted,0.32920598430265113,0.2904193642468178
z,ewma_20_clock_adjusted,0.3345030364232122,0.2950737015843477
z,ewma_20_clock_adjusted,0.3398094910131667,0.29946709999612936
z,ewma_20_clock_adjusted,0.34512553147047226,0.3041062859085528
z,ewma_20_clock_adjusted,0.35045134327346134,0.3085876088035831
z,ewma_20_clock_adjusted,0.3557871140348752,0.31320974295768206
z,ewma_20_clock_adjusted,0.36113303355721227,0.3179660774144325
z,ewma_20_clock_adjusted,0.36648929388943363,0.3224969999460785
z,ewma_20_clock_adjusted,0.3718560893850747,0.3272183058434568
z,ewma_20_clock_adjusted,0.37723361676181155,0.33190311153345314
z,ewma_20_clock_adjusted,0.3826220751625341,0.33663761920838703
z,ewma_20_clock_adjusted,0.38802166621797707,0.34126457171450864
z,ewma_20_clock_adjusted,0.3934325941109666,0.3461559529847065
z,ewma_20_clock_adjusted,0.39885506564233686,0.3509238593226559
z,ewma_20_clock_adjusted,0.40428929029857885,0.35564832715212313
z,ewma_20_clock_adjusted,0.4097354803212812,0.36032533357741936
z,ewma_20_clock_adjusted,0.41519385077842685,0.3650582111329792
z,ewma_20_clock_adjusted,0.4206646196376157,0.3699896398945087
z,ewma_20_clock_adjusted,0.42614800784127826,0.3747873836227057
z,ewma_20_clock_adjusted,0.43164423938395613,0.3796634223024375
z,ewma_20_clock_adjusted,0.43715354139172224,0.3842849786718284
z,ewma_20_clock_adjusted,0.44267614420382156,0.38905018620838944
z,ewma_20_clock_adjusted,0.44821228145660913,0.39385134687978274
z,ewma_20_clock_adjusted,0.4537621901698796,0.398657035716226
z,ewma_20_clock_adjusted,0.45932611083566305,0.403519872020083
z,ewma_20_clock_adjusted,0.46490428750959456,0.40843689230401103
z,ewma_20_clock_adjusted,0.4704969679049415,0.41335162467825426
z,ewma_20_clock_adjusted,0.47610440348939514,0.4182075144671741
z,ewma_20_clock_adjusted,0.48172684958473033,0.4230757893845066
z,ewma_20_clock_adjusted,0.4873645654694408,0.42803659152498563
z,ewma_20_clock_adjusted,0.4930178144844647,0.4330197275176028
z,ewma_20_clock_adjusted,0.49868686414212166,0.4379697274295892
z,ewma_20_clock_adjusted,0.5043719862383814,0.44307184701035013
z,ewma_20_clock_adjusted,0.5100734569685945,0.44800877417205026
z,ewma_20_clock_adjusted,0.5157915570468273,0.4529914377222655
z,ewma_20_clock_adjusted,0.521526571828932,0.4580201979374598
z,ewma_20_clock_adjusted,0.5272787914395082,0.46310440900008204
z,ewma_20_clock_adjusted,0.5330485109029087,0.46826554117482927
z,ewma_20_clock_adjusted,0.5388360302784502,0.4734724192750844
z,ewma_20_clock_adjusted,0.544641654799999,0.47855375123922395
z,ewma_20_clock_adjusted,0.5504656950201124,0.4835041578138086
z,ewma_20_clock_adjusted,0.5563084669589181,0.4885772946699518
z,ewma_20_clock_adjusted,0.5621702922579263,0.4938443116998263
z,ewma_20_clock_adjusted,0.5680514983389827,0.49903035133547063
z,ewma_20_clock_adjusted,0.5739524185685733,0.5042413652184338
z,ewma_20_clock_adjusted,0.5798733924277044,0.5093114536699297
z,ewma_20_clock_adjusted,0.5858147656875988,0.514401662912179
z,ewma_20_clock_adjusted,0.5917768905914464,0.5196858990076043
z,ewma_20_clock_adjusted,0.5977601260424784,0.5249664090855505
z,ewma_20_clock_adjusted,0.6037648377986299,0.5303264803442866
z,ewma_20_clock_adjusted,0.6097913986740797,0.5356147192141407
z,ewma_20_clock_adjusted,0.6158401887479719,0.540962289108387
z,ewma_20_clock_adjusted,0.6219115955806241,0.5463137211447097
z,ewma_20_clock_adjusted,0.6280060144375696,0.5517685740979112
z,ewma_20_clock_adjusted,0.6341238485217698,0.5572501774389641
z,ewma_20_clock_adjusted,0.6402655092143741,0.5627187234537011
z,ewma_20_clock_adjusted,0.6464314163244075,0.5681654418243007
z,ewma_20_clock_adjusted,0.652621998347801,0.5737386187927929
z,ewma_20_clock_adjusted,0.6588376927361879,0.5793216950795655
z,ewma_20_clock_adjusted,0.6650789461759234,0.5849537392549569
z,ewma_20_clock_adjusted,0.6713462148778053,0.5906254059965013
z,ewma_20_clock_adjusted,0.6776399648779956,0.5962531537293888
z,ewma_20_clock_adjusted,0.6839606723506823,0.6019358906924899
z,ewma_20_clock_adjusted,0.690308823933034,0.6075419626682367
z,ewma_20_clock_adjusted,0.6966849170630507,0.6132685455145022
z,ewma_20_clock_adjusted,0.7030894603309286,0.6191197108829243
z,ewma_20_clock_adjusted,0.7095229738446082,0.624811324849958
z,ewma_20_clock_adjusted,0.7159859896102049,0.6308989789321832
z,ewma_20_clock_adjusted,0.7224790519280627,0.6366489548294721
z,ewma_20_clock_adjusted,0.7290027178052185,0.6424036052066451
z,ewma_20_clock_adjusted,0.7355575573851106,0.648390718741369
z,ewma_20_clock_adjusted,0.7421441543954094,0.6542689293727464
z,ewma_20_clock_adjusted,0.7487631066149087,0.6602702485510956
z,ewma_20_clock_adjusted,0.7554150263604693,0.6661487206999187
z,ewma_20_clock_adjusted,0.7621005409950667,0.672134562400684
z,ewma_20_clock_adjusted,0.7688202934580621,0.6781509959380658
z,ewma_20_clock_adjusted,0.7755749428188843,0.6840880224321356
z,ewma_20_clock_adjusted,0.7823651648553872,0.6904139916898745
z,ewma_20_clock_adjusted,0.7891916526582223,0.6967005617412428
z,ewma_20_clock_adjusted,0.7960551172626629,0.7028143632903242
z,ewma_20_clock_adjusted,0.8029562883093937,0.7090211173081346
z,ewma_20_clock_adjusted,0.809895914735898,0.7151615053826568
z,ewma_20_clock_adjusted,0.8168747655001637,0.7215227197416685
z,ewma_20_clock_adjusted,0.8238936303385576,0.7278862904935398
z,ewma_20_clock_adjusted,0.830953320559838,0.7342100164780236
z,ewma_20_clock_adjusted,0.8380546698774067,0.7404696463444416
z,ewma_20_clock_adjusted,0.84519853528205,0.7471085224768724
z,ewma_20_clock_adjusted,0.8523857979575752,0.7536480418957803
z,ewma_20_clock_adjusted,0.8596173642419117,0.7603200194135838
z,ewma_20_clock_adjusted,0.866894166636438,0.767099998103573
z,ewma_20_clock_adjusted,0.8742171648664836,0.7739130320703809
z,ewma_20_clock_adjusted,0.8815873469961749,0.780514508625871
z,ewma_20_clock_adjusted,0.8890057306010245,0.7874264316895979
z,ewma_20_clock_adjusted,0.8964733640019159,0.7942758247676044
z,ewma_20_clock_adjusted,0.9039913275644013,0.8011686665129396
z,ewma_20_clock_adjusted,0.9115607350675405,0.8082123743689563
z,ewma_20_clock_adjusted,0.9191827351468197,0.8152094854899664
z,ewma_20_clock_adjusted,0.9268585128160437,0.8224239610341334
z,ewma_20_clock_adjusted,0.9345892910734798,0.8295838968710495
z,ewma_20_clock_adjusted,0.9423763325979503,0.83655340131148
z,ewma_20_clock_adjusted,0.9502209415410151,0.8437611029271268
z,ewma_20_clock_adjusted,0.9581244654219027,0.8510494297383895
z,ewma_20_clock_adjusted,0.9660882971323729,0.8584391096220108
z,ewma_20_clock_adjusted,0.974113877059309,0.8662698082279384
z,ewma_20_clock_adjusted,0.9822026953334697,0.873559959096049
z,ewma_20_clock_adjusted,0.9903562942135747,0.8810517458874588
z,ewma_20_clock_adjusted,0.9985762706156596,0.8888424319559247
z,ewma_20_clock_adjusted,1.0068642787985222,0.8964678972744727
z,ewma_20_clock_adjusted,1.015222033217028,0.9041305163581077
z,ewma_20_clock_adjusted,1.0236513115560881,0.9119039843930102
z,ewma_20_clock_adjusted,1.032153957959306,0.9198748552997223
z,ewma_20_clock_adjusted,1.0407318864675446,0.9278874181858877
z,ewma_20_clock_adjusted,1.0493870846841045,0.9360846267744715
z,ewma_20_clock_adjusted,1.058121617684777,0.9444489977568586
z,ewma_20_clock_adjusted,1.0669376321927655,0.9527830325536588
z,ewma_20_clock_adjusted,1.0758373610404315,0.9612640761144007
z,ewma_20_clock_adjusted,1.0848231279419567,0.9697125091755002
z,ewma_20_clock_adjusted,1.0938973526034377,0.9784000128803093
z,ewma_20_clock_adjusted,1.1030625561995975,0.9869972912038113
z,ewma_20_clock_adjusted,1.1123213672493113,0.9958610208724833
z,ewma_20_clock_adjusted,1.1216765279254888,1.005000136834792
z,ewma_20_clock_adjusted,1.131130900838633,1.0139372290121575
z,ewma_20_clock_adjusted,1.140687476337622,1.022867607265335
z,ewma_20_clock_adjusted,1.1503493803760079,1.0322430340936446
z,ewma_20_clock_adjusted,1.1601198829975194,1.0415939394839253
z,ewma_20_clock_adjusted,1.1700024075004787,1.051382456734713
z,ewma_20_clock_adjusted,1.180000540347729,1.0611862604159754
z,ewma_20_clock_adjusted,1.1901180418964235,1.0709223850929794
z,ewma_20_clock_adjusted,1.200358858030859,1.0809416454657217
z,ewma_20_clock_adjusted,1.2107271327915974,1.0911906903866475
z,ewma_20_clock_adjusted,1.2212272221055693,1.1015622793668456
z,ewma_20_clock_adjusted,1.2318637087349833,1.1120404934067545
z,ewma_20_clock_adjusted,1.242641418577882,1.1225643238146248
z,ewma_20_clock_adjusted,1.2535654384704509,1.1330250120781487
z,ewma_20_clock_adjusted,1.2646411356610803,1.1439557566845187
z,ewma_20_clock_adjusted,1.2758741791491297,1.1552258064680032
z,ewma_20_clock_adjusted,1.2872705631079415,1.166939827639754
z,ewma_20_clock_adjusted,1.2988366326425054,1.1786846893800405
z,ewma_20_clock_adjusted,1.310579112168129,1.1902445519282414
z,ewma_20_clock_adjusted,1.3225051367384355,1.202329788165579
z,ewma_20_clock_adjusted,1.3346222867001933,1.2146037013675932
z,ewma_20_clock_adjusted,1.3469386261102796,1.2268023426418595
z,ewma_20_clock_adjusted,1.3594627454182584,1.239012730609618
z,ewma_20_clock_adjusted,1.3722038089987263,1.2521110942176112
z,ewma_20_clock_adjusted,1.3851716082134358,1.2656531744694393
z,ewma_20_clock_adjusted,1.398376620797496,1.2791874814449706
z,ewma_20_clock_adjusted,1.4118300775008088,1.2927970940874263
z,ewma_20_clock_adjusted,1.4255440370804517,1.3069181784358654
z,ewma_20_clock_adjusted,1.439531470938456,1.32131375400487
z,ewma_20_clock_adjusted,1.453806358940575,1.336181148052437
z,ewma_20_clock_adjusted,1.4683837982456598,1.3511606299296017
z,ewma_20_clock_adjusted,1.483280127335621,1.3667453566365053
z,ewma_20_clock_adjusted,1.4985130678799756,1.3827682361187532
z,ewma_20_clock_adjusted,1.514101887619284,1.3988727384483812
z,ewma_20_clock_adjusted,1.530067588137829,1.415657541250242
z,ewma_20_clock_adjusted,1.5464331222567471,1.4337222832715388
z,ewma_20_clock_adjusted,1.5632236468662757,1.4514181216230362
z,ewma_20_clock_adjusted,1.580466818399361,1.4697850697369472
z,ewma_20_clock_adjusted,1.5981931399228169,1.4891948164883304
z,ewma_20_clock_adjusted,1.6164363711150211,1.5093388655065563
z,ewma_20_clock_adjusted,1.635234015388649,1.5304890433801015
z,ewma_20_clock_adjusted,1.654627902351077,1.5518821533905367
z,ewma_20_clock_adjusted,1.6746648890243248,1.574333060522949
z,ewma_20_clock_adjusted,1.6953977102721358,1.597335765372319
z,ewma_20_clock_adjusted,1.7168860184310404,1.6214834734074746
z,ewma_20_clock_adjusted,1.7391976652852514,1.6473426327548093
z,ewma_20_clock_adjusted,1.7624102978623888,1.6749450242701527
z,ewma_20_clock_adjusted,1.7866133654934697,1.7031423000918224
z,ewma_20_clock_adjusted,1.8119106729525971,1.7331432545541174
z,ewma_20_clock_adjusted,1.8384236692477764,1.7648010334538446
z,ewma_20_clock_adjusted,1.8662957434581071,1.7975805089050347
z,ewma_20_clock_adjusted,1.895697923991838,1.833195175326281
z,ewma_20_clock_adjusted,1.9268365732639101,1.8718724257609325
z,ewma_20_clock_adjusted,1.9599639845400536,1.9126083602464128
z,ewma_20_clock_adjusted,1.9953933101678243,1.9578202970600567
z,ewma_20_clock_adjusted,2.0335201492530506,2.0065811670853857
z,ewma_20_clock_adjusted,2.0748547343933095,2.0614136634510327
z,ewma_20_clock_adjusted,2.1200716897421503,2.121070087158953
z,ewma_20_clock_adjusted,2.17009037758456,2.1888879376331563
z,ewma_20_clock_adjusted,2.2262117693171737,2.2701985058678407
z,ewma_20_clock_adjusted,2.290367877855267,2.363548458268344
z,ewma_20_clock_adjusted,2.365618126864292,2.4797146176806164
z,ewma_20_clock_adjusted,2.457263390205436,2.6278314047558315
z,ewma_20_clock_adjusted,2.5758293035489,2.8434539949741
z,ewma_20_clock_adjusted,2.7477813854449917,3.1870921993324925
z,ewma_20_clock_adjusted,3.090232306167813,4.179576711338282
z,ewma_60_clock_adjusted,-3.090232306167813,-4.61787967704466
z,ewma_60_clock_adjusted,-2.747781385444993,-3.4991866200507804
z,ewma_60_clock_adjusted,-2.5758293035489,-3.068762006594586
z,ewma_60_clock_adjusted,-2.4572633902054375,-2.8099352206524233
z,ewma_60_clock_adjusted,-2.365618126864292,-2.627740017302982
z,ewma_60_clock_adjusted,-2.290367877855267,-2.4872936783906265
z,ewma_60_clock_adjusted,-2.226211769317175,-2.372257830420298
z,ewma_60_clock_adjusted,-2.17009037758456,-2.279555541767136
z,ewma_60_clock_adjusted,-2.1200716897421503,-2.201066878020498
z,ewma_60_clock_adjusted,-2.0748547343933095,-2.1312217149521655
z,ewma_60_clock_adjusted,-2.0335201492530506,-2.0691872760544316
z,ewma_60_clock_adjusted,-1.9953933101678247,-2.013366903310026
z,ewma_60_clock_adjusted,-1.9599639845400538,-1.9639283459696366
z,ewma_60_clock_adjusted,-1.9268365732639106,-1.9177286667011761
z,ewma_60_clock_adjusted,-1.8956979239918383,-1.8748137263861642
z,ewma_60_clock_adjusted,-1.8662957434581073,-1.8356068981655376
z,ewma_60_clock_adjusted,-1.8384236692477767,-1.7986975130062188
z,ewma_60_clock_adjusted,-1.8119106729525978,-1.7630562028530932
z,ewma_60_clock_adjusted,-1.78661336549347,-1.731734162826369
z,ewma_60_clock_adjusted,-1.7624102978623895,-1.7014520361734284
z,ewma_60_clock_adjusted,-1.7391976652852517,-1.6720736470148267
z,ewma_60_clock_adjusted,-1.7168860184310404,-1.643786533786716
z,ewma_60_clock_adjusted,-1.6953977102721358,-1.616890127987292
z,ewma_60_clock_adjusted,-1.6746648890243252,-1.591804093801335
z,ewma_60_clock_adjusted,-1.6546279023510773,-1.5680507886988755
z,ewma_60_clock_adjusted,-1.63523401538865,-1.5444495797614397
z,ewma_60_clock_adjusted,-1.6164363711150214,-1.5217180415660216
z,ewma_60_clock_adjusted,-1.5981931399228173,-1.5007996639384493
z,ewma_60_clock_adjusted,-1.5804668183993618,-1.4802434155109905
z,ewma_60_clock_adjusted,-1.563223646866276,-1.4601992076648147
z,ewma_60_clock_adjusted,-1.5464331222567476,-1.440631056967866
z,ewma_60_clock_adjusted,-1.530067588137828,-1.421681873969044
z,ewma_60_clock_adjusted,-1.5141018876192833,-1.4034367769900744
z,ewma_60_clock_adjusted,-1.4985130678799752,-1.3855082582206546
z,ewma_60_clock_adjusted,-1.4832801273356204,-1.3679084204919063
z,ewma_60_clock_adjusted,-1.4683837982456598,-1.3510502524946186
z,ewma_60_clock_adjusted,-1.4538063589405745,-1.3347159389886947
z,ewma_60_clock_adjusted,-1.4395314709384557,-1.3191913748329105
z,ewma_60_clock_adjusted,-1.4255440370804515,-1.3038341298152338
z,ewma_60_clock_adjusted,-1.4118300775008081,-1.2882753237723514
z,ewma_60_clock_adjusted,-1.398376620797495,-1.2734631036449058
z,ewma_60_clock_adjusted,-1.3851716082134353,-1.258858236604831
z,ewma_60_clock_adjusted,-1.3722038089987258,-1.2450461598948277
z,ewma_60_clock_adjusted,-1.3594627454182584,-1.2316699429096853
z,ewma_60_clock_adjusted,-1.3469386261102796,-1.2182174310645015
z,ewma_60_clock_adjusted,-1.3346222867001933,-1.2050682118379707
z,ewma_60_clock_adjusted,-1.3225051367384355,-1.192435119493793
z,ewma_60_clock_adjusted,-1.310579112168129,-1.179374763277165
z,ewma_60_clock_adjusted,-1.2988366326425054,-1.1670684395396103
z,ewma_60_clock_adjusted,-1.2872705631079415,-1.154948690192746
z,ewma_60_clock_adjusted,-1.2758741791491297,-1.1432519397309562
z,ewma_60_clock_adjusted,-1.2646411356610803,-1.1317700587611146
z,ewma_60_clock_adjusted,-1.2535654384704509,-1.120319058352707
z,ewma_60_clock_adjusted,-1.242641418577882,-1.1092003505807289
z,ewma_60_clock_adjusted,-1.2318637087349833,-1.0980387423983415
z,ewma_60_clock_adjusted,-1.2212272221055693,-1.0869335207544453
z,ewma_60_clock_adjusted,-1.2107271327915974,-1.0764380204144908
z,ewma_60_clock_adjusted,-1.200358858030859,-1.0658251094391538
z,ewma_60_clock_adjusted,-1.1901180418964235,-1.0553548776424377
z,ewma_60_clock_adjusted,-1.180000540347729,-1.0450277141448334
z,ewma_60_clock_adjusted,-1.1700024075004787,-1.0350298935088853
z,ewma_60_clock_adjusted,-1.1601198829975194,-1.0249838910936724
z,ewma_60_clock_adjusted,-1.1503493803760079,-1.0152461886227593
z,ewma_60_clock_adjusted,-1.140687476337622,-1.0057588213230824
z,ewma_60_clock_adjusted,-1.131130900838633,-0.996239508497528
z,ewma_60_clock_adjusted,-1.1216765279254888,-0.9868868096891094
z,ewma_60_clock_adjusted,-1.1123213672493113,-0.9774021947294751
z,ewma_60_clock_adjusted,-1.1030625561995975,-0.9682440820646053
z,ewma_60_clock_adjusted,-1.0938973526034377,-0.9592806192265834
z,ewma_60_clock_adjusted,-1.0848231279419567,-0.9506191704070612
z,ewma_60_clock_adjusted,-1.0758373610404315,-0.9416797921555229
z,ewma_60_clock_adjusted,-1.0669376321927655,-0.9331048153424993
z,ewma_60_clock_adjusted,-1.058121617684777,-0.9246660973622589
z,ewma_60_clock_adjusted,-1.0493870846841045,-0.9163075239777279
z,ewma_60_clock_adjusted,-1.0407318864675446,-0.9080344588833263
z,ewma_60_clock_adjusted,-1.032153957959306,-0.8996815306048348
z,ewma_60_clock_adjusted,-1.0236513115560881,-0.89152132671183
z,ewma_60_clock_adjusted,-1.015222033217028,-0.8834612677919382
z,ewma_60_clock_adjusted,-1.0068642787985222,-0.8754021340611423
z,ewma_60_clock_adjusted,-0.9985762706156596,-0.867431801590268
z,ewma_60_clock_adjusted,-0.9903562942135747,-0.8596946275345319
z,ewma_60_clock_adjusted,-0.9822026953334697,-0.8516927217060966
z,ewma_60_clock_adjusted,-0.974113877059309,-0.8439541046520322
z,ewma_60_clock_adjusted,-0.9660882971323729,-0.8363988332014286
z,ewma_60_clock_adjusted,-0.9581244654219027,-0.8290303300213907
z,ewma_60_clock_adjusted,-0.9502209415410151,-0.8215000427187693
z,ewma_60_clock_adjusted,-0.9423763325979505,-0.8142331027688551
z,ewma_60_clock_adjusted,-0.9345892910734802,-0.8067589955734259
z,ewma_60_clock_adjusted,-0.9268585128160437,-0.7995165705926593
z,ewma_60_clock_adjusted,-0.9191827351468197,-0.7923037668781102
z,ewma_60_clock_adjusted,-0.9115607350675407,-0.7851452050723663
z,ewma_60_clock_adjusted,-0.9039913275644016,-0.7780090815208188
z,ewma_60_clock_adjusted,-0.8964733640019162,-0.7710901385012888
z,ewma_60_clock_adjusted,-0.8890057306010248,-0.7638680332114782
z,ewma_60_clock_adjusted,-0.8815873469961746,-0.7569462675081862
z,ewma_60_clock_adjusted,-0.8742171648664834,-0.7501482036795002
z,ewma_60_clock_adjusted,-0.8668941666364379,-0.743498741218331
z,ewma_60_clock_adjusted,-0.8596173642419114,-0.736637679931458
z,ewma_60_clock_adjusted,-0.852385797957575,-0.729986317142764
z,ewma_60_clock_adjusted,-0.8451985352820499,-0.7232756112820113
z,ewma_60_clock_adjusted,-0.8380546698774065,-0.716673529786399
z,ewma_60_clock_adjusted,-0.8309533205598377,-0.7102836067293485
z,ewma_60_clock_adjusted,-0.8238936303385576,-0.7041176139532389
z,ewma_60_clock_adjusted,-0.8168747655001637,-0.6975180137165216
z,ewma_60_clock_adjusted,-0.809895914735898,-0.6909819874743451
z,ewma_60_clock_adjusted,-0.8029562883093937,-0.6848215487116983
z,ewma_60_clock_adjusted,-0.7960551172626629,-0.6785154756978526
z,ewma_60_clock_adjusted,-0.7891916526582223,-0.6722246732244959
z,ewma_60_clock_adjusted,-0.7823651648553872,-0.6658972314380034
z,ewma_60_clock_adjusted,-0.7755749428188843,-0.659986039767411
z,ewma_60_clock_adjusted,-0.7688202934580621,-0.6537880782952864
z,ewma_60_clock_adjusted,-0.7621005409950667,-0.6477336578258511
z,ewma_60_clock_adjusted,-0.7554150263604693,-0.6417024732278721
z,ewma_60_clock_adjusted,-0.7487631066149087,-0.6357879375056215
z,ewma_60_clock_adjusted,-0.7421441543954094,-0.6297076881208746
z,ewma_60_clock_adjusted,-0.7355575573851106,-0.6237458554871941
z,ewma_60_clock_adjusted,-0.7290027178052185,-0.6178463918478089
z,ewma_60_clock_adjusted,-0.7224790519280627,-0.612049253069689
z,ewma_60_clock_adjusted,-0.7159859896102049,-0.6061969267950539
z,ewma_60_clock_adjusted,-0.7095229738446082,-0.6004057864481911
z,ewma_60_clock_adjusted,-0.7030894603309286,-0.5946928183743602
z,ewma_60_clock_adjusted,-0.6966849170630507,-0.5890766293433173
z,ewma_60_clock_adjusted,-0.690308823933034,-0.5833274197927586
z,ewma_60_clock_adjusted,-0.6839606723506823,-0.577686043841982
z,ewma_60_clock_adjusted,-0.6776399648779956,-0.5722438651505143
z,ewma_60_clock_adjusted,-0.6713462148778053,-0.5666333099941736
z,ewma_60_clock_adjusted,-0.6650789461759234,-0.5610572343527548
z,ewma_60_clock_adjusted,-0.6588376927361879,-0.555530783451402
z,ewma_60_clock_adjusted,-0.652621998347801,-0.5499048344440832
z,ewma_60_clock_adjusted,-0.6464314163244075,-0.5444790009996634
z,ewma_60_clock_adjusted,-0.6402655092143741,-0.5390248211494227
z,ewma_60_clock_adjusted,-0.6341238485217698,-0.533544430227453
z,ewma_60_clock_adjusted,-0.6280060144375696,-0.5280546970694115
z,ewma_60_clock_adjusted,-0.6219115955806241,-0.5225288552649408
z,ewma_60_clock_adjusted,-0.6158401887479719,-0.5172864590077356
z,ewma_60_clock_adjusted,-0.6097913986740797,-0.5118225193639321
z,ewma_60_clock_adjusted,-0.6037648377986299,-0.5064662211580572
z,ewma_60_clock_adjusted,-0.5977601260424784,-0.5013078886833361
z,ewma_60_clock_adjusted,-0.5917768905914464,-0.49608621885780846
z,ewma_60_clock_adjusted,-0.5858147656875988,-0.4907585093515245
z,ewma_60_clock_adjusted,-0.5798733924277044,-0.4856453137137832
z,ewma_60_clock_adjusted,-0.5739524185685735,-0.4803266898184492
z,ewma_60_clock_adjusted,-0.5680514983389829,-0.4750606610595472
z,ewma_60_clock_adjusted,-0.5621702922579264,-0.4698935166761612
z,ewma_60_clock_adjusted,-0.5563084669589183,-0.46474929296486905
z,ewma_60_clock_adjusted,-0.5504656950201127,-0.4597240152589397
z,ewma_60_clock_adjusted,-0.5446416547999992,-0.45465925636888355
z,ewma_60_clock_adjusted,-0.5388360302784503,-0.4496314404181127
z,ewma_60_clock_adjusted,-0.5330485109029091,-0.4447514160949807
z,ewma_60_clock_adjusted,-0.5272787914395083,-0.4396038465101023
z,ewma_60_clock_adjusted,-0.5215265718289321,-0.4346127791977048
z,ewma_60_clock_adjusted,-0.5157915570468274,-0.4298472345068799
z,ewma_60_clock_adjusted,-0.5100734569685947,-0.4248798255030717
z,ewma_60_clock_adjusted,-0.5043719862383813,-0.419985448586072
z,ewma_60_clock_adjusted,-0.49868686414212227,-0.41511816231097937
z,ewma_60_clock_adjusted,-0.4930178144844647,-0.41024178050557353
z,ewma_60_clock_adjusted,-0.48736456546944074,-0.40525500597281233
z,ewma_60_clock_adjusted,-0.4817268495847302,-0.4003705538727461
z,ewma_60_clock_adjusted,-0.47610440348939487,-0.3953606726643353
z,ewma_60_clock_adjusted,-0.4704969679049413,-0.39058676556785665
z,ewma_60_clock_adjusted,-0.4649042875095944,-0.3856575569016019
z,ewma_60_clock_adjusted,-0.4593261108356628,-0.38080440856542774
z,ewma_60_clock_adjusted,-0.4537621901698793,-0.37597118716779265
z,ewma_60_clock_adjusted,-0.448212281456609,-0.3712042055319875
z,ewma_60_clock_adjusted,-0.4426761442038212,-0.36645522978168465
z,ewma_60_clock_adjusted,-0.43715354139172213,-0.36172977674495826
z,ewma_60_clock_adjusted,-0.431644239383956,-0.3570760533850608
z,ewma_60_clock_adjusted,-0.4261480078412781,-0.35230845409750494
z,ewma_60_clock_adjusted,-0.4206646196376155,-0.3473786896532702
z,ewma_60_clock_adjusted,-0.41519385077842663,-0.34264730922445147
z,ewma_60_clock_adjusted,-0.40973548032128104,-0.3379750285995089
z,ewma_60_clock_adjusted,-0.4042892902985787,-0.33328119846789955
z,ewma_60_clock_adjusted,-0.39885506564233686,-0.328735820311996
z,ewma_60_clock_adjusted,-0.3934325941109666,-0.3240968857347656
z,ewma_60_clock_adjusted,-0.38802166621797707,-0.3195521939830096
z,ewma_60_clock_adjusted,-0.3826220751625341,-0.31486961915857564
z,ewma_60_clock_adjusted,-0.37723361676181155,-0.31016461982677096
z,ewma_60_clock_adjusted,-0.3718560893850747,-0.3054983167798785
z,ewma_60_clock_adjusted,-0.36648929388943363,-0.3008422834122443
z,ewma_60_clock_adjusted,-0.36113303355721227,-0.29632542574176157
z,ewma_60_clock_adjusted,-0.3557871140348752,-0.2916398100010881
z,ewma_60_clock_adjusted,-0.35045134327346134,-0.2870780973296666
z,ewma_60_clock_adjusted,-0.34512553147047226,-0.2824560076484693
z,ewma_60_clock_adjusted,-0.3398094910131667,-0.27789459058224336
z,ewma_60_clock_adjusted,-0.3345030364232122,-0.27337534295500543
z,ewma_60_clock_adjusted,-0.32920598430265113,-0.2687599270977216
z,ewma_60_clock_adjusted,-0.323918153281133,-0.26428881737173204
z,ewma_60_clock_adjusted,-0.31863936396437514,-0.25979042577757794
z,ewma_60_clock_adjusted,-0.31336943888380603,-0.25528921680659483
z,ewma_60_clock_adjusted,-0.3081082024473549,-0.25073791204848783
z,ewma_60_clock_adjusted,-0.30285548089134917,-0.24627053914198233
z,ewma_60_clock_adjusted,-0.2976111022334798,-0.24193371846160283
z,ewma_60_clock_adjusted,-0.2923748962268042,-0.2375126903931408
z,ewma_60_clock_adjusted,-0.28714669431474543,-0.23312106568508928
z,ewma_60_clock_adjusted,-0.2819263295870614,-0.2288138340606151
z,ewma_60_clock_adjusted,-0.27671363673674687,-0.224524013556291
z,ewma_60_clock_adjusted,-0.2715084520178386,-0.2202437496519875
z,ewma_60_clock_adjusted,-0.26631061320409494,-0.21604218498457106
z,ewma_60_clock_adjusted,-0.26111995954851813,-0.21176007428438495
z,ewma_60_clock_adjusted,-0.2559363317436934,-0.20753282644698162
z,ewma_60_clock_adjusted,-0.250759571882916,-0.2032721371878585
z,ewma_60_clock_adjusted,-0.24558952342208085,-0.19904001466696195
z,ewma_60_clock_adjusted,-0.24042603114230793,-0.19482235209956852
z,ewma_60_clock_adjusted,-0.2352689411132797,-0.19066583898908676
z,ewma_60_clock_adjusted,-0.23011810065726568,-0.18642161572173585
z,ewma_60_clock_adjusted,-0.22497335831381154,-0.1823466412791363
z,ewma_60_clock_adjusted,-0.2198345638050687,-0.17825155094062864
z,ewma_60_clock_adjusted,-0.21470156800174453,-0.1740363821217444
z,ewma_60_clock_adjusted,-0.20957422288964928,-0.1697969610265846
z,ewma_60_clock_adjusted,-0.2044523815368209,-0.16571198090326836
z,ewma_60_clock_adjusted,-0.1993358980612069,-0.1614589867739978
z,ewma_60_clock_adjusted,-0.1942246275988834,-0.15732757244501652
z,ewma_60_clock_adjusted,-0.1891184262727925,-0.15330546410692913
z,ewma_60_clock_adjusted,-0.1840171511619796,-0.14922535442836496
z,ewma_60_clock_adjusted,-0.17892066027131207,-0.14499206054491184
z,ewma_60_clock_adjusted,-0.1738288125016624,-0.14074008460002074
z,ewma_60_clock_adjusted,-0.16874146762053802,-0.1365011999484312
z,ewma_60_clock_adjusted,-0.16365848623314122,-0.13224636997833833
z,ewma_60_clock_adjusted,-0.15857972975384346,-0.1281549838328829
z,ewma_60_clock_adjusted,-0.15350506037805708,-0.12385541558393659
z,ewma_60_clock_adjusted,-0.14843434105448977,-0.11971511237094075
z,ewma_60_clock_adjusted,-0.14336743545776665,-0.11529415380384989
z,ewma_60_clock_adjusted,-0.1383042079614045,-0.1110233961099272
z,ewma_60_clock_adjusted,-0.13324452361112382,-0.10685675797451677
z,ewma_60_clock_adjusted,-0.12818824809848547,-0.1025609536423067
z,ewma_60_clock_adjusted,-0.1231352477348365,-0.09822040164414061
z,ewma_60_clock_adjusted,-0.11808538942555283,-0.09371558537745041
z,ewma_60_clock_adjusted,-0.11303854064456507,-0.08917369856560993
z,ewma_60_clock_adjusted,-0.10799456940915403,-0.0844629433314336
z,ewma_60_clock_adjusted,-0.1029533442550038,-0.07967221914258246
z,ewma_60_clock_adjusted,-0.09791473421149931,-0.07438140195652516
z,ewma_60_clock_adjusted,-0.09287860877725637,-0.06890470829134586
z,ewma_60_clock_adjusted,-0.08784483789587168,-0.06329809007108232
z,ewma_60_clock_adjusted,-0.08281329193188118,-0.05704556117621773
z,ewma_60_clock_adjusted,-0.07778384164691525,-0.050071544704283155
z,ewma_60_clock_adjusted,-0.07275635817603748,-0.042072164618926294
z,ewma_60_clock_adjusted,-0.06773071300425916,-0.030977820528205992
z,ewma_60_clock_adjusted,-0.06270677794321383,-0.002123330545725282
z,ewma_60_clock_adjusted,-0.05768442510798417,-0.002123330545725282
z,ewma_60_clock_adjusted,-0.05266352689406846,-0.002123330545725282
z,ewma_60_clock_adjusted,-0.04764395595447656,-0.002123330545725282
z,ewma_60_clock_adjusted,-0.04262558517694437,-0.002123330545725282
z,ewma_60_clock_adjusted,-0.037608287661255936,-0.002123330545725282
z,ewma_60_clock_adjusted,-0.032591936696663076,-0.002123330545725282
z,ewma_60_clock_adjusted,-0.027576405739391723,-0.002123330545725282
z,ewma_60_clock_adjusted,-0.022561568390224718,-0.002123330545725282
z,ewma_60_clock_adjusted,-0.017547298372150796,-0.002123330545725282
z,ewma_60_clock_adjusted,-0.012533469508069278,-0.002123330545725282
z,ewma_60_clock_adjusted,-0.007519955698540525,-0.002123330545725282
z,ewma_60_clock_adjusted,-0.0025066308995717666,-0.002123330545725282
z,ewma_60_clock_adjusted,0.0025066308995717666,-0.002123330545725282
z,ewma_60_clock_adjusted,0.007519955698540525,-0.002123330545725282
z,ewma_60_clock_adjusted,0.012533469508069278,-0.002123330545725282
z,ewma_60_clock_adjusted,0.017547298372150796,-0.002123330545725282
z,ewma_60_clock_adjusted,0.022561568390224718,-0.002123330545725282
z,ewma_60_clock_adjusted,0.027576405739391723,-0.002123330545725282
z,ewma_60_clock_adjusted,0.032591936696663076,-0.002123330545725282
z,ewma_60_clock_adjusted,0.037608287661255936,-0.002123330545725282
z,ewma_60_clock_adjusted,0.04262558517694437,-0.002123330545725282
z,ewma_60_clock_adjusted,0.04764395595447656,0.03196943452744563
z,ewma_60_clock_adjusted,0.05266352689406846,0.041652870840503335
z,ewma_60_clock_adjusted,0.05768442510798417,0.0490454809231176
z,ewma_60_clock_adjusted,0.06270677794321383,0.055702681770012245
z,ewma_60_clock_adjusted,0.06773071300425916,0.06139500239624093
z,ewma_60_clock_adjusted,0.07275635817603748,0.06711869649634004
z,ewma_60_clock_adjusted,0.07778384164691525,0.07259267798667121
z,ewma_60_clock_adjusted,0.08281329193188132,0.07758452709770408
z,ewma_60_clock_adjusted,0.08784483789587182,0.08236941183983788
z,ewma_60_clock_adjusted,0.09287860877725654,0.08698785833121749
z,ewma_60_clock_adjusted,0.09791473421149946,0.09150826381369805
z,ewma_60_clock_adjusted,0.10295334425500394,0.09600511462117384
z,ewma_60_clock_adjusted,0.1079945694091542,0.100319801520655
z,ewma_60_clock_adjusted,0.11303854064456521,0.10458839056057685
z,ewma_60_clock_adjusted,0.11808538942555302,0.1087483313030257
z,ewma_60_clock_adjusted,0.12313524773483664,0.11293587989302074
z,ewma_60_clock_adjusted,0.1281882480984856,0.11713522786323634
z,ewma_60_clock_adjusted,0.13324452361112396,0.12134538593410274
z,ewma_60_clock_adjusted,0.13830420796140463,0.12541126637823952
z,ewma_60_clock_adjusted,0.14336743545776678,0.12961176362021895
z,ewma_60_clock_adjusted,0.1484343410544899,0.13369506647026647
z,ewma_60_clock_adjusted,0.15350506037805722,0.13779761077679276
z,ewma_60_clock_adjusted,0.15857972975384332,0.1418679692542372
z,ewma_60_clock_adjusted,0.16365848623314108,0.14594076836021452
z,ewma_60_clock_adjusted,0.16874146762053788,0.1500445740649684
z,ewma_60_clock_adjusted,0.17382881250166224,0.1543258469822925
z,ewma_60_clock_adjusted,0.17892066027131193,0.15851920382774204
z,ewma_60_clock_adjusted,0.18401715116197945,0.16271796030535207
z,ewma_60_clock_adjusted,0.18911842627279238,0.166898788364106
z,ewma_60_clock_adjusted,0.1942246275988833,0.17106291704010176
z,ewma_60_clock_adjusted,0.19933589806120677,0.17534074102799255
z,ewma_60_clock_adjusted,0.20445238153682072,0.17957470932753714
z,ewma_60_clock_adjusted,0.2095742228896491,0.1837714674473967
z,ewma_60_clock_adjusted,0.2147015680017444,0.18815793031308684
z,ewma_60_clock_adjusted,0.21983456380506858,0.1924342494388663
z,ewma_60_clock_adjusted,0.22497335831381138,0.1966805070491965
z,ewma_60_clock_adjusted,0.23011810065726557,0.20079705346279406
z,ewma_60_clock_adjusted,0.23526894111327962,0.20504622684684914
z,ewma_60_clock_adjusted,0.24042603114230793,0.20923761785262765
z,ewma_60_clock_adjusted,0.24558952342208085,0.21350496579071454
z,ewma_60_clock_adjusted,0.250759571882916,0.217876357269503
z,ewma_60_clock_adjusted,0.2559363317436934,0.22210665140070723
z,ewma_60_clock_adjusted,0.26111995954851813,0.22631222644067772
z,ewma_60_clock_adjusted,0.26631061320409494,0.23072055639053196
z,ewma_60_clock_adjusted,0.2715084520178386,0.23516388411051325
z,ewma_60_clock_adjusted,0.27671363673674687,0.23971315886286443
z,ewma_60_clock_adjusted,0.2819263295870614,0.2440826550103431
z,ewma_60_clock_adjusted,0.28714669431474543,0.24846459497346265
z,ewma_60_clock_adjusted,0.2923748962268042,0.2529024676816009
z,ewma_60_clock_adjusted,0.2976111022334798,0.2573437389997154
z,ewma_60_clock_adjusted,0.30285548089134917,0.26176306423425255
z,ewma_60_clock_adjusted,0.3081082024473549,0.2662577639286844
z,ewma_60_clock_adjusted,0.31336943888380603,0.27065280383737317
z,ewma_60_clock_adjusted,0.31863936396437514,0.2750050222912823
z,ewma_60_clock_adjusted,0.323918153281133,0.279482270683605
z,ewma_60_clock_adjusted,0.32920598430265113,0.28406748050208835
z,ewma_60_clock_adjusted,0.3345030364232122,0.2885473479836415
z,ewma_60_clock_adjusted,0.3398094910131667,0.29313298277658184
z,ewma_60_clock_adjusted,0.34512553147047226,0.2976218908758325
z,ewma_60_clock_adjusted,0.35045134327346134,0.3021115817524159
z,ewma_60_clock_adjusted,0.3557871140348752,0.30670155823336537
z,ewma_60_clock_adjusted,0.36113303355721227,0.3113655249485777
z,ewma_60_clock_adjusted,0.36648929388943363,0.3160862521581267
z,ewma_60_clock_adjusted,0.3718560893850747,0.3206213665398942
z,ewma_60_clock_adjusted,0.37723361676181155,0.3252335183741728
z,ewma_60_clock_adjusted,0.3826220751625341,0.3299210916220893
z,ewma_60_clock_adjusted,0.38802166621797707,0.33459861965609417
z,ewma_60_clock_adjusted,0.3934325941109666,0.33907670748574126
z,ewma_60_clock_adjusted,0.39885506564233686,0.3438116085016273
z,ewma_60_clock_adjusted,0.40428929029857885,0.3484933472186378
z,ewma_60_clock_adjusted,0.4097354803212812,0.3530538723324932
z,ewma_60_clock_adjusted,0.41519385077842685,0.35768907424777435
z,ewma_60_clock_adjusted,0.4206646196376157,0.36252640402487335
z,ewma_60_clock_adjusted,0.42614800784127826,0.3672359716145658
z,ewma_60_clock_adjusted,0.43164423938395613,0.3718855893690033
z,ewma_60_clock_adjusted,0.43715354139172224,0.3765743737667239
z,ewma_60_clock_adjusted,0.44267614420382156,0.3812569676680652
z,ewma_60_clock_adjusted,0.44821228145660913,0.3860864320458151
z,ewma_60_clock_adjusted,0.4537621901698796,0.39081748555917706
z,ewma_60_clock_adjusted,0.45932611083566305,0.39563810769934216
z,ewma_60_clock_adjusted,0.46490428750959456,0.40043865583514626
z,ewma_60_clock_adjusted,0.4704969679049415,0.4052453024884428
z,ewma_60_clock_adjusted,0.47610440348939514,0.4100824661589579
z,ewma_60_clock_adjusted,0.48172684958473033,0.4149569389739852
z,ewma_60_clock_adjusted,0.4873645654694408,0.4198010149472228
z,ewma_60_clock_adjusted,0.4930178144844647,0.4247643128723115
z,ewma_60_clock_adjusted,0.49868686414212166,0.4294342393811054
z,ewma_60_clock_adjusted,0.5043719862383814,0.4342608316311914
z,ewma_60_clock_adjusted,0.5100734569685945,0.4391392820593492
z,ewma_60_clock_adjusted,0.5157915570468273,0.4440829127353115
z,ewma_60_clock_adjusted,0.521526571828932,0.44912119647515775
z,ewma_60_clock_adjusted,0.5272787914395082,0.4540787673061162
z,ewma_60_clock_adjusted,0.5330485109029087,0.4591229826104654
z,ewma_60_clock_adjusted,0.5388360302784502,0.46404207052222674
z,ewma_60_clock_adjusted,0.544641654799999,0.4689120827123793
z,ewma_60_clock_adjusted,0.5504656950201124,0.4738334331465959
z,ewma_60_clock_adjusted,0.5563084669589181,0.47904714676568455
z,ewma_60_clock_adjusted,0.5621702922579263,0.4840124174648962
z,ewma_60_clock_adjusted,0.5680514983389827,0.4891006928661101
z,ewma_60_clock_adjusted,0.5739524185685733,0.4943488385328875
z,ewma_60_clock_adjusted,0.5798733924277044,0.4996267975018934
z,ewma_60_clock_adjusted,0.5858147656875988,0.5048050665499699
z,ewma_60_clock_adjusted,0.5917768905914464,0.510026641156069
z,ewma_60_clock_adjusted,0.5977601260424784,0.5151980350024427
z,ewma_60_clock_adjusted,0.6037648377986299,0.52036179075986
z,ewma_60_clock_adjusted,0.6097913986740797,0.525509175832704
z,ewma_60_clock_adjusted,0.6158401887479719,0.5307946773713274
z,ewma_60_clock_adjusted,0.6219115955806241,0.5362401440958455
z,ewma_60_clock_adjusted,0.6280060144375696,0.5415508231562097
z,ewma_60_clock_adjusted,0.6341238485217698,0.5469825316495623
z,ewma_60_clock_adjusted,0.6402655092143741,0.5525182239746969
z,ewma_60_clock_adjusted,0.6464314163244075,0.5578185557926614
z,ewma_60_clock_adjusted,0.652621998347801,0.5632977148760572
z,ewma_60_clock_adjusted,0.6588376927361879,0.568645095949557
z,ewma_60_clock_adjusted,0.6650789461759234,0.5741542098309141
z,ewma_60_clock_adjusted,0.6713462148778053,0.5795078261260195
z,ewma_60_clock_adjusted,0.6776399648779956,0.5851126243219826
z,ewma_60_clock_adjusted,0.6839606723506823,0.5906664754408019
z,ewma_60_clock_adjusted,0.690308823933034,0.5963108609088522
z,ewma_60_clock_adjusted,0.6966849170630507,0.6019121578238051
z,ewma_60_clock_adjusted,0.7030894603309286,0.6077023695564824
z,ewma_60_clock_adjusted,0.7095229738446082,0.6134736230869892
z,ewma_60_clock_adjusted,0.7159859896102049,0.6190752928688543
z,ewma_60_clock_adjusted,0.7224790519280627,0.6249570462337763
z,ewma_60_clock_adjusted,0.7290027178052185,0.6306480883856885
z,ewma_60_clock_adjusted,0.7355575573851106,0.6364400979922725
z,ewma_60_clock_adjusted,0.7421441543954094,0.6422140220960628
z,ewma_60_clock_adjusted,0.7487631066149087,0.6481183780811588
z,ewma_60_clock_adjusted,0.7554150263604693,0.6541457170701676
z,ewma_60_clock_adjusted,0.7621005409950667,0.6600377614162591
z,ewma_60_clock_adjusted,0.7688202934580621,0.6660964813886715
z,ewma_60_clock_adjusted,0.7755749428188843,0.6720428145444031
z,ewma_60_clock_adjusted,0.7823651648553872,0.6780868275802826
z,ewma_60_clock_adjusted,0.7891916526582223,0.6842838336200383
z,ewma_60_clock_adjusted,0.7960551172626629,0.6904675135863412
z,ewma_60_clock_adjusted,0.8029562883093937,0.6965375972103304
z,ewma_60_clock_adjusted,0.809895914735898,0.7027727442573524
z,ewma_60_clock_adjusted,0.8168747655001637,0.7090159701650088
z,ewma_60_clock_adjusted,0.8238936303385576,0.7153608953388443
z,ewma_60_clock_adjusted,0.830953320559838,0.7217712164925445
z,ewma_60_clock_adjusted,0.8380546698774067,0.7281377869697786
z,ewma_60_clock_adjusted,0.84519853528205,0.7347800576575005
z,ewma_60_clock_adjusted,0.8523857979575752,0.7414972155808465
z,ewma_60_clock_adjusted,0.8596173642419117,0.7480427543545214
z,ewma_60_clock_adjusted,0.866894166636438,0.7546093870297887
z,ewma_60_clock_adjusted,0.8742171648664836,0.7610164359654142
z,ewma_60_clock_adjusted,0.8815873469961749,0.7677543032935105
z,ewma_60_clock_adjusted,0.8890057306010245,0.7745613007570762
z,ewma_60_clock_adjusted,0.8964733640019159,0.7811549139383985
z,ewma_60_clock_adjusted,0.9039913275644013,0.788210372649641
z,ewma_60_clock_adjusted,0.9115607350675405,0.7950892542374695
z,ewma_60_clock_adjusted,0.9191827351468197,0.8020863828316641
z,ewma_60_clock_adjusted,0.9268585128160437,0.8092833471376913
z,ewma_60_clock_adjusted,0.9345892910734798,0.8164526694427767
z,ewma_60_clock_adjusted,0.9423763325979503,0.8235772278987405
z,ewma_60_clock_adjusted,0.9502209415410151,0.8307012706939633
z,ewma_60_clock_adjusted,0.9581244654219027,0.8380553492266315
z,ewma_60_clock_adjusted,0.9660882971323729,0.8455375744225263
z,ewma_60_clock_adjusted,0.974113877059309,0.8529123419517559
z,ewma_60_clock_adjusted,0.9822026953334697,0.8604578487564768
z,ewma_60_clock_adjusted,0.9903562942135747,0.8682413826163972
z,ewma_60_clock_adjusted,0.9985762706156596,0.8758174695234293
z,ewma_60_clock_adjusted,1.0068642787985222,0.8837761572861542
z,ewma_60_clock_adjusted,1.015222033217028,0.8916114737067137
z,ewma_60_clock_adjusted,1.0236513115560881,0.899573376123867
z,ewma_60_clock_adjusted,1.032153957959306,0.9076913703822568
z,ewma_60_clock_adjusted,1.0407318864675446,0.9157592606471691
z,ewma_60_clock_adjusted,1.0493870846841045,0.9237836403540002
z,ewma_60_clock_adjusted,1.058121617684777,0.9318564411872745
z,ewma_60_clock_adjusted,1.0669376321927655,0.940015129367152
z,ewma_60_clock_adjusted,1.0758373610404315,0.9483320703952609
z,ewma_60_clock_adjusted,1.0848231279419567,0.9567997496490638
z,ewma_60_clock_adjusted,1.0938973526034377,0.9653373931342094
z,ewma_60_clock_adjusted,1.1030625561995975,0.9738529189049949
z,ewma_60_clock_adjusted,1.1123213672493113,0.9824093654770407
z,ewma_60_clock_adjusted,1.1216765279254888,0.9913185959795441
z,ewma_60_clock_adjusted,1.131130900838633,1.0005807291911886
z,ewma_60_clock_adjusted,1.140687476337622,1.009667651621082
z,ewma_60_clock_adjusted,1.1503493803760079,1.0187225652676641
z,ewma_60_clock_adjusted,1.1601198829975194,1.028557447954698
z,ewma_60_clock_adjusted,1.1700024075004787,1.038161367082316
z,ewma_60_clock_adjusted,1.180000540347729,1.0479130686077338
z,ewma_60_clock_adjusted,1.1901180418964235,1.057974496380029
z,ewma_60_clock_adjusted,1.200358858030859,1.0681779241814648
z,ewma_60_clock_adjusted,1.2107271327915974,1.0784065051367069
z,ewma_60_clock_adjusted,1.2212272221055693,1.088851665664926
z,ewma_60_clock_adjusted,1.2318637087349833,1.0993723441930896
z,ewma_60_clock_adjusted,1.242641418577882,1.1100243499649594
z,ewma_60_clock_adjusted,1.2535654384704509,1.1206443987248795
z,ewma_60_clock_adjusted,1.2646411356610803,1.1316736733085253
z,ewma_60_clock_adjusted,1.2758741791491297,1.1426878717560234
z,ewma_60_clock_adjusted,1.2872705631079415,1.1539179682668197
z,ewma_60_clock_adjusted,1.2988366326425054,1.1657097706526525
z,ewma_60_clock_adjusted,1.310579112168129,1.177517447984744
z,ewma_60_clock_adjusted,1.3225051367384355,1.1894440001484838
z,ewma_60_clock_adjusted,1.3346222867001933,1.2018507334002084
z,ewma_60_clock_adjusted,1.3469386261102796,1.2146342815568756
z,ewma_60_clock_adjusted,1.3594627454182584,1.2274115981841165
z,ewma_60_clock_adjusted,1.3722038089987263,1.2405645268015797
z,ewma_60_clock_adjusted,1.3851716082134358,1.254099962345719
z,ewma_60_clock_adjusted,1.398376620797496,1.2679338526678512
z,ewma_60_clock_adjusted,1.4118300775008088,1.2817487632395426
z,ewma_60_clock_adjusted,1.4255440370804517,1.296219542314774
z,ewma_60_clock_adjusted,1.439531470938456,1.310995716549072
z,ewma_60_clock_adjusted,1.453806358940575,1.3259165862948674
z,ewma_60_clock_adjusted,1.4683837982456598,1.3405167522239136
z,ewma_60_clock_adjusted,1.483280127335621,1.3566523514638238
z,ewma_60_clock_adjusted,1.4985130678799756,1.3723098001815568
z,ewma_60_clock_adjusted,1.514101887619284,1.3890085693929302
z,ewma_60_clock_adjusted,1.530067588137829,1.4060395818199307
z,ewma_60_clock_adjusted,1.5464331222567471,1.423589480725789
z,ewma_60_clock_adjusted,1.5632236468662757,1.4417852666064486
z,ewma_60_clock_adjusted,1.580466818399361,1.4605083120465967
z,ewma_60_clock_adjusted,1.5981931399228169,1.4798717748908536
z,ewma_60_clock_adjusted,1.6164363711150211,1.4997531135134605
z,ewma_60_clock_adjusted,1.635234015388649,1.5205549100070292
z,ewma_60_clock_adjusted,1.654627902351077,1.5422841120572923
z,ewma_60_clock_adjusted,1.6746648890243248,1.5652533351392024
z,ewma_60_clock_adjusted,1.6953977102721358,1.5890621594286756
z,ewma_60_clock_adjusted,1.7168860184310404,1.6141047689874601
z,ewma_60_clock_adjusted,1.7391976652852514,1.6400569859923912
z,ewma_60_clock_adjusted,1.7624102978623888,1.6668626105904203
z,ewma_60_clock_adjusted,1.7866133654934697,1.6956877896945945
z,ewma_60_clock_adjusted,1.8119106729525971,1.726100484885258
z,ewma_60_clock_adjusted,1.8384236692477764,1.7575023314638978
z,ewma_60_clock_adjusted,1.8662957434581071,1.7912098537914962
z,ewma_60_clock_adjusted,1.895697923991838,1.8285447796070446
z,ewma_60_clock_adjusted,1.9268365732639101,1.8677540505371082
z,ewma_60_clock_adjusted,1.9599639845400536,1.9091687725770585
z,ewma_60_clock_adjusted,1.9953933101678243,1.9545460213751953
z,ewma_60_clock_adjusted,2.0335201492530506,2.005399753124543
z,ewma_60_clock_adjusted,2.0748547343933095,2.061637866117592
z,ewma_60_clock_adjusted,2.1200716897421503,2.1227485703640583
z,ewma_60_clock_adjusted,2.17009037758456,2.194230997791523
z,ewma_60_clock_adjusted,2.2262117693171737,2.2748509736991163
z,ewma_60_clock_adjusted,2.290367877855267,2.370979570025006
z,ewma_60_clock_adjusted,2.365618126864292,2.4881717741788445
z,ewma_60_clock_adjusted,2.457263390205436,2.640916610192916
z,ewma_60_clock_adjusted,2.5758293035489,2.861703460708367
z,ewma_60_clock_adjusted,2.7477813854449917,3.2215755562706945
z,ewma_60_clock_adjusted,3.090232306167813,4.23738563296142
z,ewma_240_clock_adjusted,-3.090232306167813,-4.893147589708046
z,ewma_240_clock_adjusted,-2.747781385444993,-3.6351280793428793
z,ewma_240_clock_adjusted,-2.5758293035489,-3.153658015435762
z,ewma_240_clock_adjusted,-2.4572633902054375,-2.865171099297817
z,ewma_240_clock_adjusted,-2.365618126864292,-2.667972061921138
z,ewma_240_clock_adjusted,-2.290367877855267,-2.5159280115671763
z,ewma_240_clock_adjusted,-2.226211769317175,-2.39499104457605
z,ewma_240_clock_adjusted,-2.17009037758456,-2.2939493588911137
z,ewma_240_clock_adjusted,-2.1200716897421503,-2.2090724481659896
z,ewma_240_clock_adjusted,-2.0748547343933095,-2.134200411772613
z,ewma_240_clock_adjusted,-2.0335201492530506,-2.069803170117531
z,ewma_240_clock_adjusted,-1.9953933101678247,-2.0118796015002065
z,ewma_240_clock_adjusted,-1.9599639845400538,-1.9567967824516432
z,ewma_240_clock_adjusted,-1.9268365732639106,-1.9082961311255373
z,ewma_240_clock_adjusted,-1.8956979239918383,-1.8637747821910347
z,ewma_240_clock_adjusted,-1.8662957434581073,-1.8234990831445466
z,ewma_240_clock_adjusted,-1.8384236692477767,-1.7853651170334608
z,ewma_240_clock_adjusted,-1.8119106729525978,-1.7490698526413389
z,ewma_240_clock_adjusted,-1.78661336549347,-1.7146962887861605
z,ewma_240_clock_adjusted,-1.7624102978623895,-1.6835247502071344
z,ewma_240_clock_adjusted,-1.7391976652852517,-1.6534657017166763
z,ewma_240_clock_adjusted,-1.7168860184310404,-1.6242528373254992
z,ewma_240_clock_adjusted,-1.6953977102721358,-1.5966029478707917
z,ewma_240_clock_adjusted,-1.6746648890243252,-1.569956963104145
z,ewma_240_clock_adjusted,-1.6546279023510773,-1.54527188344845
z,ewma_240_clock_adjusted,-1.63523401538865,-1.52108400428867
z,ewma_240_clock_adjusted,-1.6164363711150214,-1.4986697049186382
z,ewma_240_clock_adjusted,-1.5981931399228173,-1.4763517766997902
z,ewma_240_clock_adjusted,-1.5804668183993618,-1.4553375675990587
z,ewma_240_clock_adjusted,-1.563223646866276,-1.4349870736648849
z,ewma_240_clock_adjusted,-1.5464331222567476,-1.4148335163728045
z,ewma_240_clock_adjusted,-1.530067588137828,-1.395659816169687
z,ewma_240_clock_adjusted,-1.5141018876192833,-1.3775781565039082
z,ewma_240_clock_adjusted,-1.4985130678799752,-1.3588672812551146
z,ewma_240_clock_adjusted,-1.4832801273356204,-1.3411725333762303
z,ewma_240_clock_adjusted,-1.4683837982456598,-1.3247779332627336
z,ewma_240_clock_adjusted,-1.4538063589405745,-1.3082108716772083
z,ewma_240_clock_adjusted,-1.4395314709384557,-1.2925703350999949
z,ewma_240_clock_adjusted,-1.4255440370804515,-1.2769785261398667
z,ewma_240_clock_adjusted,-1.4118300775008081,-1.2614060480645524
z,ewma_240_clock_adjusted,-1.398376620797495,-1.2463903763318445
z,ewma_240_clock_adjusted,-1.3851716082134353,-1.2319009507889174
z,ewma_240_clock_adjusted,-1.3722038089987258,-1.217808877741605
z,ewma_240_clock_adjusted,-1.3594627454182584,-1.203842657042334
z,ewma_240_clock_adjusted,-1.3469386261102796,-1.1901316716501702
z,ewma_240_clock_adjusted,-1.3346222867001933,-1.1769102018647914
z,ewma_240_clock_adjusted,-1.3225051367384355,-1.164073849573282
z,ewma_240_clock_adjusted,-1.310579112168129,-1.15100145173203
z,ewma_240_clock_adjusted,-1.2988366326425054,-1.1383070232567591
z,ewma_240_clock_adjusted,-1.2872705631079415,-1.1262808527199162
z,ewma_240_clock_adjusted,-1.2758741791491297,-1.1142571774496133
z,ewma_240_clock_adjusted,-1.2646411356610803,-1.102634525173248
z,ewma_240_clock_adjusted,-1.2535654384704509,-1.0911351279089077
z,ewma_240_clock_adjusted,-1.242641418577882,-1.0800066011462868
z,ewma_240_clock_adjusted,-1.2318637087349833,-1.0688666577930108
z,ewma_240_clock_adjusted,-1.2212272221055693,-1.0579042984582194
z,ewma_240_clock_adjusted,-1.2107271327915974,-1.0471427754984015
z,ewma_240_clock_adjusted,-1.200358858030859,-1.0365811558507028
z,ewma_240_clock_adjusted,-1.1901180418964235,-1.0261127524976696
z,ewma_240_clock_adjusted,-1.180000540347729,-1.0158272149252952
z,ewma_240_clock_adjusted,-1.1700024075004787,-1.0057413876676407
z,ewma_240_clock_adjusted,-1.1601198829975194,-0.9956081253221463
z,ewma_240_clock_adjusted,-1.1503493803760079,-0.9859218242229897
z,ewma_240_clock_adjusted,-1.140687476337622,-0.9764376414217344
z,ewma_240_clock_adjusted,-1.131130900838633,-0.9669658906527883
z,ewma_240_clock_adjusted,-1.1216765279254888,-0.9576758640339981
z,ewma_240_clock_adjusted,-1.1123213672493113,-0.9484481368553742
z,ewma_240_clock_adjusted,-1.1030625561995975,-0.9393532074708528
z,ewma_240_clock_adjusted,-1.0938973526034377,-0.9304571009630801
z,ewma_240_clock_adjusted,-1.0848231279419567,-0.9219272663681075
z,ewma_240_clock_adjusted,-1.0758373610404315,-0.9133303821793005
z,ewma_240_clock_adjusted,-1.0669376321927655,-0.90453731154593
z,ewma_240_clock_adjusted,-1.058121617684777,-0.8962374196829088
z,ewma_240_clock_adjusted,-1.0493870846841045,-0.8876531977768107
z,ewma_240_clock_adjusted,-1.0407318864675446,-0.8794993202969115
z,ewma_240_clock_adjusted,-1.032153957959306,-0.8711729529937499
z,ewma_240_clock_adjusted,-1.0236513115560881,-0.8629825798653038
z,ewma_240_clock_adjusted,-1.015222033217028,-0.8547679263832666
z,ewma_240_clock_adjusted,-1.0068642787985222,-0.8467963845978573
z,ewma_240_clock_adjusted,-0.9985762706156596,-0.8387745676851359
z,ewma_240_clock_adjusted,-0.9903562942135747,-0.8308555141708733
z,ewma_240_clock_adjusted,-0.9822026953334697,-0.8231077061447087
z,ewma_240_clock_adjusted,-0.974113877059309,-0.8155938291029321
z,ewma_240_clock_adjusted,-0.9660882971323729,-0.8080126902255917
z,ewma_240_clock_adjusted,-0.9581244654219027,-0.8006318757559333
z,ewma_240_clock_adjusted,-0.9502209415410151,-0.79323637612041
z,ewma_240_clock_adjusted,-0.9423763325979505,-0.785935743171419
z,ewma_240_clock_adjusted,-0.9345892910734802,-0.7787603855182466
z,ewma_240_clock_adjusted,-0.9268585128160437,-0.7717405384658479
z,ewma_240_clock_adjusted,-0.9191827351468197,-0.764523752661243
z,ewma_240_clock_adjusted,-0.9115607350675407,-0.757688466313645
z,ewma_240_clock_adjusted,-0.9039913275644016,-0.750587103149713
z,ewma_240_clock_adjusted,-0.8964733640019162,-0.7436442941072217
z,ewma_240_clock_adjusted,-0.8890057306010248,-0.7366985758475357
z,ewma_240_clock_adjusted,-0.8815873469961746,-0.7298448975844132
z,ewma_240_clock_adjusted,-0.8742171648664834,-0.7231412831575383
z,ewma_240_clock_adjusted,-0.8668941666364379,-0.7164557424843078
z,ewma_240_clock_adjusted,-0.8596173642419114,-0.7099534366370279
z,ewma_240_clock_adjusted,-0.852385797957575,-0.7031986909583154
z,ewma_240_clock_adjusted,-0.8451985352820499,-0.6968657491492859
z,ewma_240_clock_adjusted,-0.8380546698774065,-0.6905202703784105
z,ewma_240_clock_adjusted,-0.8309533205598377,-0.6841228857590788
z,ewma_240_clock_adjusted,-0.8238936303385576,-0.6779176658421493
z,ewma_240_clock_adjusted,-0.8168747655001637,-0.6718038936135009
z,ewma_240_clock_adjusted,-0.809895914735898,-0.6655041759788475
z,ewma_240_clock_adjusted,-0.8029562883093937,-0.6594338430687222
z,ewma_240_clock_adjusted,-0.7960551172626629,-0.6532580307752154
z,ewma_240_clock_adjusted,-0.7891916526582223,-0.6471520768070922
z,ewma_240_clock_adjusted,-0.7823651648553872,-0.6410867867565263
z,ewma_240_clock_adjusted,-0.7755749428188843,-0.6350752408837218
z,ewma_240_clock_adjusted,-0.7688202934580621,-0.6290503864571725
z,ewma_240_clock_adjusted,-0.7621005409950667,-0.6230193347021461
z,ewma_240_clock_adjusted,-0.7554150263604693,-0.6171813948778565
z,ewma_240_clock_adjusted,-0.7487631066149087,-0.6111635670554724
z,ewma_240_clock_adjusted,-0.7421441543954094,-0.6054472515898398
z,ewma_240_clock_adjusted,-0.7355575573851106,-0.5997168012917157
z,ewma_240_clock_adjusted,-0.7290027178052185,-0.5939409094601683
z,ewma_240_clock_adjusted,-0.7224790519280627,-0.588208956914421
z,ewma_240_clock_adjusted,-0.7159859896102049,-0.5824878594936401
z,ewma_240_clock_adjusted,-0.7095229738446082,-0.5769227060132506
z,ewma_240_clock_adjusted,-0.7030894603309286,-0.5712333709801379
z,ewma_240_clock_adjusted,-0.6966849170630507,-0.5655785268262413
z,ewma_240_clock_adjusted,-0.690308823933034,-0.559983283268786
z,ewma_240_clock_adjusted,-0.6839606723506823,-0.5544261942985271
z,ewma_240_clock_adjusted,-0.6776399648779956,-0.5488859809519765
z,ewma_240_clock_adjusted,-0.6713462148778053,-0.5434982843483348
z,ewma_240_clock_adjusted,-0.6650789461759234,-0.5379371845510567
z,ewma_240_clock_adjusted,-0.6588376927361879,-0.5324975423862967
z,ewma_240_clock_adjusted,-0.652621998347801,-0.5269880649302465
z,ewma_240_clock_adjusted,-0.6464314163244075,-0.5215097550205033
z,ewma_240_clock_adjusted,-0.6402655092143741,-0.5162897953779446
z,ewma_240_clock_adjusted,-0.6341238485217698,-0.51108526072158
z,ewma_240_clock_adjusted,-0.6280060144375696,-0.5059061990507693
z,ewma_240_clock_adjusted,-0.6219115955806241,-0.500792666355814
z,ewma_240_clock_adjusted,-0.6158401887479719,-0.49560512501092846
z,ewma_240_clock_adjusted,-0.6097913986740797,-0.49039187427022773
z,ewma_240_clock_adjusted,-0.6037648377986299,-0.48507189775213705
z,ewma_240_clock_adjusted,-0.5977601260424784,-0.4800624057792237
z,ewma_240_clock_adjusted,-0.5917768905914464,-0.475013222905646
z,ewma_240_clock_adjusted,-0.5858147656875988,-0.4701324657290255
z,ewma_240_clock_adjusted,-0.5798733924277044,-0.4649675200173817
z,ewma_240_clock_adjusted,-0.5739524185685735,-0.45997925671701284
z,ewma_240_clock_adjusted,-0.5680514983389829,-0.4548806532695361
z,ewma_240_clock_adjusted,-0.5621702922579264,-0.4500456274868664
z,ewma_240_clock_adjusted,-0.5563084669589183,-0.445141711820356
z,ewma_240_clock_adjusted,-0.5504656950201127,-0.4401026210988213
z,ewma_240_clock_adjusted,-0.5446416547999992,-0.43510296474262594
z,ewma_240_clock_adjusted,-0.5388360302784503,-0.4302365717553597
z,ewma_240_clock_adjusted,-0.5330485109029091,-0.42525744710663926
z,ewma_240_clock_adjusted,-0.5272787914395083,-0.42054930829748405
z,ewma_240_clock_adjusted,-0.5215265718289321,-0.4157740414013065
z,ewma_240_clock_adjusted,-0.5157915570468274,-0.41089099004824814
z,ewma_240_clock_adjusted,-0.5100734569685947,-0.4060679804894884
z,ewma_240_clock_adjusted,-0.5043719862383813,-0.4012972292619088
z,ewma_240_clock_adjusted,-0.49868686414212227,-0.3967384875252328
z,ewma_240_clock_adjusted,-0.4930178144844647,-0.3920600260289411
z,ewma_240_clock_adjusted,-0.48736456546944074,-0.3872358345968666
z,ewma_240_clock_adjusted,-0.4817268495847302,-0.3826397421639752
z,ewma_240_clock_adjusted,-0.47610440348939487,-0.37786042332837877
z,ewma_240_clock_adjusted,-0.4704969679049413,-0.3730792273325374
z,ewma_240_clock_adjusted,-0.4649042875095944,-0.3684495778001307
z,ewma_240_clock_adjusted,-0.4593261108356628,-0.3637887594428028
z,ewma_240_clock_adjusted,-0.4537621901698793,-0.3591898548392298
z,ewma_240_clock_adjusted,-0.448212281456609,-0.35456907671573656
z,ewma_240_clock_adjusted,-0.4426761442038212,-0.34987343377656666
z,ewma_240_clock_adjusted,-0.43715354139172213,-0.3453511867820528
z,ewma_240_clock_adjusted,-0.431644239383956,-0.3406537862056091
z,ewma_240_clock_adjusted,-0.4261480078412781,-0.3359013664159621
z,ewma_240_clock_adjusted,-0.4206646196376155,-0.33130022038168777
z,ewma_240_clock_adjusted,-0.41519385077842663,-0.326679969907313
z,ewma_240_clock_adjusted,-0.40973548032128104,-0.32220904982588144
z,ewma_240_clock_adjusted,-0.4042892902985787,-0.317736127051584
z,ewma_240_clock_adjusted,-0.39885506564233686,-0.31327001430630563
z,ewma_240_clock_adjusted,-0.3934325941109666,-0.3088331723575668
z,ewma_240_clock_adjusted,-0.38802166621797707,-0.3042917254533742
z,ewma_240_clock_adjusted,-0.3826220751625341,-0.2997825032397287
z,ewma_240_clock_adjusted,-0.37723361676181155,-0.29533842098893137
z,ewma_240_clock_adjusted,-0.3718560893850747,-0.2909032249200971
z,ewma_240_clock_adjusted,-0.36648929388943363,-0.28654040507556927
z,ewma_240_clock_adjusted,-0.36113303355721227,-0.2820981062816479
z,ewma_240_clock_adjusted,-0.3557871140348752,-0.2776132461923822
z,ewma_240_clock_adjusted,-0.35045134327346134,-0.27324915365707686
z,ewma_240_clock_adjusted,-0.34512553147047226,-0.2688330229873636
z,ewma_240_clock_adjusted,-0.3398094910131667,-0.264498267856226
z,ewma_240_clock_adjusted,-0.3345030364232122,-0.2602551993269707
z,ewma_240_clock_adjusted,-0.32920598430265113,-0.2557996677933238
z,ewma_240_clock_adjusted,-0.323918153281133,-0.25151095056385825
z,ewma_240_clock_adjusted,-0.31863936396437514,-0.24713978904822068
z,ewma_240_clock_adjusted,-0.31336943888380603,-0.24291717243990746
z,ewma_240_clock_adjusted,-0.3081082024473549,-0.23869967265472433
z,ewma_240_clock_adjusted,-0.30285548089134917,-0.23447525865279276
z,ewma_240_clock_adjusted,-0.2976111022334798,-0.23032094886065724
z,ewma_240_clock_adjusted,-0.2923748962268042,-0.22604661848361787
z,ewma_240_clock_adjusted,-0.28714669431474543,-0.22185463527990779
z,ewma_240_clock_adjusted,-0.2819263295870614,-0.2176272499402162
z,ewma_240_clock_adjusted,-0.27671363673674687,-0.21341780564366164
z,ewma_240_clock_adjusted,-0.2715084520178386,-0.20913790909591287
z,ewma_240_clock_adjusted,-0.26631061320409494,-0.20511405504816088
z,ewma_240_clock_adjusted,-0.26111995954851813,-0.20095064672847376
z,ewma_240_clock_adjusted,-0.2559363317436934,-0.19684078921911194
z,ewma_240_clock_adjusted,-0.250759571882916,-0.19276058219959516
z,ewma_240_clock_adjusted,-0.24558952342208085,-0.1887419185149891
z,ewma_240_clock_adjusted,-0.24042603114230793,-0.18472168672302136
z,ewma_240_clock_adjusted,-0.2352689411132797,-0.18072212698670828
z,ewma_240_clock_adjusted,-0.23011810065726568,-0.1767299759899994
z,ewma_240_clock_adjusted,-0.22497335831381154,-0.17270260136736842
z,ewma_240_clock_adjusted,-0.2198345638050687,-0.16877633268231773
z,ewma_240_clock_adjusted,-0.21470156800174453,-0.16481124543683917
z,ewma_240_clock_adjusted,-0.20957422288964928,-0.16083892357680152
z,ewma_240_clock_adjusted,-0.2044523815368209,-0.15695826250642742
z,ewma_240_clock_adjusted,-0.1993358980612069,-0.15302932110774292
z,ewma_240_clock_adjusted,-0.1942246275988834,-0.14912441117075484
z,ewma_240_clock_adjusted,-0.1891184262727925,-0.14528393094602762
z,ewma_240_clock_adjusted,-0.1840171511619796,-0.1414105414231155
z,ewma_240_clock_adjusted,-0.17892066027131207,-0.1373098381640346
z,ewma_240_clock_adjusted,-0.1738288125016624,-0.13344654942160358
z,ewma_240_clock_adjusted,-0.16874146762053802,-0.129552318360394
z,ewma_240_clock_adjusted,-0.16365848623314122,-0.12570700219355319
z,ewma_240_clock_adjusted,-0.15857972975384346,-0.12189171704253271
z,ewma_240_clock_adjusted,-0.15350506037805708,-0.11786993942517886
z,ewma_240_clock_adjusted,-0.14843434105448977,-0.11397059772737263
z,ewma_240_clock_adjusted,-0.14336743545776665,-0.10997739312732853
z,ewma_240_clock_adjusted,-0.1383042079614045,-0.10603392094682736
z,ewma_240_clock_adjusted,-0.13324452361112382,-0.10186575676963291
z,ewma_240_clock_adjusted,-0.12818824809848547,-0.09766682309616835
z,ewma_240_clock_adjusted,-0.1231352477348365,-0.09352427032302449
z,ewma_240_clock_adjusted,-0.11808538942555283,-0.08920626437854774
z,ewma_240_clock_adjusted,-0.11303854064456507,-0.08489932131015716
z,ewma_240_clock_adjusted,-0.10799456940915403,-0.08040149149608337
z,ewma_240_clock_adjusted,-0.1029533442550038,-0.0756379546693678
z,ewma_240_clock_adjusted,-0.09791473421149931,-0.07064241331758979
z,ewma_240_clock_adjusted,-0.09287860877725637,-0.06540727790588637
z,ewma_240_clock_adjusted,-0.08784483789587168,-0.05972375520625312
z,ewma_240_clock_adjusted,-0.08281329193188118,-0.05392060534176753
z,ewma_240_clock_adjusted,-0.07778384164691525,-0.04745203165667005
z,ewma_240_clock_adjusted,-0.07275635817603748,-0.03982714609861415
z,ewma_240_clock_adjusted,-0.06773071300425916,-0.029228897875987654
z,ewma_240_clock_adjusted,-0.06270677794321383,-0.0017821056685326693
z,ewma_240_clock_adjusted,-0.05768442510798417,-0.0017821056685326693
z,ewma_240_clock_adjusted,-0.05266352689406846,-0.0017821056685326693
z,ewma_240_clock_adjusted,-0.04764395595447656,-0.0017821056685326693
z,ewma_240_clock_adjusted,-0.04262558517694437,-0.0017821056685326693
z,ewma_240_clock_adjusted,-0.037608287661255936,-0.0017821056685326693
z,ewma_240_clock_adjusted,-0.032591936696663076,-0.0017821056685326693
z,ewma_240_clock_adjusted,-0.027576405739391723,-0.0017821056685326693
z,ewma_240_clock_adjusted,-0.022561568390224718,-0.0017821056685326693
z,ewma_240_clock_adjusted,-0.017547298372150796,-0.0017821056685326693
z,ewma_240_clock_adjusted,-0.012533469508069278,-0.0017821056685326693
z,ewma_240_clock_adjusted,-0.007519955698540525,-0.0017821056685326693
z,ewma_240_clock_adjusted,-0.0025066308995717666,-0.0017821056685326693
z,ewma_240_clock_adjusted,0.0025066308995717666,-0.0017821056685326693
z,ewma_240_clock_adjusted,0.007519955698540525,-0.0017821056685326693
z,ewma_240_clock_adjusted,0.012533469508069278,-0.0017821056685326693
z,ewma_240_clock_adjusted,0.017547298372150796,-0.0017821056685326693
z,ewma_240_clock_adjusted,0.022561568390224718,-0.0017821056685326693
z,ewma_240_clock_adjusted,0.027576405739391723,-0.0017821056685326693
z,ewma_240_clock_adjusted,0.032591936696663076,-0.0017821056685326693
z,ewma_240_clock_adjusted,0.037608287661255936,-0.0017821056685326693
z,ewma_240_clock_adjusted,0.04262558517694437,-0.0017821056685326693
z,ewma_240_clock_adjusted,0.04764395595447656,0.03068833626003655
z,ewma_240_clock_adjusted,0.05266352689406846,0.03977624802976358
z,ewma_240_clock_adjusted,0.05768442510798417,0.04683995144683136
z,ewma_240_clock_adjusted,0.06270677794321383,0.05299631091014101
z,ewma_240_clock_adjusted,0.06773071300425916,0.05866098264399432
z,ewma_240_clock_adjusted,0.07275635817603748,0.06417705611527003
z,ewma_240_clock_adjusted,0.07778384164691525,0.0692599320470711
z,ewma_240_clock_adjusted,0.08281329193188132,0.07413485276065071
z,ewma_240_clock_adjusted,0.08784483789587182,0.07885356204801894
z,ewma_240_clock_adjusted,0.09287860877725654,0.08336542871997506
z,ewma_240_clock_adjusted,0.09791473421149946,0.08779872413871652
z,ewma_240_clock_adjusted,0.10295334425500394,0.09209296514366429
z,ewma_240_clock_adjusted,0.1079945694091542,0.09616431803959691
z,ewma_240_clock_adjusted,0.11303854064456521,0.1001973612567682
z,ewma_240_clock_adjusted,0.11808538942555302,0.10420831892270446
z,ewma_240_clock_adjusted,0.12313524773483664,0.10809305340989311
z,ewma_240_clock_adjusted,0.1281882480984856,0.1119278573085723
z,ewma_240_clock_adjusted,0.13324452361112396,0.1158624413333539
z,ewma_240_clock_adjusted,0.13830420796140463,0.11961907073111397
z,ewma_240_clock_adjusted,0.14336743545776678,0.123479829581786
z,ewma_240_clock_adjusted,0.1484343410544899,0.1273180948816644
z,ewma_240_clock_adjusted,0.15350506037805722,0.13125302754044846
z,ewma_240_clock_adjusted,0.15857972975384332,0.13516276735438043
z,ewma_240_clock_adjusted,0.16365848623314108,0.13910751399343887
z,ewma_240_clock_adjusted,0.16874146762053788,0.14295290452895945
z,ewma_240_clock_adjusted,0.17382881250166224,0.14680126924651885
z,ewma_240_clock_adjusted,0.17892066027131193,0.15071322310702218
z,ewma_240_clock_adjusted,0.18401715116197945,0.15464952080434294
z,ewma_240_clock_adjusted,0.18911842627279238,0.1585523444691067
z,ewma_240_clock_adjusted,0.1942246275988833,0.16249181701163817
z,ewma_240_clock_adjusted,0.19933589806120677,0.16646751887423294
z,ewma_240_clock_adjusted,0.20445238153682072,0.17054177756702626
z,ewma_240_clock_adjusted,0.2095742228896491,0.1746012724932185
z,ewma_240_clock_adjusted,0.2147015680017444,0.17857302976944534
z,ewma_240_clock_adjusted,0.21983456380506858,0.1826326792776641
z,ewma_240_clock_adjusted,0.22497335831381138,0.18670055127102472
z,ewma_240_clock_adjusted,0.23011810065726557,0.19077713368703544
z,ewma_240_clock_adjusted,0.23526894111327962,0.1947877992359929
z,ewma_240_clock_adjusted,0.24042603114230793,0.19898581934942822
z,ewma_240_clock_adjusted,0.24558952342208085,0.20311697837244885
z,ewma_240_clock_adjusted,0.250759571882916,0.2074302825020994
z,ewma_240_clock_adjusted,0.2559363317436934,0.21157236036687194
z,ewma_240_clock_adjusted,0.26111995954851813,0.215660031049335
z,ewma_240_clock_adjusted,0.26631061320409494,0.2199429223174018
z,ewma_240_clock_adjusted,0.2715084520178386,0.22396953551089488
z,ewma_240_clock_adjusted,0.27671363673674687,0.2281985714111456
z,ewma_240_clock_adjusted,0.2819263295870614,0.23243529386450668
z,ewma_240_clock_adjusted,0.28714669431474543,0.23673170037742405
z,ewma_240_clock_adjusted,0.2923748962268042,0.24102312116847427
z,ewma_240_clock_adjusted,0.2976111022334798,0.24526246445779495
z,ewma_240_clock_adjusted,0.30285548089134917,0.2495930186466111
z,ewma_240_clock_adjusted,0.3081082024473549,0.25386335217189965
z,ewma_240_clock_adjusted,0.31336943888380603,0.25834481396303494
z,ewma_240_clock_adjusted,0.31863936396437514,0.26256548029039983
z,ewma_240_clock_adjusted,0.323918153281133,0.2669142635435324
z,ewma_240_clock_adjusted,0.32920598430265113,0.27120822181039683
z,ewma_240_clock_adjusted,0.3345030364232122,0.27549109485560197
z,ewma_240_clock_adjusted,0.3398094910131667,0.27968500622722275
z,ewma_240_clock_adjusted,0.34512553147047226,0.2840505254538824
z,ewma_240_clock_adjusted,0.35045134327346134,0.2883085857255778
z,ewma_240_clock_adjusted,0.3557871140348752,0.2926770480008793
z,ewma_240_clock_adjusted,0.36113303355721227,0.29697973399201394
z,ewma_240_clock_adjusted,0.36648929388943363,0.3014096901612548
z,ewma_240_clock_adjusted,0.3718560893850747,0.30564716232686606
z,ewma_240_clock_adjusted,0.37723361676181155,0.3101414613489425
z,ewma_240_clock_adjusted,0.3826220751625341,0.31449002664523906
z,ewma_240_clock_adjusted,0.38802166621797707,0.3190144553797661
z,ewma_240_clock_adjusted,0.3934325941109666,0.32343079782663503
z,ewma_240_clock_adjusted,0.39885506564233686,0.3280394783975059
z,ewma_240_clock_adjusted,0.40428929029857885,0.3326080465462368
z,ewma_240_clock_adjusted,0.4097354803212812,0.3369343312582882
z,ewma_240_clock_adjusted,0.41519385077842685,0.34139098309086446
z,ewma_240_clock_adjusted,0.4206646196376157,0.34609046426332024
z,ewma_240_clock_adjusted,0.42614800784127826,0.3505236781199432
z,ewma_240_clock_adjusted,0.43164423938395613,0.3550522329690193
z,ewma_240_clock_adjusted,0.43715354139172224,0.3594539577881434
z,ewma_240_clock_adjusted,0.44267614420382156,0.3640377928679717
z,ewma_240_clock_adjusted,0.44821228145660913,0.36858740251756233
z,ewma_240_clock_adjusted,0.4537621901698796,0.37322991002832867
z,ewma_240_clock_adjusted,0.45932611083566305,0.37786207411226164
z,ewma_240_clock_adjusted,0.46490428750959456,0.38240814526112415
z,ewma_240_clock_adjusted,0.4704969679049415,0.38704653036831316
z,ewma_240_clock_adjusted,0.47610440348939514,0.39168306028453154
z,ewma_240_clock_adjusted,0.48172684958473033,0.3963729672764721
z,ewma_240_clock_adjusted,0.4873645654694408,0.40105154903997237
z,ewma_240_clock_adjusted,0.4930178144844647,0.40588710139386813
z,ewma_240_clock_adjusted,0.49868686414212166,0.41057553319423884
z,ewma_240_clock_adjusted,0.5043719862383814,0.4152633971803319
z,ewma_240_clock_adjusted,0.5100734569685945,0.4199289035936035
z,ewma_240_clock_adjusted,0.5157915570468273,0.4246338409210767
z,ewma_240_clock_adjusted,0.521526571828932,0.42951786397738195
z,ewma_240_clock_adjusted,0.5272787914395082,0.434284520490737
z,ewma_240_clock_adjusted,0.5330485109029087,0.4390734145723125
z,ewma_240_clock_adjusted,0.5388360302784502,0.44395341538051736
z,ewma_240_clock_adjusted,0.544641654799999,0.44875065983677004
z,ewma_240_clock_adjusted,0.5504656950201124,0.4536426804775788
z,ewma_240_clock_adjusted,0.5563084669589181,0.4585182394799917
z,ewma_240_clock_adjusted,0.5621702922579263,0.46339571513114164
z,ewma_240_clock_adjusted,0.5680514983389827,0.4683543513730937
z,ewma_240_clock_adjusted,0.5739524185685733,0.4733123049346939
z,ewma_240_clock_adjusted,0.5798733924277044,0.47835390368201497
z,ewma_240_clock_adjusted,0.5858147656875988,0.48345640956647623
z,ewma_240_clock_adjusted,0.5917768905914464,0.48854708669185115
z,ewma_240_clock_adjusted,0.5977601260424784,0.493581386928725
z,ewma_240_clock_adjusted,0.6037648377986299,0.4985732955741743
z,ewma_240_clock_adjusted,0.6097913986740797,0.5036051332179339
z,ewma_240_clock_adjusted,0.6158401887479719,0.5088563857112929
z,ewma_240_clock_adjusted,0.6219115955806241,0.5139228049629799
z,ewma_240_clock_adjusted,0.6280060144375696,0.5190534030583571
z,ewma_240_clock_adjusted,0.6341238485217698,0.5242113387106657
z,ewma_240_clock_adjusted,0.6402655092143741,0.5294113727457527
z,ewma_240_clock_adjusted,0.6464314163244075,0.5348379113424717
z,ewma_240_clock_adjusted,0.652621998347801,0.5399877703162391
z,ewma_240_clock_adjusted,0.6588376927361879,0.5452835265411072
z,ewma_240_clock_adjusted,0.6650789461759234,0.5506188692086367
z,ewma_240_clock_adjusted,0.6713462148778053,0.5560135706383941
z,ewma_240_clock_adjusted,0.6776399648779956,0.5613810069449882
z,ewma_240_clock_adjusted,0.6839606723506823,0.5668574073595858
z,ewma_240_clock_adjusted,0.690308823933034,0.5723643482132929
z,ewma_240_clock_adjusted,0.6966849170630507,0.5779620216386169
z,ewma_240_clock_adjusted,0.7030894603309286,0.5834637965324164
z,ewma_240_clock_adjusted,0.7095229738446082,0.5891003615732772
z,ewma_240_clock_adjusted,0.7159859896102049,0.5946422718203728
z,ewma_240_clock_adjusted,0.7224790519280627,0.6002564818936714
z,ewma_240_clock_adjusted,0.7290027178052185,0.605965783723109
z,ewma_240_clock_adjusted,0.7355575573851106,0.6115599293092232
z,ewma_240_clock_adjusted,0.7421441543954094,0.6173515861520336
z,ewma_240_clock_adjusted,0.7487631066149087,0.6231029331796986
z,ewma_240_clock_adjusted,0.7554150263604693,0.6289215590723529
z,ewma_240_clock_adjusted,0.7621005409950667,0.6347492901254476
z,ewma_240_clock_adjusted,0.7688202934580621,0.6405837688798252
z,ewma_240_clock_adjusted,0.7755749428188843,0.6463093379626276
z,ewma_240_clock_adjusted,0.7823651648553872,0.6521792858433642
z,ewma_240_clock_adjusted,0.7891916526582223,0.658215830995491
z,ewma_240_clock_adjusted,0.7960551172626629,0.66436413523536
z,ewma_240_clock_adjusted,0.8029562883093937,0.6703664626420238
z,ewma_240_clock_adjusted,0.809895914735898,0.6763051199782621
z,ewma_240_clock_adjusted,0.8168747655001637,0.6825151315829653
z,ewma_240_clock_adjusted,0.8238936303385576,0.688713744291309
z,ewma_240_clock_adjusted,0.830953320559838,0.694828157008623
z,ewma_240_clock_adjusted,0.8380546698774067,0.7010731722933948
z,ewma_240_clock_adjusted,0.84519853528205,0.7074351373388487
z,ewma_240_clock_adjusted,0.8523857979575752,0.7139423265176714
z,ewma_240_clock_adjusted,0.8596173642419117,0.7204471593566959
z,ewma_240_clock_adjusted,0.866894166636438,0.7268856858019689
z,ewma_240_clock_adjusted,0.8742171648664836,0.7334680682285032
z,ewma_240_clock_adjusted,0.8815873469961749,0.7400885538705538
z,ewma_240_clock_adjusted,0.8890057306010245,0.7467466047418302
z,ewma_240_clock_adjusted,0.8964733640019159,0.7535775317183817
z,ewma_240_clock_adjusted,0.9039913275644013,0.7601450036706288
z,ewma_240_clock_adjusted,0.9115607350675405,0.7670510816214944
z,ewma_240_clock_adjusted,0.9191827351468197,0.7738860172963413
z,ewma_240_clock_adjusted,0.9268585128160437,0.7809401896566533
z,ewma_240_clock_adjusted,0.9345892910734798,0.7879975897671563
z,ewma_240_clock_adjusted,0.9423763325979503,0.795166965942032
z,ewma_240_clock_adjusted,0.9502209415410151,0.802390478410514
z,ewma_240_clock_adjusted,0.9581244654219027,0.8095266400701832
z,ewma_240_clock_adjusted,0.9660882971323729,0.8168420438380956
z,ewma_240_clock_adjusted,0.974113877059309,0.8243052187761134
z,ewma_240_clock_adjusted,0.9822026953334697,0.8318746722111403
z,ewma_240_clock_adjusted,0.9903562942135747,0.8393397580485861
z,ewma_240_clock_adjusted,0.9985762706156596,0.847078643542972
z,ewma_240_clock_adjusted,1.0068642787985222,0.854636555511867
z,ewma_240_clock_adjusted,1.015222033217028,0.8623186230078501
z,ewma_240_clock_adjusted,1.0236513115560881,0.8703029755081063
z,ewma_240_clock_adjusted,1.032153957959306,0.8782242490857468
z,ewma_240_clock_adjusted,1.0407318864675446,0.8863257422019286
z,ewma_240_clock_adjusted,1.0493870846841045,0.8946707803405732
z,ewma_240_clock_adjusted,1.058121617684777,0.9027772099694977
z,ewma_240_clock_adjusted,1.0669376321927655,0.911003854183079
z,ewma_240_clock_adjusted,1.0758373610404315,0.9194490977921187
z,ewma_240_clock_adjusted,1.0848231279419567,0.9279826627587577
z,ewma_240_clock_adjusted,1.0938973526034377,0.9363245002828169
z,ewma_240_clock_adjusted,1.1030625561995975,0.9448107301970413
z,ewma_240_clock_adjusted,1.1123213672493113,0.9536891496726372
z,ewma_240_clock_adjusted,1.1216765279254888,0.9627098619861321
z,ewma_240_clock_adjusted,1.131130900838633,0.9719092035044261
z,ewma_240_clock_adjusted,1.140687476337622,0.9809582276237558
z,ewma_240_clock_adjusted,1.1503493803760079,0.9905063325067222
z,ewma_240_clock_adjusted,1.1601198829975194,1.0001371857118735
z,ewma_240_clock_adjusted,1.1700024075004787,1.0095488095611347
z,ewma_240_clock_adjusted,1.180000540347729,1.019406494756479
z,ewma_240_clock_adjusted,1.1901180418964235,1.029072489641825
z,ewma_240_clock_adjusted,1.200358858030859,1.0393417533685554
z,ewma_240_clock_adjusted,1.2107271327915974,1.0492834500389296
z,ewma_240_clock_adjusted,1.2212272221055693,1.0599380439566173
z,ewma_240_clock_adjusted,1.2318637087349833,1.0706372286580348
z,ewma_240_clock_adjusted,1.242641418577882,1.0810768697272777
z,ewma_240_clock_adjusted,1.2535654384704509,1.0921818881920575
z,ewma_240_clock_adjusted,1.2646411356610803,1.1032467280057516
z,ewma_240_clock_adjusted,1.2758741791491297,1.1142124740215005
z,ewma_240_clock_adjusted,1.2872705631079415,1.1256235430142634
z,ewma_240_clock_adjusted,1.2988366326425054,1.1373685422293698
z,ewma_240_clock_adjusted,1.310579112168129,1.1493097486575863
z,ewma_240_clock_adjusted,1.3225051367384355,1.1615390859167485
z,ewma_240_clock_adjusted,1.3346222867001933,1.1737836749158406
z,ewma_240_clock_adjusted,1.3469386261102796,1.1862523085324754
z,ewma_240_clock_adjusted,1.3594627454182584,1.1995281985531174
z,ewma_240_clock_adjusted,1.3722038089987263,1.2129485620483673
z,ewma_240_clock_adjusted,1.3851716082134358,1.2270077704600986
z,ewma_240_clock_adjusted,1.398376620797496,1.2411011190733174
z,ewma_240_clock_adjusted,1.4118300775008088,1.2551452541574513
z,ewma_240_clock_adjusted,1.4255440370804517,1.2695008203968359
z,ewma_240_clock_adjusted,1.439531470938456,1.2847042049349564
z,ewma_240_clock_adjusted,1.453806358940575,1.3004881798070582
z,ewma_240_clock_adjusted,1.4683837982456598,1.3158908447437856
z,ewma_240_clock_adjusted,1.483280127335621,1.332020596687534
z,ewma_240_clock_adjusted,1.4985130678799756,1.3483013763965965
z,ewma_240_clock_adjusted,1.514101887619284,1.365473114861768
z,ewma_240_clock_adjusted,1.530067588137829,1.3832643877438628
z,ewma_240_clock_adjusted,1.5464331222567471,1.401449896679297
z,ewma_240_clock_adjusted,1.5632236468662757,1.4204855202704971
z,ewma_240_clock_adjusted,1.580466818399361,1.4403587417494974
z,ewma_240_clock_adjusted,1.5981931399228169,1.4602052769344347
z,ewma_240_clock_adjusted,1.6164363711150211,1.481052894058301
z,ewma_240_clock_adjusted,1.635234015388649,1.50275997970067
z,ewma_240_clock_adjusted,1.654627902351077,1.5247375137219905
z,ewma_240_clock_adjusted,1.6746648890243248,1.5484596101867203
z,ewma_240_clock_adjusted,1.6953977102721358,1.5732668562763465
z,ewma_240_clock_adjusted,1.7168860184310404,1.599379703741479
z,ewma_240_clock_adjusted,1.7391976652852514,1.6266092529539915
z,ewma_240_clock_adjusted,1.7624102978623888,1.6546999282395465
z,ewma_240_clock_adjusted,1.7866133654934697,1.684373822237832
z,ewma_240_clock_adjusted,1.8119106729525971,1.715388352905071
z,ewma_240_clock_adjusted,1.8384236692477764,1.749195991527328
z,ewma_240_clock_adjusted,1.8662957434581071,1.7856707090425556
z,ewma_240_clock_adjusted,1.895697923991838,1.8246058594321786
z,ewma_240_clock_adjusted,1.9268365732639101,1.8656968203959818
z,ewma_240_clock_adjusted,1.9599639845400536,1.9109097109210433
z,ewma_240_clock_adjusted,1.9953933101678243,1.959726641338986
z,ewma_240_clock_adjusted,2.0335201492530506,2.0107607352411407
z,ewma_240_clock_adjusted,2.0748547343933095,2.0709921208003563
z,ewma_240_clock_adjusted,2.1200716897421503,2.1353370581245597
z,ewma_240_clock_adjusted,2.17009037758456,2.2110604018504825
z,ewma_240_clock_adjusted,2.2262117693171737,2.2996321715823296
z,ewma_240_clock_adjusted,2.290367877855267,2.4053632638968843
z,ewma_240_clock_adjusted,2.365618126864292,2.539460610379166
z,ewma_240_clock_adjusted,2.457263390205436,2.707000193743404
z,ewma_240_clock_adjusted,2.5758293035489,2.9510179459992054
z,ewma_240_clock_adjusted,2.7477813854449917,3.3531766874200954
z,ewma_240_clock_adjusted,3.090232306167813,4.433903667765339
